id,name,team_id,position,role,age,years,bats,throws,height,weight,salary,draft_round,jersey_number,sensyu_num,development_player,foreign_player,hometown,registered_roster,contract_status,fatigue,injury_days,injury_type,injury_severity,condition,fixed_slot,allowed_slots,preferred_slots,z_abilities.Bat_Aggression,z_abilities.Bat_BBCreate,z_abilities.Bat_Barrel,z_abilities.Bat_Impact,z_abilities.Bat_KAvoid,z_abilities.Bat_Loft,z_abilities.Bat_Platoon,z_abilities.Bat_Spray,z_abilities.C_Blocking,z_abilities.C_FieldSecure,z_abilities.C_Framing,z_abilities.C_GameCall,z_abilities.C_Throw,z_abilities.IF_Exchange,z_abilities.IF_PositionFit,z_abilities.IF_Reach,z_abilities.IF_Secure,z_abilities.IF_ThrowAccuracy,z_abilities.IF_ThrowPower,z_abilities.OF_ArmAccuracy,z_abilities.OF_ArmPower,z_abilities.OF_PositionFit,z_abilities.OF_Reach,z_abilities.OF_Release,z_abilities.OF_Route,z_abilities.OF_Secure,z_abilities.PF_Reach,z_abilities.PF_Secure,z_abilities.PF_Throw,z_abilities.Pit_BBPrevent,z_abilities.Pit_BarrelDeny,z_abilities.Pit_EdgeRate,z_abilities.Pit_Efficiency,z_abilities.Pit_FatigueResist,z_abilities.Pit_HoldRunner,z_abilities.Pit_ImpactLimit,z_abilities.Pit_KCreate,z_abilities.Pit_LoftControl,z_abilities.Pit_Stamina,z_abilities.Run_Judgment,z_abilities.Run_Speed,z_abilities.Run_Steal,raw_abilities.max_velocity,position_aptitudes.catcher,position_aptitudes.center,position_aptitudes.first,position_aptitudes.left,position_aptitudes.right,position_aptitudes.second,position_aptitudes.shortstop,position_aptitudes.third,position_experience.catcher,position_experience.center,position_experience.first,position_experience.left,position_experience.right,position_experience.second,position_experience.shortstop,position_experience.third,source_data_json
76003,村尾 起夫,1,1,reliever,37,19,R,R,189,76,11440,2,0,76003,false,false,,支配下,通常,0,0,,0,0,0,,,-0.4621403503418,0.88561111450195,-0.39178184509277,0.50687118530273,-0.25777053833008,-0.45958847045898,0.28677417755127,0.52251579284668,1.55085891723633,-0.00973121643066,0.82145225524902,0.25898875713348,0.44456077575684,0.56349273681641,0.26721281051636,1.04131790161133,0.12818519592285,1.6,0.86603485107422,-0.12102815628052,1.53029830932617,0.00981025695801,0.39477577209473,-0.34712759017944,0.32501686096191,1.56605102539063,0.64085887908936,1.6,0.47686807632446,1.86626920894906,0.73724974054657,1.02387668052129,2.04755822324753,1.6355551421985,2.29268753901124,0.37566845166078,1.76318663588166,2.89085772241885,1.19331280149743,0.81811157226563,0.80069396972656,0.15643096923828,144,0,0,0,0,0,0,0,0,0,0,0,0,0,0,0,0,"{""dev_demote_hold"":true,""draft_candidate"":true,""draft_candidate_id"":196,""draft_lottery"":false,""draft_method"":""user"",""draft_overall_pick"":13,""draft_round"":2,""draft_source"":""high_school"",""draft_year"":2037,""fa_nissuu"":322,""rookie_year"":true}"
76027,高見沢 雅泰,1,1,reliever,37,19,R,R,176,72,12640,4,0,76027,false,false,,支配下,通常,0,0,,0,0,0,,,0.14301349639893,-2,-2,-0.71456314086914,-2,-2,0.77799236297607,-0.35841415405273,0.6770947265625,-0.58419563293457,-0.0481169128418,-0.64158926963806,-1.00460102081299,-1.41402627944946,-0.17099351882935,-0.28238555908203,-0.245048828125,0.36508361816406,0.36141494750977,-0.56270042419434,-0.4466242980957,-1.29503234624863,-1.3511589050293,0.32912338256836,-0.04615234375,-0.13182510375977,0.25683069229126,0.28973291397095,-0.22975481033325,2.22658708233535,0.92729811390191,0.30590200185031,0.54758334977366,1.16098469464667,-0.02975372456014,1.17352401972516,1.93419350279383,1.33060390165635,1.31518216991723,-0.21356903076172,-0.54132629394531,-2,156,0,0,0,0,0,0,0,0,0,0,0,0,0,0,0,0,"{""draft_candidate"":true,""draft_candidate_id"":273,""draft_lottery"":false,""draft_method"":""user"",""draft_overall_pick"":37,""draft_round"":4,""draft_source"":""high_school"",""draft_year"":2037,""fa_nissuu"":326,""rookie_year"":true}"
76310,伊田 恵夫,1,7,fielder,34,16,R,R,192,100,7966,1,0,76310,false,false,,支配下,通常,0,0,,0,0,0,,,0.81236153354375,2.73908250592835,1.66547932997346,1.529241193223,1.06964274689555,1.85432519324422,0.28156033729389,0.97838420465589,-0.76358379364014,1.36,0.30158172607422,-0.42788143157959,-0.61670434951782,0.31315493530035,2.10767865658435,0.04825165095925,1.01354287734628,1.03578713794053,2.11444630306959,0.29948091220856,0.71708165198565,-0.74916699103313,1.33420132728666,0.42090163140744,0.43946134322882,0.39108960473537,,,,,,,,,,,,,,0.82980029921727,1.78800006842613,0.36288003782369,,0,0,0,95,0,0,0,82,0,0,0,95,0,0,0,82,"{""draft_candidate"":true,""draft_candidate_id"":155,""draft_lottery"":false,""draft_method"":""rebid_single"",""draft_overall_pick"":9,""draft_round"":1,""draft_source"":""high_school"",""draft_year"":2040,""fa_nissuu"":200,""rookie_year"":true}"
76529,若菜 喜茂,1,1,starter,32,14,R,L,182,74,8289,1,0,76529,false,false,,支配下,通常,0,0,,0,0,0,,,0.18179420471191,0.38055969238281,0.48715698242188,0.09064651489258,-0.52237037658691,-1.37411867141724,-0.4108447265625,-0.20138122558594,0.91576568603516,1.6,1.13782638549805,1.54858879089355,0.94139785766602,0.55890312194824,-0.00751291275024,1.27091598510742,-0.27758361816406,-0.46331415176392,1.51034408569336,0.5303125,-0.0875074005127,1.14582576751709,1.11161743164062,0.03156536102295,0.22900360107422,1.6,1.12462301254272,-0.00204256057739,1.48901853561401,1.6004522094056,2.31230448618531,1.81498183174431,1.96540949074179,0.38534145930037,2.36864650868624,1.40557921233773,0.85961100784689,2.09458436737955,2.14064504516125,-0.70235404968262,-0.02823593139648,1.03939468383789,147,0,0,0,0,0,0,0,0,0,0,0,0,0,0,0,0,"{""draft_candidate"":true,""draft_candidate_id"":257,""draft_lottery"":true,""draft_method"":""lottery"",""draft_overall_pick"":9,""draft_round"":1,""draft_source"":""high_school"",""draft_year"":2042,""fa_nissuu"":155,""rookie_year"":true}"
76558,岡庭 匡豊,1,1,starter,32,14,R,R,174,74,17195,4,0,76558,false,false,,支配下,通常,0,0,,0,0,0,,,-0.26703443527222,0.72296234130859,0.87908218383789,0.2038948059082,0.71634368896484,-1.44210451126099,-0.08004878997803,0.20798294067383,0.14658538818359,1.09926879882813,1.40830673217773,0.82390523910522,0.2583154296875,0.27091491699219,0.04517673492432,0.01439834594727,-0.22406253814697,1.27745849609375,-0.50772180557251,-0.06798057556152,-0.06369789123535,0.12253437995911,0.67808731079102,0.75016693115234,0.5502400970459,0.23491775512695,-0.29996127128601,0.61770238876343,0.50528693199158,1.67498525387049,1.34862762087584,0.74449635590985,2.43518247572333,2.3718720736295,1.39290457808971,1.82511513517052,3.28479917620309,0.30884045300633,3.14785861172378,0.70441772460937,0.61287750244141,-0.40432403564453,148,0,0,0,0,0,0,0,0,0,0,0,0,0,0,0,0,"{""draft_candidate"":true,""draft_candidate_id"":164,""draft_lottery"":false,""draft_method"":""user"",""draft_overall_pick"":38,""draft_round"":4,""draft_source"":""high_school"",""draft_year"":2042,""fa_nissuu"":120,""rookie_year"":true}"
76582,四元 幹人,1,7,fielder,32,14,R,R,177,100,10614,6,0,76582,false,false,,支配下,通常,0,0,,0,0,0,,,1.95528979733493,2.18449580270052,2.01535355486162,1.68239896737635,1.20791145404615,1.73477512488365,-0.12484263245389,2.13890177601576,-0.13744270324707,0.05625,-0.11896553039551,1.36,1.36,1.36,-0.02843510627747,1.32218139648437,-0.42786754608154,0.51467437744141,1.36,-0.10080801292881,1.08407267439365,-1.47257738262415,-1.19194181638397,0.3035545783639,1.32435482592881,0.68889620252699,,,,,,,,,,,,,,0.1868247975111,1.49948014599346,1.38927521848381,,0,51,0,84,65,0,0,0,0,51,0,84,65,0,0,0,"{""draft_candidate"":true,""draft_candidate_id"":284,""draft_lottery"":false,""draft_method"":""user"",""draft_overall_pick"":62,""draft_round"":6,""draft_source"":""high_school"",""draft_year"":2042,""fa_nissuu"":190,""rookie_year"":true}"
76639,岡松 学宏,1,1,reliever,34,13,R,L,183,86,8208,1,0,76639,false,false,,支配下,通常,0,0,,0,0,0,,,-0.46944824695587,-0.00974106788635,-0.79072947978973,0.45731266021729,0.41869436264038,0.1055290222168,-0.06468582630157,0.22384002685547,0.14726925849915,0.90980254173279,0.33134155750275,0.82049487113953,-0.26682124376297,1.44535739898682,0.92007557868958,0.36475570678711,0.19715111255646,0.72264772415161,1.43936853408813,0.62649257183075,0.63597574710846,0.93159070014954,-0.34773621350527,1.6,1.57711205482483,-0.24739285945892,-0.1567726534605,1.24932635307312,0.71361524581909,1.31944062006753,0.01404231452942,0.5469309399426,1.30154622213542,1.22639973156154,1.36964304096997,0.73184441870824,1.81520061965287,1.17823536704481,0.78798032331467,0.16980040550232,-0.45637707710266,-1.25255491495132,151,0,0,0,0,0,0,0,0,0,0,0,0,0,0,0,0,"{""draft_candidate"":true,""draft_candidate_id"":128,""draft_lottery"":false,""draft_method"":""rebid_single"",""draft_overall_pick"":7,""draft_round"":1,""draft_source"":""university"",""draft_year"":2043,""fa_nissuu"":169,""rookie_year"":true}"
76685,栗野 廣記,1,9,fielder,32,13,R,R,179,80,4678,5,0,76685,false,false,,支配下,通常,0,0,,0,0,0,,,0.62528634687699,0.55547800144553,2.13347472919417,0.76688415723434,1.69890404053032,1.06079663873091,-0.01737872843631,1.8994288325198,1.36,1.36,1.36,0.52464363574982,0.83912420749664,0.90193231582642,1.08121760368347,1.36,1.36,1.36,-0.28315250769258,2.09401705908775,2.0982365899682,0.67059040503949,2.04574428316951,2.2749864423275,1.25743532363325,1.14724070242047,,,,,,,,,,,,,,1.06404425196201,2.13033349164408,2.68874798110127,,0,48,0,68,86,0,0,0,0,48,0,68,86,0,0,0,"{""draft_candidate"":true,""draft_candidate_id"":297,""draft_lottery"":false,""draft_method"":""cpu"",""draft_overall_pick"":53,""draft_round"":5,""draft_source"":""independent"",""draft_year"":2043,""fa_nissuu"":165,""released_from_team"":11,""released_signed_year"":2055,""rookie_year"":true}"
76740,布施 載文,1,3,fielder,34,12,R,L,181,93,12224,1,0,76740,false,false,,支配下,通常,0,0,,0,0,0,,,0.35362133606337,1.24416392620802,2.29037407111898,1.14776372045875,2.17893412809819,0.88255528824925,0.27690836105682,2.0119875164479,1.29568492889404,1.07647003173828,1.36,0.11463363170624,0.10949986457825,0.57428314687312,0.93230916201323,1.96201337087154,1.42693882822245,2.15817488798499,2.08054446073621,0.68611389160156,0.00999703407288,0.03740911185741,1.08361572265625,1.11138401031494,1.01810298919678,1.36,,,,,,,,,,,,,,1.32833245275505,2.77756849785224,1.38378381322026,,0,0,100,0,0,61,0,90,0,0,100,0,0,61,0,90,"{""draft_candidate"":true,""draft_candidate_id"":81,""draft_lottery"":false,""draft_method"":""single_bid"",""draft_overall_pick"":2,""draft_round"":1,""draft_source"":""university"",""draft_year"":2044,""fa_nissuu"":255,""rookie_year"":true}"
76754,石尾 亘人,1,1,reliever,30,12,R,R,174,98,6542,2,0,76754,false,false,,支配下,通常,0,0,,0,0,0,,,0.36219108581543,-1.46783283233643,-1.04219573974609,-1.7494228553772,-0.80764579772949,-0.32141052246094,-0.6825869178772,0.26885835647583,-0.07450881958008,0.29443313598633,-0.60180547714233,-0.05962106704712,-0.23451904296875,0.54886444091797,-0.3870897102356,-0.04156303405762,-0.11378044128418,0.99828643798828,-0.63267347335815,-0.72892990112305,1.56961807250977,0.77948986053467,1.0268830871582,0.60125915527344,1.40553558349609,-0.66641216278076,1.31447900772095,0.12048265457153,-0.55786237716675,2.54623775658011,0.01306236379594,1.30311377998069,1.37826171316206,2.13247895210981,2.23591003271937,0.40950379562378,1.2950258166194,1.46317907764087,1.34645044791698,0.38128875732422,0.44051727294922,0.69166259765625,146,0,0,0,0,0,0,0,0,0,0,0,0,0,0,0,0,"{""draft_candidate"":true,""draft_candidate_id"":12,""draft_lottery"":false,""draft_method"":""user"",""draft_overall_pick"":16,""draft_round"":2,""draft_source"":""high_school"",""draft_year"":2044,""fa_nissuu"":200,""rookie_year"":true}"
76778,奥津 隆男,1,2,fielder,30,12,L,L,182,100,33549,4,0,76778,false,false,,支配下,通常,0,0,,0,0,0,,,0.65881130126305,1.51174950409457,1.17378379877806,2.48235030572563,1.62161731300037,2.56257560529113,-0.14111144210212,0.66831458798796,2.8755,1.6877,1.7091,1.60044866859168,1.9337,-0.78672317504883,0.63950508117676,0.64562454223633,-1.17185657501221,-0.22454559326172,0.32018325805664,-1.27568864822388,-0.82663795471191,-0.34537146568298,0.27731430053711,0.9038346862793,0.53894454956055,1.00373794555664,,,,,,,,,,,,,,1.56744719029963,1.48901241874695,2.59865934872627,,83,0,0,0,0,0,0,0,83,0,0,0,0,0,0,0,"{""draft_candidate"":true,""draft_candidate_id"":263,""draft_lottery"":false,""draft_method"":""user"",""draft_overall_pick"":40,""draft_round"":4,""draft_source"":""high_school"",""draft_year"":2044,""fa_nissuu"":141,""rookie_year"":true}"
76837,石井 忠太郎,1,5,fielder,30,12,R,R,183,72,7658,3,0,76837,false,false,,支配下,通常,0,0,,0,0,0,,,0.5829492662251,1.7811092894271,0.67264072721228,2.19199697683752,1.00066014235467,1.50496314403266,-0.06587927889952,1.20539592137188,0.05286087036133,0.11814514160156,-0.42330383300781,-1.17776253223419,-0.76813758850098,1.90322175285965,-0.14416981984116,0.71534943714738,0.86787814984471,0.8021616378054,1.25986693124473,-1.31435066223145,-0.83493606567383,0.36616409301758,0.38314529418945,-0.10416366577148,-1.70746898651123,-0.96082252502441,,,,,,,,,,,,,,0.97531015699655,2.60907510056831,0.62359869492799,,0,0,0,0,75,0,0,86,0,0,0,0,75,0,0,86,"{""draft_candidate"":true,""draft_candidate_id"":159,""draft_lottery"":false,""draft_method"":""user"",""draft_overall_pick"":99,""draft_round"":3,""draft_source"":""high_school"",""draft_year"":2044,""fa_nissuu"":81,""rookie_year"":true}"
76852,浜辺 臣也,1,4,fielder,29,11,R,L,183,82,4002,1,0,76852,false,false,,支配下,通常,0,0,,0,0,0,,,0.05905361396447,1.45428251743317,0.2019768602103,2.633248128739,0.80883017509803,2.86052964789867,1.1572797823234,1.43616767072678,-0.5060747718811,1.36,-0.21331562042236,1.17405811309814,0.86055587768555,2.3511,3.2228874896802,2.1191,2.7022,1.5835,2.9275,-0.58503797531128,0.62366683959961,0.48959798812866,1.36,0.07670372009277,0.53012336730957,-0.12408283233643,,,,,,,,,,,,,,0.35585476676263,2.13408044055402,2.14706227417141,,0,0,0,56,0,78,0,58,0,0,0,56,0,78,0,58,"{""draft_candidate"":true,""draft_candidate_id"":216,""draft_lottery"":false,""draft_method"":""rebid_single"",""draft_overall_pick"":9,""draft_round"":1,""draft_source"":""high_school"",""draft_year"":2045,""fa_nissuu"":20,""rookie_year"":true}"
76858,車田 友英,1,1,reliever,32,11,R,R,178,74,8220,2,0,76858,false,false,,支配下,通常,0,0,,0,0,0,,,-0.70740557894111,-0.68458639383316,-0.63203341007233,-0.8166246175766,0.29889966011047,-0.93177376747131,-0.56381279110909,0.36546896934509,0.25826845645905,1.0909999370575,0.12482665061951,1.48840246200562,0.46166143417358,0.77815563678741,1.6,0.95514385223389,0.96014089584351,0.23648124217987,0.73890089988708,0.35600419998169,0.18249622344971,0.63509742736816,1.6,1.54917302131653,0.03495563149452,0.24971796512604,1.24214526176453,1.16705128669739,0.17546749591827,2.80184053316116,2.52869901748896,0.76943683330342,1.7243486726284,2.42050847108364,2.63980083817244,1.78973090827465,1.69825098735988,2.62123224467039,1.04831401324272,-1.10656176395714,-0.58191554069519,-0.64330775260925,144,0,0,0,0,0,0,0,0,0,0,0,0,0,0,0,0,"{""draft_candidate"":true,""draft_candidate_id"":148,""draft_lottery"":false,""draft_method"":""user"",""draft_overall_pick"":15,""draft_round"":2,""draft_source"":""university"",""draft_year"":2045,""fa_nissuu"":151,""rookie_year"":true}"
76911,植野 福治,1,6,fielder,29,11,R,R,179,74,2945,6,0,76911,false,false,,支配下,通常,0,0,,0,0,0,,,1.00866565241665,0.36435831464827,-0.29733504957333,2.49012803976834,1.92800795584917,1.59912353397012,0.45666257006195,-0.037390486449,-1.09994903564453,0.31668762207031,-0.40994232177734,-1.02205071687698,0.07981781005859,2.4732,3.45516222147457,3.3410,3.3877,2.3519,1.9910,0.82371475219727,-0.57978370666504,0.97850326538086,0.90920166015625,-0.39998237609863,-1.05343013763428,0.30168502807617,,,,,,,,,,,,,,0.90527546408772,1.42966838777065,1.82613266119361,,0,0,0,68,0,67,76,64,0,0,0,68,0,67,76,64,"{""draft_candidate"":true,""draft_candidate_id"":282,""draft_lottery"":false,""draft_method"":""cpu"",""draft_overall_pick"":68,""draft_round"":6,""draft_source"":""high_school"",""draft_year"":2045,""fa_nissuu"":0,""released_from_team"":8,""released_signed_year"":2054,""rookie_year"":true}"
76946,キブン,1,1,starter,35,11,L,R,189,87,19203,0,0,76946,false,true,,支配下,通常,0,0,,0,0,0,,,-0.53480180740356,0.98236122131348,0.22083679199219,0.19042308807373,-0.02174940109253,1.00266761779785,0.32186187744141,0.07238284111023,0.51622508049011,0.27963082790375,0.69979789733887,1.23104230880737,1.24717979431152,1.58651531219482,0.67800154209137,1.92,1.17737953186035,0.4241219997406,0.86032297134399,0.96883253097534,0.77701850891113,1.19400970458984,1.22675403594971,0.96388525009155,1.16342792510986,0.7622829246521,1.20850631713867,1.34532787322998,0.69760396003723,2.10204722124338,1.32738480490446,-0.11058870115131,1.25211348265409,1.90991750030257,0.68850080087781,0.28287686738372,2.01646590137482,1.78812287902832,1.54502256477773,0.40142227172852,1.51087539672852,0.7465699005127,144,0,0,0,0,0,0,0,0,0,0,0,0,0,0,0,0,"{""fa_nissuu"":225,""foreign_scout"":true,""foreign_signed_year"":2045,""quality_tier"":""good""}"
76956,今中 敬規,1,1,starter,31,10,R,R,178,85,9335,1,0,76956,false,false,,支配下,通常,0,0,,0,0,0,,,-0.36680339097977,-0.62535687327385,-0.32095769882202,0.54831167221069,0.14042721271515,-0.61094188213348,0.29226156234741,-0.15090224742889,1.38404663085938,1.01813332080841,0.34880210399628,0.57151576042175,0.24770481467247,0.98799980640411,1.24040103912354,0.37712064743042,1.43577978134155,0.56562660455704,0.30762625575066,1.32572952270508,1.6,1.06425601959229,0.58878718137741,1.6,1.6,0.45838016271591,0.42869841694832,1.6,1.6,2.06057178092003,2.16931413273513,0.80283764576912,2.7785217063427,1.04237132856622,1.11338436070085,2.30327110626176,2.25762727977335,2.39145334461331,1.84536422056612,0.68079593658447,1.41820622444153,-0.36176361322403,146,0,0,0,0,0,0,0,0,0,0,0,0,0,0,0,0,"{""draft_candidate"":true,""draft_candidate_id"":241,""draft_lottery"":true,""draft_method"":""lottery"",""draft_overall_pick"":2,""draft_round"":1,""draft_source"":""university"",""draft_year"":2046,""fa_nissuu"":129,""rookie_year"":true}"
76970,大宮 厚俊,1,8,fielder,28,10,L,R,190,84,7598,2,0,76970,false,false,,支配下,通常,0,0,,0,0,0,,,0.5821451394707,0.6652178530395,1.74520337512344,2.23646856302321,0.96058915006369,2.20456053732634,0.67345659840523,-0.02639992314577,1.36,1.24612350463867,0.16481155395508,1.15901912689209,-1.04560928344727,1.12791259765625,1.24241849899292,0.61963195800781,-0.88580480575562,-0.40124984741211,-0.03747787475586,3.21307450984418,3.13110249051452,2.3119214745909,1.85968320468068,2.35112441513315,3.10661816084385,2.5322220255658,,,,,,,,,,,,,,1.76563425725698,2.21822095437348,0.7412875918299,,0,96,0,100,92,0,0,0,0,96,0,100,92,0,0,0,"{""draft_candidate"":true,""draft_candidate_id"":212,""draft_lottery"":false,""draft_method"":""user"",""draft_overall_pick"":16,""draft_round"":2,""draft_source"":""high_school"",""draft_year"":2046,""fa_nissuu"":125,""rookie_year"":true}"
77018,池之上 岳哉,1,7,fielder,28,10,L,R,185,81,3017,6,0,77018,false,false,,支配下,通常,0,0,,0,0,0,,,1.56276921632141,1.56302793090418,-0.1483104000818,1.65503865778744,1.49097756522894,1.45080144916773,-0.1234395830892,1.07115050186031,0.4031884765625,1.36,0.24398086547852,0.50169754981995,-0.25009037017822,1.36,0.95843196868896,1.36,1.36,1.15331085205078,-0.26530107498169,2.8309408145994,2.32148412612081,2.98222925837338,2.61821074833162,2.806861654073,2.01346454316005,2.16134374126792,,,,,,,,,,,,,,0.72775829337537,1.12092974185944,1.34707867036015,,0,91,0,100,84,0,0,0,0,91,0,100,84,0,0,0,"{""draft_candidate"":true,""draft_candidate_id"":9,""draft_lottery"":false,""draft_method"":""user"",""draft_overall_pick"":64,""draft_round"":6,""draft_source"":""high_school"",""draft_year"":2046,""fa_nissuu"":20,""rookie_year"":true}"
77063,比留間 年春,1,4,fielder,27,9,L,L,181,99,5848,1,0,77063,false,false,,支配下,通常,0,0,,0,0,0,,,-0.0192093853578,1.81819711085595,2.68044821512699,2.13752540464401,0.94523215563595,1.64554685954452,0.81341840315005,1.44661585495993,1.36,0.04902801513672,1.36,1.13468086242676,-0.41569438934326,2.14925832590461,2.34018765623681,1.93357120719831,2.36518961812928,2.84818158340454,2.64599492067099,0.26811508178711,-0.84091241836548,0.58024053573608,-0.12682487487793,-0.15469833374023,-0.93380482673645,0.36444396972656,,,,,,,,,,,,,,0.65626318891346,1.368490615502,0.43092903774977,,0,0,65,0,0,88,80,76,0,0,65,0,0,88,80,76,"{""draft_candidate"":true,""draft_candidate_id"":9,""draft_lottery"":false,""draft_method"":""single_bid"",""draft_overall_pick"":1,""draft_round"":1,""draft_source"":""high_school"",""draft_year"":2047,""fa_nissuu"":171,""rookie_year"":true}"
77098,勝呂 敦誉,1,6,fielder,30,9,L,R,171,83,2637,3,0,77098,false,false,,支配下,通常,0,0,,0,0,0,,,0.60330698881298,1.26004559055567,1.91762210651785,0.55901119148135,0.34576727281511,1.20151158157587,0.41617209228873,0.77733106872439,1.36,0.2831866979599,-0.25058799505234,0.42457485198975,0.77028668403626,3.23129732902348,2.95889033972332,2.57939833922684,3.58600732780993,3.06273430025578,1.94658460688591,1.67769615960121,0.8641363992691,0.61520385462046,0.80683771514893,0.27992755317688,1.5180934138298,0.77858432257175,,,,,,,,,,,,,,0.26618416601419,1.99879286873341,1.32517664317042,,0,80,77,71,64,95,96,0,0,80,77,71,64,95,96,0,"{""draft_candidate"":true,""draft_candidate_id"":91,""draft_lottery"":false,""draft_method"":""user"",""draft_overall_pick"":36,""draft_round"":3,""draft_source"":""university"",""draft_year"":2047,""fa_nissuu"":61,""rookie_year"":true}"
77099,上口 槙司,1,1,starter,27,9,R,R,180,72,10294,4,0,77099,false,false,,支配下,通常,0,0,,0,0,0,,,-0.69455978393555,-0.00539642333984,0.5389338684082,0.53962265014648,0.29410507202148,-0.18787895202637,0.46795028686523,-0.17776654243469,0.96023658752441,0.31590034484863,1.6,1.45214752197266,0.54541435241699,-0.15107935011387,1.18851758956909,1.6,-0.1022719335556,0.94110336303711,0.89604911804199,0.04877588272095,1.6,0.23688666343689,1.6,0.4145760345459,0.61424667358398,0.64777885437012,1.10300588607788,1.16546619415283,0.13749456882477,0.76496659561247,1.37286054202914,1.32151017490681,2.06297496938705,1.90674056434631,2.32314674562216,1.90275423580408,2.51692973959446,1.03073968460783,1.72426023950428,1.36799118041992,1.04735534667969,0.22748870849609,148,0,0,0,0,0,0,0,0,0,0,0,0,0,0,0,0,"{""draft_candidate"":true,""draft_candidate_id"":22,""draft_lottery"":false,""draft_method"":""user"",""draft_overall_pick"":37,""draft_round"":4,""draft_source"":""high_school"",""draft_year"":2047,""fa_nissuu"":20,""rookie_year"":true}"
77122,高羽 春太郎,1,6,fielder,27,9,L,R,178,97,4753,5,0,77122,false,false,,支配下,通常,0,0,,0,0,0,,,0.83609764203429,0.59342434668541,0.67739364370704,1.31551700417548,2.49829836881161,1.45916834700704,0.67147461094894,1.08502145892382,-0.04727653503418,0.3559619140625,-0.74825977325439,0.28211101531982,0.77957458496094,2.7302,3.56743226312101,3.1766,2.5475,3.1212,3.0824,0.27882743835449,0.91501647949219,0.75329643249512,0.29007484436035,-0.85826825141907,1.04313369750977,1.05065505981445,,,,,,,,,,,,,,1.62024509036541,1.89997944009304,0.66301847825944,,0,62,78,82,69,0,92,69,0,62,78,82,69,0,92,69,"{""draft_candidate"":true,""draft_candidate_id"":166,""draft_lottery"":false,""draft_method"":""user"",""draft_overall_pick"":60,""draft_round"":5,""draft_source"":""high_school"",""draft_year"":2047,""fa_nissuu"":21,""rookie_year"":true}"
77171,渡 嘉廣,1,1,reliever,27,8,R,L,173,79,6401,1,0,77171,false,false,,支配下,通常,0,0,,0,0,0,,,-0.64843069553375,-0.35128784656525,-0.89123858690262,-1.23752720683813,1.06045896530151,-1.21505985289812,0.03650770187378,-0.35310481071472,0.61774919509888,-0.07403209924698,0.95346005439758,1.11600957870483,1.6,0.12948984384537,0.10537065029144,1.6,0.12891449213028,1.09165790557861,1.6,0.11703234195709,0.73041720867157,1.20883611679077,1.6,-0.10586328625679,1.6,0.07230207204819,1.12341364860535,0.19497674465179,0.95738970756531,1.43136754240096,1.74943537827767,0.19099455304164,0.48206535500288,1.92771210414171,1.7266203725487,1.55773829805106,1.40173950529099,1.86081866317987,0.71356495134532,-0.81481887578964,-0.61750879764557,-0.38354952812195,146,0,0,0,0,0,0,0,0,0,0,0,0,0,0,0,0,"{""draft_candidate"":true,""draft_candidate_id"":208,""draft_lottery"":false,""draft_method"":""rebid_single"",""draft_overall_pick"":6,""draft_round"":1,""draft_source"":""independent"",""draft_year"":2048,""fa_nissuu"":111,""rookie_year"":true}"
77274,バーケット,1,9,fielder,36,8,R,R,182,91,5457,0,0,77274,false,true,,支配下,通常,0,0,,0,0,0,,,-1.04938339699805,1.23475283247232,2.1839352680911,0.95469730823208,0.33500192116573,0.81285504254699,-0.16941694945097,1.59635175049305,1.22937568664551,2.42153430938721,2.35248329162598,1.13301113605499,1.72345432281494,2.17925579071045,2.35801778793335,2.43438133239746,1.88403564453125,2.01950084686279,1.44752851486206,1.75330547809601,1.33065804825723,1.68556305971742,1.43367097721621,0.37709873569012,0.65500419780612,0.66537093426287,,,,,,,,,,,,,,-0.33532983761579,1.38679533400834,-0.01970430257469,,0,0,0,0,93,0,0,0,0,0,0,0,93,0,0,0,"{""fa_nissuu"":171,""foreign_scout"":true,""foreign_signed_year"":2048,""quality_tier"":""ace""}"
77280,浜中 明尚,1,1,reliever,25,7,L,R,184,75,2351,1,0,77280,false,false,,支配下,通常,0,0,,0,0,0,,,-0.3603470993042,-0.09120559692383,-1.32441486358643,-0.02166442871094,-0.03570343017578,-0.51787857055664,0.6911604309082,-0.41060241699219,1.42934280395508,-0.78276733517647,-0.60308958053589,0.61833106994629,-0.34770206451416,0.3906819152832,-0.29749135971069,1.35838119506836,-0.04307083129883,1.02261825561523,-0.28887100219727,0.31026054382324,1.6,1.03338743209839,-0.54529632568359,-0.45530620574951,0.39336036682129,1.27799896240234,0.93636638641357,0.9117889213562,0.31564049720764,1.88192800041288,0.12774945110083,1.20654560869001,1.6496765448302,1.80967871730961,0.24723293974251,0.37449263473228,1.29022395527363,1.50895613655448,0.97020380277187,0.41945190429688,-0.64343460083008,-0.87300399780273,147,0,0,0,0,0,0,0,0,0,0,0,0,0,0,0,0,"{""draft_candidate"":true,""draft_candidate_id"":56,""draft_lottery"":true,""draft_method"":""lottery"",""draft_overall_pick"":1,""draft_round"":1,""draft_source"":""high_school"",""draft_year"":2049,""fa_nissuu"":125,""rookie_year"":true}"
77292,小越 陽正,1,1,reliever,25,7,R,R,180,97,8537,2,0,77292,false,false,,支配下,通常,0,0,,0,0,0,,,0.79731056213379,0.1248811340332,-0.78471725463867,-0.16725006103516,-0.36962265014648,-1.14382022857666,-0.39269233703613,0.37127956390381,-0.05251197814941,1.6,0.22311332702637,-0.32561887264252,1.58841720581055,0.9969352722168,0.47569449424744,-0.5498221206665,0.84489837646484,0.06364860534668,-0.61050441741943,-0.77241635799408,0.50027542114258,0.75746322631836,1.46766540527344,-0.55411184310913,0.0554615020752,1.07057327270508,0.55247135162354,0.12373810768127,0.57143026351929,2.65246528226137,1.29142583677545,-0.02145869697444,1.76225682090223,0.96003595413268,0.06634198477864,1.47756464451551,1.22925846150517,1.89340760362148,0.3726318821311,-0.28956649780273,-0.49601928710938,-1.31058948516846,144,0,0,0,0,0,0,0,0,0,0,0,0,0,0,0,0,"{""draft_candidate"":true,""draft_candidate_id"":80,""draft_lottery"":false,""draft_method"":""user"",""draft_overall_pick"":13,""draft_round"":2,""draft_source"":""high_school"",""draft_year"":2049,""fa_nissuu"":72,""rookie_year"":true}"
77396,米倉 直路,1,1,starter,24,6,R,R,185,87,5704,1,0,77396,false,false,,支配下,通常,0,0,,0,0,0,,,0.2820295715332,0.82949493408203,-0.45369400024414,0.31631729125977,0.94753173828125,-0.92631015777588,0.69050090789795,-1.0024880027771,-0.26651858329773,1.6,-0.25092532157898,-0.16567743778229,1.02435134887695,1.08126922607422,0.69119487762451,0.89036193847656,0.15424564361572,1.00991638183594,1.36718994140625,1.6,1.4426936340332,1.57494861602783,0.74470252990723,-0.14697675704956,1.6,0.73462280273437,0.78390254020691,1.49913606643677,1.49561849594116,1.74507418018579,0.01203057095408,0.86090387959778,1.69441390805319,-0.15304151114821,0.47783430668712,2.1308143851012,1.72001919947565,1.20677915471792,1.98232975053787,0.51220886230469,0.42160400390625,-0.81357109069824,145,0,0,0,0,0,0,0,0,0,0,0,0,0,0,0,0,"{""draft_candidate"":true,""draft_candidate_id"":279,""draft_lottery"":false,""draft_method"":""rebid_single"",""draft_overall_pick"":8,""draft_round"":1,""draft_source"":""high_school"",""draft_year"":2050,""fa_nissuu"":77,""rookie_year"":true}"
77402,藤浦 宣敬,1,1,reliever,27,6,R,R,175,78,4144,2,0,77402,false,false,,支配下,通常,0,0,,0,0,0,,,-0.68705809056759,-0.36398827552795,-1.39212153673172,-0.37494839668274,-0.48945627212524,-0.92757293224335,0.38275096893311,-0.48125869274139,-0.10832855224609,0.96208378791809,0.75904284477234,0.74545183181763,0.01893811225891,0.94108779907227,0.88910676956177,1.37830109596252,0.26182466983795,0.29125988006592,0.64456645965576,-0.02428322792053,0.24133661746979,0.82581325531006,1.28228746414185,0.62497451782227,-0.37696875691414,-0.49193233549595,0.05565521717072,1.05339447021484,-0.12444432258606,1.20153387690801,1.5337660433948,0.37013190601766,0.73772743999958,0.99317746111751,0.20964519020915,0.48380344378948,1.79440267425776,1.79892036169767,0.41889005666226,-1.32767844438553,0.67643829345703,-1.23942603111267,148,0,0,0,0,0,0,0,0,0,0,0,0,0,0,0,0,"{""draft_candidate"":true,""draft_candidate_id"":23,""draft_lottery"":false,""draft_method"":""user"",""draft_overall_pick"":14,""draft_round"":2,""draft_source"":""university"",""draft_year"":2050,""fa_nissuu"":60,""rookie_year"":true}"
77423,野中 嗣人,1,7,fielder,27,6,L,R,188,77,1845,3,0,77423,false,false,,支配下,通常,0,0,,0,0,0,,,0.96041458862275,1.39423005411029,1.30630890084244,0.51425210119784,0.29775893739238,-0.12790222215652,0.11155915591121,0.92269012853503,1.36,0.31483647823334,-0.06676711916924,0.21226434469223,0.21363562107086,1.36,0.84635508537292,-0.12484538435936,-0.25421053349972,-0.02344757318497,1.36,1.66511323797703,3.06071866811439,1.84758374999464,1.51420375436544,2.28784797941148,2.68738115826249,1.30311621013284,,,,,,,,,,,,,,1.26914717149734,0.98826803451777,0.38855679982901,,0,96,0,100,95,0,0,0,0,96,0,100,95,0,0,0,"{""draft_candidate"":true,""draft_candidate_id"":198,""draft_lottery"":false,""draft_method"":""user"",""draft_overall_pick"":35,""draft_round"":3,""draft_source"":""university"",""draft_year"":2050,""fa_nissuu"":4,""rookie_year"":true}"
77426,福沢 忠臣,1,4,fielder,28,6,L,L,186,72,2552,4,0,77426,false,false,,支配下,通常,0,0,,0,0,0,,,-0.06279346388578,2.28630603998899,1.60260812401772,0.53287705130577,-0.27412101975083,0.06794708789587,-0.24172841406986,1.12742133875191,0.22205228805542,-0.2754958820343,0.98338886260986,0.92134593963623,0.98253742218018,3.86744124019146,2.26284701771289,3.94214597007819,2.5049541079402,3.06417101928592,1.91432306729257,-0.23098794937134,0.98165874481201,0.92887901306152,0.83312496185303,0.51938884735107,-0.50920592308044,0.35310047149658,,,,,,,,,,,,,,1.37813685173914,1.03955213478208,1.123134768188,,0,68,79,69,64,94,88,88,0,68,79,69,64,94,88,88,"{""draft_candidate"":true,""draft_candidate_id"":125,""draft_lottery"":false,""draft_method"":""user"",""draft_overall_pick"":38,""draft_round"":4,""draft_source"":""university"",""draft_year"":2050,""fa_nissuu"":16,""rookie_year"":true}"
77452,大辻 歳郎,1,9,fielder,28,6,R,R,192,83,1845,6,0,77452,false,false,,支配下,通常,0,0,,0,0,0,,,0.21521407100034,0.55532713270187,1.77144408658147,0.70529985492826,1.37881852602959,0.8425677339375,-0.14160472822934,1.79116613632441,0.09884183883667,0.98165950775146,1.14969802856445,1.16270309448242,0.24488367080688,-0.27636014938354,0.03290380001068,0.80175346374512,0.01866765022278,0.31349477767944,1.23921520233154,0.91760403557122,1.24024122238159,0.57501406817138,0.6467891291976,0.60030153089389,0.70573864133283,1.44087298637629,,,,,,,,,,,,,,0.85040029108524,1.8643268995285,1.78718849772215,,0,57,0,81,89,0,0,52,0,57,0,81,89,0,0,52,"{""draft_candidate"":true,""draft_candidate_id"":99,""draft_lottery"":false,""draft_method"":""cpu"",""draft_overall_pick"":64,""draft_round"":6,""draft_source"":""industrial"",""draft_year"":2050,""fa_nissuu"":0,""released_from_team"":3,""released_signed_year"":2055,""rookie_year"":true}"
77470,市岡 圭人,1,8,fielder,24,6,R,R,175,75,1845,8,0,77470,false,false,,支配下,通常,0,0,,0,0,0,,,0.85264310982451,0.67793408092856,1.1233780784905,1.37471697109602,1.0674145995304,2.38444897535294,0.94767554817349,-0.26416018611193,-0.02472595214844,-1.24262550354004,-1.21348960876465,-0.3725048828125,-1.54836891174316,0.47030578613281,-1.05473074436188,-0.73538513183594,0.60313369750977,-0.28763076782227,-0.74448013305664,1.33045872333646,2.31118403382599,1.51917218744033,0.66870214121044,2.93362210528553,1.10256852179393,1.26815895985067,,,,,,,,,,,,,,0.86625105246902,-0.32337069678307,0.99768673609197,,0,70,47,66,67,0,0,0,0,70,47,66,67,0,0,0,"{""draft_candidate"":true,""draft_candidate_id"":220,""draft_lottery"":false,""draft_method"":""user"",""draft_overall_pick"":82,""draft_round"":8,""draft_source"":""high_school"",""draft_year"":2050,""fa_nissuu"":0,""rookie_year"":true}"
77480,笹田 綾兵,1,1,reliever,28,6,R,R,181,82,1845,1,0,77480,false,false,,支配下,通常,0,0,,0,0,0,,,-0.51683217048645,0.35433647155762,-0.69977447509766,-1.05791525363922,-1.03973858833313,-1.13654696464539,-0.29843505859375,0.33815858840942,0.43741067886353,-0.07690159797668,0.88176216125488,0.23051518440247,0.08480679512024,0.22243970870972,1.37182888031006,0.63527559280396,-0.02284025192261,1.48892948150635,0.17984708786011,0.04010153770447,-0.18682457447052,0.8704446220398,0.43131853103638,0.20075624465942,1.49146354675293,-0.24019984722137,0.90646938323975,0.71217960357666,-0.14433011323214,1.28575972425938,1.41686595964432,0.16619065001234,1.11627298036218,1.13956921616942,0.55129286130145,0.06691083111241,1.10214390634,0.20554592689872,0.23282859630883,-0.35405115127563,0.54258666992187,-0.62927835464478,147,0,0,0,0,0,0,0,0,0,0,0,0,0,0,0,0,"{""draft_candidate"":true,""draft_candidate_id"":1,""draft_lottery"":false,""draft_method"":""user"",""draft_overall_pick"":92,""draft_round"":1,""draft_source"":""university"",""draft_year"":2050,""fa_nissuu"":0,""rookie_year"":true}"
77500,関戸 泰正,1,2,fielder,27,5,R,R,184,72,3323,1,0,77500,false,false,,支配下,通常,0,0,,0,0,0,,,0.08669168263674,0.23845871147513,0.68491008438542,2.19316923710108,0.17092103135586,2.31102527567148,-0.38462785872072,1.24830875140429,3.12816700351238,3.07808529433608,3.22041355164349,3.00227669584751,2.25236272320151,0.86640600204468,1.11650566101074,1.36,1.09880168914795,0.92907539367676,0.14375007867813,1.36,1.36,1.23874200820923,1.36,0.12287678837776,1.36,1.09428985595703,,,,,,,,,,,,,,1.10144600725174,1.52129028862715,0.79557609975338,,93,0,0,0,0,0,0,0,93,0,0,0,0,0,0,0,"{""draft_candidate"":true,""draft_candidate_id"":103,""draft_lottery"":false,""draft_method"":""rebid_single"",""draft_overall_pick"":6,""draft_round"":1,""draft_source"":""university"",""draft_year"":2051,""fa_nissuu"":20,""rookie_year"":true}"
77509,植山 幸納,1,1,starter,31,5,L,R,193,94,6575,2,0,77509,false,false,,支配下,通常,0,0,,0,0,0,,,-0.20501146316528,0.27007173538208,-0.38188239097595,0.19197582244873,0.59670671463013,-0.14733186721802,-0.05031826972961,-0.0823575592041,0.97827854156494,0.04280747771263,0.43523106575012,1.35229370117188,1.11831293106079,0.41851878166199,1.24948738098145,1.23065576553345,0.94513778686523,0.09431709647179,0.9236029624939,1.10862703323364,1.30485143661499,0.23817950725555,0.9061502456665,1.14809856414795,0.84327621459961,0.25017957687378,0.56594058990479,1.15833595275879,0.42266956329346,1.34749987750649,1.60059883072823,0.11554014542699,0.63415452599525,1.96244330011308,1.21239497303963,2.15154748551548,1.6917397706151,1.58338579294086,1.79771431970596,-0.6285188293457,-0.07129488945007,-0.11125255584717,147,0,0,0,0,0,0,0,0,0,0,0,0,0,0,0,0,"{""draft_candidate"":true,""draft_candidate_id"":136,""draft_lottery"":false,""draft_method"":""user"",""draft_overall_pick"":15,""draft_round"":2,""draft_source"":""industrial"",""draft_year"":2051,""fa_nissuu"":76,""rookie_year"":true}"
77528,小岩 立己,1,7,fielder,23,5,L,L,174,74,2490,3,0,77528,false,false,,支配下,通常,0,0,,0,0,0,,,-0.49359801688045,0.00916866756603,1.71251457047462,1.47703251350522,1.67208596134186,1.31803637524545,0.88292580346763,1.53041433414817,1.27378494262695,0.57621597290039,0.29347312927246,0.40887838363647,-0.18040157318115,0.83762680053711,0.86580312728882,0.17908798217773,1.36,1.36,0.96163726806641,1.19439642108977,3.09861999574304,1.60584996285877,1.43226757019758,2.48989928254485,0.94696778890491,3.28492994362116,,,,,,,,,,,,,,1.3675085914284,0.42481087842584,1.14670805696398,,0,87,0,100,74,0,0,0,0,87,0,100,74,0,0,0,"{""draft_candidate"":true,""draft_candidate_id"":51,""draft_lottery"":false,""draft_method"":""user"",""draft_overall_pick"":34,""draft_round"":3,""draft_source"":""high_school"",""draft_year"":2051,""fa_nissuu"":4,""rookie_year"":true}"
77552,北口 徳蔵,1,2,fielder,23,5,R,R,193,87,1625,5,0,77552,false,false,,支配下,通常,0,0,,0,0,0,,,0.62442521117628,0.68954623321444,1.49113597562909,0.3577917081207,0.73689091050625,-0.23920756495595,-0.34196994039416,1.83240095552802,3.51204822853208,2.05504589307308,1.36214457511902,1.93312265615165,1.82005344289541,1.05373901367187,-0.47665926218033,0.70343948364258,-0.73905894756317,0.68334899902344,1.03995376586914,-0.15441986083984,0.11685028076172,1.19550436019897,0.13177619934082,1.15282806396484,1.36,0.37553344726562,,,,,,,,,,,,,,0.0968026066497,1.31680203574896,0.45013704708219,,98,0,0,0,0,0,0,0,98,0,0,0,0,0,0,0,"{""draft_candidate"":true,""draft_candidate_id"":203,""draft_lottery"":false,""draft_method"":""user"",""draft_overall_pick"":58,""draft_round"":5,""draft_source"":""high_school"",""draft_year"":2051,""fa_nissuu"":0,""rookie_year"":true}"
77557,橋場 智文,1,2,fielder,24,5,L,L,185,72,1625,6,0,77557,false,false,,支配下,通常,0,0,,0,0,0,,,0.6198481002599,0.44916693445668,1.37153559531271,-0.19467985313386,1.73918964672089,-0.70873314692918,0.53203640567139,1.07542027556896,2.98090875200182,2.12014085805416,2.29700131220184,3.3690823602397,2.46607177269459,-0.34526953458786,1.36,1.36,1.36,0.53592471122742,-0.22763324737549,0.56743272781372,0.32493664264679,-0.13804905653,-0.06632187128067,1.36,-0.06448713302612,-0.2346573805809,,,,,,,,,,,,,,0.79715142354369,2.02764042282104,0.16805153466761,,71,0,0,0,0,0,0,0,71,0,0,0,0,0,0,0,"{""draft_candidate"":true,""draft_candidate_id"":119,""draft_lottery"":false,""draft_method"":""user"",""draft_overall_pick"":63,""draft_round"":6,""draft_source"":""independent"",""draft_year"":2051,""fa_nissuu"":0,""rookie_year"":true}"
77589,座間 嘉嗣,1,8,fielder,23,5,R,R,170,86,1625,1,0,77589,true,false,,育成,通常,0,0,,0,0,0,,,-0.42444122123346,0.41956229007244,0.66018361279368,0.7391010727942,-0.03174613197893,0.66680921355486,-0.59817674010422,0.66151403385401,0.50647491455078,1.22495986938477,1.36,1.36,0.35165046691895,-0.37177726745605,-0.25652801036835,0.9191130065918,0.96216247558594,1.36,1.12117279052734,2.17802847796679,2.78800442765653,1.33529256825149,3.09103159064055,2.18926160609722,1.20556616503,0.84911732828617,,,,,,,,,,,,,,-0.01758534044772,0.71440366884135,1.25825594705343,,0,99,0,95,89,0,0,0,0,99,0,95,89,0,0,0,"{""draft_candidate"":true,""draft_candidate_id"":199,""draft_lottery"":false,""draft_method"":""user"",""draft_overall_pick"":95,""draft_round"":1,""draft_source"":""high_school"",""draft_year"":2051,""fa_nissuu"":0,""rookie_year"":true}"
77593,矢倉 生太,1,1,reliever,26,5,L,R,182,100,1625,2,0,77593,true,false,,育成,通常,0,0,,0,0,0,,,0.14722546577454,0.25514946937561,-0.40137411117554,-1.51312963552773,0.53646408081055,-0.90952228069305,0.19506671905518,0.2942181968689,0.2661324596405,0.49076857566833,0.64396752357483,0.57614834785461,-0.20840979814529,0.20588824272156,0.66508159637451,0.8243035697937,-0.18872453212738,1.3206073474884,-0.25407979011536,-0.39728231072426,-0.12941709041595,0.69828397750854,-0.29825826883316,0.59044128417969,1.14173287391663,1.20470931053162,0.61023108482361,1.1592409992218,0.58864295959473,1.45512022979558,0.13078059101105,0.45950060899556,1.76255119758844,2.01863863380253,-0.04249470765889,-0.16330452157557,0.10087085656915,0.97775754705816,-0.1233058578819,-1.24320871353149,-0.9774490904808,0.49031959533691,144,0,0,0,0,0,0,0,0,0,0,0,0,0,0,0,0,"{""draft_candidate"":true,""draft_candidate_id"":216,""draft_lottery"":false,""draft_method"":""user"",""draft_overall_pick"":99,""draft_round"":2,""draft_source"":""university"",""draft_year"":2051,""fa_nissuu"":0,""rookie_year"":true}"
77601,大竹 崇一郎,1,1,reliever,23,5,R,R,176,91,1625,3,0,77601,true,false,,育成,通常,0,0,,0,0,0,,,-0.80851572990417,-0.32565902709961,-0.77602203369141,0.40140594482422,-1.31244102478027,-0.70552352905273,-0.22530624389648,-1.67496543645859,0.85942306518555,0.98345825195313,-0.42723983764648,0.98643907546997,0.15335639953613,-0.35462272644043,0.13706002235413,0.65826446533203,-0.89746793746948,0.24804321289063,0.12683662414551,-0.99318495750427,0.58771881103516,-0.32060953140259,1.01132415771484,-0.0929564666748,1.35844345092773,0.30031723022461,0.51859298706055,0.20558034896851,-0.38739096641541,-0.0789891769588,-0.27730154231191,0.90868393072486,-0.4756139523983,0.79577938628197,-0.47852067267895,1.42900521856546,1.34390018898249,1.00666913175583,0.7032867231667,-0.84627220153809,0.39364852905273,-1.3360555267334,141,0,0,0,0,0,0,0,0,0,0,0,0,0,0,0,0,"{""draft_candidate"":true,""draft_candidate_id"":251,""draft_lottery"":false,""draft_method"":""user"",""draft_overall_pick"":107,""draft_round"":3,""draft_source"":""high_school"",""draft_year"":2051,""fa_nissuu"":0,""rookie_year"":true}"
77602,ディキンソン,1,7,fielder,36,5,R,L,190,93,7465,0,0,77602,false,true,,支配下,通常,0,0,,0,0,0,,,-0.16478642965108,0.52278320711851,2.2676473004818,1.0066043022871,1.71073774765432,0.29389756642282,-1.04734714584239,0.89565028372407,1.95987163543701,2.56,1.25309794425964,1.82827011108398,1.2587088394165,2.41352493286133,2.21101041793823,2.56,1.37711296081543,1.06739446640015,0.82869178652763,1.45216026872396,2.03063346767426,1.4312789819669,0.58132636341453,1.13692790770531,0.8196701556351,2.07467638513446,,,,,,,,,,,,,,1.96387449225634,2.02331960579902,0.93195908340216,,0,0,0,92,0,0,0,0,0,0,0,92,0,0,0,0,"{""fa_nissuu"":25,""foreign_scout"":true,""foreign_signed_year"":2051,""quality_tier"":""ace""}"
77609,松石 伊兵衛,1,1,reliever,25,4,R,R,182,98,3231,1,0,77609,false,false,,支配下,通常,0,0,,0,0,0,,,-0.34030786514282,0.1455703163147,-0.66743768215179,0.03596166610718,-1.62961431622505,-1.45150309562683,0.65150135993958,-0.83277154445648,0.21746886253357,1.18897938728333,1.07245836257935,-0.13821616411209,0.56354766845703,0.16140287876129,0.21699233531952,0.43702177047729,-0.07479086875916,1.13443343162537,1.22780968666077,1.32540254592896,-0.1150622844696,-0.33766601324081,0.22188817024231,1.1634398651123,-0.34107938766479,0.32662065505981,1.18289222717285,-0.55096773825586,0.47390323638916,1.05073918212019,1.48948219227791,0.65286947003007,0.11240083627403,1.24558041885495,-0.61182828092575,1.86350208642334,1.90233608850837,1.47309816151857,1.25782057309151,-1.63105614542961,-1.10849564194679,-0.04919499397278,148,0,0,0,0,0,0,0,0,0,0,0,0,0,0,0,0,"{""draft_candidate"":true,""draft_candidate_id"":87,""draft_lottery"":true,""draft_method"":""lottery"",""draft_overall_pick"":2,""draft_round"":1,""draft_source"":""university"",""draft_year"":2052,""fa_nissuu"":25,""rookie_year"":true}"
77621,安達 範博,1,1,starter,22,4,R,L,191,94,1407,2,0,77621,false,false,,支配下,通常,0,0,,0,0,0,,,0.2262419128418,-1.19130743026733,0.58569137573242,-1.09580493927002,-0.72502750396729,-0.38262321472168,0.85398731231689,-0.2931568813324,0.17036674499512,0.23272506713867,0.22527896881104,1.32936182022095,1.6,1.6,1.6,1.6,0.56269470214844,0.64434646606445,-0.0535120010376,1.6,-0.2860483455658,0.52366554260254,0.29715202331543,1.09219192504883,1.07474075317383,0.22503200531006,1.51106157302856,1.6,1.10162803649902,1.44064936232567,0.11961659532785,0.30442085266113,0.1694373497963,1.70476270782948,-0.05676791752875,1.65425293754041,0.52216065502167,1.83505584380031,1.58643930189311,-0.98883304595947,-0.35467910766602,-1.08748718261719,142,0,0,0,0,0,0,0,0,0,0,0,0,0,0,0,0,"{""draft_candidate"":true,""draft_candidate_id"":84,""draft_lottery"":false,""draft_method"":""user"",""draft_overall_pick"":14,""draft_round"":2,""draft_source"":""high_school"",""draft_year"":2052,""fa_nissuu"":0,""rookie_year"":true}"
77642,小寺 栄人,1,1,reliever,22,4,L,L,180,76,1406,3,0,77642,false,false,,支配下,通常,0,0,,0,0,0,,,0.30552795410156,-0.84271110534668,0.65197631835937,-0.73183990478516,0.3855387878418,-0.63293914794922,0.68048332214355,0.61337175369263,-0.39118713378906,-0.39237609863281,1.49057022094727,0.69984468460083,0.06932312011719,-0.30291347503662,-0.53911722540855,-0.47613731384277,-0.55786138534546,-0.50952262878418,1.6,0.65939987182617,-0.7779139995575,1.4060270690918,-0.77337241649628,0.73150314331055,-0.36330711364746,-0.03769393920898,0.32210059165955,1.52980079650879,1.54757690429688,2.17006861019135,0.87003205862641,0.74775227423012,0.04333012360334,-0.00055941560864,2.0105994001925,0.71417785141617,1.67998673141003,-0.56713985222578,1.50080865268596,-1.21048400878906,1.13233215332031,-1.40030990600586,146,0,0,0,0,0,0,0,0,0,0,0,0,0,0,0,0,"{""draft_candidate"":true,""draft_candidate_id"":115,""draft_lottery"":false,""draft_method"":""user"",""draft_overall_pick"":35,""draft_round"":3,""draft_source"":""high_school"",""draft_year"":2052,""fa_nissuu"":0,""rookie_year"":true}"
77645,堀内 昌平,1,6,fielder,26,4,L,R,179,88,1350,4,0,77645,false,false,,支配下,通常,0,0,,0,0,0,,,0.68098522624373,1.09750231074169,1.47858046764135,0.61793787538856,0.32368333393335,0.6990604139328,0.17502533119917,0.7994284081161,0.20147464752197,-0.2897681427002,0.85425605773926,0.25676322937012,-0.00180332183838,3.04859663653374,2.49157011699677,2.17906184127927,3.13933461841568,2.91869974070787,3.25018247825652,-0.32841032028198,0.05049406051636,-0.36694311141968,0.86273143768311,1.02799648284912,-0.05185176849365,0.37449077606201,,,,,,,,,,,,,,1.68176134318113,0.08152914189547,1.42372258275747,,0,57,73,0,54,64,82,69,0,57,73,0,54,64,82,69,"{""draft_candidate"":true,""draft_candidate_id"":139,""draft_lottery"":false,""draft_method"":""user"",""draft_overall_pick"":38,""draft_round"":4,""draft_source"":""university"",""draft_year"":2052,""fa_nissuu"":16,""rookie_year"":true}"
77666,島根 伯典,1,1,reliever,22,4,L,R,184,74,1405,5,0,77666,false,false,,支配下,通常,0,0,,0,0,0,,,0.49661979675293,0.36468475341797,0.16153305053711,-0.68090301513672,-1.01581657409668,-1.35827600106597,-0.25012693405151,0.43571046829224,0.79321846008301,0.51310539245605,1.6,0.72781781196594,0.5851244354248,1.21976257324219,0.39406785011292,1.00972778320313,1.56177642822266,0.12718132019043,0.2891487121582,1.6,1.271103515625,0.76968532562256,0.79906455993652,1.6,1.6,0.67667594909668,1.33984510421753,0.60285079956055,0.86676124572754,-0.17061259233952,1.71632283415645,-0.03005184982717,0.64445204328746,0.62483949387074,1.94374612262845,1.92172857183218,1.75996884250641,0.14430682687461,0.31763403236866,0.19426239013672,-0.88705905914307,0.80456741333008,146,0,0,0,0,0,0,0,0,0,0,0,0,0,0,0,0,"{""draft_candidate"":true,""draft_candidate_id"":252,""draft_lottery"":false,""draft_method"":""user"",""draft_overall_pick"":59,""draft_round"":5,""draft_source"":""high_school"",""draft_year"":2052,""fa_nissuu"":0,""rookie_year"":true}"
77697,久郷 丈二,1,8,fielder,26,4,R,R,175,74,1405,1,0,77697,true,false,,育成,通常,0,0,,0,0,0,,,-0.01562452545762,-0.18781867940724,-0.2436189686656,1.47454994637892,1.24197921034694,1.56558869302273,0.59831576111913,-0.36436630755663,1.17984920501709,1.19327930450439,-0.21457138061523,0.55500633239746,-0.07179620742798,0.05806579589844,0.53449127197266,-0.07407461166382,-0.32620818138123,1.08310577392578,-0.33684783935547,1.72585475301743,1.28869977889955,1.73381224862859,2.19120222429931,1.44900902350247,2.23730197403394,1.48747444453836,,,,,,,,,,,,,,1.06822007736564,0.53694311352819,1.67373330783844,,0,90,0,77,84,0,0,0,0,90,0,77,84,0,0,0,"{""draft_candidate"":true,""draft_candidate_id"":140,""draft_lottery"":false,""draft_method"":""user"",""draft_overall_pick"":90,""draft_round"":1,""draft_source"":""university"",""draft_year"":2052,""fa_nissuu"":0,""rookie_year"":true}"
77698,保井 佳萱,1,1,starter,26,4,L,R,191,86,1405,2,0,77698,true,false,,育成,通常,0,0,,0,0,0,,,0.06611358642578,-0.77351550102234,-0.68835040092468,-0.26511856079102,0.09965866088867,-0.94072758674622,0.10259231567383,0.58483280181885,0.42563697814941,1.09776050567627,1.55211074829102,1.19276113510132,1.6,0.75491846084595,0.08662571907043,1.45342582702637,1.106760597229,1.6,0.98344032287598,0.71218221664429,0.87954524993896,0.59603843688965,0.08630675315857,0.20729380607605,0.06610518455505,0.08455240249634,0.24593591690063,0.31164600849152,0.7130389213562,0.12312196105719,0.15350323554873,0.6103431416899,1.42153650617599,1.57046413075924,0.64379280185699,0.84937055909634,1.45817441554368,0.21695043028891,1.96695666098595,-0.74621742248535,-0.28069187164307,0.18086318969727,142,0,0,0,0,0,0,0,0,0,0,0,0,0,0,0,0,"{""draft_candidate"":true,""draft_candidate_id"":109,""draft_lottery"":false,""draft_method"":""user"",""draft_overall_pick"":91,""draft_round"":2,""draft_source"":""university"",""draft_year"":2052,""fa_nissuu"":0,""rookie_year"":true}"
77726,藤岡 滋雄,1,4,fielder,25,3,R,R,185,94,1233,1,0,77726,false,false,,支配下,通常,0,0,,0,0,0,,,0.32290152084827,0.88736796757579,1.08878301984072,1.9193633987546,0.96949884983897,1.07897678565383,0.09253502801061,1.04214629936218,0.28987327575684,0.41146434783936,-0.04558097839355,1.28825325012207,0.25547044754028,1.17542807580531,3.20166548610106,2.49091772717237,1.69621578809619,1.96162064259034,2.33707030639052,0.10803787231445,0.8504496383667,0.42784351348877,0.16017360687256,1.36,0.65111141204834,-0.25158935070038,,,,,,,,,,,,,,1.29673698189855,1.80777205386758,1.0936150614135,,0,0,0,0,0,72,47,0,0,0,0,0,0,72,47,0,"{""draft_candidate"":true,""draft_candidate_id"":68,""draft_lottery"":false,""draft_method"":""rebid_single"",""draft_overall_pick"":10,""draft_round"":1,""draft_source"":""industrial"",""draft_year"":2053,""fa_nissuu"":4,""rookie_year"":true}"
77729,築地 義貴,1,4,fielder,25,3,R,L,182,95,1195,2,0,77729,false,false,,支配下,通常,0,0,,0,0,0,,,0.50865021771938,1.21656315994263,1.67057854614407,0.1308950704515,0.25125386872888,-0.46224801508039,-0.07237098890543,0.01755238455534,0.22994766235352,0.69734703063965,1.36,0.06050049304962,1.36,2.83518165293336,2.27829109292477,2.29482287216187,2.15271460521221,3.20117619454861,2.48656939822435,1.36,0.56801025390625,-0.022668800354,1.36,0.15478755950928,0.13978252410889,0.17252773284912,,,,,,,,,,,,,,1.29329713886976,1.26664457026124,1.33855667325854,,0,0,63,52,61,83,0,72,0,0,63,52,61,83,0,72,"{""draft_candidate"":true,""draft_candidate_id"":182,""draft_lottery"":false,""draft_method"":""user"",""draft_overall_pick"":13,""draft_round"":2,""draft_source"":""university"",""draft_year"":2053,""fa_nissuu"":0,""rookie_year"":true}"
77752,丸井 貴浩,1,8,fielder,24,3,R,R,173,92,1191,3,0,77752,false,false,,支配下,通常,0,0,,0,0,0,,,0.95069863629341,0.62743612039089,0.74771844618768,0.42977564858198,0.48380715179443,0.61490702878237,0.79814006567001,0.25209411001205,-0.04418719291687,0.2429158115387,-0.11500441074371,-0.34595327377319,-0.93846885561943,-0.04140810966492,0.42089886665344,-0.91376519083977,0.66520306587219,0.33106913566589,-1.03701731920242,0.75045523053408,0.50769168239832,0.46942577055097,0.67502223443985,0.33070205843449,0.92797032129765,0.93390175431967,,,,,,,,,,,,,,0.54620312583446,1.2868167566061,0.22966641628742,,0,85,0,83,73,0,0,0,0,85,0,83,73,0,0,0,"{""draft_candidate"":true,""draft_candidate_id"":264,""draft_lottery"":false,""draft_method"":""user"",""draft_overall_pick"":36,""draft_round"":3,""draft_source"":""university"",""draft_year"":2053,""fa_nissuu"":0,""rookie_year"":true}"
77753,岡松 序生,1,1,reliever,21,3,R,R,184,97,1188,4,0,77753,false,false,,支配下,通常,0,0,,0,0,0,,,-0.49349292755127,-1.48230667114258,-0.20263916015625,-0.75179275512695,0.15235641479492,-0.06711990356445,-0.898849568367,-0.03734313964844,0.13670944213867,-1.07476991653442,-1.09441576004028,0.48923051834106,-0.48049980163574,0.98797180175781,1.01736557006836,0.90951919555664,-1.07772844314575,0.18786468505859,-0.54431564331055,0.74648956298828,1.07118835449219,-0.95612916469574,-0.17819320678711,-0.9999556350708,-0.6405793762207,-0.73492618560791,0.48931636810303,0.92674680709839,-1.12484810471535,0.95084402140975,1.51922936654091,-0.58871304999292,-1.18154396307468,-0.89616992864013,0.63709361052513,-0.76422197604179,0.82939833188057,0.58429554493725,1.05045039999485,-1.18151817321777,-1.41456645965576,-0.89659240722656,143,0,0,0,0,0,0,0,0,0,0,0,0,0,0,0,0,"{""draft_candidate"":true,""draft_candidate_id"":164,""draft_lottery"":false,""draft_method"":""user"",""draft_overall_pick"":37,""draft_round"":4,""draft_source"":""high_school"",""draft_year"":2053,""fa_nissuu"":0,""rookie_year"":true}"
77776,播磨 維策,1,1,starter,21,3,R,L,184,95,1186,5,0,77776,false,false,,支配下,通常,0,0,,0,0,0,,,0.56722995758057,-1.28609386444092,-0.72477760314941,-0.1347395324707,-1.46199977874756,-0.60606704711914,-0.65631906509399,-0.33575565338135,0.91260208129883,0.04300918579102,-0.49374683380127,0.15273776054382,1.2093132019043,1.54773681640625,-0.47326017856598,-0.28644546508789,-0.69343437194824,0.04884147644043,0.76272811889648,1.06933700561523,0.82590118408203,0.05419198036194,0.40269302368164,-0.49932205200195,0.39869400024414,1.46476943969727,0.15903590202332,1.11705842971802,-0.43609223842621,0.94437436233461,0.78730967211723,-0.04147140486538,0.85868572568893,-0.85156437547505,0.49919627423212,1.88159815490246,-0.22237802356482,2.18695757710934,0.88099837186933,0.46329498291016,0.09433044433594,-0.30085479736328,146,0,0,0,0,0,0,0,0,0,0,0,0,0,0,0,0,"{""draft_candidate"":true,""draft_candidate_id"":296,""draft_lottery"":false,""draft_method"":""user"",""draft_overall_pick"":60,""draft_round"":5,""draft_source"":""high_school"",""draft_year"":2053,""fa_nissuu"":0,""rookie_year"":true}"
77777,桝田 尚将,1,4,fielder,21,3,L,R,178,87,1186,6,0,77777,false,false,,支配下,通常,0,0,,0,0,0,,,0.3331432383433,0.76502742165327,-0.34475445715338,1.58220102344602,-0.86870513030887,1.31891673710626,-0.47246545985341,0.54067885866761,-1.46272341251373,-0.126396484375,-0.40453498840332,-0.64065696716309,-0.30403411865234,1.84726401329041,1.51364897382259,1.61143901968002,0.94001453542709,2.03639341627061,2.53803568339348,-0.6698796081543,0.9319953918457,-0.0211754989624,-0.46775550842285,-1.26648731231689,-1.09579105377197,-1.19805595397949,,,,,,,,,,,,,,-1.046993745327,-0.53810358577967,0.52754855304956,,0,0,59,0,0,81,0,59,0,0,59,0,0,81,0,59,"{""draft_candidate"":true,""draft_candidate_id"":155,""draft_lottery"":false,""draft_method"":""user"",""draft_overall_pick"":61,""draft_round"":6,""draft_source"":""high_school"",""draft_year"":2053,""fa_nissuu"":0,""rookie_year"":true}"
77797,樋川 哲司,1,8,fielder,21,3,R,L,179,91,1185,7,0,77797,false,false,,支配下,通常,0,0,,0,0,0,,,-0.70694515527785,-0.40037367162853,0.67424708449841,0.431202041924,-0.23399337261915,0.65123084002733,0.34949969780445,0.27056363475323,-0.82338865280151,1.36,-0.55360591888428,0.16291899681091,0.62164978027344,0.37220550537109,0.16352301597595,1.28590774536133,-0.54253353118896,-0.64297691345215,1.25417861938477,2.70695099329948,2.60349502658844,0.66696553638577,2.53972345948219,0.85563504846953,2.47999986863136,1.87594566404819,,,,,,,,,,,,,,0.00811736565828,-0.31284782284498,1.05260384351015,,0,72,0,62,66,0,0,0,0,72,0,62,66,0,0,0,"{""draft_candidate"":true,""draft_candidate_id"":116,""draft_lottery"":false,""draft_method"":""user"",""draft_overall_pick"":81,""draft_round"":7,""draft_source"":""high_school"",""draft_year"":2053,""fa_nissuu"":0,""rookie_year"":true}"
77813,大賀 顕伸,1,8,fielder,27,3,L,R,185,78,1184,1,0,77813,true,false,,育成,通常,0,0,,0,0,0,,,-0.40066055426002,0.05645881313086,0.18521207129955,0.78361272549629,0.22473867315054,0.61766335470974,-0.42792407041043,-0.13172897315025,-0.33997661113739,0.91638017654419,-0.04776677131653,0.28468383789063,0.5415393447876,-0.46650913000107,0.02793060302734,-0.36776236534119,0.83612209320068,0.57550273895264,0.89412551879883,0.80008963348716,1.54488013005257,1.08496298398077,1.62774404036999,1.29885415276885,1.17763898950815,0.90006499652565,,,,,,,,,,,,,,0.72438450133801,-0.14713091933727,-0.35380790114403,,0,78,0,77,70,0,0,0,0,78,0,77,70,0,0,0,"{""draft_candidate"":true,""draft_candidate_id"":133,""draft_lottery"":false,""draft_method"":""user"",""draft_overall_pick"":97,""draft_round"":1,""draft_source"":""industrial"",""draft_year"":2053,""fa_nissuu"":0,""rookie_year"":true}"
77814,荒尾 政哉,1,1,starter,25,3,R,R,186,72,1184,2,0,77814,true,false,,育成,通常,0,0,,0,0,0,,,-0.6217190349102,0.05642253875732,-1.20427904129028,-0.56465656280518,-0.17751861572266,-0.74350156784058,-0.45236808776855,-0.19163736343384,0.08619119644165,-0.32941836357117,0.07165565490723,-0.08292565822601,0.09687065124512,0.85040458679199,-0.0511546421051,0.67078418731689,-0.09437414169312,0.67626384735107,0.99979347229004,0.10520721435547,-0.07037925720215,0.4522154045105,0.83428112030029,0.33804447174072,-0.15376686096191,1.01322826385498,0.35289003372192,0.72926179885864,-0.34258001327515,0.89350815522671,-0.62058042764664,-0.55927973413467,-0.48510882377625,0.81534503936768,1.20516329151019,0.72150737762451,-0.61414428651333,0.89262723937631,0.74912171792984,-0.98947257995605,-0.39451126098633,-1.4007995891571,141,0,0,0,0,0,0,0,0,0,0,0,0,0,0,0,0,"{""draft_candidate"":true,""draft_candidate_id"":227,""draft_lottery"":false,""draft_method"":""user"",""draft_overall_pick"":98,""draft_round"":2,""draft_source"":""university"",""draft_year"":2053,""fa_nissuu"":0,""rookie_year"":true}"
77833,野々垣 喜司,1,1,starter,24,2,L,L,181,76,4976,1,0,77833,false,false,,支配下,通常,0,0,,0,0,0,,,-0.17884986877441,0.33536762237549,-0.312542552948,-0.9325087416172,0.22146171569824,0.53087287902832,-0.49104961395264,0.67813606262207,1.45361503601074,0.9511061668396,0.03579144001007,0.71837235450745,1.04605018615723,0.62375947952271,1.6,0.48781385421753,1.28988784790039,0.52542457580566,1.13610191345215,1.6,1.39386783599854,1.33564210891724,1.6,1.6,1.6,1.6,1.16119781494141,1.6,1.01229072570801,1.86550959438086,0.95415568580478,0.1925555774048,0.03100837945193,1.82557174998522,1.32962366992235,1.78637328052521,1.45556495377421,1.41939880286157,0.94616510233283,0.34518859863281,-0.2148410987854,-0.79044010162354,144,0,0,0,0,0,0,0,0,0,0,0,0,0,0,0,0,"{""draft_candidate"":true,""draft_candidate_id"":66,""draft_lottery"":true,""draft_method"":""lottery"",""draft_overall_pick"":3,""draft_round"":1,""draft_source"":""university"",""draft_year"":2054,""fa_nissuu"":16,""rookie_year"":true}"
77848,野川 公哉,1,1,reliever,20,2,L,L,173,94,1016,2,0,77848,false,false,,支配下,通常,0,0,,0,0,0,,,0.20846019744873,-1.8345263671875,-0.5394140625,-2,-0.67302673339844,-0.17384140014648,-0.24473339080811,-1.02726907730103,-0.6300439453125,-0.20092803955078,0.2861784362793,0.13566347122192,0.26464004516602,-0.97942985534668,0.49434043884277,-0.10314468383789,0.85789169311523,-1.38218187332153,0.11585800170898,0.5367268371582,-1.43473028182983,0.54331926345825,-0.08808624267578,0.43559921264648,0.31310775756836,-1.43004636764526,0.32079961776733,-0.05838422775269,-1.27092844367027,1.19850808060169,1.23606792503595,0.68896600578725,-0.8362045558095,0.34209905539267,-0.5333519744873,0.88921396440268,1.25904572111368,0.14483466100693,0.00447888854519,-1.43325256347656,0.42101028442383,-0.41911224365234,152,0,0,0,0,0,0,0,0,0,0,0,0,0,0,0,0,"{""draft_candidate"":true,""draft_candidate_id"":192,""draft_lottery"":false,""draft_method"":""user"",""draft_overall_pick"":18,""draft_round"":2,""draft_source"":""high_school"",""draft_year"":2054,""fa_nissuu"":0,""rookie_year"":true}"
77861,中尾 昭祥,1,2,fielder,20,2,R,R,172,76,895,3,0,77861,false,false,,支配下,通常,0,0,,0,0,0,,,-1.05827597258985,1.72037488979101,1.87223050937057,0.0570879997611,1.32017360875011,-0.12287897661328,0.6258986932949,0.08408660364151,3.36998117208481,3.03835058054328,1.66202217440307,3.16721463580057,2.405086052984,1.06629974365234,-0.36462772846222,1.33426071166992,0.56958030700684,-0.44347125053406,0.91507904052734,1.36,1.36,-0.22198364257813,-0.48808704853058,-0.32430202484131,-0.26844318389893,0.3781591796875,,,,,,,,,,,,,,1.6200790720582,1.21559780824184,0.226240111202,,74,0,0,0,0,0,0,0,74,0,0,0,0,0,0,0,"{""draft_candidate"":true,""draft_candidate_id"":246,""draft_lottery"":false,""draft_method"":""user"",""draft_overall_pick"":31,""draft_round"":3,""draft_source"":""high_school"",""draft_year"":2054,""fa_nissuu"":16,""rookie_year"":true}"
77872,山原 訓之,1,1,starter,20,2,L,R,193,74,981,4,0,77872,false,false,,支配下,通常,0,0,,0,0,0,,,0.2035355758667,-1.01586563110352,0.03384368896484,-0.7497492980957,-1.22212051391602,0.11578414916992,0.75784606933594,-1.67246143817902,0.33473983764648,-0.03339401245117,-0.69840919494629,0.30778230667114,-1.03934970855713,0.61407760620117,0.06617544174194,0.42199783325195,0.50878479003906,0.56271621704102,-0.32028259277344,0.16074340820312,-0.40163238525391,0.31153512954712,-0.38463569641113,0.98238235473633,-0.20376197814941,-0.80259925842285,0.20762954711914,0.01296447753906,-0.18599047660828,1.19584915161133,0.72592956542969,0.03540511196852,0.47507308959961,-0.27414894616604,-0.91751754760742,-0.82158092498779,-0.29683052062988,0.80519134521484,0.22427637207508,-1.16757637023926,-0.35808319091797,-2,144,0,0,0,0,0,0,0,0,0,0,0,0,0,0,0,0,"{""draft_candidate"":true,""draft_candidate_id"":91,""draft_lottery"":false,""draft_method"":""user"",""draft_overall_pick"":42,""draft_round"":4,""draft_source"":""high_school"",""draft_year"":2054,""fa_nissuu"":0,""rookie_year"":true}"
77885,猪又 昂,1,2,fielder,28,2,R,R,185,80,972,5,0,77885,false,false,,支配下,通常,0,0,,0,0,0,,,0.25869835858047,0.1860120024085,1.31111648613215,1.3331208332777,0.59434129434824,1.1998582771793,-0.35019210950285,0.27403360334039,2.46750356519222,2.06242785298824,2.47543223547935,2.99564832273126,1.67270183181763,1.23719842910767,-0.08010027885437,1.03244207382202,0.47224381446838,-0.00838534355164,0.94345310211182,1.11849744796753,0.74420602798462,0.37463317871094,1.017229347229,0.52525327682495,0.15627806663513,0.13772271156311,,,,,,,,,,,,,,0.84669993877411,0.87302524018288,0.10541389846802,,70,0,0,0,0,0,0,0,70,0,0,0,0,0,0,0,"{""draft_candidate"":true,""draft_candidate_id"":45,""draft_lottery"":false,""draft_method"":""user"",""draft_overall_pick"":55,""draft_round"":5,""draft_source"":""industrial"",""draft_year"":2054,""fa_nissuu"":0,""rookie_year"":true}"
77896,花村 太久至,1,1,reliever,26,2,R,L,181,72,968,6,0,77896,false,false,,支配下,通常,0,0,,0,0,0,,,0.2060124206543,-1.0022536611557,-0.29437519073486,0.11981691360474,-0.44061971664429,-0.62290850639343,0.29203531265259,-0.79934741973877,0.95710620880127,0.67672271728516,0.62941265106201,-0.18635932922363,1.12198314666748,0.71350078582764,0.44323173522949,1.19474868774414,0.116854429245,-0.38579928129911,0.23883814811707,0.76902341842651,0.69493350982666,0.97493003845215,0.22839670181274,-0.22494568824768,-0.2617776632309,-0.26756043434143,0.84660850524902,0.92786163330078,0.06803977966309,0.23872430440784,1.01455124133825,-0.18504565365426,-0.25437831115723,0.98895256114006,0.80186492174864,0.99463648079336,1.23046606791019,1.14667782974243,0.35683008289337,-0.15916343688965,0.37875312805176,-1.32011541187763,144,0,0,0,0,0,0,0,0,0,0,0,0,0,0,0,0,"{""draft_candidate"":true,""draft_candidate_id"":13,""draft_lottery"":false,""draft_method"":""user"",""draft_overall_pick"":66,""draft_round"":6,""draft_source"":""industrial"",""draft_year"":2054,""fa_nissuu"":0,""rookie_year"":true}"
77944,ロドリゲス,1,7,fielder,27,2,R,L,196,93,4868,0,0,77944,false,true,,支配下,通常,0,0,,0,0,0,,,0.10464282089472,1.58656743087769,1.60763913097382,0.9277654699102,1.74603958749771,0.85357010674477,0.52736299800873,2.0028694024086,0.63947960853577,1.92,1.46417785644531,0.88657586097717,1.43145439147949,0.30996877193451,1.02798587799072,1.30952285766602,1.60593296051025,1.92,0.5902220916748,0.69342984640598,0.70828092478029,1.70938423770666,0.8718349633906,0.63752648705244,0.70438351012021,0.76100313329697,,,,,,,,,,,,,,1.5606257031858,2.25911341094971,1.40061728262901,,0,0,0,98,0,0,0,0,0,0,0,98,0,0,0,0,"{""fa_nissuu"":16,""foreign_scout"":true,""foreign_signed_year"":2054,""quality_tier"":""good""}"
77951,石 隆義,1,3,fielder,22,1,L,R,171,92,1150,1,0,77951,false,false,,支配下,通常,0,0,,0,0,0,,,-0.28269860744476,0.14498725652695,0.97402578353882,1.04782436580658,0.55552913856506,1.04782436580658,0.09215203285217,0.11387984573841,0.63218564033508,0.12311551094055,0.3288703250885,0.39350715637207,-0.11104419708252,-2.4,-2.4,-2.4,-2.4,-2.4,-2.4,-0.50891454696655,-0.6888441324234,0.67998335838318,-0.40183262348175,-0.75135909318924,0.24282561302185,0.12025075912476,,,,,,,,,,,,,,-0.81247096255422,1.06940245103836,-0.13526105880737,,0,0,78,0,0,0,0,0,0,0,78,0,0,0,0,0,"{""draft_candidate"":true,""draft_candidate_id"":281,""draft_lottery"":false,""draft_method"":""rebid_single"",""draft_overall_pick"":5,""draft_round"":1,""draft_source"":""university"",""draft_year"":2055,""fa_nissuu"":0,""rookie_year"":true}"
77961,宮口 和彦,1,1,reliever,27,1,R,L,177,74,1000,2,0,77961,false,false,,支配下,通常,0,0,,0,0,0,,,-0.20075752258301,-0.09331039428711,-0.13019804000854,-0.73531626701355,-0.15190948486328,-0.59314445495605,-0.04726232528687,-0.43537689208984,1.01818162918091,0.30679847717285,0.52807185173035,0.86218185424805,0.23827640533447,0.01424167275429,1.35161018371582,1.26258432388306,1.20918228149414,0.00345022201538,1.36216871261597,0.3513542842865,0.07305916070938,0.66994499206543,1.33323909759521,0.1335094165802,0.13932158470154,1.09141542434692,0.52814029693604,0.6019119644165,1.18408767700195,1.00225491571426,0.67565640693903,0.38137880456448,1.11213918167353,1.08294693207741,-0.02753073763847,0.42226504778862,1.62491523253918,1.46095972079039,0.83432889693603,-1.00072972416878,-0.17271193504333,-0.49225391387939,145,0,0,0,0,0,0,0,0,0,0,0,0,0,0,0,0,"{""draft_candidate"":true,""draft_candidate_id"":27,""draft_lottery"":false,""draft_method"":""user"",""draft_overall_pick"":15,""draft_round"":2,""draft_source"":""independent"",""draft_year"":2055,""fa_nissuu"":0,""rookie_year"":true}"
77980,岩本 智順,1,1,starter,19,1,L,R,193,90,900,3,0,77980,false,false,,支配下,通常,0,0,,0,0,0,,,-0.64941764831543,-0.43195640563965,0.58934921264648,-0.70720664978027,0.70552154541016,-0.67518112182617,-0.16518745422363,-0.45004693984985,-0.44723180770874,1.6,-0.20299045562744,0.05066851615906,-0.25128257751465,-0.56482203483582,0.82096485137939,0.04162902832031,-0.19746433258057,0.7119303894043,1.413466796875,1.58860198974609,-0.66600319862366,0.64456655502319,1.05665344238281,-0.45552947998047,0.79497146606445,0.59994354248047,0.39193140029907,0.23227734565735,0.91390743255615,0.97251663208008,0.32742517590523,0.26454025268555,-0.04870960211754,0.18060096740723,1.02117263793945,-0.61566517829895,1.27292587280273,-0.54599800109863,1.53277912354469,-1.43953489303589,1.0204753112793,-0.5667130279541,153,0,0,0,0,0,0,0,0,0,0,0,0,0,0,0,0,"{""draft_candidate"":true,""draft_candidate_id"":53,""draft_lottery"":false,""draft_method"":""user"",""draft_overall_pick"":34,""draft_round"":3,""draft_source"":""high_school"",""draft_year"":2055,""fa_nissuu"":0,""rookie_year"":true}"
77985,畑本 敦喜,1,1,reliever,23,1,R,R,171,89,825,4,0,77985,false,false,,支配下,通常,0,0,,0,0,0,,,0.05349174499512,0.14330783843994,-0.53989814758301,-1.03107184410095,-0.71564712524414,-1.19986089706421,-0.37812189102173,0.21674263000488,1.228733253479,1.0236474609375,0.45643209457397,0.06453822135925,1.07869731903076,0.21474283218384,0.70153148651123,-0.10578901290894,-0.1151183795929,1.1084733581543,1.26452304840088,1.08989971160889,1.25758907318115,0.59499691009521,1.20413051605225,-0.32329193115234,0.77943843841553,-0.00677164077759,0.03161018371582,-0.08828672885895,1.25234754562378,0.96682602739334,1.35331673848629,-0.32475384230912,-0.26451914262772,1.62669960951805,0.46231589090824,1.18976510238647,0.59909677094221,1.2552965208292,0.09420067320764,0.4548078918457,-0.15691116333008,-1.28165521144867,147,0,0,0,0,0,0,0,0,0,0,0,0,0,0,0,0,"{""draft_candidate"":true,""draft_candidate_id"":266,""draft_lottery"":false,""draft_method"":""user"",""draft_overall_pick"":39,""draft_round"":4,""draft_source"":""university"",""draft_year"":2055,""fa_nissuu"":0,""rookie_year"":true}"
78004,増本 景助,1,3,fielder,26,1,R,R,191,99,780,5,0,78004,false,false,,支配下,通常,0,0,,0,0,0,,,0.31113807693869,0.28118099796772,1.12808033174276,0.6489676713571,0.37562954318523,0.91981713700295,0.33511609824747,0.91082403355837,-0.15761189937592,-0.42073292016983,0.28594252586365,0.76121673583984,0.41463357925415,-2.26333424222469,-1.90413604903221,-1.9336918258667,-1.37770377403498,-2.22492293769121,-2.33071407061815,0.52437574386597,0.27095868110657,0.52763549804688,-0.06562779426575,0.38733903884888,0.01440784454346,-0.23508048534393,,,,,,,,,,,,,,0.11519496774673,1.60923063522577,0.9910271794498,,0,0,89,66,0,0,0,0,0,0,89,66,0,0,0,0,"{""draft_candidate"":true,""draft_candidate_id"":196,""draft_lottery"":false,""draft_method"":""user"",""draft_overall_pick"":58,""draft_round"":5,""draft_source"":""industrial"",""draft_year"":2055,""fa_nissuu"":0,""rookie_year"":true}"
78009,草刈 錠,1,1,reliever,19,1,R,R,192,98,760,6,0,78009,false,false,,支配下,通常,0,0,,0,0,0,,,-0.35214769363403,0.18624725341797,-0.55509307861328,-0.38735015869141,-1.35724369049072,-0.33981010437012,-0.84647634029388,-1.10369917392731,0.52825119018555,0.25760452270508,1.20026062011719,0.08343499660492,0.48307418823242,0.32122756958008,0.50757925033569,0.94491851806641,0.2082063293457,-0.4518487739563,1.22792404174805,1.52987197875977,-0.55568639665842,-0.24463746547699,1.37986999511719,1.6,-0.34112134933472,1.6,1.5981725692749,0.31363335609436,0.01454113006592,-0.3177394836545,1.40822826480865,0.36147092476487,0.88767427653074,0.15343398666382,1.08364345285296,0.5139981315136,0.82023312437534,1.68331560227275,-0.23552218729258,-0.24832206726074,0.96613540649414,-0.56956367492676,144,0,0,0,0,0,0,0,0,0,0,0,0,0,0,0,0,"{""draft_candidate"":true,""draft_candidate_id"":57,""draft_lottery"":false,""draft_method"":""user"",""draft_overall_pick"":63,""draft_round"":6,""draft_source"":""high_school"",""draft_year"":2055,""fa_nissuu"":0,""rookie_year"":true}"
78024,大坂 風見也,1,1,starter,20,1,R,R,172,98,740,7,0,78024,false,false,,支配下,通常,0,0,,0,0,0,,,-0.81842529475689,-1.32696180820465,-0.1116442489624,-2,-2,-1.65451696395874,-0.78068650960922,-1.11188794136047,0.56199195861816,-0.08288726329803,0.8263071346283,-0.22915323734283,-0.0823172044754,-1.03757923960686,-0.40032076358795,-1.08094027757645,1.0117168712616,0.36156743049622,0.59975002288818,-0.72805076360703,0.28625772476196,0.26325807571411,0.74936149597168,-0.8749419939518,0.4038600730896,0.47056224822998,0.09530367851257,0.78762890815735,0.51498169898987,0.15723474448919,0.96377382493019,-0.23836161787808,1.07184780991077,1.31373485732079,1.49981710663438,-0.01234384083748,1.15482991686463,-0.26322208166122,1.50495603895187,0.13752195358276,-0.70005958557129,-1.01929812908173,145,0,0,0,0,0,0,0,0,0,0,0,0,0,0,0,0,"{""draft_candidate"":true,""draft_candidate_id"":277,""draft_lottery"":false,""draft_method"":""user"",""draft_overall_pick"":78,""draft_round"":7,""draft_source"":""independent"",""draft_year"":2055,""fa_nissuu"":0,""rookie_year"":true}"
78027,入倉 祥嗣,1,9,fielder,24,1,R,R,177,87,740,8,0,78027,false,false,,支配下,通常,0,0,,0,0,0,,,-0.27791854381561,1.14796708106995,0.35781142234802,0.91126134594679,-0.00452429294586,0.51801256051064,0.23196917876601,-0.07933860865235,1.12344730377197,0.69997359275818,0.08675634384155,-0.20967054009438,0.33252002239227,1.11839574813843,-0.24122321546078,-0.1188792848587,0.40859385490417,1.07208989143372,0.18341630935669,0.63934233665466,-0.46272082850337,0.03157294988632,-0.12494311386347,-0.1379737329483,0.71815495491028,0.68027279853821,,,,,,,,,,,,,,0.9373955270052,0.10067295014858,0.38799027919769,,0,43,0,64,74,0,0,0,0,43,0,64,74,0,0,0,"{""draft_candidate"":true,""draft_candidate_id"":217,""draft_lottery"":false,""draft_method"":""user"",""draft_overall_pick"":81,""draft_round"":8,""draft_source"":""independent"",""draft_year"":2055,""fa_nissuu"":0,""rookie_year"":true}"
78036,弘田 善五郎,1,1,reliever,19,1,R,R,186,95,710,1,0,78036,true,false,,育成,通常,0,0,,0,0,0,,,-0.23483488082886,-1.18833473205566,0.25434478759766,-0.7384009552002,-0.17377685546875,-1.08312255859375,-0.75172343730927,-1.09199956893921,1.27659637451172,0.54030807495117,0.72698959350586,-0.32012066364288,1.20967559814453,0.00862396240234,0.51625478744507,-0.84002157211304,-0.36550064086914,-0.81828905105591,0.28869476318359,-0.67969825744629,-0.72097299575806,0.41344802856445,-0.31256454467773,-0.13826957702637,1.12275650024414,0.83917190551758,0.39635084152222,1.12975360870361,-0.78817201375961,-0.15696287411451,-0.71355963909626,0.80424308878183,1.28224996304512,-0.18320320188999,0.95067948436737,0.35692943263054,0.8749981251359,0.98275066586584,0.1096963468492,-0.45710784912109,-0.25406723022461,0.20291519165039,145,0,0,0,0,0,0,0,0,0,0,0,0,0,0,0,0,"{""draft_candidate"":true,""draft_candidate_id"":257,""draft_lottery"":false,""draft_method"":""user"",""draft_overall_pick"":90,""draft_round"":1,""draft_source"":""high_school"",""draft_year"":2055,""fa_nissuu"":0,""rookie_year"":true}"
78039,浅子 悟二,1,3,fielder,23,1,R,R,193,82,710,2,0,78039,true,false,,育成,通常,0,0,,0,0,0,,,0.28803938809037,-0.43309418690205,0.332091604352,1.02798542120755,0.37768504309654,1.15003002430201,0.01078130683303,-0.09226090484858,-0.92628888130188,0.60934856414795,-0.01584377288818,0.34751840591431,0.47107406616211,-2.33428365799785,-2.27756486928463,-1.90943770396709,-2.30832402478158,-2.14663970541954,-2.45442909818888,-0.29567367553711,-0.0230534362793,-0.27396558761597,-0.47750089645386,-0.34410793304443,-1.12149840116501,0.02177146911621,,,,,,,,,,,,,,0.16819243462384,0.54952385294437,0.2688525827527,,0,0,91,0,0,0,0,0,0,0,91,0,0,0,0,0,"{""draft_candidate"":true,""draft_candidate_id"":241,""draft_lottery"":false,""draft_method"":""user"",""draft_overall_pick"":93,""draft_round"":2,""draft_source"":""university"",""draft_year"":2055,""fa_nissuu"":0,""rookie_year"":true}"
75780,浜田 啓樹,2,4,fielder,39,21,R,R,173,84,6726,1,0,75780,false,false,,支配下,通常,0,0,,0,0,0,,,-0.68292937781755,-0.27790077964067,1.17230386391804,0.46232848323286,-0.12424683049601,1.71052378961816,-1.03264856144489,1.04520868751407,1.36,0.74917869567871,0.99516059875488,0.24275355815887,1.11849464416504,1.86271222379431,2.46420085020922,0.6914984022174,2.49445464864559,1.61209763528034,2.13814984548092,0.21471508026123,0.32190425872803,1.36,0.8024439239502,0.88783027648926,1.36,1.36,,,,,,,,,,,,,,-0.18720273819491,1.38607983692782,0.06588169667944,,0,61,81,0,0,98,72,0,0,61,81,0,0,98,72,0,"{""draft_candidate"":true,""draft_candidate_id"":253,""draft_lottery"":false,""draft_method"":""single_bid"",""draft_overall_pick"":8,""draft_round"":1,""draft_source"":""high_school"",""draft_year"":2035,""fa_nissuu"":430,""rookie_year"":true}"
76128,熊倉 暁夫,2,9,fielder,38,18,R,R,182,86,4412,3,0,76128,false,false,,支配下,通常,0,0,,0,0,0,,,0.01466384877265,1.63428303256035,1.53057182992399,1.32739069895186,0.06186200754717,1.90121387504935,0.51513340003789,0.71065113171935,-0.15150336742401,-0.1056554889679,1.181455078125,0.47080389022827,1.26288110733032,1.0490892200321,1.69749289350212,1.76622131001204,1.27357589894533,2.03222715753317,1.70831967749447,0.01181343474984,-0.58849558191374,0.42534566501528,1.09909634199739,-0.99862887912989,0.04623241502047,-0.9946872998625,,,,,,,,,,,,,,1.79298584153876,-0.19343809044138,1.64337182452083,,0,0,0,0,92,0,0,93,0,0,0,0,92,0,0,93,"{""draft_candidate"":true,""draft_candidate_id"":218,""draft_lottery"":false,""draft_method"":""cpu"",""draft_overall_pick"":30,""draft_round"":3,""draft_source"":""independent"",""draft_year"":2038,""fa_nissuu"":213,""released_from_team"":11,""released_signed_year"":2053,""rookie_year"":true}"
76242,桑江 房太,2,1,reliever,35,17,R,R,183,99,11626,4,0,76242,false,false,,支配下,通常,0,0,,0,0,0,,,-0.130686378479,0.80102600097656,0.62917724609375,0.52609893798828,-1.11225650787354,0.4459619140625,-0.00347351074219,0.16854326248169,0.59566528320312,0.35876663208008,1.41374084472656,0.81374633789063,0.29080200195312,1.6,0.41797332763672,-0.44034351348877,-0.04771095275879,0.05168525695801,0.73787109375,-0.32410230636597,0.41556213378906,0.90432344436646,1.49724868774414,0.31058135986328,-0.07634738922119,1.6,-0.16027900934219,0.92758018493652,0.66346873283386,2.69766449901462,2.91653726994991,0.42784430821985,0.77297783525288,2.18299185158312,2.48950806006044,2.31748393920809,2.27146251384169,1.05880844454467,0.89440583678745,0.97478820800781,-0.55306987762451,0.21206268310547,146,0,0,0,0,0,0,0,0,0,0,0,0,0,0,0,0,"{""draft_candidate"":true,""draft_candidate_id"":244,""draft_lottery"":false,""draft_method"":""cpu"",""draft_overall_pick"":47,""draft_round"":4,""draft_source"":""high_school"",""draft_year"":2039,""fa_nissuu"":213,""rookie_year"":true}"
76308,八戸 聡朗,2,1,starter,34,16,R,R,176,78,14949,1,0,76308,false,false,,支配下,通常,0,0,,0,0,0,,,-0.38721885681152,1.17024627685547,0.2356120300293,-0.41331062316895,1.45430206298828,1.25397262573242,0.37018398284912,0.35041014671326,1.6,1.39437561035156,1.6,1.56275964736939,1.6,1.6,1.31486205101013,0.34817390441895,1.25812591552734,1.6,1.6,1.6,0.4302876663208,0.42848602294922,1.6,1.6,1.6,0.54633110046387,0.7324390745163,1.6,1.6,1.36662451343983,0.2799012523815,0.38685786511051,3.76425892372429,1.20366902226955,2.82580416049063,2.34539178415388,1.83848851519078,2.20233693057299,2.21531420976743,-0.57576078414917,-0.39541669845581,0.46716354370117,148,0,0,0,0,0,0,0,0,0,0,0,0,0,0,0,0,"{""draft_candidate"":true,""draft_candidate_id"":107,""draft_lottery"":false,""draft_method"":""single_bid"",""draft_overall_pick"":7,""draft_round"":1,""draft_source"":""high_school"",""draft_year"":2040,""fa_nissuu"":128,""rookie_year"":true}"
76417,米倉 洸鷹,2,3,fielder,33,15,R,R,192,85,15375,1,0,76417,false,false,,支配下,通常,0,0,,0,0,0,,,1.42940000470262,0.78499953148514,2.49490593931079,2.36689259642661,1.81865158200264,2.13869970963448,1.21625548161194,2.09574108421802,1.36,-0.27056624412537,0.62868377685547,1.36,-0.22648345947266,-0.26992171800975,-0.11774058311619,-0.06226010159031,-0.48568718707468,-1.27147134912014,-2.16016899768705,0.98824752807617,1.36,1.36,0.69933166503906,1.36,1.06602981567383,1.14500534057617,,,,,,,,,,,,,,2.29728143669665,2.09870449885875,2.68455403182507,,0,0,100,64,0,0,0,0,0,0,100,64,0,0,0,0,"{""draft_candidate"":true,""draft_candidate_id"":262,""draft_lottery"":false,""draft_method"":""single_bid"",""draft_overall_pick"":6,""draft_round"":1,""draft_source"":""high_school"",""draft_year"":2041,""fa_nissuu"":203,""rookie_year"":true}"
76525,村井 住之,2,1,starter,32,14,R,R,177,89,8450,1,0,76525,false,false,,支配下,通常,0,0,,0,0,0,,,-0.36240159988403,0.94333053588867,-0.27980606079102,0.79191925048828,-1.0343635559082,-1.031409034729,0.4717561340332,-0.61233171463013,1.31143081665039,0.7810652923584,0.81599243164063,0.7322155380249,1.57456604003906,-0.42783388137817,0.21554556846619,-0.44012600660324,1.6,1.54964782714844,-0.09167392730713,1.18342559814453,1.6,0.34001697540283,-0.41810094356537,1.6,-0.40812617301941,-0.28127796173096,1.4526734161377,1.33791271209717,1.6,1.83409013025612,1.87753143026829,0.52229889431689,2.8342596873939,1.88452147920579,0.11960513094068,1.65666703926027,0.18804134883042,2.21014924874902,2.83028772535324,-1.43429423570633,-0.03174339294434,-0.86900646209717,144,0,0,0,0,0,0,0,0,0,0,0,0,0,0,0,0,"{""draft_candidate"":true,""draft_candidate_id"":90,""draft_lottery"":true,""draft_method"":""lottery"",""draft_overall_pick"":5,""draft_round"":1,""draft_source"":""high_school"",""draft_year"":2042,""fa_nissuu"":169,""rookie_year"":true}"
76535,宮井 嗣人,2,5,fielder,36,14,R,R,185,81,9311,2,0,76535,false,false,,支配下,通常,0,0,,0,0,0,,,0.21433996649273,0.04630081795026,0.63747326664217,2.87668634430915,0.95774946630001,2.36169278914537,-0.32336319553852,1.5753497415632,0.06555225372314,-0.73052877664566,0.55796291351318,0.85021215438843,0.80338180541992,-0.01489472788572,0.78551445944607,0.61046675364301,1.08715319516137,1.12244965863787,0.63205016993359,0.08867115020752,-0.75435380220413,-0.18009928703308,-0.28239305496216,0.75000999450684,1.05240833282471,-0.62783509731293,,,,,,,,,,,,,,2.13653855444491,0.75398325549066,0.85609615181386,,0,0,74,0,0,0,0,90,0,0,74,0,0,0,0,90,"{""draft_candidate"":true,""draft_candidate_id"":63,""draft_lottery"":false,""draft_method"":""cpu"",""draft_overall_pick"":15,""draft_round"":2,""draft_source"":""independent"",""draft_year"":2042,""fa_nissuu"":186,""released_from_team"":7,""released_signed_year"":2055,""rookie_year"":true}"
76557,芳賀 慧介,2,6,fielder,32,14,R,R,176,94,3349,4,0,76557,false,false,,支配下,通常,0,0,,0,0,0,,,1.34584256842244,0.99154574779421,2.16759282643534,1.32371664654806,0.45747895204648,1.86095747558624,1.3392754086256,0.57908918975294,-1.04579368591309,-0.39157180786133,-0.60614967346191,0.3232345199585,-1.09851886749268,1.67805250726268,1.8795948465541,2.69340971115231,3.69131552744377,1.97711482045054,1.68408282618597,-1.38088472366333,-0.2763387298584,-1.12679991960526,-1.46875018596649,0.56622482299805,0.29812652587891,-1.19441310882568,,,,,,,,,,,,,,0.91038356283009,1.56410398045778,0.49255790163819,,0,61,78,71,0,0,90,0,0,61,78,71,0,0,90,0,"{""draft_candidate"":true,""draft_candidate_id"":74,""draft_lottery"":false,""draft_method"":""cpu"",""draft_overall_pick"":37,""draft_round"":4,""draft_source"":""high_school"",""draft_year"":2042,""fa_nissuu"":197,""released_from_team"":11,""released_signed_year"":2054,""rookie_year"":true}"
76608,松見 利公,2,4,fielder,32,14,L,R,172,89,4096,1,0,76608,false,false,,支配下,通常,0,0,,0,0,0,,,1.87694469193183,-0.43355920607448,0.78697143642008,3.01761931146383,1.06873493593931,3.02770091054123,1.36542546494119,1.4486617590785,-0.64685989379883,-1.00949502944946,-0.48744995117188,-0.11180899620056,0.51194274902344,0.71658328902721,2.13691803219728,3.3049327070266,3.18336140224338,1.42661875223741,3.12203383238427,-0.35835624694824,-0.03075553894043,-0.66163376331329,-0.53842269897461,0.45678146362305,0.51766891479492,-1.07131344795227,,,,,,,,,,,,,,2.67894005539715,0.3360984646678,0.70587863821611,,0,0,71,0,0,90,76,64,0,0,71,0,0,90,76,64,"{""draft_candidate"":true,""draft_candidate_id"":138,""draft_lottery"":false,""draft_method"":""cpu"",""draft_overall_pick"":88,""draft_round"":1,""draft_source"":""high_school"",""draft_year"":2042,""fa_nissuu"":139,""released_from_team"":4,""released_signed_year"":2055,""rookie_year"":true}"
76642,本荘 宙,2,3,fielder,31,13,R,R,171,96,20588,1,0,76642,false,false,,支配下,通常,0,0,,0,0,0,,,0.2835445141769,2.10156756933928,1.85323015233278,2.6289721552968,2.55977390217781,2.99675483671576,1.29000722661987,2.17889307457209,1.36,1.36,1.0043489074707,0.20782677650452,0.25188621520996,-1.76951809850335,-0.05606562910974,0.4332585387826,-1.05561062201858,-0.276648014009,-2.1207831262853,1.30873626708984,0.75369476318359,0.37691082000732,-0.50755752563477,0.59895690917969,-0.7752560710907,0.56973358154297,,,,,,,,,,,,,,0.57737954629511,2.01318090915903,1.2897890578866,,0,0,83,0,0,0,0,0,0,0,83,0,0,0,0,0,"{""draft_candidate"":true,""draft_candidate_id"":207,""draft_lottery"":false,""draft_method"":""rebid_single"",""draft_overall_pick"":10,""draft_round"":1,""draft_source"":""high_school"",""draft_year"":2043,""fa_nissuu"":318,""rookie_year"":true}"
76684,西江 尚哲,2,1,starter,31,13,R,L,189,85,16392,5,0,76684,false,false,,支配下,通常,0,0,,0,0,0,,,-0.90909253120422,0.16239212036133,0.05260864257812,-0.87933715820313,0.4708528137207,-1.14574798583984,-0.51090894699097,-1.04856064796448,1.6,-0.09071907043457,-0.53950660705566,0.41508405685425,-0.72626039505005,-0.33160499572754,0.5070786857605,0.06367950439453,1.33179748535156,0.66228012084961,-0.00196388244629,-0.59980892181396,-0.72867777824402,0.28599044799805,0.22759559631348,1.35298233032227,-0.62933696746826,0.36278305053711,-0.28788463592529,1.28833982467651,0.32326746940613,2.3128836263489,0.28792856995463,1.43133308921498,2.28629596660472,3.11518514668942,2.10066448202729,3.16429628971219,2.29071835101843,3.24190366777778,2.82797386616468,-0.64577354431152,-1.42205471873283,0.40398086547852,147,0,0,0,0,0,0,0,0,0,0,0,0,0,0,0,0,"{""draft_candidate"":true,""draft_candidate_id"":120,""draft_lottery"":false,""draft_method"":""cpu"",""draft_overall_pick"":52,""draft_round"":5,""draft_source"":""high_school"",""draft_year"":2043,""fa_nissuu"":171,""rookie_year"":true}"
76765,篠塚 貞生,2,1,starter,30,12,L,R,191,89,8527,3,0,76765,false,false,,支配下,通常,0,0,,0,0,0,,,0.66032638549805,0.91130676269531,0.19209503173828,0.21611511230469,-0.22707389831543,-0.80343742370605,0.63439109802246,-0.37095047950745,0.80468872070313,0.37208923339844,1.6,0.25407109260559,1.34430526733398,0.32102081298828,0.47146759033203,-0.07762334823608,0.43303024291992,0.64889526367188,1.55176315307617,-0.02890222549438,0.59710655212402,1.08613199234009,1.34851547241211,0.94699981689453,1.6,0.76050659179687,1.6,0.12875534057617,1.6,2.16209621810913,2.36634209425375,1.6136241704151,1.63715303533338,2.45056070921756,0.14107961973548,0.95555090998113,0.43384901866131,1.77123845334351,2.55149235290289,-1.1424808216095,0.0446549987793,-0.73235050201416,144,0,0,0,0,0,0,0,0,0,0,0,0,0,0,0,0,"{""draft_candidate"":true,""draft_candidate_id"":179,""draft_lottery"":false,""draft_method"":""cpu"",""draft_overall_pick"":27,""draft_round"":3,""draft_source"":""high_school"",""draft_year"":2044,""fa_nissuu"":37,""rookie_year"":true}"
76808,尾畑 俊任,2,1,reliever,30,12,R,R,170,89,7843,6,0,76808,false,false,,支配下,通常,0,0,,0,0,0,,,0.64684982299805,0.40573120117188,-0.05594863891602,-0.63423416137695,-0.72262802124023,-1.71940139770508,0.34151905059814,-1.87093837976456,-1.05227538108826,-1.01373044013977,0.78563278198242,0.42774164199829,1.08595092773438,0.79200241088867,-0.76740812540054,-0.78050880432129,-0.19499237060547,-0.98582953453064,0.77931350708008,1.1285400390625,0.76074066162109,0.03141721725464,-0.24464942932129,-0.06012702941895,0.41366851806641,-0.53071418762207,1.00672632217407,0.40776121139526,-0.51468349933624,1.150206064412,1.4900737885952,1.81416584593803,2.79047461940348,2.5520059709847,2.08839808475971,0.8062154904753,2.07623010167629,1.36962448903173,0.91315414924175,0.07041213989258,0.60265930175781,0.43710906982422,153,0,0,0,0,0,0,0,0,0,0,0,0,0,0,0,0,"{""draft_candidate"":true,""draft_candidate_id"":34,""draft_lottery"":false,""draft_method"":""cpu"",""draft_overall_pick"":70,""draft_round"":6,""draft_source"":""high_school"",""draft_year"":2044,""fa_nissuu"":199,""rookie_year"":true}"
76849,武藤 裕陸,2,6,fielder,33,11,L,R,176,100,6104,1,0,76849,false,false,,支配下,通常,0,0,,0,0,0,,,-0.06082610910572,1.15130947578698,1.43518042960763,1.01871498588324,0.90323707072577,0.72311267215982,0.18109771365672,0.31214898088574,-0.06621126174927,0.58691181182861,1.1877326965332,0.85776750564575,0.69768226623535,2.63824087706953,2.73215752952173,2.9688013330698,2.11626979631185,3.43712485537678,2.69074102065712,-0.27973770141602,-0.5974874484539,0.6352195930481,1.23342678070068,1.00161365509033,0.3105103302002,0.68748512268066,,,,,,,,,,,,,,0.576150242968,1.69787961765006,0.79631026082635,,0,0,80,0,78,93,96,90,0,0,80,0,78,93,96,90,"{""draft_candidate"":true,""draft_candidate_id"":190,""draft_lottery"":true,""draft_method"":""lottery"",""draft_overall_pick"":6,""draft_round"":1,""draft_source"":""university"",""draft_year"":2045,""fa_nissuu"":199,""rookie_year"":true}"
76960,加治屋 嘉津昭,2,2,fielder,31,10,R,R,173,85,10034,1,0,76960,false,false,,支配下,通常,0,0,,0,0,0,,,0.38484106290713,1.88579060689732,1.09348425757885,2.59475371154994,-0.0763026894927,2.5082050934419,-0.27698782114685,1.80887241379917,2.7929,2.9392,2.9103,3.21281929349899,2.0410,0.23639252662659,0.48312222957611,0.45884644985199,0.69594808578491,0.88934765815735,1.21171362876892,0.09086023330688,0.50155898571014,0.24895772695541,0.50810984134674,-0.10498185396194,0.26769378662109,1.03641479492187,,,,,,,,,,,,,,1.22851325954497,1.35188741502762,0.17386062198877,,91,0,0,0,0,0,0,0,91,0,0,0,0,0,0,0,"{""draft_candidate"":true,""draft_candidate_id"":110,""draft_lottery"":true,""draft_method"":""lottery"",""draft_overall_pick"":6,""draft_round"":1,""draft_source"":""university"",""draft_year"":2046,""fa_nissuu"":238,""rookie_year"":true}"
76978,江上 槙司,2,2,fielder,32,10,R,L,170,82,12382,2,0,76978,false,false,,支配下,通常,0,0,,0,0,0,,,-0.15013635030389,1.09803985733688,1.11773518685699,2.04504396888018,1.10093369777501,2.33074720775783,0.44362250311114,0.80974366596341,2.8003,2.8003,2.7802,3.0466752089113,2.8003,1.09857315063477,0.9248136138916,0.24611322402954,0.36146114349365,1.21095230102539,0.07287951469421,0.61723670959473,1.27327087402344,0.76514230728149,0.48811210632324,0.65629814147949,0.19733913421631,-0.16702704429626,,,,,,,,,,,,,,2.16695886516981,2.36542386942208,1.57119000724033,,100,0,0,0,0,0,0,0,100,0,0,0,0,0,0,0,"{""draft_candidate"":true,""draft_candidate_id"":108,""draft_lottery"":false,""draft_method"":""cpu"",""draft_overall_pick"":24,""draft_round"":2,""draft_source"":""university"",""draft_year"":2046,""fa_nissuu"":162,""rookie_year"":true}"
77026,竹腰 晴善,2,2,fielder,28,10,R,R,174,94,2725,6,0,77026,false,false,,支配下,通常,0,0,,0,0,0,,,1.55223754764721,1.75771224245429,1.95325914631039,0.1725074601844,0.22176892609894,-0.41271695238352,-0.33222327386588,0.02782690429687,3.60208037519455,4,2.07008113802224,2.51450992229022,1.77611917665601,-0.713537940979,0.87213191986084,-0.74623519897461,-0.79714736938477,-0.83075677871704,0.66877014160156,0.03239624023438,-0.42554443359375,0.38093055725098,1.33199935913086,0.61485382080078,-0.09890693664551,-0.5849312210083,,,,,,,,,,,,,,2.79875532755256,2.38793768432736,0.07826870104671,,93,0,0,0,0,0,0,0,93,0,0,0,0,0,0,0,"{""draft_candidate"":true,""draft_candidate_id"":129,""draft_lottery"":false,""draft_method"":""cpu"",""draft_overall_pick"":72,""draft_round"":6,""draft_source"":""high_school"",""draft_year"":2046,""fa_nissuu"":0,""rookie_year"":true}"
77027,桃原 宣人,2,4,fielder,31,10,R,R,191,76,2514,7,0,77027,false,false,,支配下,通常,0,0,,0,0,0,,,0.81839409429347,-0.25929599714279,0.24753904388845,2.34589563264251,-0.60798380181566,1.36610650209263,1.22201707579941,0.08979111593962,0.08455741882324,0.90006214141846,0.14390961647034,0.79007170677185,0.31565388679504,2.30295848500915,2.26237511661649,2.81572678133845,2.81307721015811,2.50205429269187,3.60102708275616,1.04780272483826,-0.35644692897797,0.69463544845581,0.773985414505,-0.74689980387688,0.50659151077271,0.87298864364624,,,,,,,,,,,,,,-0.06650420695841,2.09737584504187,0.00658739497066,,0,0,73,0,0,92,78,72,0,0,73,0,0,92,78,72,"{""draft_candidate"":true,""draft_candidate_id"":308,""draft_lottery"":false,""draft_method"":""cpu"",""draft_overall_pick"":73,""draft_round"":7,""draft_source"":""university"",""draft_year"":2046,""fa_nissuu"":16,""rookie_year"":true}"
77059,リーン,2,1,starter,37,10,R,R,182,86,13893,0,0,77059,false,true,,支配下,通常,0,0,,0,0,0,,,-0.3248480796814,0.61672693252563,0.31125353813171,1.55664958953857,0.76726228713989,0.6827427482605,-0.59683756351471,1.15727500915527,2.56,2.22021945953369,1.05646962165833,2.47743125915527,2.46413425445557,2.43411777496338,1.93575359344482,1.15657964706421,1.46362468719482,2.10829612731934,1.96157863616943,1.52130256652832,0.96442387580872,0.98542307674885,2.56,2.26468250274658,2.30942752838135,2.06580352783203,1.15507168531418,1.52044435501099,1.66057816505432,1.38634748521447,0.25304876704514,0.08780093082786,0.72411403462291,1.40003702902198,-0.35239240024984,-0.2473313690424,1.29025755222142,1.10848618963175,1.17976385263801,0.96065982818604,2.11945713043213,1.15310367584229,141,0,0,0,0,0,0,0,0,0,0,0,0,0,0,0,0,"{""fa_nissuu"":238,""foreign_scout"":true,""foreign_signed_year"":2046,""quality_tier"":""ace""}"
77073,榊原 聡央,2,5,fielder,32,9,R,R,192,88,2559,1,0,77073,false,false,,支配下,通常,0,0,,0,0,0,,,-0.93344092080742,0.66858255815506,0.67935297369957,0.61491681140065,0.81313292908669,-0.01550083917975,0.22841666028649,0.54458136463165,1.08310583114624,0.49932332992554,0.3154900932312,-0.19471432685852,-0.48071058988571,0.91754816319048,-0.2339789121151,0.79002756811678,0.00418233552575,0.12796942321956,-0.21511745586991,0.74909450531006,1.10229532241821,-0.13198151350021,0.19098462581635,0.23499140262604,-0.19145083427429,-0.11958234786987,,,,,,,,,,,,,,-0.42552214434743,0.95633973190784,0.18812455921471,,0,0,0,0,0,67,0,92,0,0,0,0,0,67,0,92,"{""draft_candidate"":true,""draft_candidate_id"":281,""draft_lottery"":false,""draft_method"":""rebid_single"",""draft_overall_pick"":11,""draft_round"":1,""draft_source"":""industrial"",""draft_year"":2047,""fa_nissuu"":50,""rookie_year"":true}"
77085,足立 朋昌,2,1,starter,27,9,R,R,176,75,5300,2,0,77085,false,false,,支配下,通常,0,0,,0,0,0,,,0.5161918258667,1.17366729736328,0.85955047607422,1.513125,-0.73643461227417,1.02386245727539,0.15103591918945,-0.00866577148438,0.47242626190186,1.27153961181641,1.6,1.6,0.11463933944702,1.11242263793945,1.6,1.6,0.78781379699707,0.12071889877319,0.46832962036133,0.42566539764404,0.38792209625244,1.6,1.30676956176758,0.30705486297607,-0.03766932010651,0.35357807159424,1.28749172210693,1.6,1.6,0.60360959307849,1.78147526273131,1.16304246564209,1.09479515069723,0.84806408330798,0.46745207613707,0.54738459214568,2.271529504776,1.38403389513865,2.60975338363647,0.77838073730469,1.4761930847168,0.17035903930664,145,0,0,0,0,0,0,0,0,0,0,0,0,0,0,0,0,"{""draft_candidate"":true,""draft_candidate_id"":55,""draft_lottery"":false,""draft_method"":""cpu"",""draft_overall_pick"":23,""draft_round"":2,""draft_source"":""high_school"",""draft_year"":2047,""fa_nissuu"":23,""rookie_year"":true}"
77112,二神 建生,2,3,fielder,27,9,R,R,184,99,2500,5,0,77112,false,false,,支配下,通常,0,0,,0,0,0,,,1.11838804873824,1.95205329659581,1.88619891469553,1.89897629555464,1.57521006035805,2.01570626975745,1.77908422509581,2.05393861114979,0.79310440063477,1.15980911254883,1.36,1.36,-0.22735553741455,-1.30759023684263,-1.52281175871193,-0.52476292848261,0.14419931799173,-0.10072605986893,-1.39229433837533,1.36,1.08210632324219,0.95343561172485,1.36,0.39003349304199,0.26283180236816,0.34497817993164,,,,,,,,,,,,,,2.18490762299299,2.12760765326768,0.87552866666019,,0,0,80,0,0,0,0,0,0,0,80,0,0,0,0,0,"{""draft_candidate"":true,""draft_candidate_id"":318,""draft_lottery"":false,""draft_method"":""cpu"",""draft_overall_pick"":50,""draft_round"":5,""draft_source"":""high_school"",""draft_year"":2047,""fa_nissuu"":80,""rookie_year"":true}"
77158,オーモンド,2,7,fielder,36,9,L,R,191,110,17836,0,0,77158,false,true,,支配下,通常,0,0,,0,0,0,,,0.3260201914385,2.57861092335358,1.94916257615387,2.47555277639627,1.73077950054407,0.29240417630225,-0.97887614417449,0.75921958085895,1.12852665901184,0.97509881019592,2.41549480438232,2.50607744216919,1.28643363952637,1.01817416220382,2.28180614471436,1.75359279293326,1.71605386739955,1.58289576271279,2.00993692871857,1.00368839730695,2.58716312457621,1.57619654982374,0.28544293971739,1.65241780269146,0.65721497180631,1.38120236841125,,,,,,,,,,,,,,-0.06359230484664,1.62511079940647,0.67307551763095,,0,0,0,93,0,0,0,0,0,0,0,93,0,0,0,0,"{""fa_nissuu"":199,""foreign_scout"":true,""foreign_signed_year"":2047,""quality_tier"":""ace""}"
77174,杉原 晴道,2,1,reliever,29,8,R,R,170,93,10376,1,0,77174,false,false,,支配下,通常,0,0,,0,0,0,,,0.33428821563721,-0.32593753814697,-0.20577665328979,-0.28703607559204,0.11775520324707,0.44480219841003,0.59458411216736,-1.18329908326268,1.34211859703064,0.9632188129425,1.04608758926392,1.21963217735291,1.41969030380249,-0.03257146596909,-0.12847603082657,1.38049154281616,0.54025699615479,0.06969869852066,0.36580114841461,0.18368441104889,0.01979170799255,1.20634690284729,0.54994820594788,1.02258898735046,0.78943287849426,0.11818732261658,1.07752058982849,0.8885737991333,0.78742393493652,2.72408444727361,2.1831594448179,0.41712822665833,2.08618268423341,0.83692344379425,1.43469599704444,2.89365667176247,2.30466140770316,1.63816367396712,2.29934597753361,-1.34494384385645,0.70380017280579,0.6668177986145,151,0,0,0,0,0,0,0,0,0,0,0,0,0,0,0,0,"{""draft_candidate"":true,""draft_candidate_id"":259,""draft_lottery"":false,""draft_method"":""rebid_single"",""draft_overall_pick"":9,""draft_round"":1,""draft_source"":""university"",""draft_year"":2048,""fa_nissuu"":66,""rookie_year"":true}"
77189,小城 千晶,2,5,fielder,26,8,L,R,184,81,12793,2,0,77189,false,false,,支配下,通常,0,0,,0,0,0,,,0.70625816356391,2.12840203218162,0.9590185777545,3.41499655465782,1.79630584063381,3.58299720311165,1.37437931298092,1.69605345842615,1.36,1.24738494873047,-0.18368232727051,-0.43632240653038,-0.13981185913086,1.48637626931071,0.28753332927078,1.69089325776696,-0.38420088851452,0.81103441292048,0.09102431467176,0.70363510131836,0.21060737609863,1.24808441162109,-0.15199043273926,1.36,0.23753044128418,0.18962608337402,,,,,,,,,,,,,,0.26038913142681,1.61994293083251,1.95340588192642,,0,0,95,0,0,0,0,95,0,0,95,0,0,0,0,95,"{""draft_candidate"":true,""draft_candidate_id"":77,""draft_lottery"":false,""draft_method"":""cpu"",""draft_overall_pick"":24,""draft_round"":2,""draft_source"":""high_school"",""draft_year"":2048,""fa_nissuu"":169,""rookie_year"":true}"
77190,上木 巧,2,8,fielder,30,8,R,L,186,90,4445,3,0,77190,false,false,,支配下,通常,0,0,,0,0,0,,,1.17755925610382,0.45325740058441,1.62142433840036,1.28065564581752,1.90473069824278,1.36229186090827,0.55412419359176,1.68854873062111,1.36,0.19836742401123,-0.44142091155052,0.80380962371826,-0.15965867042542,0.04804006576538,-0.10143589496613,0.61748680114746,0.58020664215088,-0.31832333564758,1.01636215209961,2.82171978729963,2.42366282530129,2.55840914897807,2.00775942184776,3.09586796739697,2.2698193167448,2.30541945554502,,,,,,,,,,,,,,0.75937355895936,1.57042315563206,0.40038680241853,,0,73,0,69,68,0,0,0,0,73,0,69,68,0,0,0,"{""draft_candidate"":true,""draft_candidate_id"":122,""draft_lottery"":false,""draft_method"":""cpu"",""draft_overall_pick"":25,""draft_round"":3,""draft_source"":""university"",""draft_year"":2048,""fa_nissuu"":37,""rookie_year"":true}"
77214,前山 兼次,2,5,fielder,30,8,R,R,187,91,3286,5,0,77214,false,false,,支配下,通常,0,0,,0,0,0,,,-0.00444550737739,0.16502620913088,1.30359724068642,2.25310238045454,0.09094168014824,1.63179703515768,-0.00261831575073,1.02160633444972,-0.20580169677734,0.21729370117188,0.51397914886475,0.77634569168091,1.00158683776855,0.42863667196035,0.55878465793282,-0.02488230061531,1.01121369442344,0.15529145843349,-0.10559498560429,0.03045562744141,-0.71097691059113,0.69062543869019,1.02420139312744,-0.45529677391052,-0.69993256092072,0.53098415374756,,,,,,,,,,,,,,0.65875617168099,0.94982354729772,0.47915798431635,,0,0,0,0,0,0,0,76,0,0,0,0,0,0,0,76,"{""draft_candidate"":true,""draft_candidate_id"":276,""draft_lottery"":false,""draft_method"":""cpu"",""draft_overall_pick"":49,""draft_round"":5,""draft_source"":""university"",""draft_year"":2048,""fa_nissuu"":52,""rookie_year"":true}"
77287,壁谷 孝祐,2,1,reliever,25,7,R,L,189,99,4580,1,0,77287,false,false,,支配下,通常,0,0,,0,0,0,,,-0.30867067337036,-0.19295745849609,-0.31721755981445,-0.08732543945313,-0.90242073059082,-0.04792770385742,0.1433464050293,0.4755725479126,0.57077705383301,0.09905136108398,-0.58492307662964,0.04560658931732,1.50120742797852,-0.40553407669067,0.16386600494385,1.00344970703125,0.69357177734375,-0.41641605377197,-0.4557419013977,0.05902671813965,0.0626065826416,0.29936329841614,1.29555252075195,0.86242080688477,-0.00020893096924,0.1330362701416,1.4829333114624,0.27782128334045,0.73164054870605,1.40244641518593,0.46441493588686,0.22662296577916,0.47876208168268,0.40957358348835,0.08583635148406,-0.14411285006627,1.6569156383276,2.17452683988214,1.71255754501931,-1.40156053543091,0.74483016967773,-1.35985403060913,146,0,0,0,0,0,0,0,0,0,0,0,0,0,0,0,0,"{""draft_candidate"":true,""draft_candidate_id"":115,""draft_lottery"":false,""draft_method"":""rebid_single"",""draft_overall_pick"":8,""draft_round"":1,""draft_source"":""high_school"",""draft_year"":2049,""fa_nissuu"":50,""rookie_year"":true}"
77302,照沼 尚高,2,9,fielder,28,7,L,R,173,70,2426,2,0,77302,false,false,,支配下,通常,0,0,,0,0,0,,,0.27681023589335,1.68550040275604,1.29243003261089,2.05800237392783,0.29002603570372,1.88101667045951,-0.2335346561987,2.41242315235734,-0.1282652759552,0.29464403629303,-0.03714987754822,0.56635417938232,0.62705238342285,0.64621647834778,-0.23701235055923,1.36,0.14720168113708,1.05320575714111,0.24212083816528,1.00608888429403,1.55609213232994,0.84924130961066,0.58624267682061,0.35347536334395,2.31553344896436,2.06741784072667,,,,,,,,,,,,,,1.39301077920198,0.69075412154198,1.76259361923486,,0,61,52,78,90,0,0,0,0,61,52,78,90,0,0,0,"{""draft_candidate"":true,""draft_candidate_id"":176,""draft_lottery"":false,""draft_method"":""cpu"",""draft_overall_pick"":23,""draft_round"":2,""draft_source"":""university"",""draft_year"":2049,""fa_nissuu"":37,""rookie_year"":true}"
77305,根木 遼河,2,9,fielder,29,7,L,R,174,100,6838,3,0,77305,false,false,,支配下,通常,0,0,,0,0,0,,,-0.41708449814632,1.47770908862352,1.15988533291221,2.25185091316253,1.52068568642437,3.27788772668615,0.97178424943984,0.97915779963136,0.98164768218994,1.36,1.24096542358398,-0.02032502651215,0.98156608581543,1.23127710978687,0.30666806194931,0.32842023491859,0.55023907861114,0.38416637802124,1.17471652674675,1.47546516990662,1.50563784480095,0.57760668373108,-0.02143257820606,0.11457086095214,1.18966929656081,0.00948234438896,,,,,,,,,,,,,,0.85639564317763,1.28956821136326,0.68767838575244,,0,0,0,0,91,0,0,94,0,0,0,0,91,0,0,94,"{""draft_candidate"":true,""draft_candidate_id"":299,""draft_lottery"":false,""draft_method"":""cpu"",""draft_overall_pick"":26,""draft_round"":3,""draft_source"":""university"",""draft_year"":2049,""fa_nissuu"":66,""rookie_year"":true}"
77329,溝上 安芸彦,2,1,reliever,25,7,R,R,174,90,2076,5,0,77329,false,false,,支配下,通常,0,0,,0,0,0,,,-0.76131804943085,0.14144302368164,-0.52259506225586,-0.64055000305176,-0.15829360961914,-1.52676918029785,0.89463581085205,0.55069181442261,-0.75691732883453,-0.16965644836426,0.53476638793945,1.51730571746826,1.21162887573242,1.47462539672852,0.53847129821777,-0.74704268932343,1.53605865478516,-0.6356192779541,-0.26300346374512,0.18287132263184,1.1691650390625,-0.07874509811401,-0.1391333770752,1.50925979614258,0.17104866027832,0.4720140838623,0.03389466285706,-0.57704670667648,-0.11460436344147,2.57416090143099,0.65392380916327,0.4772757338807,-0.23234236523509,0.66464139139652,2.2867235403806,1.49939397376776,0.59947608143091,2.8739203568697,0.7825883037271,0.25479476928711,0.20484680175781,-0.62802253723145,140,0,0,0,0,0,0,0,0,0,0,0,0,0,0,0,0,"{""draft_candidate"":true,""draft_candidate_id"":287,""draft_lottery"":false,""draft_method"":""cpu"",""draft_overall_pick"":50,""draft_round"":5,""draft_source"":""high_school"",""draft_year"":2049,""fa_nissuu"":37,""rookie_year"":true}"
77364,秋田 鏡仁,2,1,reliever,25,7,R,R,188,73,2065,8,0,77364,false,false,,支配下,通常,0,0,,0,0,0,,,0.84897514343262,-0.67557159423828,-0.67896896362305,0.26565780639648,-0.10789459228516,-1.70737308502197,0.58986625671387,-0.72457721710205,-0.69006862640381,1.1522248840332,-0.15861877441406,-0.60908396244049,1.20617126464844,0.18960067749023,-0.90341129302979,0.20259826660156,0.78986114501953,0.90448272705078,-1.02313034057617,0.15349914550781,-0.43021774291992,1.08692531585693,0.36837860107422,-0.46224189758301,-0.99961975097656,-0.22854797363281,-0.08462052345276,-0.64541196346283,0.05877094268799,2.23114608329535,0.3278775793612,0.51790424051136,0.25779731786251,1.96505295505375,-0.20204533929378,-0.75883250758424,0.43187106992118,2.2106119697988,0.64760186637379,-1.92880863189697,-1.2543518447876,0.01548690795898,149,0,0,0,0,0,0,0,0,0,0,0,0,0,0,0,0,"{""draft_candidate"":true,""draft_candidate_id"":254,""draft_lottery"":false,""draft_method"":""cpu"",""draft_overall_pick"":85,""draft_round"":8,""draft_source"":""high_school"",""draft_year"":2049,""fa_nissuu"":14,""rookie_year"":true}"
77399,炭谷 敏臣,2,1,reliever,24,6,R,R,171,70,8827,1,0,77399,false,false,,支配下,通常,0,0,,0,0,0,,,-0.40260509490967,0.53669525146484,1.07997848510742,0.43996719360352,0.56265213012695,1.26651931762695,0.52466537475586,0.21597183227539,-0.0469612121582,1.6,1.6,1.29915903091431,-0.1994322013855,1.6,0.26496139526367,1.19925415039062,0.26805149078369,0.81430839538574,1.6,1.6,1.22937042236328,1.6,-0.26919587135315,0.74810646057129,-0.06990112304688,0.10721462249756,0.22311264038086,0.63592535972595,1.6,0.77849223214388,2.18275021475554,1.51525916995667,2.0986974176839,1.15311920428276,0.57803354173899,0.7473386798948,1.9279625417497,1.82172397574782,1.58621531793475,-0.4172346496582,1.42307662963867,0.74742004394531,153,0,0,0,0,0,0,0,0,0,0,0,0,0,0,0,0,"{""draft_candidate"":true,""draft_candidate_id"":187,""draft_lottery"":false,""draft_method"":""rebid_single"",""draft_overall_pick"":11,""draft_round"":1,""draft_source"":""high_school"",""draft_year"":2050,""fa_nissuu"":78,""rookie_year"":true}"
77408,大八木 正徒,2,1,starter,26,6,R,R,177,74,6228,2,0,77408,false,false,,支配下,通常,0,0,,0,0,0,,,-0.07031741142273,-1.33946746826172,0.0297465133667,-1.23102426528931,-1.1274223279953,-1.04958229541779,0.77910041809082,-0.72177337646484,1.0691986656189,1.49408128738403,1.19766008377075,1.00105293273926,-0.42214100837708,-0.0971054649353,1.01107440948486,1.1363680267334,-0.00975707054138,0.29245191574097,1.3398706817627,-0.44937879800797,-0.32072810649872,0.21046703338623,0.46146953582764,-0.51833616733551,1.13483648300171,1.35447902679443,1.076799659729,-0.07464234352112,1.04514003753662,1.32526120772958,0.37181183513999,0.14097845351882,0.92114275336266,1.12645813328028,1.13851663663983,0.74707632568479,1.56163985961676,1.92751772558689,1.53343041241169,-1.0778120803833,0.45949872970581,0.4851505279541,141,0,0,0,0,0,0,0,0,0,0,0,0,0,0,0,0,"{""draft_candidate"":true,""draft_candidate_id"":143,""draft_lottery"":false,""draft_method"":""cpu"",""draft_overall_pick"":20,""draft_round"":2,""draft_source"":""independent"",""draft_year"":2050,""fa_nissuu"":14,""rookie_year"":true}"
77432,坂中 英亨,2,1,reliever,24,6,R,R,177,85,1845,4,0,77432,false,false,,支配下,通常,0,0,,0,0,0,,,-0.26237760543823,-0.43246475219727,-0.31189453125,-1.48845043182373,0.10385116577148,-1.70006336212158,-0.61817965507507,0.36709047317505,1.20042907714844,-0.608154296875,1.09000885009766,0.37174951553345,-0.85982200622559,1.45036254882813,0.32899526596069,1.01989730834961,1.28246292114258,0.01624031066895,-0.5364924621582,0.35094787597656,0.38485565185547,0.89659543991089,0.47611740112305,1.2376188659668,0.28273284912109,0.86761947631836,-0.13837691307068,1.09261714935303,-0.23114412307739,1.47069487941265,-0.7038201906085,0.17406141234376,-0.60906185719371,-0.79307766401768,-0.54970799577236,-0.36757872664928,1.44219623309374,0.66715007869154,1.44511776518822,-0.66850929260254,0.59042953491211,-1.1981468963623,148,0,0,0,0,0,0,0,0,0,0,0,0,0,0,0,0,"{""draft_candidate"":true,""draft_candidate_id"":72,""draft_lottery"":false,""draft_method"":""cpu"",""draft_overall_pick"":44,""draft_round"":4,""draft_source"":""high_school"",""draft_year"":2050,""fa_nissuu"":0,""rookie_year"":true}"
77441,茂田 愛童,2,4,fielder,24,6,R,L,177,99,1845,5,0,77441,false,false,,支配下,通常,0,0,,0,0,0,,,0.27251291741431,-0.12025667870045,-0.15669034209847,2.06627477351353,0.82839831894636,1.80071620281935,1.08095069848001,0.82441137821972,0.67896194458008,0.39439002990723,-0.30241941452026,1.19442514419556,1.36,2.68921023631096,2.18223771653883,2.15617626303434,3.12778437630832,1.66911795288324,3.17152479486167,1.244130859375,1.32259689331055,0.64141575813293,-0.24654951095581,0.07130878448486,1.36,0.8798796081543,,,,,,,,,,,,,,1.88635586339235,0.97602372416854,1.06556058740616,,0,0,80,0,57,91,63,68,0,0,80,0,57,91,63,68,"{""draft_candidate"":true,""draft_candidate_id"":190,""draft_lottery"":false,""draft_method"":""cpu"",""draft_overall_pick"":53,""draft_round"":5,""draft_source"":""high_school"",""draft_year"":2050,""fa_nissuu"":0,""rookie_year"":true}"
77456,北浜 祥慈,2,1,reliever,24,6,R,L,178,74,1845,6,0,77456,false,false,,支配下,通常,0,0,,0,0,0,,,0.01735004425049,-1.33299270629883,-1.0584969329834,-1.95090934753418,-0.28911666870117,-1.18841621398926,0.95552467346191,-0.84243606567383,-0.07009918212891,-0.43946907043457,1.09476745605469,-0.95486813783646,-0.61271667480469,0.35939666748047,0.78571781158447,-0.05694641113281,-1.26850335121155,0.68899398803711,1.07248184204102,-1.25412805557251,0.67295288085938,-0.963588514328,0.51249160766602,0.90400985717773,-1.03880744934082,0.1624479675293,0.77976734161377,-0.90039551258087,0.43624572753906,0.83709458506107,1.02977554470301,1.04141658785753,1.15362792423368,0.86905187761784,0.1313166584298,-0.11125885438919,1.09611877819896,2.28111470639706,1.28670716542006,-2,0.26357940673828,0.21837768554688,143,0,0,0,0,0,0,0,0,0,0,0,0,0,0,0,0,"{""draft_candidate"":true,""draft_candidate_id"":273,""draft_lottery"":false,""draft_method"":""cpu"",""draft_overall_pick"":68,""draft_round"":6,""draft_source"":""high_school"",""draft_year"":2050,""fa_nissuu"":14,""rookie_year"":true}"
77463,江尻 鉄朗,2,1,reliever,24,6,L,R,183,89,1845,7,0,77463,false,false,,支配下,通常,0,0,,0,0,0,,,-0.2125771522522,0.3905891418457,-0.17185989379883,0.32433868408203,0.6503776550293,0.76243713378906,-0.78454369068146,-1.01564152240753,0.83825668334961,1.49230911254883,1.01794738769531,0.60771828651428,0.83445999145508,0.55172309875488,1.6,0.81218780517578,0.20685371398926,0.36723045349121,1.20647750854492,-0.44449100494385,-0.27922149658203,0.77211156845093,0.84169677734375,1.4557893371582,0.15582313537598,1.54624298095703,1.33465635299683,1.38015726089478,1.18471887588501,0.32930348342657,2.49694295436144,1.06466975612938,0.83921467144415,2.0720774808526,1.89579628044367,2.78430352933705,1.26118422842026,1.62098948468268,1.62014068949223,-1.26743026733398,-1.19730802923441,-0.18132217407227,142,0,0,0,0,0,0,0,0,0,0,0,0,0,0,0,0,"{""draft_candidate"":true,""draft_candidate_id"":34,""draft_lottery"":false,""draft_method"":""cpu"",""draft_overall_pick"":75,""draft_round"":7,""draft_source"":""high_school"",""draft_year"":2050,""fa_nissuu"":0,""rookie_year"":true}"
77497,稲吉 克弘,2,3,fielder,26,5,L,R,193,85,5322,1,0,77497,false,false,,支配下,通常,0,0,,0,0,0,,,0.13473726200312,1.42857094600946,0.92959666832685,2.67239210951328,2.02359962262213,3.09420551822186,0.12562346452475,1.64138868504763,0.57692506313324,1.36,0.32512060642242,0.40239508628845,1.36,-0.19677957824618,-1.81512356841937,-0.80482182240486,-1.38004870223999,-0.60323532485962,-1.14740480309725,1.36,-0.1906386911869,0.40122881412506,0.95745162010193,1.14095145225525,0.81048812866211,-0.15502412438393,,,,,,,,,,,,,,1.5699694596529,2.6145469493866,2.31614295968413,,0,0,96,67,0,0,0,0,0,0,96,67,0,0,0,0,"{""draft_candidate"":true,""draft_candidate_id"":271,""draft_lottery"":true,""draft_method"":""lottery"",""draft_overall_pick"":3,""draft_round"":1,""draft_source"":""university"",""draft_year"":2051,""fa_nissuu"":52,""rookie_year"":true}"
77513,鹿田 只常,2,1,reliever,23,5,L,R,182,93,1625,2,0,77513,false,false,,支配下,通常,0,0,,0,0,0,,,-0.80541961669922,-0.38100677490234,-1.43563762664795,-0.81459579467773,-0.19551544189453,-1.06931846618652,0.51221969604492,-1.48309444665909,-0.60417724609375,1.25598220825195,-0.44278823852539,-0.53120406150818,-0.2492219543457,1.02739303588867,0.22229202270508,0.16646430969238,1.06094314575195,0.02139099121094,-0.49365348815918,0.19120223999023,-0.76402435302734,0.6149334526062,1.23516189575195,-0.70188770294189,0.32801239013672,-0.21737236022949,-0.07395180702209,1.37751819610596,-0.1924123954773,1.1852716396749,1.3510744459033,1.0700340404436,0.74258700193465,1.39754216323793,1.51623486104608,0.08116376310587,2.06327052222192,0.10224858522415,0.40059777671099,-1.27940544128418,-0.52714218139648,-0.9725666809082,146,0,0,0,0,0,0,0,0,0,0,0,0,0,0,0,0,"{""draft_candidate"":true,""draft_candidate_id"":46,""draft_lottery"":false,""draft_method"":""cpu"",""draft_overall_pick"":19,""draft_round"":2,""draft_source"":""high_school"",""draft_year"":2051,""fa_nissuu"":0,""rookie_year"":true}"
77524,世良 俊一,2,8,fielder,26,5,R,L,172,94,1619,3,0,77524,false,false,,支配下,通常,0,0,,0,0,0,,,0.01420007489249,1.10629281631112,0.88132727599144,1.50083369214535,1.71607493269444,2.01203422422409,0.1044191273991,0.41924526906013,0.66868668556213,-0.34973089575768,0.84941834449768,0.91898274421692,-0.43875582933426,1.36,-0.35836593598127,0.82307259559631,0.18220782756805,0.35398637771606,0.37258550643921,2.01537410576642,2.43990188722312,2.11852222505212,3.26101673769951,1.82884017908119,1.63171392908692,1.36976608697698,,,,,,,,,,,,,,0.42121326546744,0.66472678494453,-0.26896942397952,,0,85,0,72,77,0,0,49,0,85,0,72,77,0,0,49,"{""draft_candidate"":true,""draft_candidate_id"":67,""draft_lottery"":false,""draft_method"":""cpu"",""draft_overall_pick"":30,""draft_round"":3,""draft_source"":""university"",""draft_year"":2051,""fa_nissuu"":21,""rookie_year"":true}"
77548,柴野 海郎,2,2,fielder,27,5,L,L,179,73,1625,5,0,77548,false,false,,支配下,通常,0,0,,0,0,0,,,-0.07338630820811,0.19649081882834,1.33852402222157,1.96213009656668,0.05619367203116,0.92526768975034,0.9774822662829,1.46542772811651,2.28833466114104,3.89395406651497,3.67879186555743,2.62462823578343,2.46979869428277,-0.47269342660904,0.78624237060547,-0.26752851963043,1.34116390228271,0.87974338531494,1.1077855682373,-0.44539252638817,-0.08831491470337,0.4090647983551,0.98324901580811,-0.1038728427887,0.0492897605896,0.816422996521,,,,,,,,,,,,,,1.47764961588383,1.24312094613165,0.6474373819232,,82,0,0,0,0,0,0,0,82,0,0,0,0,0,0,0,"{""draft_candidate"":true,""draft_candidate_id"":14,""draft_lottery"":false,""draft_method"":""cpu"",""draft_overall_pick"":54,""draft_round"":5,""draft_source"":""university"",""draft_year"":2051,""fa_nissuu"":0,""rookie_year"":true}"
77586,野内 邦聡,2,5,fielder,26,5,L,L,183,86,1625,1,0,77586,true,false,,育成,通常,0,0,,0,0,0,,,0.23036541936547,0.35377197805792,-0.26662651503086,2.08435502545834,0.79860161605477,2.06716185050011,-0.07875255986676,0.32878780931234,0.92090118408203,-0.48691812753677,0.76491323471069,-0.23416149377823,0.27418721199036,0.97288881985843,-0.37952325716987,0.20557170253992,0.70958109998703,1.46165599706769,-0.05953520749509,0.59117391586304,1.23688193321228,-0.17293472290039,0.50125552177429,-0.36445758104324,0.90840993881226,0.98551648139954,,,,,,,,,,,,,,-0.52418031804264,0.09945229148865,1.04252900993824,,0,0,0,60,0,52,0,72,0,0,0,60,0,52,0,72,"{""draft_candidate"":true,""draft_candidate_id"":8,""draft_lottery"":false,""draft_method"":""cpu"",""draft_overall_pick"":92,""draft_round"":1,""draft_source"":""university"",""draft_year"":2051,""fa_nissuu"":0,""rookie_year"":true}"
77595,湯原 伸泉,2,5,fielder,23,5,L,L,189,89,1625,2,0,77595,true,false,,育成,通常,0,0,,0,0,0,,,0.00906634256244,1.79142771885544,1.73979546040297,-0.36928484967388,-0.27281220501661,-0.44230102460682,-0.41596988104284,0.01833689534664,0.89240097045898,-0.43574043273926,-1.46987461566925,-0.65128044128418,-1.34119340896606,0.16148678083718,0.32659335994348,0.12642543548346,-0.02262662728131,1.13170170366764,1.43744973615557,-1.33006483078003,-1.41219169616699,0.4169801902771,0.47498931884766,0.85232925415039,-1.0409264755249,-0.15084442138672,,,,,,,,,,,,,,0.6823003757745,0.7336617712127,0.76442310157418,,0,0,0,72,0,75,0,97,0,0,0,72,0,75,0,97,"{""draft_candidate"":true,""draft_candidate_id"":191,""draft_lottery"":false,""draft_method"":""cpu"",""draft_overall_pick"":101,""draft_round"":2,""draft_source"":""high_school"",""draft_year"":2051,""fa_nissuu"":0,""rookie_year"":true}"
77600,三矢 久剛,2,1,reliever,23,5,R,R,170,91,1625,3,0,77600,false,false,,支配下,通常,0,0,,0,0,0,,,-0.43783550262451,-1.3994263458252,0.1405534362793,-1.91269954681396,-1.031884765625,-1.18002738952637,-0.72293329238892,-1.41973245620728,-0.81078224182129,0.31378112792969,-1.29790894508362,0.65338914871216,-0.86348888397217,-0.62640205383301,0.58414430618286,0.89499145507813,-0.48610763549805,0.72953353881836,0.44559265136719,0.65594314575195,0.92283248901367,-0.09710619926453,1.13372467041016,0.47157836914062,0.67372497558594,1.18878677368164,1.01679332733154,-0.20886863708496,-0.95601153850555,1.29268079924583,0.27785111311078,-0.1016121532023,-0.18789150506258,-0.80422154921293,0.89420246542245,0.33769863319397,1.19102216607332,1.28788263213635,0.41577880993951,-0.86908065795898,-0.27589721679688,-1.33506713867188,144,0,0,0,0,0,0,0,0,0,0,0,0,0,0,0,0,"{""draft_candidate"":true,""draft_candidate_id"":65,""draft_lottery"":false,""draft_method"":""cpu"",""draft_overall_pick"":106,""draft_round"":3,""draft_source"":""high_school"",""draft_year"":2051,""fa_nissuu"":0,""rookie_year"":true}"
77610,朝長 修助,2,1,reliever,22,4,R,R,182,83,5123,1,0,77610,false,false,,支配下,通常,0,0,,0,0,0,,,-0.88023267745972,-0.02166152954102,-1.28058061599731,-0.50222061157227,-1.0817684173584,-0.0945002746582,-0.89173891067505,0.67984748840332,1.6,0.48700843811035,1.54186798095703,1.6,1.22930084228516,0.26641716003418,-0.31883932232857,1.6,0.21469146728516,1.3512272644043,0.76574508666992,0.57072601318359,0.66922332763672,0.24964043617249,-0.55503398984671,-0.01634582519531,0.5317700958252,-0.29373449325562,1.20295925140381,1.37664106369019,1.584410572052,1.19203404849768,0.38843516796827,-0.61591603586078,-0.2154601379633,-0.18504200322926,1.36134923297167,0.27587395596504,1.90920629930496,1.74496701896191,1.22397538614273,-0.51186614990234,-0.56390140533447,0.77138290405273,157,0,0,0,0,0,0,0,0,0,0,0,0,0,0,0,0,"{""draft_candidate"":true,""draft_candidate_id"":316,""draft_lottery"":true,""draft_method"":""lottery"",""draft_overall_pick"":3,""draft_round"":1,""draft_source"":""high_school"",""draft_year"":2052,""fa_nissuu"":37,""rookie_year"":true}"
77625,藤尾 昌慶,2,2,fielder,28,4,R,R,176,87,1407,2,0,77625,false,false,,支配下,通常,0,0,,0,0,0,,,-0.1059152129204,-0.41874733683467,1.09974784582108,1.60165697695315,0.99008760964684,1.46684138226509,0.8554667166844,0.29859030306339,2.88939259469509,2.66161637511849,2.83156990051456,2.55335040247813,3.48243096011132,0.2897659778595,0.92647888183594,-0.3664598852396,-0.06569674015045,1.09030876159668,1.00829763412476,-0.11892948150635,0.06794214248657,0.93780693054199,0.52246265411377,0.16617703437805,0.08924684524536,0.80185232162476,,,,,,,,,,,,,,1.58596926126629,1.2892919421196,0.42456102612615,,82,0,0,0,0,0,0,0,82,0,0,0,0,0,0,0,"{""draft_candidate"":true,""draft_candidate_id"":223,""draft_lottery"":false,""draft_method"":""cpu"",""draft_overall_pick"":18,""draft_round"":2,""draft_source"":""industrial"",""draft_year"":2052,""fa_nissuu"":0,""rookie_year"":true}"
77638,三須 尚紀,2,2,fielder,22,4,R,R,191,88,1406,3,0,77638,false,false,,支配下,通常,0,0,,0,0,0,,,0.7887782169627,0.55334094060957,1.47422285960615,0.85116105347872,1.57361742255092,0.71652397083491,-0.34490483899042,1.69329088112712,3.54999343729019,3.70356438155472,3.38102135957032,3.53303737644106,2.96035039377213,0.13673221588135,1.2655778503418,0.91286254882813,1.07382537841797,-0.25057521820068,1.36,-0.35519762516022,0.30259735107422,-0.20356522500515,0.37982444763184,0.02641998291016,1.36,0.06895523071289,,,,,,,,,,,,,,2.09898217016459,1.80929367913306,0.88564597451687,,91,0,0,0,0,0,0,0,91,0,0,0,0,0,0,0,"{""draft_candidate"":true,""draft_candidate_id"":68,""draft_lottery"":false,""draft_method"":""cpu"",""draft_overall_pick"":31,""draft_round"":3,""draft_source"":""high_school"",""draft_year"":2052,""fa_nissuu"":0,""rookie_year"":true}"
77649,千代田 真充,2,3,fielder,22,4,R,R,181,95,1406,4,0,77649,false,false,,支配下,通常,0,0,,0,0,0,,,0.84506971400231,0.88205817747861,0.58489195181429,2.36382506449819,-0.80821404606104,2.0337312851429,-0.27683333592117,1.41965853014588,0.27147811889648,-0.55952919006348,-0.98911380767822,0.26815282821655,-0.60204521179199,-1.53761744076014,-1.39677160196006,-1.966302472651,-1.84856111937761,-1.1395242190063,-2.12429763650894,-0.58915390014648,0.36519165039063,-0.3913675403595,-1.20240900993347,0.53766708374023,-0.93638355255127,-0.33673461914062,,,,,,,,,,,,,,-0.29398887747526,1.37586943057179,0.43132740497589,,0,0,98,0,0,0,0,0,0,0,98,0,0,0,0,0,"{""draft_candidate"":true,""draft_candidate_id"":41,""draft_lottery"":false,""draft_method"":""cpu"",""draft_overall_pick"":42,""draft_round"":4,""draft_source"":""high_school"",""draft_year"":2052,""fa_nissuu"":0,""rookie_year"":true}"
77693,若山 友貴,2,2,fielder,26,4,R,R,187,83,1405,1,0,77693,true,false,,育成,通常,0,0,,0,0,0,,,-0.3006895121485,-0.74710742616653,0.94348555533588,1.4698716288805,-1.20582121126354,1.52215079426765,-0.24155079174042,-0.08006340759993,1.85537958979607,1.06287964677811,2.20587035694718,1.67616248498857,1.41430505160987,-0.33348693847656,-0.40738627433777,0.2244144821167,-0.7323955488205,-0.26702875137329,0.6518138885498,-0.05755077362061,0.93390720367432,-0.17669779777527,0.31086086273193,-0.86786899715662,0.01810159683228,-0.1696396446228,,,,,,,,,,,,,,0.8290727404356,0.52326910746098,-0.05035824942589,,87,0,0,0,0,0,0,0,87,0,0,0,0,0,0,0,"{""draft_candidate"":true,""draft_candidate_id"":71,""draft_lottery"":false,""draft_method"":""cpu"",""draft_overall_pick"":86,""draft_round"":1,""draft_source"":""university"",""draft_year"":2052,""fa_nissuu"":0,""rookie_year"":true}"
77727,河本 佳三,2,1,starter,24,3,R,R,193,84,1209,1,0,77727,false,false,,支配下,通常,0,0,,0,0,0,,,-0.56999504685402,0.585129737854,-0.31930918216705,-0.30071588039398,0.21718697547913,0.56583596229553,-0.44139223337173,0.0994224357605,0.56714745521545,1.33709361076355,0.21235475540161,0.54264181137085,0.98217953681946,1.6,0.66966387748718,0.03805648326874,1.6,0.35039123535156,0.65664736270905,1.51193186759949,0.22468557357788,0.95465631484985,0.26029573917389,1.16787563323975,1.6,1.28843510627747,0.21063579440117,1.03871382713318,0.59335175514221,1.13060429757833,1.01936158680916,1.26330050526559,1.63127765634656,0.75553619601578,1.57326537460089,1.02644593983889,0.93470988476276,1.07559013666213,0.8800918571353,0.12403499603271,-0.37673359632492,-0.78380159378052,146,0,0,0,0,0,0,0,0,0,0,0,0,0,0,0,0,"{""draft_candidate"":true,""draft_candidate_id"":138,""draft_lottery"":false,""draft_method"":""rebid_single"",""draft_overall_pick"":11,""draft_round"":1,""draft_source"":""university"",""draft_year"":2053,""fa_nissuu"":0,""rookie_year"":true}"
77731,菰田 翔詩,2,1,reliever,25,3,R,R,170,98,1195,2,0,77731,false,false,,支配下,通常,0,0,,0,0,0,,,0.29358955383301,-1.27130128860474,-0.27844009399414,-0.2111499786377,-0.82506353378296,-0.51014907836914,-0.63817757114768,-0.78025245666504,0.08167079925537,0.9326961517334,-0.72749772310257,-0.09687437057495,-0.28759857177734,-0.34899068832397,0.67108865737915,-0.49392616271973,0.75322944641113,-0.60406274318695,0.04541831970215,0.55760219573975,-0.59036071777344,0.34442163467407,0.38574638366699,0.28509822845459,-0.03251222610474,0.0131819152832,0.11493669509888,-0.54225824713707,0.63982425689697,0.73365884888172,0.17976184922457,0.04066920642555,1.2630975099802,0.21252550387383,0.6722824780643,0.01256641496718,1.385889870435,1.42015651610494,-0.59361930847168,-1.48979537963867,0.45822357177734,-0.44993656158447,148,0,0,0,0,0,0,0,0,0,0,0,0,0,0,0,0,"{""draft_candidate"":true,""draft_candidate_id"":128,""draft_lottery"":false,""draft_method"":""cpu"",""draft_overall_pick"":15,""draft_round"":2,""draft_source"":""university"",""draft_year"":2053,""fa_nissuu"":0,""rookie_year"":true}"
77774,田端 和年,2,8,fielder,24,3,R,L,180,91,1186,5,0,77774,false,false,,支配下,通常,0,0,,0,0,0,,,-0.4849216658771,1.05532904154062,-0.38220558530092,1.41085734889507,-0.44805616022646,1.01526666042805,0.29361570078135,-0.28043973690271,0.78633303642273,0.98696620941162,0.48417629241943,0.14358952522278,0.57606841087341,1.13253743171692,0.52363500595093,0.48239064216614,-0.26296950340271,0.84542016983032,1.04997673988342,1.22624952609092,1.8174510627389,1.83882210976048,1.03339088714123,1.29041667531617,1.3521423484236,1.48218080300093,,,,,,,,,,,,,,0.45186062669754,1.34399250376225,-0.43864335683733,,0,94,0,90,83,0,0,0,0,94,0,90,83,0,0,0,"{""draft_candidate"":true,""draft_candidate_id"":101,""draft_lottery"":false,""draft_method"":""cpu"",""draft_overall_pick"":58,""draft_round"":5,""draft_source"":""university"",""draft_year"":2053,""fa_nissuu"":0,""rookie_year"":true}"
77796,花村 篤典,2,1,reliever,24,3,R,R,172,90,1185,7,0,77796,false,false,,支配下,通常,0,0,,0,0,0,,,-0.41544398546219,-1.00482758045197,0.02846590995789,-0.81990882396698,-1.0396000289917,-0.75976279735565,0.27804654121399,-1.5775774538517,0.6361049079895,1.05663093566895,0.19158666133881,-0.43186617016792,0.98484811782837,0.74883308410645,0.42247808456421,0.04018136024475,0.69141159057617,-0.58122227787972,-0.64087619066238,0.7122394657135,0.17075847625732,-0.46556324005127,-0.79629370428622,-0.50949910879135,0.01596740722656,-0.20792961597443,-0.55961165547371,-0.19235841274261,-0.12172160625458,-0.23865028372407,0.89704648637772,0.28540478132665,-0.30224501919746,-0.24999003899097,0.18275696980953,1.24458717757463,1.04592553144693,1.04359559708834,-0.2938382242322,0.30048604011536,-0.53574679374695,-1.40841581106186,142,0,0,0,0,0,0,0,0,0,0,0,0,0,0,0,0,"{""draft_candidate"":true,""draft_candidate_id"":70,""draft_lottery"":false,""draft_method"":""cpu"",""draft_overall_pick"":80,""draft_round"":7,""draft_source"":""university"",""draft_year"":2053,""fa_nissuu"":0,""rookie_year"":true}"
77811,上間 斉兼,2,8,fielder,21,3,L,L,179,91,1184,1,0,77811,true,false,,育成,通常,0,0,,0,0,0,,,0.78713349551428,0.35417654322088,0.22539198210835,0.84624175865054,-0.71431658941507,0.87929018159201,-0.46392847318947,0.95395839032531,0.68968170166016,-0.97217342376709,0.13779418945312,-1.35450131043792,-0.22031890869141,-0.84258796691895,-0.00609464645386,-1.47854218006134,-0.63089904785156,-0.75322174072266,-1.13465915679932,0.95593299592659,1.105200446859,1.16068930540234,1.77996362966299,1.83689658325911,2.15649779292941,1.93491786697321,,,,,,,,,,,,,,0.77372080177069,-0.02097613678873,-0.73439776517451,,0,91,53,81,81,0,0,68,0,91,53,81,81,0,0,68,"{""draft_candidate"":true,""draft_candidate_id"":223,""draft_lottery"":false,""draft_method"":""cpu"",""draft_overall_pick"":95,""draft_round"":1,""draft_source"":""high_school"",""draft_year"":2053,""fa_nissuu"":0,""rookie_year"":true}"
77816,長畑 尭宏,2,6,fielder,21,3,R,L,177,73,1184,2,0,77816,true,false,,育成,通常,0,0,,0,0,0,,,-0.08335041982681,-0.40799994236231,0.70123622781038,0.01653950129971,1.36623804283142,-0.10920517047346,-0.47567306980491,-1.08979782801867,-0.06038116455078,0.09551300048828,-0.32895454406738,0.17452945709229,1.15630355834961,1.49777156835794,1.4579832829833,1.48211341100931,2.43157119178772,0.93655934083462,1.45953720545769,-1.17755187988281,0.1948454284668,0.14742002487183,1.01376419067383,0.55405990600586,-1.05902141571045,0.92978378295898,,,,,,,,,,,,,,1.11435872668028,0.47852666521072,1.12725283433497,,0,52,58,0,53,0,73,68,0,52,58,0,53,0,73,68,"{""draft_candidate"":true,""draft_candidate_id"":234,""draft_lottery"":false,""draft_method"":""cpu"",""draft_overall_pick"":100,""draft_round"":2,""draft_source"":""high_school"",""draft_year"":2053,""fa_nissuu"":0,""rookie_year"":true}"
77832,宮国 克嗣,2,9,fielder,20,2,L,L,181,85,1074,1,0,77832,false,false,,支配下,通常,0,0,,0,0,0,,,-0.39012939968705,1.36,0.7822611477375,1.74414389593601,0.6704347422123,1.52754151911736,-0.47383913075924,1.19962050950527,-0.5052560043335,0.9645426940918,0.40941047668457,1.27060068130493,0.09516593933105,-0.27350219726562,0.18196581840515,0.83127944946289,1.36,1.36,0.47415893554688,0.20504052561522,1.47199324864149,1.26013996315002,1.29695659846067,0.7354045445919,0.51983054631948,0.96649489825964,,,,,,,,,,,,,,0.61559347128868,1.37898792350292,1.64020495283604,,0,48,45,58,77,0,0,0,0,48,45,58,77,0,0,0,"{""draft_candidate"":true,""draft_candidate_id"":121,""draft_lottery"":false,""draft_method"":""single_bid"",""draft_overall_pick"":2,""draft_round"":1,""draft_source"":""high_school"",""draft_year"":2054,""fa_nissuu"":14,""rookie_year"":true}"
77846,池原 慎夫,2,1,starter,28,2,R,R,171,77,1016,2,0,77846,false,false,,支配下,通常,0,0,,0,0,0,,,0.12685180664063,-0.35904402732849,0.44841632843018,0.37814970016479,-0.57514791488647,0.08952102661133,0.20960237503052,-0.3622745513916,1.10689979553223,0.28423046827316,0.92538252830505,0.59037004470825,0.88401738166809,1.56183248519897,1.46485855102539,1.23192192077637,1.4418208694458,0.98254686355591,0.90206209182739,0.48688226699829,0.67373476982117,0.34351411104202,0.64241529464722,0.92557698249817,0.49095853328705,0.4955375289917,1.43990203857422,1.54609237670898,0.70248180389404,1.36643294370174,1.68890927299857,0.44933033079095,1.61477750825882,1.35177002340555,1.8834254989624,1.54445328164101,1.66250260639191,0.70367847843468,1.02063652658463,0.67903547286987,0.07737083435059,-0.4691605091095,143,0,0,0,0,0,0,0,0,0,0,0,0,0,0,0,0,"{""draft_candidate"":true,""draft_candidate_id"":55,""draft_lottery"":false,""draft_method"":""cpu"",""draft_overall_pick"":16,""draft_round"":2,""draft_source"":""industrial"",""draft_year"":2054,""fa_nissuu"":0,""rookie_year"":true}"
77863,長沢 嘉忠,2,7,fielder,25,2,L,R,183,81,996,3,0,77863,false,false,,支配下,通常,0,0,,0,0,0,,,0.63231657615304,1.02066331827641,1.76086622834206,0.90976300880909,1.00142257279158,1.13812772575617,-0.4387568035163,0.28479546418786,-0.01927270174026,0.68929050922394,-0.09944353401661,0.04101822853088,0.42349857807159,1.21928491592407,0.62168416500092,-0.14680581428111,0.6343727016449,1.17846093177795,1.34911096572876,-0.17038889122009,-0.83842365145683,-1.51983622496203,-0.38612246084213,-0.24733108100295,-1.09943410998583,-1.23274563065171,,,,,,,,,,,,,,1.12858242988586,1.19769816875458,0.62601186025143,,0,34,0,72,56,0,0,0,0,34,0,72,56,0,0,0,"{""draft_candidate"":true,""draft_candidate_id"":317,""draft_lottery"":false,""draft_method"":""cpu"",""draft_overall_pick"":33,""draft_round"":3,""draft_source"":""industrial"",""draft_year"":2054,""fa_nissuu"":0,""rookie_year"":true}"
77870,佐賀 哲彦,2,6,fielder,20,2,R,R,189,81,981,4,0,77870,false,false,,支配下,通常,0,0,,0,0,0,,,-0.1904034785293,0.2016204533577,-0.19954707843065,0.95199697010517,0.6939050308466,1.01408809726238,0.01816722082347,-0.61305627161264,0.33334625244141,0.24294479370117,0.21177886962891,0.51333751678467,-1.18773549079895,1.54040522629023,1.75628599319607,2.29239028587937,2.10215028607845,2.14332922446728,2.35529223397374,-0.4130224609375,0.41077835083008,-0.77950252056122,0.41870803833008,-0.89136413574219,-0.44208976745605,0.81190872192383,,,,,,,,,,,,,,-1.08985297107697,0.93679337272048,-0.60271795779467,,0,68,63,0,62,58,77,0,0,68,63,0,62,58,77,0,"{""draft_candidate"":true,""draft_candidate_id"":166,""draft_lottery"":false,""draft_method"":""cpu"",""draft_overall_pick"":40,""draft_round"":4,""draft_source"":""high_school"",""draft_year"":2054,""fa_nissuu"":0,""rookie_year"":true}"
77887,鴫原 岳真,2,1,reliever,20,2,L,R,192,70,972,5,0,77887,false,false,,支配下,通常,0,0,,0,0,0,,,-0.12205163955688,-0.6796849822998,-0.74954963684082,-0.40035140991211,0.35923477172852,-1.53905746459961,0.59362083435059,-1.57023050606251,0.55028839111328,-0.07930397033691,1.40598876953125,-0.14314573764801,0.87355804443359,0.37514640808105,0.28776843070984,1.53293441772461,0.17977088928223,-0.00650100708008,0.75673965454102,1.11769226074219,1.49844085693359,0.71475770950317,-0.61999967575073,-0.06562362670898,1.56736480712891,0.67894638061523,0.47305584907532,-0.47954053640366,0.91035457611084,0.55277009630203,-0.51595728743076,1.13294485607743,-0.12951826005802,1.26739103460312,-0.51235272616148,-0.13938485914469,0.43581877855957,1.59967976006866,0.43448929542303,-1.60092399597168,0.24955261230469,-1.55124507904053,150,0,0,0,0,0,0,0,0,0,0,0,0,0,0,0,0,"{""draft_candidate"":true,""draft_candidate_id"":237,""draft_lottery"":false,""draft_method"":""cpu"",""draft_overall_pick"":57,""draft_round"":5,""draft_source"":""high_school"",""draft_year"":2054,""fa_nissuu"":0,""rookie_year"":true}"
77894,柴谷 功久,2,1,reliever,24,2,L,R,193,79,968,6,0,77894,false,false,,支配下,通常,0,0,,0,0,0,,,0.62095802307129,-0.73667093276978,0.05148464202881,0.27286098480225,0.01255870819092,-1.44439949035645,-0.50740149497986,-0.27240623474121,1.01705631256104,0.30043872833252,1.1506734085083,0.38626882553101,1.22000148773193,1.13805618286133,0.62401296615601,-0.40702369689941,1.10240074157715,-0.33775504112244,0.06113681793213,-0.50406528949738,-0.13828792572021,-0.08350739955902,0.4443200302124,-0.05437658309937,0.98853179931641,-0.00481788635254,0.78889429092407,-0.11982455730438,0.60162155151367,0.71816602870822,1.0606448109746,-0.16855661927164,-0.19358978244662,1.23515356469154,0.27038194131851,-0.08950868226588,1.39417460787296,0.65190209421283,0.6151623570025,-0.8124041557312,0.22304946899414,-0.09529476165771,145,0,0,0,0,0,0,0,0,0,0,0,0,0,0,0,0,"{""draft_candidate"":true,""draft_candidate_id"":182,""draft_lottery"":false,""draft_method"":""cpu"",""draft_overall_pick"":64,""draft_round"":6,""draft_source"":""independent"",""draft_year"":2054,""fa_nissuu"":0,""rookie_year"":true}"
77909,安食 秀章,2,6,fielder,24,2,R,R,170,74,964,7,0,77909,false,false,,支配下,通常,0,0,,0,0,0,,,-0.34311111605912,0.03924197039008,0.38147059687972,-0.80587519406676,0.60552366060019,-0.2693962874651,-0.41895841542631,-0.00697648882866,0.62120777130127,-0.71209701538086,-0.32073528289795,0.05007627487183,0.02648315429687,2.70927768093348,0.87391138750315,2.25973009681702,1.11931308698654,1.41273144960403,2.79199095714092,-0.29940647125244,-1.10209933280945,-1.03305498480797,-1.09564420700073,-0.78496807098389,-0.34740900039673,0.35327949523926,,,,,,,,,,,,,,0.16563979607821,0.96448142933846,-0.65127504493296,,0,0,60,0,62,63,70,0,0,0,60,0,62,63,70,0,"{""draft_candidate"":true,""draft_candidate_id"":231,""draft_lottery"":false,""draft_method"":""cpu"",""draft_overall_pick"":79,""draft_round"":7,""draft_source"":""university"",""draft_year"":2054,""fa_nissuu"":0,""rookie_year"":true}"
77923,山脇 巧,2,8,fielder,20,2,L,R,176,85,958,1,0,77923,true,false,,育成,通常,0,0,,0,0,0,,,0.08779273398221,0.57081039097905,0.03910320973396,1.49507243236303,0.87753853259236,0.90972070022821,0.8974826330021,0.02492880386114,0.41263961791992,-0.34756702423096,0.58640548706055,-0.66629540383816,0.4057063293457,-0.85307866573334,-0.45739597558975,-0.49349021911621,0.74840774536133,0.2354369354248,1.19558212280273,2.04722118723392,2.01998925769329,0.45421515062451,0.20530935585499,2.71643441775441,1.03876745665073,1.53135495100915,,,,,,,,,,,,,,0.70530348552763,-0.02982067117095,0.75215958119929,,0,94,0,85,93,0,0,0,0,94,0,85,93,0,0,0,"{""draft_candidate"":true,""draft_candidate_id"":304,""draft_lottery"":false,""draft_method"":""cpu"",""draft_overall_pick"":93,""draft_round"":1,""draft_source"":""high_school"",""draft_year"":2054,""fa_nissuu"":0,""rookie_year"":true}"
77930,松瀬 卓倫,2,6,fielder,25,2,R,R,189,88,958,2,0,77930,true,false,,育成,通常,0,0,,0,0,0,,,-0.35299513798952,0.47331343281269,-0.3521279681325,0.0706017150715,-0.16296392852068,-0.21476766111851,0.4178195497524,-0.43573479226232,0.35337965011597,-0.5590067076683,-0.04252151966095,0.78591990470886,-0.53551134586334,2.07993110993505,2.8972587813139,2.3932086198926,2.92227647599578,2.0465657005012,1.85931985208392,-0.41859351873398,0.67508372306824,0.42241809844971,0.95727511405945,0.02274707794189,-0.25407070159912,0.80036458969116,,,,,,,,,,,,,,0.77135304540396,1.70808526492119,-0.33788333320618,,0,0,0,0,0,78,93,79,0,0,0,0,0,78,93,79,"{""draft_candidate"":true,""draft_candidate_id"":114,""draft_lottery"":false,""draft_method"":""cpu"",""draft_overall_pick"":100,""draft_round"":2,""draft_source"":""independent"",""draft_year"":2054,""fa_nissuu"":0,""rookie_year"":true}"
77934,薮本 祐豪,2,1,starter,23,2,L,R,171,92,958,3,0,77934,true,false,,育成,通常,0,0,,0,0,0,,,0.09908371925354,-1.1839397418499,0.54521183013916,0.5743279838562,-1.01770505428314,0.69779398918152,0.45612153053284,-0.05592902183533,0.79514638900757,1.36818130493164,0.33641149997711,-0.05907353997231,-0.20066944479942,1.1530593585968,-0.0525589120388,1.6,0.19427768230438,0.19451144218445,-0.25922596931458,0.30232576370239,0.44197252750397,0.29327979564667,0.49027732372284,0.16993590831757,-0.3928237991035,0.69639533042908,0.60642804145813,0.25427867889404,1.26176998138428,0.21685199135542,0.59563748699427,0.18947401258349,0.27279917180538,0.00068504786491,1.35843988351524,-0.22586316943169,1.59966496121883,0.00204807242751,2.19589602184296,-0.03255023002625,-0.75195958018303,-0.33102601528168,149,0,0,0,0,0,0,0,0,0,0,0,0,0,0,0,0,"{""draft_candidate"":true,""draft_candidate_id"":315,""draft_lottery"":false,""draft_method"":""cpu"",""draft_overall_pick"":104,""draft_round"":3,""draft_source"":""university"",""draft_year"":2054,""fa_nissuu"":0,""rookie_year"":true}"
77939,ナイランダー,2,1,reliever,34,2,R,R,200,85,9045,0,0,77939,false,true,,支配下,通常,0,0,,0,0,0,,,0.48519401550293,1.62751564025879,1.44203678131104,1.63091144561768,1.07807209014893,1.25569263458252,0.55653244018555,1.38391790390015,1.13507556915283,1.47983278274536,1.69370191574097,1.40153532981873,1.97738864898682,2.3117512512207,2.48149085998535,2.35062637329102,2.56,1.13139680862427,1.18456703186035,1.43326133728027,1.77799240112305,1.78875385284424,1.10977262496948,1.53615121841431,2.56,1.16667110443115,2.27730499267578,1.94491468429565,1.64296208381653,2.32695615293086,1.09957835316658,0.31979293823242,1.32451709794998,1.28085665945411,0.99423791754246,2.34247131347656,1.86224049443007,2.50999796867371,0.67237193206847,0.68755813598633,1.17967987060547,-0.15994663745514,144,0,0,0,0,0,0,0,0,0,0,0,0,0,0,0,0,"{""fa_nissuu"":0,""foreign_scout"":true,""foreign_signed_year"":2054,""quality_tier"":""ace""}"
77943,ライディ,2,1,reliever,32,2,L,R,193,81,6511,0,0,77943,false,true,,支配下,通常,0,0,,0,0,0,,,0.54659629821777,0.99754501342773,0.60032482147217,0.33246006011963,0.33060886383057,-0.02470729827881,0.39807647705078,0.33830867767334,1.75578407287598,0.24100877761841,1.55619487762451,1.5833544921875,1.24844287872314,0.96367748260498,0.70538157939911,1.24226272583008,1.69825233459473,0.19755915880203,0.80657442092896,1.92,0.24578110694885,1.6644146156311,1.4632536315918,1.92,0.27577464818954,1.92,0.86990205764771,1.00290567398071,1.88492986679077,1.3847037949264,1.30781076413393,0.55817691341043,0.9787622833252,1.89393142700195,0.60149781227112,1.50611736297607,1.7639155960083,1.38045001983643,1.33616088867188,-0.03148838043213,0.88956535339355,-0.05135274887085,153,0,0,0,0,0,0,0,0,0,0,0,0,0,0,0,0,"{""fa_nissuu"":14,""foreign_scout"":true,""foreign_signed_year"":2054,""quality_tier"":""good""}"
77957,湯浅 晋良,2,7,fielder,22,1,R,R,185,93,1150,1,0,77957,false,false,,支配下,通常,0,0,,0,0,0,,,-0.35579337901622,0.96120493686199,1.70906255233288,2.29258551052809,0.88088883173466,2.21776508728266,0.09294364875555,0.59217080521584,-0.16404443979263,1.36,-0.21498741090298,1.36,0.9937265586853,0.53754536151886,1.36,1.09505932807922,0.88302752494812,1.36,-0.18490778803825,-0.74248312324286,-1.3234192931056,-0.61061063545942,-1.66882534080744,-0.82361919295788,-0.5122181597352,-0.87999627631903,,,,,,,,,,,,,,-0.04831138575077,1.39814438219368,1.3073150832653,,0,60,72,98,92,0,0,0,0,60,72,98,92,0,0,0,"{""draft_candidate"":true,""draft_candidate_id"":142,""draft_lottery"":false,""draft_method"":""rebid_single"",""draft_overall_pick"":11,""draft_round"":1,""draft_source"":""university"",""draft_year"":2055,""fa_nissuu"":0,""rookie_year"":true}"
77959,久山 大慈,2,1,starter,26,1,R,L,190,78,1000,2,0,77959,false,false,,支配下,通常,0,0,,0,0,0,,,-0.47377196744084,-0.13609657287598,-0.54133195877075,0.0759467124939,-0.40339117050171,-0.02181415557861,-0.26289223194122,-0.80754108428955,-0.19627588033676,0.10397377967834,0.43364292144775,0.29837661743164,-0.15965225338936,-0.10797289848328,0.34446887969971,-0.22788101822138,1.34608655929565,0.30724168777466,0.60739389419556,0.60496059417725,1.34675270080566,0.98589546203613,1.34765916824341,1.19299531936646,0.97217012405396,0.03334825992584,0.26357013702393,0.30762599945068,0.55980484008789,1.30774299800396,0.16878964757919,0.63565406870842,0.87342699974775,0.06974498216249,0.99743560227752,1.17191678494215,1.01758718466759,0.92798062197864,1.31739604498446,-0.81336743831635,-0.62707539796829,-0.77473826408386,142,0,0,0,0,0,0,0,0,0,0,0,0,0,0,0,0,"{""draft_candidate"":true,""draft_candidate_id"":234,""draft_lottery"":false,""draft_method"":""cpu"",""draft_overall_pick"":13,""draft_round"":2,""draft_source"":""industrial"",""draft_year"":2055,""fa_nissuu"":0,""rookie_year"":true}"
77982,鬼頭 邦晴,2,1,starter,23,1,L,L,175,76,900,3,0,77982,false,false,,支配下,通常,0,0,,0,0,0,,,-0.37259653091431,-0.03872371673584,0.16576892852783,0.39483112335205,-1.3396826004982,-1.09656964302063,-0.4518158531189,0.25572416305542,0.8279487991333,0.50074802398682,0.35227083206177,-0.19219606637955,0.36281169891357,1.43581867218018,0.11387131690979,1.29475467681885,0.02138311386108,0.86604103088379,1.03624328613281,0.37745349884033,0.78454639434814,-0.01734406471252,-0.35055826663971,1.25596298217773,0.00843446731567,0.94747798919678,-0.18192207336426,0.44677441596985,0.9261067199707,1.46000730970502,1.56021188525856,-0.31506858825684,0.56825879757106,1.09945455238223,0.21498917090893,-0.36532151095569,0.57904307806492,0.17364904421568,0.40684401369095,-0.86838558197021,0.30596309661865,0.08122798919678,144,0,0,0,0,0,0,0,0,0,0,0,0,0,0,0,0,"{""draft_candidate"":true,""draft_candidate_id"":90,""draft_lottery"":false,""draft_method"":""cpu"",""draft_overall_pick"":36,""draft_round"":3,""draft_source"":""university"",""draft_year"":2055,""fa_nissuu"":0,""rookie_year"":true}"
77983,立田 照義,2,1,starter,19,1,R,L,171,93,825,4,0,77983,false,false,,支配下,通常,0,0,,0,0,0,,,0.49310382843018,0.41769241333008,-1.02255729675293,-0.22113647460938,0.80550979614258,-0.83626861572266,-0.00167055130005,-0.11355752944946,-0.14155582427979,0.77875045776367,1.35164337158203,0.24175373077393,0.80417892456055,1.6,0.23464889526367,1.53515441894531,1.09360321044922,1.02280029296875,0.4019841003418,0.14901725769043,0.60608474731445,1.6,-0.58413250923157,1.6,-0.26254680633545,1.50399520874023,1.2079070854187,-0.15613935470581,1.58901660919189,1.6,1.62576588815451,-0.95393893638253,0.56215383273363,0.43324057304859,-0.10986705207825,1.36412876284122,0.50496796822548,0.51195198124647,0.99237040824443,-0.06791961669922,0.54730041503906,0.28125793457031,140,0,0,0,0,0,0,0,0,0,0,0,0,0,0,0,0,"{""draft_candidate"":true,""draft_candidate_id"":22,""draft_lottery"":false,""draft_method"":""cpu"",""draft_overall_pick"":37,""draft_round"":4,""draft_source"":""high_school"",""draft_year"":2055,""fa_nissuu"":0,""rookie_year"":true}"
78006,鳴海 勝博,2,1,starter,22,1,L,R,179,95,780,5,0,78006,false,false,,支配下,通常,0,0,,0,0,0,,,0.60025606155396,0.39128222465515,-0.44969377040863,-0.74778627872467,-1.00300721883774,0.34608530044556,-0.47291179418564,-0.44176928043365,1.6,1.37663528442383,0.39360611915588,0.37302440643311,0.39366829395294,1.4894823551178,0.69708520412445,1.46928056716919,1.6,1.6,-0.13487795114517,1.59718546867371,0.6863282251358,-0.03953197956085,0.53400610923767,-0.05755525350571,0.95130611419678,-0.31670549245551,0.7201203250885,1.50772261619568,1.36903163909912,0.41716805613041,0.79856476634741,0.66103566509485,0.71599037265778,1.7410298756361,1.37739860272408,0.07965602374077,-0.06252981066704,1.6611645231247,1.35824132663012,-1.09013561964035,-0.25546185016632,-1.19970309376717,143,0,0,0,0,0,0,0,0,0,0,0,0,0,0,0,0,"{""draft_candidate"":true,""draft_candidate_id"":215,""draft_lottery"":false,""draft_method"":""cpu"",""draft_overall_pick"":60,""draft_round"":5,""draft_source"":""university"",""draft_year"":2055,""fa_nissuu"":0,""rookie_year"":true}"
78007,池添 重幸,2,8,fielder,19,1,R,R,183,72,760,6,0,78007,false,false,,支配下,通常,0,0,,0,0,0,,,0.84922014827281,-1.18909572672844,0.80472480459511,1.38654729745388,1.52735573387146,1.37236544332504,0.27969105353951,1.1815637229681,-0.5465283203125,0.1813932800293,1.28587097167969,0.96599304199219,1.14928039550781,0.95430053710938,0.56303388595581,-0.70990768432617,0.55301849365234,0.33162994384766,1.18262542724609,1.14497217784077,1.433403229177,0.48533023834229,-0.30474090111256,0.61445321625471,-0.77962956660986,0.17311147132516,,,,,,,,,,,,,,-0.56263126653433,1.5223747856766,-0.55648134470731,,0,88,0,73,95,0,0,0,0,88,0,73,95,0,0,0,"{""draft_candidate"":true,""draft_candidate_id"":31,""draft_lottery"":false,""draft_method"":""cpu"",""draft_overall_pick"":61,""draft_round"":6,""draft_source"":""high_school"",""draft_year"":2055,""fa_nissuu"":0,""rookie_year"":true}"
78026,網野 迅利,2,1,reliever,23,1,R,L,188,98,740,7,0,78026,false,false,,支配下,通常,0,0,,0,0,0,,,-0.24838939666748,-0.36572582244873,-1.45271274089813,-0.48090797424316,-1.4172686290741,-0.81939273834229,0.55642295837402,-1.0976065826416,1.03808681488037,-0.02279136657715,-0.46667415618896,0.26603988647461,0.79877506256104,0.03882471084595,0.69372486114502,0.07680805206299,-0.46943796157837,-0.61355348825455,0.48549716949463,1.1119832611084,-0.2298161315918,-0.08203497886658,-0.69254120528698,0.89652099609375,-0.3409771156311,-0.28310151100159,0.32374166488647,0.50990690231323,0.13652528762817,0.78853225708008,0.84462375640869,-0.67966283020377,0.42243587493896,-0.16892309188843,0.3653030372858,0.21402551990747,0.68564563751221,0.54269474029541,0.26776187896729,-1.36765460014343,-1.09511737823486,-0.20374019622803,141,0,0,0,0,0,0,0,0,0,0,0,0,0,0,0,0,"{""draft_candidate"":true,""draft_candidate_id"":4,""draft_lottery"":false,""draft_method"":""cpu"",""draft_overall_pick"":80,""draft_round"":7,""draft_source"":""industrial"",""draft_year"":2055,""fa_nissuu"":0,""rookie_year"":true}"
78038,野内 大紀,2,8,fielder,25,1,L,R,180,86,710,1,0,78038,true,false,,育成,通常,0,0,,0,0,0,,,-0.43007344007492,0.20184799194336,0.28965641021729,1.28277704906464,-1.04038827896118,1.28277704906464,0.33379217147827,-0.0501033782959,0.03039838790894,-0.11874430656433,-0.57310972690582,-0.49085487365723,-0.6455326128006,0.17561141967773,0.52786758422852,-0.37121150970459,0.56286184310913,-0.13068655014038,-0.20268886566162,0.59759670257568,0.54272248232365,1.40829775041342,1.27039428022504,0.57493940353394,1.15699533855915,1.64505096435547,,,,,,,,,,,,,,-0.70368926525116,0.15627355515957,0.69713983535767,,0,97,0,89,92,0,0,62,0,97,0,89,92,0,0,62,"{""draft_candidate"":true,""draft_candidate_id"":230,""draft_lottery"":false,""draft_method"":""cpu"",""draft_overall_pick"":92,""draft_round"":1,""draft_source"":""independent"",""draft_year"":2055,""fa_nissuu"":0,""rookie_year"":true}"
76016,池間 智達,3,1,reliever,37,19,R,L,174,97,14501,3,0,76016,false,false,,支配下,通常,0,0,,0,0,0,,,-0.32876655578613,0.17465927124023,1.21441360473633,0.11989135742188,1.14875640869141,0.07042549133301,-0.08151351928711,1.11504505157471,1.6,1.13267074584961,1.6,1.06449668884277,0.57268226623535,0.68950424194336,0.4815908241272,1.16576019287109,0.62124626159668,1.23995468139648,0.58083312988281,1.24053024291992,0.41084846496582,0.55350021362305,1.26985229492188,0.00737926483154,-0.00173711776733,1.6,1.6,1.58670957565308,1.04052083969116,1.84414965626597,1.78697369947284,-0.11530705650803,2.28470154310018,1.19567811171219,2.23446183697879,1.79121855287254,2.8283939653635,0.1885299814418,0.52022932652831,-0.77805309295654,0.21337272644043,0.76914459228516,149,0,0,0,0,0,0,0,0,0,0,0,0,0,0,0,0,"{""draft_candidate"":true,""draft_candidate_id"":115,""draft_lottery"":false,""draft_method"":""cpu"",""draft_overall_pick"":26,""draft_round"":3,""draft_source"":""high_school"",""draft_year"":2037,""fa_nissuu"":211,""rookie_year"":true}"
76251,井之上 保則,3,5,fielder,35,17,R,R,185,88,10189,5,0,76251,false,false,,支配下,通常,0,0,,0,0,0,,,-0.77484872676898,1.57874342333153,0.79725688095391,1.1751090172926,1.85694322872162,0.40778784869015,0.5760633035358,0.22110086734593,0.13529769897461,0.90795822143555,-0.9061540222168,0.68081167221069,0.32588638305664,2.73394683619216,0.96792147514783,2.53645822327584,2.84426441323757,0.71309859377891,1.69894426226616,0.8332160949707,-0.6616682434082,0.78704360961914,-0.48511695861816,-0.13389297485352,0.12204513549805,-1.17332597732544,,,,,,,,,,,,,,0.41524977841973,2.03622356001474,0.92705188354393,,0,0,100,0,55,98,86,90,0,0,100,0,55,98,86,90,"{""draft_candidate"":true,""draft_candidate_id"":174,""draft_lottery"":false,""draft_method"":""cpu"",""draft_overall_pick"":56,""draft_round"":5,""draft_source"":""high_school"",""draft_year"":2039,""fa_nissuu"":169,""rookie_year"":true}"
76311,野末 伊三美,3,1,reliever,34,16,R,L,177,93,14598,1,0,76311,false,false,,支配下,通常,0,0,,0,0,0,,,0.78926216125488,-0.08530899047852,-0.80033851623535,-0.76207321166992,0.25050979614258,-0.3166618347168,0.36911178588867,-0.32757774353027,0.00856010437012,-0.12473934173584,0.48277770996094,1.53776901245117,1.50832321166992,-0.59070862293243,1.6,1.12767562866211,0.24274108886719,0.07606315612793,-0.45265928268433,0.93051452636719,-0.5566477394104,-0.10220991134644,1.12712768554688,1.40930969238281,0.6077481842041,-0.31041217803955,1.41914440155029,0.83012010574341,-0.09872431755066,1.66334124070406,2.25679213624448,0.67739298833907,1.32661466630176,1.97774206193239,-0.06820432646573,1.08141753470898,1.24820355959237,1.4367903416343,0.22007597737908,0.6979557800293,0.77475158691406,-1.31827415466309,150,0,0,0,0,0,0,0,0,0,0,0,0,0,0,0,0,"{""draft_candidate"":true,""draft_candidate_id"":214,""draft_lottery"":false,""draft_method"":""rebid_single"",""draft_overall_pick"":10,""draft_round"":1,""draft_source"":""high_school"",""draft_year"":2040,""fa_nissuu"":86,""rookie_year"":true}"
76378,浦口 翔,3,1,starter,34,16,R,L,177,79,15353,7,0,76378,false,false,,支配下,通常,0,0,,0,0,0,,,0.63356575012207,-0.17063919067383,-1.41711505889893,0.60088882446289,-1.45790342330933,-0.74874420166016,0.16401134490967,0.32179382324219,0.56171493530273,1.57433609008789,-0.51620674133301,0.19965109825134,0.45160697937012,-0.16915344238281,0.21051142692566,-0.26171085357666,1.46825622558594,0.91700454711914,1.50513031005859,-0.05744789123535,1.6,-0.31588616847992,1.43079071044922,1.42114959716797,1.12668045043945,1.6,-0.0109219121933,1.35061756134033,-0.13045578956604,3.12239102383703,1.03172837697715,1.30517709945235,2.66367948501557,0.71060218244642,3.09612988829985,2.18343753874302,2.14774206586182,0.40546186161041,2.31460238119755,-0.8769425201416,-0.71093284606934,0.79258972167969,144,0,0,0,0,0,0,0,0,0,0,0,0,0,0,0,0,"{""draft_candidate"":true,""draft_candidate_id"":306,""draft_lottery"":false,""draft_method"":""cpu"",""draft_overall_pick"":77,""draft_round"":7,""draft_source"":""high_school"",""draft_year"":2040,""fa_nissuu"":103,""rookie_year"":true}"
76428,野口 勝三,3,2,fielder,33,15,L,R,180,70,8218,2,0,76428,false,false,,支配下,通常,0,0,,0,0,0,,,0.13207880979124,2.45144433477893,1.66672513374686,1.74083984335363,-0.44625353008509,1.30293410964906,0.99719767075405,-0.26101053939573,2.14061051723734,3.77071844339371,2.10158875917643,2.54455155666918,3.76536076629162,-0.52162590026855,-0.5122657096386,-0.31221996307373,1.36,0.25652420043945,0.12195960998535,0.72558074951172,1.22060501098633,0.38524823188782,-0.09081230163574,0.00535133361816,1.27880340576172,0.31769271850586,,,,,,,,,,,,,,2.056086366117,1.14292368470654,0.83795891475975,,97,0,0,0,0,0,0,0,97,0,0,0,0,0,0,0,"{""draft_candidate"":true,""draft_candidate_id"":45,""draft_lottery"":false,""draft_method"":""cpu"",""draft_overall_pick"":17,""draft_round"":2,""draft_source"":""high_school"",""draft_year"":2041,""fa_nissuu"":220,""rookie_year"":true}"
76443,上久保 貴恒,3,2,fielder,33,15,L,R,180,97,10442,3,0,76443,false,false,,支配下,通常,0,0,,0,0,0,,,1.78900190888217,1.74546271502972,1.60956355661154,1.28859396874905,0.95734092336893,2.00226105606556,1.41768741074949,1.93680380487442,3.3384,2.2204,2.9179,1.59270069145039,3.5384,0.05274520874023,-0.21461990356445,-1.20686295509338,-1.02671482086182,-0.95131172180176,-0.98956245422363,0.38397735595703,-0.38473930358887,0.51905763626099,-0.73030681610107,0.89323532104492,0.90276931762695,0.72443954467773,,,,,,,,,,,,,,0.29350675328076,2.18549814500995,0.83057364642173,,87,0,0,0,0,0,0,0,87,0,0,0,0,0,0,0,"{""draft_candidate"":true,""draft_candidate_id"":301,""draft_lottery"":false,""draft_method"":""cpu"",""draft_overall_pick"":32,""draft_round"":3,""draft_source"":""high_school"",""draft_year"":2041,""fa_nissuu"":138,""rookie_year"":true}"
76555,田沼 寛宗,3,9,fielder,32,14,L,R,171,96,7571,3,0,76555,false,false,,支配下,通常,0,0,,0,0,0,,,0.04009806296602,0.55326290121675,2.38429421043396,1.3254731205225,1.18099029627442,1.76104291890264,1.09900747422874,0.55101855952293,0.06282699584961,-0.14530426025391,-1.29602588653564,0.550862865448,0.13550094604492,1.61823541249335,0.81593942949921,1.21523077447712,1.3330520599559,0.66838832426071,1.45850081881881,-1.27113568878174,0.59511483150721,-1.23252281305194,-0.59459307605028,-1.10507588863373,-0.27339393985271,0.93737165609002,,,,,,,,,,,,,,-0.00514949830174,0.64493160067201,1.35212957623899,,0,0,59,62,87,67,0,90,0,0,59,62,87,67,0,90,"{""draft_candidate"":true,""draft_candidate_id"":160,""draft_lottery"":false,""draft_method"":""user"",""draft_overall_pick"":35,""draft_round"":3,""draft_source"":""high_school"",""draft_year"":2042,""fa_nissuu"":82,""released_from_team"":1,""released_signed_year"":2050,""rookie_year"":true}"
76620,西端 輝寿,3,7,fielder,32,14,L,R,174,71,7167,2,0,76620,false,false,,支配下,通常,0,0,,0,0,0,,,0.7128364728447,1.53969315707684,1.13177309034951,2.24426148282886,0.52796071052365,0.91770616365373,-0.21301832532138,1.39905079397559,-0.44562797546387,0.61219009399414,-0.4686515045166,-0.09969736099243,-0.23102172851563,0.1641487121582,0.69690872192383,-0.27149749755859,-0.46248977661133,-0.13920104980469,-1.44105913162231,-0.2857920191884,0.58470650594682,-0.37230790723581,-1.54750527669489,-2.05962397571281,-0.32359388871491,-2.00193167833984,,,,,,,,,,,,,,1.12311388300561,1.8245143595174,1.20090481001213,,0,60,0,96,90,0,0,0,0,60,0,96,90,0,0,0,"{""draft_candidate"":true,""draft_candidate_id"":26,""draft_lottery"":false,""draft_method"":""cpu"",""draft_overall_pick"":100,""draft_round"":2,""draft_source"":""high_school"",""draft_year"":2042,""fa_nissuu"":81,""released_from_team"":8,""released_signed_year"":2051,""rookie_year"":true}"
76749,南沢 鍾吉,3,6,fielder,30,12,R,R,192,92,27944,1,0,76749,false,false,,支配下,通常,0,0,,0,0,0,,,1.52787505526797,1.05459689752758,1.67327687864751,2.73481078307927,0.93709079785831,1.80637474008501,1.02620734840259,1.85283781548217,-0.60883136749268,1.08276672363281,-0.77299427032471,0.01055061340332,0.22939758300781,2.6948,2.67921746264771,2.4803,2.8442,2.4436,2.9629,0.41259033203125,1.12632278442383,-0.83299870014191,0.27163330078125,0.23337249755859,-0.57670726776123,0.71596313476563,,,,,,,,,,,,,,-0.05726414659768,1.14004711858034,2.43661685132943,,0,62,64,0,0,67,70,66,0,62,64,0,0,67,70,66,"{""draft_candidate"":true,""draft_candidate_id"":270,""draft_lottery"":false,""draft_method"":""rebid_single"",""draft_overall_pick"":11,""draft_round"":1,""draft_source"":""high_school"",""draft_year"":2044,""fa_nissuu"":116,""rookie_year"":true}"
76763,村元 稔昌,3,7,fielder,30,12,L,R,188,79,7361,3,0,76763,false,false,,支配下,通常,0,0,,0,0,0,,,1.22747133452073,0.29241575645283,0.56156573954225,2.49067816576958,0.95659585502744,1.73099244623482,-0.0261391072534,1.91567628892511,0.15739318847656,1.36,0.3265079498291,0.94590147018433,0.26366386413574,3.5085,2.11636843342334,3.1559,3.3064,2.3214,3.6948,0.9489830186218,1.97297229459882,0.86893679300137,2.51500587251782,2.16817521304265,2.19067036654055,1.51144288076088,,,,,,,,,,,,,,2.40171536733136,1.3813470687151,0.99485780480206,,0,84,100,100,0,85,87,84,0,84,100,100,0,85,87,84,"{""draft_candidate"":true,""draft_candidate_id"":89,""draft_lottery"":false,""draft_method"":""cpu"",""draft_overall_pick"":25,""draft_round"":3,""draft_source"":""high_school"",""draft_year"":2044,""fa_nissuu"":81,""rookie_year"":true}"
76847,布村 聖進,3,1,starter,29,11,R,R,187,90,16216,1,0,76847,false,false,,支配下,通常,0,0,,0,0,0,,,0.09645149230957,0.78488784790039,0.5622380065918,0.06769775390625,0.06374305725098,0.22648246765137,0.62879642486572,-0.17062128067017,1.14736656188965,0.27510913848877,1.08805732727051,0.76318459510803,1.34293395996094,1.5710969543457,1.6,1.6,1.6,1.25353424072266,0.31579158782959,0.4492183303833,1.14203460693359,1.51958461761475,0.35683307647705,1.21352783203125,0.98967079162598,1.6,1.50241693496704,1.39828838348389,1.6,2.59852387205884,1.13677377727628,0.91020154649019,1.62261341881752,1.97785465587676,2.94634715600312,1.05110723468661,2.33459404603392,2.30257102150843,1.93903854260314,-0.77005731582642,0.03071228027344,-1.00298992872238,148,0,0,0,0,0,0,0,0,0,0,0,0,0,0,0,0,"{""draft_candidate"":true,""draft_candidate_id"":178,""draft_lottery"":true,""draft_method"":""lottery"",""draft_overall_pick"":4,""draft_round"":1,""draft_source"":""high_school"",""draft_year"":2045,""fa_nissuu"":165,""rookie_year"":true}"
76897,桜木 公章,3,1,starter,29,11,L,R,191,85,8382,5,0,76897,false,false,,支配下,通常,0,272,右肩関節唇損傷(手術),3,0,0,,,-0.73195604324341,-0.74754898071289,0.38318389892578,0.20256439208984,-0.02746627807617,-1.31147243499756,0.25286876678467,-0.87788270950317,0.62984710693359,0.80389587402344,-0.75566526412964,0.79343503952026,-0.15294227600098,1.29755355834961,1.48120178222656,1.40663345336914,0.96955093383789,1.01864059448242,1.32312683105469,0.94010696411133,0.38672309875488,0.83508071899414,-0.44047477722168,0.59504348754883,0.60972320556641,0.85289505004883,-0.59504255890846,0.15274988174438,-0.42318559646606,0.7034066435039,2.01765375322625,0.10145135755307,0.82433929552138,1.59960615678132,0.27165229868889,0.30839016442001,2.9793797353223,1.39734643599129,1.77400138960779,0.5598405456543,-1.21193752288818,-1.42707397460938,148,0,0,0,0,0,0,0,0,0,0,0,0,0,0,0,0,"{""draft_candidate"":true,""draft_candidate_id"":312,""draft_lottery"":false,""draft_method"":""cpu"",""draft_overall_pick"":54,""draft_round"":5,""draft_source"":""high_school"",""draft_year"":2045,""fa_nissuu"":104,""rookie_year"":true}"
76962,八谷 政弥,3,1,reliever,31,10,R,R,192,90,9083,1,0,76962,false,false,,支配下,通常,0,0,,0,0,0,,,-0.09748400688171,-0.13633954048157,0.38137369155884,0.39516050338745,-0.18571066856384,-0.08541131496429,-0.57886837363243,-0.05014353752136,1.53459932327271,0.68481539726257,1.04284019470215,1.6,-0.00966778755188,-0.11052561014891,1.22847257614136,0.57649072170258,-0.10107542067766,1.6,1.6,-0.07430175125599,0.44983873844147,0.11373870611191,-0.06304356455803,1.6,0.64977236747742,0.71534074306488,0.82565072059631,0.46143554210663,1.04392693519592,1.33320086979568,0.07245038710237,1.01874117757007,2.47158937776834,1.69385263256729,1.08178804751486,2.12859111022949,0.79735902709663,1.53343226534873,1.28734011775255,0.64011841773987,-0.50993059277534,-0.19861017227173,145,0,0,0,0,0,0,0,0,0,0,0,0,0,0,0,0,"{""draft_candidate"":true,""draft_candidate_id"":65,""draft_lottery"":false,""draft_method"":""rebid_single"",""draft_overall_pick"":8,""draft_round"":1,""draft_source"":""university"",""draft_year"":2046,""fa_nissuu"":127,""rookie_year"":true}"
77060,アハーン,3,1,reliever,36,10,L,R,193,110,8219,0,0,77060,false,true,,支配下,通常,0,0,,0,0,0,,,0.05068115234375,0.36579181671143,1.71653064727783,0.09429121017456,-0.13546617567539,1.29289817810059,0.3437865447998,1.43231182098389,2.56,1.27563239097595,1.39631237030029,1.37972823143005,2.56,1.9667366027832,1.14280328512192,0.82982074439526,1.47032583236694,2.56,1.27383438110352,2.56,1.21670341491699,1.96892791748047,0.81897330462933,1.16772911071777,2.56,2.08944667816162,1.80036884307861,1.25869287014008,1.35884471893311,2.10255150851607,1.90512683856487,-0.90809406610578,0.71621456572413,0.82641385824978,0.84225647474825,1.06356315273047,0.6789343675375,1.27122684568167,-0.04171715058945,0.22297052383423,1.99705101013184,0.7886623954773,144,0,0,0,0,0,0,0,0,0,0,0,0,0,0,0,0,"{""fa_nissuu"":127,""foreign_scout"":true,""foreign_signed_year"":2046,""quality_tier"":""ace""}"
77067,岩谷 優大,3,1,starter,31,9,R,R,182,73,4934,1,0,77067,false,false,,支配下,通常,0,0,,0,0,0,,,-0.13996006011963,0.36179286956787,0.83544116973877,0.12327608108521,-0.51438905715942,1.07210350036621,-0.4363556098938,-0.27262052536011,0.66501289367676,1.17891887664795,1.6,0.93998019218445,1.22514591217041,1.6,1.2989381980896,1.6,1.6,1.6,0.75852439880371,1.26010932922363,0.80361898422241,1.10288207054138,1.6,1.40170547485352,0.85521118164063,1.6,0.92822281837463,1.08991567611694,1.18565828323364,1.9403975199908,0.93434868821688,-0.26518627184629,0.71896261117607,1.0711055931747,0.1269612974897,1.6698311137557,0.60689147813618,1.63613608750701,1.69606094928831,-0.43786155700684,0.40631734848022,0.31813526153564,143,0,0,0,0,0,0,0,0,0,0,0,0,0,0,0,0,"{""draft_candidate"":true,""draft_candidate_id"":206,""draft_lottery"":true,""draft_method"":""lottery"",""draft_overall_pick"":5,""draft_round"":1,""draft_source"":""university"",""draft_year"":2047,""fa_nissuu"":137,""rookie_year"":true}"
77081,吉島 一次,3,1,starter,27,9,R,R,183,73,4504,2,0,77081,false,false,,支配下,通常,0,0,,0,0,0,,,-0.28111433029175,-1.1107791519165,0.83602279663086,0.02797103881836,0.22356231689453,-0.77672676086426,-0.6600523853302,-0.24018526077271,-0.1244979095459,-0.37848964691162,-0.06019874572754,0.37231406211853,0.30890495300293,1.58560073852539,0.10794018745422,0.59796035766602,0.09366233825684,0.06393630981445,1.09650253295898,1.6,0.90252426147461,1.57836803436279,1.6,1.10196578979492,0.39140914916992,0.47866920471191,0.50626192092896,-0.37112469911575,0.36248453140259,1.90990859386697,1.02404595893621,0.13723479218967,0.9406358590126,1.19345174731314,2.53321937514097,1.18558409962058,1.100489218615,1.5582485129959,2.3685842038542,0.0524919128418,-0.83582370758057,0.86624618530273,150,0,0,0,0,0,0,0,0,0,0,0,0,0,0,0,0,"{""draft_candidate"":true,""draft_candidate_id"":296,""draft_lottery"":false,""draft_method"":""cpu"",""draft_overall_pick"":19,""draft_round"":2,""draft_source"":""high_school"",""draft_year"":2047,""fa_nissuu"":0,""rookie_year"":true}"
77129,菅野 明日太,3,1,starter,27,9,R,R,173,82,7485,6,0,77129,false,false,,支配下,通常,0,0,,0,0,0,,,0.78605690002441,-1.7799001455307,0.63773376464844,-1.75393915176392,-0.09048583984375,-1.05735656738281,-0.85931498765945,0.28849031448364,-0.73922477722168,0.17791168212891,1.43000244140625,-0.00807489395142,-0.49845806121826,0.18083076477051,0.02516672134399,1.14662078857422,1.49110931396484,0.36113784790039,0.87806396484375,-0.65579273223877,1.27514221191406,-0.05398736000061,0.73025939941406,-0.14817718505859,-0.45387958526611,-0.44437297821045,-0.30967104911804,0.58822994232178,0.19453474998474,1.9738653691113,0.82871610072954,0.06879472251981,0.19022393536288,0.63881900936551,1.32586347739398,1.75097938787937,0.97055197215918,1.89062616098672,2.61247189566121,-0.98448547363281,0.61165313720703,-0.32181701660156,145,0,0,0,0,0,0,0,0,0,0,0,0,0,0,0,0,"{""draft_candidate"":true,""draft_candidate_id"":2,""draft_lottery"":false,""draft_method"":""cpu"",""draft_overall_pick"":67,""draft_round"":6,""draft_source"":""high_school"",""draft_year"":2047,""fa_nissuu"":81,""rookie_year"":true}"
77168,下沢 啓文,3,1,reliever,29,8,R,R,171,84,7920,1,0,77168,false,false,,支配下,通常,0,0,,0,0,0,,,0.08377324104309,-0.29904020309448,-0.17759633541107,-0.70955584049225,0.79089973449707,-0.65193083763123,-0.14180585861206,-0.64041808366776,0.49885045051575,1.31855640411377,1.6,1.59785300254822,0.44853479862213,0.15555317640305,1.5889466381073,0.08036556005478,1.01462380409241,-0.15297539174557,1.6,1.29514136314392,1.57195955276489,0.23842387676239,0.27205864191055,1.38667394638062,0.1415486907959,0.97462935447693,0.7437180185318,0.20453308820724,0.70001997470856,2.1125602747649,1.34811751190573,0.29673384751379,2.45484313666821,0.40843167737126,-0.15100239285082,1.66406799834967,2.09017241190374,1.94829376789928,1.71741098231822,-0.16649357795715,-0.63404675722122,0.60355994224548,145,0,0,0,0,0,0,0,0,0,0,0,0,0,0,0,0,"{""draft_candidate"":true,""draft_candidate_id"":234,""draft_lottery"":true,""draft_method"":""lottery"",""draft_overall_pick"":3,""draft_round"":1,""draft_source"":""university"",""draft_year"":2048,""fa_nissuu"":76,""rookie_year"":true}"
77194,戸口 匡謙,3,4,fielder,26,8,R,L,179,77,4377,3,0,77194,false,false,,支配下,通常,0,0,,0,0,0,,,-0.22466270082816,2.24979984033108,1.14865083993226,0.93508526260257,1.62042585274577,0.82856110083163,0.93315428057313,1.42576357063651,0.38762329101563,-0.58239517211914,0.46365859985352,-0.4427383852005,-0.69953296661377,2.81595882934332,3.06701555628143,2.62871830181871,3.1576871997118,2.1374362777248,2.63128627627343,0.81465240478516,0.35921691894531,0.86227970123291,0.52597457885742,1.36,1.36,-0.9340634226799,,,,,,,,,,,,,,-0.05852869656682,0.72276118759066,0.99688615966588,,0,71,100,64,57,98,84,90,0,71,100,64,57,98,84,90,"{""draft_candidate"":true,""draft_candidate_id"":73,""draft_lottery"":false,""draft_method"":""cpu"",""draft_overall_pick"":29,""draft_round"":3,""draft_source"":""high_school"",""draft_year"":2048,""fa_nissuu"":82,""rookie_year"":true}"
77218,増子 規佳,3,3,fielder,26,8,R,L,181,85,4068,5,0,77218,false,false,,支配下,通常,0,0,,0,0,0,,,0.97065331558138,-0.13979932504892,1.63565441271663,1.94655420295745,1.72392131990939,1.87161137757301,-0.07065255742148,1.57669378688931,-0.51610282897949,-0.92710496902466,0.11744415283203,0.60913227081299,1.06228790283203,-0.96341639897227,-1.96524973984901,-0.40117060962319,-0.9999152687788,-1.75845554924011,-2.07866818267107,1.16078475952148,-0.26756408691406,0.22408313751221,0.37384307861328,-0.46678428649902,-0.80731578826904,-0.1232544708252,,,,,,,,,,,,,,1.77728451353312,1.69452238067426,0.43975046885014,,0,0,83,0,0,0,0,0,0,0,83,0,0,0,0,0,"{""draft_candidate"":true,""draft_candidate_id"":198,""draft_lottery"":false,""draft_method"":""cpu"",""draft_overall_pick"":53,""draft_round"":5,""draft_source"":""high_school"",""draft_year"":2048,""fa_nissuu"":46,""rookie_year"":true}"
77233,樋川 英正,3,1,reliever,26,8,R,R,184,86,2285,6,0,77233,false,false,,支配下,通常,0,0,,0,0,0,,,-0.46782308578491,-1.44496269226074,-0.87776245117188,-0.36590515136719,0.20234390258789,-0.29975067138672,0.9364038848877,-0.07103326797485,-0.60152280807495,1.42480010986328,1.15509704589844,-0.39719528198242,-0.2705640411377,-0.28929683685303,-0.13707384109497,0.37203559875488,1.07430938720703,-0.1774592590332,0.19319404602051,1.23131927490234,0.98959274291992,-0.51863754749298,0.57507583618164,0.70999465942383,0.77131530761719,1.13211990356445,0.83473091125488,-0.47315683364868,1.15882778167725,0.53545960518718,0.8575456662178,-0.628590878902,0.63807098954916,0.92709232155979,1.29075963951647,0.3562548764199,1.53610624542832,0.97735254853964,0.93321525027603,-1.26293510437012,-0.20876396179199,-0.3413493347168,149,0,0,0,0,0,0,0,0,0,0,0,0,0,0,0,0,"{""draft_candidate"":true,""draft_candidate_id"":12,""draft_lottery"":false,""draft_method"":""cpu"",""draft_overall_pick"":68,""draft_round"":6,""draft_source"":""high_school"",""draft_year"":2048,""fa_nissuu"":0,""rookie_year"":true}"
77255,柴田 朋哲,3,1,reliever,26,8,L,R,183,88,2285,1,0,77255,false,false,,支配下,通常,0,0,,0,0,0,,,0.13153232574463,0.12762466430664,-0.4461848449707,0.3485888671875,0.41229583740234,-1.81094055175781,-0.68150095939636,-1.69687831640244,-0.00822311401367,-0.8808012008667,-0.95643540382385,1.00870838165283,-0.03697937011719,0.92103820800781,1.07917114257813,0.80697891235352,-0.27941459655762,0.38653671264648,0.62777770996094,-0.81509002685547,-0.29724609375,1.04957473754883,0.55354263305664,1.05723907470703,1.18969940185547,1.053798828125,0.7704376411438,-0.7168167424202,0.96256206512451,1.30264894211292,1.0563190227896,1.23958265477419,-0.75466171741486,2.03951699697971,-0.96288745966554,1.11969581332803,0.8114148311317,1.52220624825358,1.47540203117952,-1.2246826171875,0.54694885253906,-0.68965225219727,144,0,0,0,0,0,0,0,0,0,0,0,0,0,0,0,0,"{""draft_candidate"":true,""draft_candidate_id"":223,""draft_lottery"":false,""draft_method"":""cpu"",""draft_overall_pick"":90,""draft_round"":1,""draft_source"":""high_school"",""draft_year"":2048,""fa_nissuu"":0,""rookie_year"":true}"
77283,輪島 礼志,3,1,reliever,27,7,R,R,180,95,7098,1,0,77283,false,false,,支配下,通常,0,0,,0,0,0,,,0.62448968887329,-0.01600898742676,0.33323745727539,-0.40180673599243,-0.91324778079987,0.71183837890625,-0.47065117359161,-1.04481856107712,1.1156339263916,0.784643907547,1.20154150009155,0.96491348266602,0.00929211616516,1.15914239883423,0.58327001571655,1.25984897613525,0.06717581748962,1.13375610351562,1.6,-0.13817235708237,1.2763592338562,1.59187370300293,0.33286754608154,1.51382795333862,-0.01879387378693,0.02423551559448,1.55509399414063,0.28329313278198,0.47579940795898,2.22949823305011,2.35564030857012,0.05630526581407,2.42443737947941,1.45781885732338,1.54236184841394,2.23463872033358,1.69859774425626,1.5047773911953,0.94692477798462,-0.814808177948,-0.81743220448494,-0.07444316864014,153,0,0,0,0,0,0,0,0,0,0,0,0,0,0,0,0,"{""draft_candidate"":true,""draft_candidate_id"":11,""draft_lottery"":false,""draft_method"":""single_bid"",""draft_overall_pick"":4,""draft_round"":1,""draft_source"":""independent"",""draft_year"":2049,""fa_nissuu"":81,""rookie_year"":true}"
77300,米丸 耀介,3,6,fielder,32,7,R,R,183,92,4809,2,0,77300,false,false,,支配下,通常,0,0,,0,0,0,,,0.20873712797463,1.56790511777401,0.05535108928084,1.60399598049521,1.235471469888,2.0340497020483,0.61107303399034,0.97439240890741,0.20275542259216,0.95353414535522,0.75088502883911,-0.2717208814621,-0.41236566781998,1.82990766464733,2.8608844865337,1.84779268965125,0.90704744052887,2.51509175969288,1.60076823445968,0.88925840377808,0.44259168624878,0.64964256286621,-0.17379315376282,0.3922071647644,0.04652993202209,0.6370506477356,,,,,,,,,,,,,,0.20616644282341,0.87677552726865,0.63479960112274,,0,0,84,60,69,99,84,74,0,0,84,60,69,99,84,74,"{""draft_candidate"":true,""draft_candidate_id"":74,""draft_lottery"":false,""draft_method"":""cpu"",""draft_overall_pick"":21,""draft_round"":2,""draft_source"":""industrial"",""draft_year"":2049,""fa_nissuu"":80,""rookie_year"":true}"
77307,押谷 宏二朗,3,3,fielder,28,7,L,R,174,81,3187,3,0,77307,false,false,,支配下,通常,0,0,,0,0,0,,,0.65067663806677,1.84230714482404,0.96260444265008,1.80200394171476,0.82428236699104,0.98632956037521,0.1863303899914,0.65635213325918,0.10128790140152,-0.31177595056593,1.1418100643158,1.0598032951355,0.02103059053421,-2.08373678791523,-1.02714852793515,-1.61015162242204,-1.66088712063432,-0.7301941729933,-1.2969200976491,1.36,0.31447545528412,1.36,-0.12177878141403,0.07555661678314,-0.15306689977646,1.24883849143982,,,,,,,,,,,,,,1.26909628015757,1.15948774439096,0.93527798318863,,0,0,70,0,0,0,0,0,0,0,70,0,0,0,0,0,"{""draft_candidate"":true,""draft_candidate_id"":154,""draft_lottery"":false,""draft_method"":""cpu"",""draft_overall_pick"":28,""draft_round"":3,""draft_source"":""university"",""draft_year"":2049,""fa_nissuu"":2,""rookie_year"":true}"
77331,亀川 実貴,3,1,starter,25,7,L,L,191,89,3715,5,0,77331,false,false,,支配下,通常,0,0,,0,0,0,,,-0.91036242485046,-0.23405960083008,-0.78656631469727,-1.47428066253662,-0.85511611938477,-0.69165603637695,-0.40852993011475,0.59366048812866,1.00962020874023,-0.20722633361816,0.90985763549805,1.08952529907227,1.43765411376953,0.61619873046875,-0.48158492565155,1.33320510864258,0.99013214111328,0.46750717163086,0.38473731994629,1.40751022338867,0.80952285766602,0.6910440826416,-0.08641990661621,-0.04102783203125,1.34253890991211,1.0333317565918,-0.49667932987213,0.86882972717285,-0.61695564121008,1.78327301983535,1.43989638309181,0.60972805244476,2.3911528667435,0.84242364874482,0.47870010429621,0.93506503342092,-0.17314795707166,1.72806481036544,1.8595623145476,0.78106475830078,0.49224655151367,-0.02721832275391,143,0,0,0,0,0,0,0,0,0,0,0,0,0,0,0,0,"{""draft_candidate"":true,""draft_candidate_id"":306,""draft_lottery"":false,""draft_method"":""cpu"",""draft_overall_pick"":52,""draft_round"":5,""draft_source"":""high_school"",""draft_year"":2049,""fa_nissuu"":18,""rookie_year"":true}"
77363,駒田 琥珀,3,1,starter,25,7,L,R,175,93,2098,8,0,77363,false,false,,支配下,通常,0,0,,0,0,0,,,-0.64487234115601,-0.81510627746582,-1.10131248474121,-1.19031967163086,-1.13237701416016,0.26158706665039,0.46054252624512,0.18414468765259,1.10295455932617,0.89270599365234,-0.27723823547363,-0.56193124294281,0.02434280395508,0.12486206054688,-0.31827236175537,0.89797271728516,-0.56173274993896,1.17976440429687,-0.56711112976074,1.10521713256836,-0.65712596893311,1.21780792236328,0.44010314941406,-0.47343490600586,0.00413398742676,-0.7123706817627,0.28692373275757,0.42025375366211,-0.63095138072968,0.21318514865637,1.5922070453167,-0.15698392075254,1.63975256432872,0.53495853757858,1.52400454816222,1.16404491872713,1.28058468017727,0.93061903347075,1.18024217560142,-0.3973600769043,-0.97671783447266,-1.75130123138428,144,0,0,0,0,0,0,0,0,0,0,0,0,0,0,0,0,"{""draft_candidate"":true,""draft_candidate_id"":169,""draft_lottery"":false,""draft_method"":""cpu"",""draft_overall_pick"":84,""draft_round"":8,""draft_source"":""high_school"",""draft_year"":2049,""fa_nissuu"":35,""rookie_year"":true}"
77368,樋口 好汰,3,9,fielder,25,7,R,R,193,90,2065,1,0,77368,false,false,,支配下,通常,0,0,,0,0,0,,,0.27691246452928,-0.01531074672937,0.95932219105959,1.85987490748428,0.25474048471916,1.31706490075775,-0.1781388290897,0.99320096957684,0.41771896362305,0.08382736206055,0.74772689819336,-0.66620767593384,-0.02665191650391,0.84715927124023,-0.08904019355774,0.75864868164063,-0.65698860168457,0.92961517333984,-0.30166191101074,0.70310885107517,-0.59480601124465,1.24270417224942,0.8090589915216,0.32714676901698,0.88208698581904,0.70764274198376,,,,,,,,,,,,,,0.72592029061913,1.27258880040422,1.07754702627659,,0,58,0,80,89,0,0,0,0,58,0,80,89,0,0,0,"{""draft_candidate"":true,""draft_candidate_id"":211,""draft_lottery"":false,""draft_method"":""cpu"",""draft_overall_pick"":89,""draft_round"":1,""draft_source"":""high_school"",""draft_year"":2049,""fa_nissuu"":0,""rookie_year"":true}"
77397,倉沢 倫裕,3,1,reliever,24,6,R,R,187,93,5083,1,0,77397,false,false,,支配下,通常,0,0,,0,0,0,,,0.77148387908936,-0.34865249633789,-0.13784545898438,-1.02738296508789,0.08977355957031,0.30221160888672,-0.59157062530518,-0.16116230010986,0.0654354095459,1.58708587646484,-0.53629615783691,0.00889925956726,1.6,-0.80115481376648,0.06414237976074,1.6,-0.8440598487854,0.68496780395508,1.40864120483398,0.7026318359375,0.14727890014648,0.63557121276855,-0.22892211914062,0.44087051391602,0.19119911193848,-0.08648857116699,1.32689611434937,0.42849397659302,1.36870054244995,1.68763229003549,1.43170792675018,0.25271033348888,1.70247864165902,1.13486221975088,-0.4321918065995,1.74797272252664,1.80211036667228,1.38113587427139,0.91815726938099,-0.05105194091797,0.38486587524414,-1.07057006835938,144,0,0,0,0,0,0,0,0,0,0,0,0,0,0,0,0,"{""draft_candidate"":true,""draft_candidate_id"":111,""draft_lottery"":true,""draft_method"":""lottery"",""draft_overall_pick"":9,""draft_round"":1,""draft_source"":""high_school"",""draft_year"":2050,""fa_nissuu"":0,""rookie_year"":true}"
77404,新地 一規,3,6,fielder,24,6,R,R,170,95,1845,2,0,77404,false,false,,支配下,通常,0,0,,0,0,0,,,0.86276930865459,-0.40622576197982,0.62634603261948,1.76465043034554,0.23250258868933,0.92106326332092,0.68719501040876,0.31872146001458,-0.29618988037109,-0.74186889648438,0.40120895385742,-0.65333837509155,0.12553497314453,1.99155531264842,0.94734651990421,2.5768520513773,2.24653099060059,3.25123784911633,3.13885516434908,0.36556549072266,0.30179306030273,-0.81294002532959,0.82234252929688,-1.5969082069397,0.68376388549805,0.73353485107422,,,,,,,,,,,,,,-0.69930788972974,-0.09896140027046,0.1317705962956,,0,0,66,0,0,64,82,74,0,0,66,0,0,64,82,74,"{""draft_candidate"":true,""draft_candidate_id"":298,""draft_lottery"":false,""draft_method"":""cpu"",""draft_overall_pick"":16,""draft_round"":2,""draft_source"":""high_school"",""draft_year"":2050,""fa_nissuu"":0,""rookie_year"":true}"
77445,楠田 柾貴,3,6,fielder,28,6,L,R,180,91,1845,5,0,77445,false,false,,支配下,通常,0,0,,0,0,0,,,0.64377175731957,0.33189658001065,0.14308129417896,1.31645499937534,0.81093835118413,1.02588233390748,0.26810965758935,0.57521073294058,0.22038173675537,0.79319561004639,0.44889106750488,0.64816131591797,-0.00882144927979,2.03512811475992,2.85136671435833,2.60090998721123,1.98626849833131,2.8720177555494,2.31491199499369,-0.55156534194946,0.16011199951172,-0.70376471281052,0.94440227508545,-0.5389231967926,0.6268563079834,0.00589656829834,,,,,,,,,,,,,,-0.36656111693382,1.19287135463953,0.86449521762133,,0,61,64,67,66,60,79,71,0,61,64,67,66,60,79,71,"{""draft_candidate"":true,""draft_candidate_id"":137,""draft_lottery"":false,""draft_method"":""cpu"",""draft_overall_pick"":57,""draft_round"":5,""draft_source"":""university"",""draft_year"":2050,""fa_nissuu"":0,""rookie_year"":true}"
77478,吉中 高敬,3,1,starter,24,6,R,R,188,92,1845,1,0,77478,false,false,,支配下,通常,0,0,,0,0,0,,,0.91032554626465,-0.31411346435547,-0.75907760620117,-1.65993335723877,-1.58775470733643,0.03358840942383,0.74853721618652,-0.4755947303772,0.99118591308594,1.20030517578125,1.23054046630859,0.89224411010742,-0.85056389093399,1.46034255981445,-0.45235785961151,0.21002578735352,-0.11746032714844,0.95973648071289,0.68056274414063,-0.79988364219666,1.34408325195312,0.23876473426819,1.26210693359375,0.3296826171875,-0.1535676574707,-0.81307766914368,-0.47677942991257,0.59418001174927,-0.2480749797821,0.81382895101359,0.57772650775313,-0.16752194488049,2.09082792794704,-0.43983714810014,0.04515959633887,1.89990648399293,1.3972452666834,0.38512162136286,0.97689481414109,0.41618942260742,-0.02389617919922,-1.04004287719727,147,0,0,0,0,0,0,0,0,0,0,0,0,0,0,0,0,"{""draft_candidate"":true,""draft_candidate_id"":109,""draft_lottery"":false,""draft_method"":""cpu"",""draft_overall_pick"":90,""draft_round"":1,""draft_source"":""high_school"",""draft_year"":2050,""fa_nissuu"":0,""rookie_year"":true}"
77499,我那覇 仁雄,3,9,fielder,28,5,R,R,182,76,5672,1,0,77499,false,false,,支配下,通常,0,0,,0,0,0,,,-0.26174938085675,1.08350047956407,1.56972250461578,1.91074399085343,1.63141212177277,1.45469798016548,-0.10609096019715,0.85435543853045,-0.12552079677582,-0.08829780578613,1.30908538818359,-0.20486844778061,-0.01345489263535,0.68892830848694,0.74957668304443,1.11941056251526,0.37767840862274,0.86942244529724,0.53495814323425,0.34068231236935,1.46739980449528,0.56448925714195,0.31296997632086,1.36490685540438,0.36015129694343,0.20746092709899,,,,,,,,,,,,,,0.45686209231615,0.81430259263515,1.36612363791466,,0,55,0,67,85,0,0,0,0,55,0,67,85,0,0,0,"{""draft_candidate"":true,""draft_candidate_id"":247,""draft_lottery"":false,""draft_method"":""rebid_single"",""draft_overall_pick"":5,""draft_round"":1,""draft_source"":""independent"",""draft_year"":2051,""fa_nissuu"":46,""rookie_year"":true}"
77507,安保 公泰,3,1,reliever,27,5,R,R,192,90,1799,2,0,77507,false,false,,支配下,通常,0,0,,0,0,0,,,0.2165885925293,0.10716457366943,0.49524997711182,0.27449447631836,-0.12267084121704,0.8281591796875,-0.34388240814209,-0.51141556739807,0.51890005111694,1.35899841308594,0.95415353775024,1.6,1.6,0.72779020309448,1.6,0.72813627243042,1.56906112670898,0.87751205444336,0.34554346084595,0.51225672721863,0.53593441009521,1.50129138946533,0.33230852603912,0.81860651016235,1.09071039199829,0.4347714138031,1.07323967933655,1.00069853782654,0.86976811408997,2.22153051479161,1.53692175897956,1.26016746014357,1.59368574523926,1.06031705972552,1.31538517379761,1.58967038567364,1.98970099705458,0.50798349864781,0.46574061957747,0.34991550445557,-0.13042085647583,-0.21266723632812,146,0,0,0,0,0,0,0,0,0,0,0,0,0,0,0,0,"{""draft_candidate"":true,""draft_candidate_id"":31,""draft_lottery"":false,""draft_method"":""cpu"",""draft_overall_pick"":13,""draft_round"":2,""draft_source"":""university"",""draft_year"":2051,""fa_nissuu"":30,""rookie_year"":true}"
77530,梅原 雄一,3,2,fielder,27,5,R,L,180,70,1625,3,0,77530,false,false,,支配下,通常,0,0,,0,0,0,,,0.70567494485527,1.44851421241462,0.81173186555505,0.63173084763587,0.73386974012852,0.98645075086653,-0.31441949568689,0.35143833124917,3.32128738884628,3.58639068800211,2.36707221609354,2.72533209929243,3.34042083697766,-0.07267114162445,1.1697784614563,1.36,1.34027835845947,0.56288640975952,0.20256660461426,1.18559680938721,0.89994312286377,1.36,0.89120555877686,0.46475126266479,1.36,0.66650476455688,,,,,,,,,,,,,,1.72881817498803,1.64604107308388,1.93007121762633,,94,0,0,0,0,0,0,0,94,0,0,0,0,0,0,0,"{""draft_candidate"":true,""draft_candidate_id"":128,""draft_lottery"":false,""draft_method"":""cpu"",""draft_overall_pick"":36,""draft_round"":3,""draft_source"":""university"",""draft_year"":2051,""fa_nissuu"":0,""rookie_year"":true}"
77555,志田 道洋,3,1,reliever,23,5,R,R,190,76,1625,6,0,77555,false,false,,支配下,通常,0,0,,0,0,0,,,-0.26557090759277,0.43528213500977,-1.36125114440918,-0.8528734588623,-1.65260997772217,-1.49554359436035,-0.22211597442627,-0.78650825500488,0.57110534667969,-0.65823307037354,-0.65675680160522,0.5823394203186,0.76661849975586,-0.64056037902832,0.96759897232056,0.48210220336914,0.33673645019531,-0.22337265014648,-0.11795433044434,0.20128768920898,-0.56092420578003,0.79526779174805,0.36216529846191,1.11892272949219,1.03078750610352,0.18775726318359,-0.50904799222946,-0.13910653114319,1.27976085662842,-0.05705156621337,0.61915516614914,0.03503569640219,1.63862309391797,1.62525921577215,-0.03705210786685,0.30286741528288,1.45974533230066,1.99752845644951,0.51015281007439,0.24139892578125,-0.41891342163086,-1.78080282211304,144,0,0,0,0,0,0,0,0,0,0,0,0,0,0,0,0,"{""draft_candidate"":true,""draft_candidate_id"":297,""draft_lottery"":false,""draft_method"":""cpu"",""draft_overall_pick"":61,""draft_round"":6,""draft_source"":""high_school"",""draft_year"":2051,""fa_nissuu"":0,""rookie_year"":true}"
77591,櫛引 史克,3,7,fielder,27,5,R,L,187,72,1625,1,0,77591,false,false,,支配下,通常,0,0,,0,0,0,,,0.74525325485319,1.07222136683017,0.40355005100369,2.03730278850496,-0.0294147183001,1.76780374164283,0.58062161062658,0.38137371218204,0.1948775100708,-0.35490043640137,-0.03634029388428,-0.51079072475433,0.2903311920166,0.94751823425293,0.3381654548645,0.02237493515015,0.36766773223877,-0.19283367156982,0.33822036743164,-0.76309440201521,-1.59794314152747,-0.6700479606688,-1.26526981842518,-1.80173639763892,-1.17527132124174,-1.86080111634824,,,,,,,,,,,,,,0.55248157135397,0.26448032277822,1.36230013942719,,0,42,0,88,68,0,0,0,0,42,0,88,68,0,0,0,"{""draft_candidate"":true,""draft_candidate_id"":101,""draft_lottery"":false,""draft_method"":""cpu"",""draft_overall_pick"":97,""draft_round"":1,""draft_source"":""university"",""draft_year"":2051,""fa_nissuu"":0,""rookie_year"":true}"
77592,脇山 弘容,3,9,fielder,23,5,R,R,173,95,1625,2,0,77592,false,false,,支配下,通常,0,0,,0,0,0,,,-0.50878030250967,0.03815782660246,1.50640088519454,0.37083759343624,1.57884712809324,-0.1367053825506,-0.47460493443534,1.34933620935679,1.35102096557617,0.42999557495117,-1.18100873351097,-0.05461382865906,0.09941329956055,0.89543243408203,0.76977306365967,-0.14980346679687,-0.68410667419434,0.19270965576172,-0.6862247467041,0.36177509337664,0.27112340000272,0.13538876636326,0.26546035754681,-0.16290350118279,2.01714110711217,-0.28140506339446,,,,,,,,,,,,,,0.71870392116904,-0.06651708841324,1.73156075805426,,0,56,0,85,94,0,0,0,0,56,0,85,94,0,0,0,"{""draft_candidate"":true,""draft_candidate_id"":262,""draft_lottery"":false,""draft_method"":""cpu"",""draft_overall_pick"":98,""draft_round"":2,""draft_source"":""high_school"",""draft_year"":2051,""fa_nissuu"":0,""rookie_year"":true}"
77604,ラビン,3,7,fielder,31,5,R,L,195,98,22367,0,0,77604,false,true,,支配下,通常,0,0,,0,0,0,,,-0.17699582590163,0.97659712415934,1.04050156486034,2.68622595391422,1.49987432360649,1.69236929953098,-0.29608189664781,2.35164452308416,2.56,2.56,2.35659343719482,2.13386341094971,2.43050075531006,2.23834037780762,1.33111799716949,2.47315975189209,1.55221935272217,2.56,1.01946077346802,2.29494106769562,1.81049144744873,1.24612500743568,0.98258421424031,1.92160478258133,2.81890494613349,1.40677855202556,,,,,,,,,,,,,,2.48888797845244,1.74617705984437,2.60484139521122,,0,0,0,89,0,0,0,0,0,0,0,89,0,0,0,0,"{""fa_nissuu"":102,""foreign_scout"":true,""foreign_signed_year"":2051,""quality_tier"":""ace"",""released_from_team"":1,""released_signed_year"":2052}"
77614,安江 正邦,3,8,fielder,22,4,R,L,182,100,2143,1,0,77614,false,false,,支配下,通常,0,0,,0,0,0,,,0.88413184171915,1.49965781378746,1.31011109238863,2.01047263988256,-0.58884621054865,2.30449892812371,-0.11661021023244,-0.03423387694359,-0.42819618225098,0.14444911956787,0.46177024841309,1.0473677444458,0.94528076171875,-0.41889082431793,0.32849708557129,-0.45993619680405,0.20254981994629,0.72651695251465,0.02790252685547,1.74902309262753,2.63730861643329,2.34178068238497,2.40543168830127,1.12825754255056,2.32060998445004,2.50709558397531,,,,,,,,,,,,,,1.66806614631414,1.07251005142182,1.56531564338505,,0,91,0,100,82,0,0,60,0,91,0,100,82,0,0,60,"{""draft_candidate"":true,""draft_candidate_id"":291,""draft_lottery"":false,""draft_method"":""rebid_single"",""draft_overall_pick"":7,""draft_round"":1,""draft_source"":""high_school"",""draft_year"":2052,""fa_nissuu"":2,""rookie_year"":true}"
77623,和久井 玲一郎,3,1,reliever,22,4,R,R,179,82,1407,2,0,77623,false,false,,支配下,通常,0,0,,0,0,0,,,0.14929012298584,-1.48907049417496,-0.97567672729492,0.24001495361328,-0.62562255859375,0.68054092407227,0.23604125976562,0.40451782226563,0.6222225189209,1.6,1.6,0.33185126304626,-0.04320652008057,0.62095573425293,1.6,0.33198188781738,1.59636260986328,1.6,1.43291732788086,0.72608444213867,1.51232070922852,1.28429903030396,1.21902435302734,-0.44007469177246,1.6,0.0768342590332,-0.33289020717144,1.6,1.22127582550049,2.092602899611,0.0947862342,1.11799857189693,1.63621024022996,1.07494694186002,1.29304985105991,1.36729755328596,1.04262247270346,2.35487375497818,0.78882981559634,-0.61913780212402,1.42006851196289,-1.01923286437988,144,0,0,0,0,0,0,0,0,0,0,0,0,0,0,0,0,"{""draft_candidate"":true,""draft_candidate_id"":310,""draft_lottery"":false,""draft_method"":""cpu"",""draft_overall_pick"":16,""draft_round"":2,""draft_source"":""high_school"",""draft_year"":2052,""fa_nissuu"":2,""rookie_year"":true}"
77640,白井 裕峻,3,8,fielder,25,4,L,R,189,76,1406,3,0,77640,false,false,,支配下,通常,0,0,,0,0,0,,,-0.35600914925337,0.7662944791615,0.58827148270607,1.73360910182595,0.60187925344799,2.49326887407303,-0.22191152979434,1.60043934088945,0.99815051078796,1.36,-0.34909424930811,1.36,1.12969626426697,-0.23784873366356,0.65190452575684,1.3159536075592,1.11607099533081,1.36,0.43791951179504,1.7707738263011,2.10191790509224,1.96263096301165,2.55050860016048,0.98753798022866,2.66587481504679,1.89593403038284,,,,,,,,,,,,,,1.15227083361149,0.92122238385584,1.44592545568943,,0,93,0,100,89,0,0,0,0,93,0,100,89,0,0,0,"{""draft_candidate"":true,""draft_candidate_id"":222,""draft_lottery"":false,""draft_method"":""cpu"",""draft_overall_pick"":33,""draft_round"":3,""draft_source"":""university"",""draft_year"":2052,""fa_nissuu"":0,""rookie_year"":true}"
77647,山森 芳直,3,1,reliever,25,4,R,R,188,81,1406,4,0,77647,false,false,,支配下,通常,0,0,,0,0,0,,,0.40842644691467,-0.8345379781723,-1.06459554433823,0.3220370388031,-1.30481841474772,-0.43571225643158,-0.11838493824005,-0.46623180389404,0.79474817276001,1.16387194633484,0.30350082397461,0.73258894920349,1.6,0.03440619468689,0.05689140319824,1.40695420265198,0.42633739471436,0.91387830734253,1.13301613807678,0.41382296562195,-0.30977105736732,1.46764327049255,0.8542528629303,1.59491623878479,1.5461652469635,0.74708632469177,0.92763014793396,0.47414655208588,1.08260445594788,0.35959814766049,0.3187891931273,0.00588416261226,0.51560068451054,1.00625374937058,2.17729322195053,1.22194784253836,2.06349844366312,2.0645102096349,0.69572141613066,0.16368607521057,-0.88035155892372,-0.48655785083771,144,0,0,0,0,0,0,0,0,0,0,0,0,0,0,0,0,"{""draft_candidate"":true,""draft_candidate_id"":175,""draft_lottery"":false,""draft_method"":""cpu"",""draft_overall_pick"":40,""draft_round"":4,""draft_source"":""university"",""draft_year"":2052,""fa_nissuu"":0,""rookie_year"":true}"
77664,宮平 治三郎,3,2,fielder,25,4,R,R,193,95,1405,5,0,77664,false,false,,支配下,通常,0,0,,0,0,0,,,0.36403929278255,1.15323813439906,0.75033354635537,0.47694402109683,0.85157679390907,0.53974693757147,0.62289040872641,0.0735066630207,2.00625444102287,1.71111427724361,2.02501653808355,1.74947853301466,1.93377131584287,-0.10790182590485,-0.19092602968216,0.34752242565155,0.52871831893921,-0.00012692928314,-0.18891084432602,0.77786023139954,-0.16614904165268,0.31772549152374,0.43127249717712,-0.42581856369972,0.49442523002625,0.33235685825348,,,,,,,,,,,,,,0.51474611264467,0.88092683029175,1.31129716251791,,70,0,0,0,0,0,0,0,70,0,0,0,0,0,0,0,"{""draft_candidate"":true,""draft_candidate_id"":60,""draft_lottery"":false,""draft_method"":""cpu"",""draft_overall_pick"":57,""draft_round"":5,""draft_source"":""university"",""draft_year"":2052,""fa_nissuu"":0,""rookie_year"":true}"
77671,平瀬 祥泰,3,2,fielder,25,4,L,R,183,84,1405,6,0,77671,false,false,,支配下,通常,0,0,,0,0,0,,,0.50402943716012,1.47786036103964,0.5830089892745,1.7699459811151,-0.6313560923785,1.71970088291168,-0.1629747002197,1.10803564959764,2.00955070400238,2.70560474577546,2.38498709636927,2.03346474018693,2.47607463788986,0.37368462562561,0.32016881465912,0.15025041103363,-0.2754642367363,-0.57213417887688,0.24314625263214,0.89654491424561,1.36,0.99722502708435,0.52234115600586,-0.24194123506546,-0.60648977577686,1.27575898170471,,,,,,,,,,,,,,1.26629270125181,0.4007803363204,-0.26158429330587,,100,0,0,0,0,0,0,0,100,0,0,0,0,0,0,0,"{""draft_candidate"":true,""draft_candidate_id"":313,""draft_lottery"":false,""draft_method"":""cpu"",""draft_overall_pick"":64,""draft_round"":6,""draft_source"":""university"",""draft_year"":2052,""fa_nissuu"":0,""rookie_year"":true}"
77695,城島 和起,3,7,fielder,22,4,L,R,185,76,1405,1,0,77695,false,false,,支配下,通常,0,0,,0,0,0,,,0.63534478741139,1.41580689010024,0.70528065243363,1.15792113704532,0.91979156267643,1.35213165276051,-0.0990582286343,-0.86100684227049,0.39643753051758,-0.30587326049805,0.08079559326172,-1.48141608953476,-0.40802429199219,0.69529281616211,-0.81242092132568,0.00691101074219,-1.61950061798096,-1.29991104125977,-0.39815887451172,-1.97226996088028,-1.81315083146095,-1.96272585781664,-0.8532643353343,-1.95313002097607,-1.6959188837707,-0.42138956677914,,,,,,,,,,,,,,0.24447311747074,-0.79263867378235,0.79924799451232,,0,46,59,82,74,0,0,0,0,46,59,82,74,0,0,0,"{""draft_candidate"":true,""draft_candidate_id"":230,""draft_lottery"":false,""draft_method"":""cpu"",""draft_overall_pick"":88,""draft_round"":1,""draft_source"":""high_school"",""draft_year"":2052,""fa_nissuu"":0,""rookie_year"":true}"
77700,扇谷 靖崇,3,1,starter,26,4,R,R,176,91,1405,2,0,77700,true,false,,育成,通常,0,0,,0,0,0,,,-0.59531010150909,-0.09241676330566,-0.12489749908447,-1.0712531375885,-0.95969633102417,-1.41141635477543,-0.61349420309067,-0.99042764186859,0.68551048278809,0.01806346893311,0.69662521362305,1.06539638519287,-0.14441290855408,1.0806413269043,1.10012586593628,0.95240684509277,0.83965061187744,-0.42477994322777,0.48099266052246,-0.28777537822723,1.37528423309326,0.40882490158081,0.84429439544678,0.09002523422241,0.79978591918945,0.33839143753052,0.88527200698853,0.98202054977417,0.35559967041016,0.17638488256931,-0.2449200309813,-0.31756761219352,-0.40623504441977,1.27720311708748,1.392978523314,0.41688335189223,0.70369326075912,0.76827946007252,1.71082868134975,-0.02443874359131,0.51444606781006,-0.25440799713135,144,0,0,0,0,0,0,0,0,0,0,0,0,0,0,0,0,"{""draft_candidate"":true,""draft_candidate_id"":174,""draft_lottery"":false,""draft_method"":""cpu"",""draft_overall_pick"":93,""draft_round"":2,""draft_source"":""university"",""draft_year"":2052,""fa_nissuu"":0,""rookie_year"":true}"
77719,箭内 時人,3,8,fielder,25,3,L,R,176,72,5676,1,0,77719,false,false,,支配下,通常,0,0,,0,0,0,,,-0.00046814167127,1.27355815982819,0.64407033121586,2.65235452338457,0.88698552155495,2.36386070218086,-0.27760456758738,0.53389450550079,0.23754337310791,1.23069255828857,0.79541944503784,1.04949750900269,0.37053682327271,0.6599135017395,1.36,1.36,0.47319118499756,0.93526149749756,-0.13702984273434,1.52947017580271,1.70955149412155,1.71856498712488,1.24269652378559,2.53364948281646,1.78667495626211,2.60168452960253,,,,,,,,,,,,,,0.46949603146315,1.41920915600657,0.120736718297,,0,86,0,84,82,0,0,0,0,86,0,84,82,0,0,0,"{""draft_candidate"":true,""draft_candidate_id"":41,""draft_lottery"":false,""draft_method"":""single_bid"",""draft_overall_pick"":3,""draft_round"":1,""draft_source"":""university"",""draft_year"":2053,""fa_nissuu"":2,""rookie_year"":true}"
77739,長谷部 広士,3,1,reliever,24,3,R,R,183,79,1195,2,0,77739,false,false,,支配下,通常,0,0,,0,0,0,,,0.66294877052307,0.35545023918152,-0.70210010051727,-1.63335633784533,0.1205784034729,-0.87856872558594,0.55298566818237,-1.27873833656311,-0.50686987876892,0.23042967319489,-0.42463670492172,-0.27463224172592,1.06253060340881,-0.00071539402008,0.21034707546234,-0.6353739720583,-0.05425372123718,0.5946525478363,0.39638412475586,1.19409582138062,-0.60076127648354,0.02869411468506,-0.03073627471924,0.38535618782043,0.52313405036926,0.6646716594696,0.56171862602234,0.58889740943909,0.55147263526917,1.36508680218458,1.67078991413116,0.77506419640034,-0.25060322403908,-0.14370676007867,0.94870682257414,1.1430666757822,0.6728505693078,1.13308144640923,0.78573600876331,0.36531588554382,-0.39543376922607,-0.7723731803894,142,0,0,0,0,0,0,0,0,0,0,0,0,0,0,0,0,"{""draft_candidate"":true,""draft_candidate_id"":172,""draft_lottery"":false,""draft_method"":""cpu"",""draft_overall_pick"":23,""draft_round"":2,""draft_source"":""university"",""draft_year"":2053,""fa_nissuu"":0,""rookie_year"":true}"
77742,副田 竜吾郎,3,1,reliever,24,3,R,R,176,86,1191,3,0,77742,false,false,,支配下,通常,0,0,,0,0,0,,,0.59657538414001,0.26688387870789,-0.56418797492981,-0.70053550720215,-0.99804339885712,-0.71223763465881,-0.25738966941833,-1.17163964271545,0.16716492176056,0.14800008296967,0.91349550247192,-0.08430889606476,0.89347447395325,0.71570042610168,0.09126040935516,0.61117052078247,-0.2729153585434,1.08587379455566,0.10896026134491,0.8422216129303,0.10283130168915,0.65114851951599,-0.57277031779289,-0.0973787355423,0.13275684356689,0.89697113990784,0.18141657829285,-0.17514977455139,0.04144645214081,0.70410915446281,1.29898826733418,0.69110747569799,-0.36789166155457,0.05971292388439,-0.04461874115467,-0.14806866845489,1.35874601399899,1.42607427918911,-0.25261856031418,-0.21154727935791,-1.04825014352798,-0.55051137924194,141,0,0,0,0,0,0,0,0,0,0,0,0,0,0,0,0,"{""draft_candidate"":true,""draft_candidate_id"":1,""draft_lottery"":false,""draft_method"":""cpu"",""draft_overall_pick"":26,""draft_round"":3,""draft_source"":""university"",""draft_year"":2053,""fa_nissuu"":0,""rookie_year"":true}"
77763,酒井 格行,3,1,reliever,21,3,R,R,191,73,1188,4,0,77763,false,false,,支配下,通常,0,0,,0,0,0,,,-0.41816608428955,-2,0.05633178710937,-0.16852493286133,-1.82351276397705,-0.4702751159668,0.4441081237793,-0.33457597732544,0.4167692565918,1.16757781982422,-0.7629020690918,-0.19165849685669,0.64908584594727,-0.09779495239258,0.31627782821655,-0.09957084655762,0.85347045898438,0.08877700805664,-0.49710540771484,-1.29171284198761,1.14413024902344,0.43142612457275,-1.19097640991211,0.98099151611328,-0.67202751159668,-0.06677093505859,0.88947679519653,-0.53890329360962,-0.42042534828186,0.73851239812374,1.28701469095238,-0.58705407895893,-0.15770615386963,-0.81069588381052,-0.95620453470945,-0.23568267324567,1.27590531098843,0.90363206917048,-0.09000084638596,-1.03571807861328,-0.55253784179688,-0.41143951416016,146,0,0,0,0,0,0,0,0,0,0,0,0,0,0,0,0,"{""draft_candidate"":true,""draft_candidate_id"":56,""draft_lottery"":false,""draft_method"":""cpu"",""draft_overall_pick"":47,""draft_round"":4,""draft_source"":""high_school"",""draft_year"":2053,""fa_nissuu"":0,""rookie_year"":true}"
77766,境野 剛士,3,1,reliever,24,3,L,R,193,99,1186,5,0,77766,false,false,,支配下,通常,0,0,,0,0,0,,,0.64287194252014,-1.14709733963013,-1.05202668190002,-0.38899043083191,-1.33278984069824,-0.0163026714325,0.60396111488342,-0.60061611175537,-0.64992646694183,0.20093755245209,-0.68601829349995,0.61856402397156,1.09118239402771,-0.75012338399887,-0.3587051987648,0.10376565933228,-0.66225226402283,-0.05104152679443,-0.45962921857834,-0.72619347155094,-0.7098253673315,-0.49816807389259,0.09116209030151,-0.43792999744415,-0.45134341955185,0.28298119544983,-0.63838198044337,0.67877220153809,-0.32330995321274,1.27530691695213,0.55218891321123,0.80293069173396,-0.36868092728406,0.64885415141284,-0.11622107832134,0.52619699203968,0.96325047445297,0.18490459007025,-0.03147457963228,-0.95413782596588,-1.15406879663467,-0.49832806587219,144,0,0,0,0,0,0,0,0,0,0,0,0,0,0,0,0,"{""draft_candidate"":true,""draft_candidate_id"":130,""draft_lottery"":false,""draft_method"":""cpu"",""draft_overall_pick"":50,""draft_round"":5,""draft_source"":""university"",""draft_year"":2053,""fa_nissuu"":0,""rookie_year"":true}"
77790,藤戸 徳晃,3,8,fielder,24,3,R,R,170,100,1185,7,0,77790,false,false,,支配下,通常,0,0,,0,0,0,,,0.64332154861093,0.34350362825394,1.58397573424876,-0.33391845554113,0.70913311934471,-0.21944547345489,-0.58487050831318,0.24122109216452,1.36,-0.17076001048088,0.20712255239487,1.36,0.43407131671906,-0.14614930570126,0.39204549789429,-0.13929427087307,0.19920292139053,0.56085267066956,0.15870726108551,1.41960611617565,2.32068379318714,1.55825634486973,1.83795571780205,1.6393095690757,1.46094746893644,2.60576033127308,,,,,,,,,,,,,,1.61787829238176,0.5532583896555,0.4570359736681,,0,95,0,85,88,0,0,0,0,95,0,85,88,0,0,0,"{""draft_candidate"":true,""draft_candidate_id"":274,""draft_lottery"":false,""draft_method"":""cpu"",""draft_overall_pick"":74,""draft_round"":7,""draft_source"":""university"",""draft_year"":2053,""fa_nissuu"":0,""rookie_year"":true}"
77802,西本 守広,3,1,reliever,21,3,R,R,190,96,1185,8,0,77802,false,false,,支配下,通常,0,0,,0,0,0,,,-0.02627180099487,0.32077362060547,-1.38027725219727,-1.16394981384277,-0.31012557983398,-1.58440402984619,0.24163902282715,-0.58821989059448,-0.03159034729004,-0.96343420028687,0.69059432983398,0.3681937789917,-1.0007741355896,-0.92977298736572,1.13175905227661,-0.27884979248047,1.04689910888672,-0.62169723510742,-0.85072166442871,0.45725997924805,-0.47423187255859,0.1866250038147,0.74268524169922,-0.35814018249512,0.43158386230469,-0.46520263671875,-0.13939253807068,0.81240528106689,1.02640350341797,0.98628689855337,0.32454260504246,0.21876255434752,1.42747477346659,0.74847840608656,-1.04737987226248,0.90727426958084,1.33795423656702,-0.99492651814222,0.42186286664009,0.26458953857422,0.09167251586914,-0.59879531860352,145,0,0,0,0,0,0,0,0,0,0,0,0,0,0,0,0,"{""draft_candidate"":true,""draft_candidate_id"":67,""draft_lottery"":false,""draft_method"":""cpu"",""draft_overall_pick"":86,""draft_round"":8,""draft_source"":""high_school"",""draft_year"":2053,""fa_nissuu"":0,""rookie_year"":true}"
77804,伊佐治 裕督,3,9,fielder,21,3,R,R,193,77,1184,1,0,77804,true,false,,育成,通常,0,0,,0,0,0,,,0.30272765175998,0.85262946602702,0.24140719395876,1.91638629442453,-1.16907807379961,1.68444823992252,-0.21538526517525,0.45733569949865,0.74802276611328,0.83829040527344,-0.97828144073486,0.0321594619751,0.7247721862793,-0.54889915466309,0.62041017532349,0.57534851074219,0.3329313659668,-0.15646194458008,-1.3398556137085,-0.09783558446169,-0.78479051345587,-0.40529997622222,-0.67280615305901,-0.39616426748037,-0.10557272145152,-1.21818987601995,,,,,,,,,,,,,,0.4416092941761,1.14282975259423,0.79280966604501,,0,48,0,58,71,0,0,0,0,48,0,58,71,0,0,0,"{""draft_candidate"":true,""draft_candidate_id"":177,""draft_lottery"":false,""draft_method"":""cpu"",""draft_overall_pick"":88,""draft_round"":1,""draft_source"":""high_school"",""draft_year"":2053,""fa_nissuu"":0,""rookie_year"":true}"
77820,神 壮晃,3,1,starter,26,3,L,R,177,89,1184,2,0,77820,true,false,,育成,通常,0,0,,0,0,0,,,-0.10445395946503,-0.96196168899536,0.07299069404602,-0.85737196445465,-0.70089936256409,-0.79367094993591,0.11564804077148,-0.09503843307495,0.49715013504028,-0.36486894845963,0.43507256507874,0.17438063621521,-0.63822215370834,-0.11212077617645,-0.07994015693665,-0.38624844551086,0.1442425775528,0.42347949981689,0.52356448173523,-0.45296584844589,0.36219511032104,0.33454396247864,0.80058619499207,-0.49670633912086,-0.46615447998047,0.34685822486877,0.11605173110962,0.47048509597778,0.2609805393219,-0.28603422439098,0.22910284972191,-0.40583281395398,0.55086217021942,0.36530543484306,0.09210747401416,0.84335384316742,0.64052747941017,0.63307992935181,0.70808798986673,-0.42954383850098,0.55428524017334,-1.51875604391098,146,0,0,0,0,0,0,0,0,0,0,0,0,0,0,0,0,"{""draft_candidate"":true,""draft_candidate_id"":278,""draft_lottery"":false,""draft_method"":""cpu"",""draft_overall_pick"":104,""draft_round"":2,""draft_source"":""independent"",""draft_year"":2053,""fa_nissuu"":0,""rookie_year"":true}"
77827,フォアマン,3,5,fielder,28,3,R,L,186,90,6882,0,0,77827,false,true,,支配下,通常,0,0,,0,0,0,,,-0.43728773794137,1.49485022354126,1.39086408549547,0.97358231854439,1.66931931364536,2.02426026439667,0.3371891374886,2.17176136302948,1.84126209259033,1.85413200378418,2.29585426330566,1.90634475708008,2.34892692565918,2.63759799128771,1.1036166588068,1.75836902599037,1.89832799232006,1.08089134842157,0.99136317569204,2.56,1.56250885009766,1.56723390579224,0.8805904173851,2.08671096801758,2.25150703430176,2.38803493499756,,,,,,,,,,,,,,2.30462862747908,2.82490680962801,2.48944023928046,,0,0,95,0,0,0,0,96,0,0,95,0,0,0,0,96,"{""fa_nissuu"":2,""foreign_scout"":true,""foreign_signed_year"":2053,""quality_tier"":""ace"",""released_from_team"":2,""released_signed_year"":2054}"
77828,タウンゼンド,3,1,starter,31,3,R,L,189,84,9895,0,0,77828,false,true,,支配下,通常,0,0,,0,0,0,,,-0.3316291809082,-0.35746975898743,0.02039112091064,-0.23553773880005,-0.04481828689575,0.09529127120972,0.27633575439453,-0.41321343421936,0.85678485870361,0.53490223884583,0.2401256942749,1.8013214302063,1.88562244415283,0.27716026306152,1.5370467376709,1.92,1.80901649475098,0.45906733512878,1.703176612854,1.61859539031982,1.32366855621338,0.88808757781982,0.94893646240234,1.88408882141113,1.55550468444824,1.92,1.55031044006348,1.20675565719604,0.97577454566956,1.33382785612345,1.30621209004521,-0.16066330094263,0.88350666731596,0.85019538542628,2.21613438540697,0.54590121550858,2.19373645794392,1.44803783844411,1.00057827532291,0.66100322723389,1.11367477416992,-0.79945139795542,145,0,0,0,0,0,0,0,0,0,0,0,0,0,0,0,0,"{""fa_nissuu"":30,""foreign_scout"":true,""foreign_signed_year"":2053,""quality_tier"":""good""}"
77838,八坂 丈紘,3,4,fielder,20,2,R,L,193,97,1085,1,0,77838,false,false,,支配下,通常,0,0,,0,0,0,,,0.75349602234364,-0.75811590731144,1.01139514482021,2.04646552772522,-1.06860076546669,1.55019144006893,1.06578772274405,0.74159376955032,0.17505416870117,-0.41017883300781,-0.83811294555664,-0.02919010162354,0.60791534423828,1.21632647419162,1.51432761263847,0.20262638050318,0.45859465175867,1.39883696389198,1.35988457787037,-0.68517295837402,0.78253036499023,-0.83736907958984,-0.76862243652344,0.49017501831055,-1.48165523767471,0.82051452636719,,,,,,,,,,,,,,0.56162749910355,1.24864855366945,-0.76321960026026,,0,56,65,0,47,78,0,67,0,56,65,0,47,78,0,67,"{""draft_candidate"":true,""draft_candidate_id"":232,""draft_lottery"":true,""draft_method"":""lottery"",""draft_overall_pick"":8,""draft_round"":1,""draft_source"":""high_school"",""draft_year"":2054,""fa_nissuu"":0,""rookie_year"":true}"
77850,池辺 考史,3,3,fielder,25,2,R,R,170,75,1016,2,0,77850,false,false,,支配下,通常,0,0,,0,0,0,,,0.52924033054709,1.62621895537898,0.61335826724768,2.58104282591343,1.80361064130068,2.40213153562546,0.81616119514406,1.78179366412759,0.88078919410706,1.36,0.14432758331299,0.99418537139893,0.52238927364349,-1.56675234663487,-1.61854787821323,-1.82857232165337,-0.88980604809523,-0.81805319166183,-2.0096672437191,0.8812769985199,0.40505259037018,0.7863365316391,0.08352125525475,1.36,0.52034537315369,0.83675430297852,,,,,,,,,,,,,,1.59391734519601,1.10262547028065,0.19345386362076,,0,0,84,0,0,0,0,0,0,0,84,0,0,0,0,0,"{""draft_candidate"":true,""draft_candidate_id"":7,""draft_lottery"":false,""draft_method"":""cpu"",""draft_overall_pick"":20,""draft_round"":2,""draft_source"":""industrial"",""draft_year"":2054,""fa_nissuu"":2,""rookie_year"":true}"
77859,是枝 浩文,3,1,starter,23,2,L,R,189,80,996,3,0,77859,false,false,,支配下,通常,0,0,,0,0,0,,,0.70416543960571,-1.22291756868362,0.32424990653992,-0.52725061416626,-0.12775156974792,-0.3867133808136,0.6402392578125,-1.22873424530029,0.48851441383362,-0.34944312810898,1.30081171035767,-0.16644685268402,-0.53103367328644,0.56131285667419,0.54286466598511,0.44070695400238,0.16831309318542,0.55019689559937,1.0558989238739,-0.45545052945614,0.55766258239746,0.65545107841492,0.23277230262756,0.44795344829559,-0.30207995772362,-0.0169348859787,0.40621507167816,0.2298793888092,0.01602530479431,0.64367183256149,0.54316813910007,-0.41859343636036,-0.34700176030397,0.98518295574188,-0.20865146136284,-0.45440781195462,1.08632282066345,0.71123521530628,1.39193003576994,0.26565322875977,-0.47995955944061,-0.73759272575378,148,0,0,0,0,0,0,0,0,0,0,0,0,0,0,0,0,"{""draft_candidate"":true,""draft_candidate_id"":309,""draft_lottery"":false,""draft_method"":""cpu"",""draft_overall_pick"":29,""draft_round"":3,""draft_source"":""university"",""draft_year"":2054,""fa_nissuu"":0,""rookie_year"":true}"
77874,福崎 洋壮,3,3,fielder,20,2,L,R,185,76,981,4,0,77874,false,false,,支配下,通常,0,0,,0,0,0,,,-0.14908140085638,0.77018419330195,1.61945804780722,-0.03278024927974,0.3936206997633,0.22057098837495,0.73512786072493,1.3338925922215,1.36,1.36,-0.04534383773804,1.36,1.36,-2.20976039242744,-1.18469751530886,-1.91216697597504,-1.10026202526689,-2.21014723294973,-2.22707019106299,1.36,1.36,1.36,1.36,1.36,1.36,1.36,,,,,,,,,,,,,,1.65518770694733,0.91483682452142,0.82882531945407,,0,0,85,67,0,0,0,0,0,0,85,67,0,0,0,0,"{""draft_candidate"":true,""draft_candidate_id"":221,""draft_lottery"":false,""draft_method"":""cpu"",""draft_overall_pick"":44,""draft_round"":4,""draft_source"":""high_school"",""draft_year"":2054,""fa_nissuu"":0,""rookie_year"":true}"
77883,粟野 敏昭,3,1,reliever,20,2,R,R,175,75,972,5,0,77883,false,false,,支配下,通常,0,0,,0,0,0,,,-0.59642967224121,0.09151992797852,-1.79498426437378,-0.14575057983398,-0.14276794433594,0.21374618530273,-0.03316257476807,-1.47436465740204,0.86955780029297,-0.12792053222656,-0.90216865062714,1.18863203048706,1.54827682495117,0.14432846069336,1.43435794830322,-0.18102157592773,1.08564651489258,0.8251220703125,0.40468841552734,1.49229431152344,-0.69502876281738,0.56799459457397,-0.33593944549561,-0.33067897796631,1.19486526489258,0.69954162597656,0.45429573059082,0.39243463516235,0.93014734268188,0.57064880371094,-0.32436456000805,-0.51714618682861,1.2320393371582,1.22852157592773,0.05524687980115,0.98029541015625,0.62420059204102,1.40925559383631,-0.26251800537109,0.37575759887695,0.36962005615234,-1.64174310684204,140,0,0,0,0,0,0,0,0,0,0,0,0,0,0,0,0,"{""draft_candidate"":true,""draft_candidate_id"":57,""draft_lottery"":false,""draft_method"":""cpu"",""draft_overall_pick"":53,""draft_round"":5,""draft_source"":""high_school"",""draft_year"":2054,""fa_nissuu"":0,""rookie_year"":true}"
77898,万代 直宣,3,1,reliever,27,2,R,R,174,72,968,6,0,77898,false,false,,支配下,通常,0,0,,0,0,0,,,-0.2648873090744,-0.74380148887634,-1.01059230804443,-0.951163854599,-0.80066956520081,0.06828266143799,0.46497144699097,-0.65279937744141,-0.39032312512398,0.71655351638794,0.75277053833008,0.68032104492188,0.16889345169067,0.21981575012207,0.41005195617676,0.30351621627808,-0.44448577046394,0.16986472129822,0.87999441146851,0.36119205474854,0.91724254608154,0.0409395980835,0.72930328369141,0.3074493598938,0.56717931747437,-0.46072298169136,-0.06165508270264,0.50437255859375,0.09364116668701,0.60525791155696,0.70263266813159,0.67744852589071,0.91522428001463,1.58430043870211,1.0560324473381,0.70162204259634,1.33801885410547,1.33926519304514,0.52794775915146,-0.16188720703125,-0.55061406135559,-0.38269485473633,147,0,0,0,0,0,0,0,0,0,0,0,0,0,0,0,0,"{""draft_candidate"":true,""draft_candidate_id"":27,""draft_lottery"":false,""draft_method"":""cpu"",""draft_overall_pick"":68,""draft_round"":6,""draft_source"":""industrial"",""draft_year"":2054,""fa_nissuu"":0,""rookie_year"":true}"
77921,山県 敦邦,3,1,reliever,20,2,R,R,187,79,958,1,0,77921,true,false,,育成,通常,0,0,,0,0,0,,,-0.35993659973145,-0.36334060668945,-0.0334716796875,-1.88158905029297,-0.20353652954102,-0.0169367980957,-0.14311729431152,-1.09180708885193,-1.03111766815186,0.97936340332031,0.12206420898438,0.76183746337891,-0.13148971557617,-0.47427032470703,-0.78655959129334,1.02951812744141,0.1030744934082,0.18778213500977,0.99524856567383,0.6838655090332,-0.3505485534668,-1.00787838339806,0.50155715942383,-0.87646934509277,-1.14362490653992,1.00212951660156,0.87619855880737,0.83875457763672,0.48257165908813,0.39940022036433,0.5000390663147,-0.04329681408405,-0.18447678625584,0.96498870849609,0.2343119301796,-0.47527252197266,0.65943649291992,0.56598679307103,-0.21402198791504,-1.17450080871582,-0.48514633178711,-0.04122299194336,142,0,0,0,0,0,0,0,0,0,0,0,0,0,0,0,0,"{""draft_candidate"":true,""draft_candidate_id"":44,""draft_lottery"":false,""draft_method"":""cpu"",""draft_overall_pick"":91,""draft_round"":1,""draft_source"":""high_school"",""draft_year"":2054,""fa_nissuu"":0,""rookie_year"":true}"
77931,礒野 広優,3,6,fielder,25,2,R,R,191,96,958,2,0,77931,true,false,,育成,通常,0,0,,0,0,0,,,0.37877611767501,0.91440834805369,-0.06099846076965,-0.2333310128212,0.73941149861366,-0.49036345178485,0.14863747851178,0.40186459688656,0.1488639497757,-0.3014825129509,0.86593134880066,0.55362623214722,0.8583616733551,2.52608750367165,2.16001612737775,1.31779742228985,2.96715205913782,2.87413063412905,2.82932305305591,0.52846059799194,-0.23972749710083,0.53731436729431,0.27979763031006,0.23324954986572,-0.57151783108711,0.47148315429688,,,,,,,,,,,,,,0.89551582115889,1.24715323770046,0.88439640706033,,0,58,68,0,0,75,88,71,0,58,68,0,0,75,88,71,"{""draft_candidate"":true,""draft_candidate_id"":35,""draft_lottery"":false,""draft_method"":""cpu"",""draft_overall_pick"":101,""draft_round"":2,""draft_source"":""independent"",""draft_year"":2054,""fa_nissuu"":0,""rookie_year"":true}"
77955,古川 恵斗,3,5,fielder,23,1,L,R,177,92,1150,1,0,77955,false,false,,支配下,通常,0,0,,0,0,0,,,-0.10581722833216,1.52533872902393,1.61542833185196,1.46389876115769,-0.38056230047345,1.40943273944855,0.12927881640196,0.64064136600494,0.91084461212158,0.34454168319702,1.36,0.92858568191528,1.06113025665283,1.05443031382561,1.00209388485272,1.29183105637133,-0.07442563611269,1.2779208591897,-0.27668567568064,-0.25367851734161,0.11524974822998,-0.02395168781281,0.12393421173096,-0.39876099165529,0.04172901153564,-0.0629679775238,,,,,,,,,,,,,,-0.32423425477743,1.04420771896839,0.66823257768154,,0,0,64,0,0,72,0,85,0,0,64,0,0,72,0,85,"{""draft_candidate"":true,""draft_candidate_id"":209,""draft_lottery"":false,""draft_method"":""rebid_single"",""draft_overall_pick"":9,""draft_round"":1,""draft_source"":""university"",""draft_year"":2055,""fa_nissuu"":0,""rookie_year"":true}"
77969,山方 慎滋,3,5,fielder,19,1,R,R,191,97,1000,2,0,77969,false,false,,支配下,通常,0,0,,0,0,0,,,0.41167739868164,0.3445393371582,1.05925542238355,0.73522920413017,-0.88864240646362,0.62269366760254,-0.68010932922363,0.22498706817627,0.58925323486328,-0.10189567565918,0.10243476867676,0.1174243927002,-0.31133186340332,-0.30698089599609,-0.76516902276874,-0.97310356140137,-0.70889465022087,-0.9933022403717,0.45255981445313,1.09758499145508,0.97156204223633,-0.18609864234924,1.34792144775391,0.24829360961914,1.36,-0.25480964660645,,,,,,,,,,,,,,1.36997621619701,0.85334145972133,-0.21961570739746,,0,0,0,49,60,0,0,72,0,0,0,49,60,0,0,72,"{""draft_candidate"":true,""draft_candidate_id"":309,""draft_lottery"":false,""draft_method"":""cpu"",""draft_overall_pick"":23,""draft_round"":2,""draft_source"":""high_school"",""draft_year"":2055,""fa_nissuu"":0,""rookie_year"":true}"
77972,諸橋 公己,3,1,starter,22,1,R,R,188,81,900,3,0,77972,false,false,,支配下,通常,0,0,,0,0,0,,,0.11566586494446,0.75544714927673,0.20312121391296,-0.87417410254478,0.06441413879395,0.08581826210022,0.5336562538147,0.26949853897095,-0.08940490365028,0.79717195034027,0.86457897663116,0.3707058095932,0.53655658721924,1.06681648254395,0.07704577624798,0.52926471710205,0.64958509922028,1.6,-0.01038329362869,1.43938299179077,0.37021916866302,0.81840792655945,1.27044371604919,0.97509136199951,0.6678524017334,0.57305728435516,0.63145956039429,1.53691896438599,0.278600730896,0.72426404392719,1.46958191673271,-0.46089583077841,1.5153020991683,0.72699386609276,0.51765424370766,0.09215090000629,1.00250320794433,1.0592434015274,1.170411531955,-0.62522384405136,-0.16817728996277,0.86673582077026,141,0,0,0,0,0,0,0,0,0,0,0,0,0,0,0,0,"{""draft_candidate"":true,""draft_candidate_id"":202,""draft_lottery"":false,""draft_method"":""cpu"",""draft_overall_pick"":26,""draft_round"":3,""draft_source"":""university"",""draft_year"":2055,""fa_nissuu"":0,""rookie_year"":true}"
77993,諸井 成彬,3,4,fielder,25,1,L,L,192,94,825,4,0,77993,false,false,,支配下,通常,0,0,,0,0,0,,,0.00392551061511,0.57188545775414,0.72970276747644,1.12153543636203,-0.38578354328126,0.99982983203232,0.36137797797471,0.03906539607048,0.49881732940674,0.21815793991089,-0.5093675327301,0.63367546081543,-0.19217383384705,1.77348862683773,0.87614254775643,2.01429091489315,1.312251909554,1.16847027754784,0.69656495767832,0.8602939414978,-0.08887407302856,0.014694480896,-0.04709965705872,-0.3466206741333,0.40440843582153,-0.28678786277771,,,,,,,,,,,,,,0.98152661371231,0.4764804700613,0.25988757917285,,0,0,62,0,0,70,60,59,0,0,62,0,0,70,60,59,"{""draft_candidate"":true,""draft_candidate_id"":305,""draft_lottery"":false,""draft_method"":""cpu"",""draft_overall_pick"":47,""draft_round"":4,""draft_source"":""industrial"",""draft_year"":2055,""fa_nissuu"":0,""rookie_year"":true}"
77996,木戸 識央,3,1,reliever,23,1,L,R,181,71,780,5,0,77996,false,false,,支配下,通常,0,0,,0,0,0,,,-0.10894439697266,-0.60624961853027,-1.06223276138306,-1.54374375343323,-0.90240274429321,0.23058380126953,0.30558311462402,0.04760520935059,0.17039943695068,1.09555400848389,0.73153266906738,0.10633291244507,0.00743562698364,0.7686404800415,-0.40366824626923,0.05389909744263,-0.31197449684143,0.533349609375,-0.16053131103516,1.0651000213623,0.65401313781738,0.04332117080688,-0.53341953277588,1.01134872436523,-0.48592813968658,0.58895072937012,0.56814226150513,0.43599914550781,0.95993427276611,0.70342004066706,0.83735256689787,-0.29946817398071,0.74696846008301,0.01262205719948,0.32507171809673,-0.02967581909895,0.40234569549561,0.1828800201416,0.21268474578857,-1.04909591674805,0.53728298187256,-0.27923011779785,160,0,0,0,0,0,0,0,0,0,0,0,0,0,0,0,0,"{""draft_candidate"":true,""draft_candidate_id"":24,""draft_lottery"":false,""draft_method"":""cpu"",""draft_overall_pick"":50,""draft_round"":5,""draft_source"":""university"",""draft_year"":2055,""fa_nissuu"":0,""rookie_year"":true}"
78017,日向野 載弘,3,4,fielder,19,1,R,R,177,74,760,6,0,78017,false,false,,支配下,通常,0,0,,0,0,0,,,-0.14375935015082,1.01094375610352,0.58574400269985,0.25546867256165,-0.8707280856967,0.33546867256165,-0.76185301023535,0.4386642074585,0.53060165405273,-1.16636407852173,-1.32962374687195,-0.01796627044678,1.13334533691406,-0.72331237792969,-1.14838580131531,-1.12847116470337,-0.56709481072426,-0.28418273925781,0.91771026611328,0.52815338134766,0.8000927734375,0.16926712036133,-0.5915763092041,-1.23250682830811,0.42893310546875,-0.02550872802734,,,,,,,,,,,,,,1.23358520507813,-0.99683670210838,0.97094482421875,,0,0,0,0,85,86,0,98,0,0,0,0,85,86,0,98,"{""draft_candidate"":true,""draft_candidate_id"":320,""draft_lottery"":false,""draft_method"":""cpu"",""draft_overall_pick"":71,""draft_round"":6,""draft_source"":""high_school"",""draft_year"":2055,""fa_nissuu"":0,""rookie_year"":true}"
78030,塩屋 重俊,3,9,fielder,19,1,R,R,193,97,710,1,0,78030,true,false,,育成,通常,0,0,,0,0,0,,,-0.19494775680453,0.87344632363319,0.97858368602395,0.48261831740141,-0.89671473455429,0.58943404099941,0.42143369784951,0.72760321706533,-0.02312538146973,0.42530166625977,-0.79827259063721,0.38596160888672,1.02894805908203,0.96069473266602,0.15920541763306,-0.77046695709229,-0.25762992858887,0.98225509643555,-0.14731575012207,-0.5232890946269,0.46274525874853,-0.43865497913957,-0.80637068653107,-0.67731722426414,1.20328044629097,-0.31777305579185,,,,,,,,,,,,,,0.26642681467533,1.81093600130081,1.55701172566414,,0,46,0,56,72,0,0,0,0,46,0,56,72,0,0,0,"{""draft_candidate"":true,""draft_candidate_id"":286,""draft_lottery"":false,""draft_method"":""cpu"",""draft_overall_pick"":84,""draft_round"":1,""draft_source"":""high_school"",""draft_year"":2055,""fa_nissuu"":0,""rookie_year"":true}"
75998,岡原 晴誉,4,1,reliever,37,19,R,R,176,91,7328,1,0,75998,false,false,,支配下,通常,0,0,,0,0,0,,,-0.78335791110992,0.08367950439453,-1.56721389770508,-1.02377494812012,-1.55027370452881,-0.23542251586914,0.12180965423584,-0.3353408241272,1.36716461181641,1.45904022216797,0.18949081420898,0.26457636833191,1.26125061035156,1.24545211791992,0.73432790756226,0.9592936706543,-0.76517765045166,-0.33358810424805,-0.93414265871048,0.53332824707031,0.6780241394043,0.13818055152893,-0.82452429771423,0.78443725585938,0.53694305419922,1.08675079345703,1.26529653549194,-0.5861625623703,-0.71773919701576,1.38190514479578,-0.6058295243457,0.64019404666126,-0.9034943417497,0.57964764025137,-0.66264930877835,0.96683049762249,1.09616976885498,1.24115845875442,0.74004894244522,0.10076522827148,0.75429992675781,-1.11316101074219,144,0,0,0,0,0,0,0,0,0,0,0,0,0,0,0,0,"{""draft_candidate"":true,""draft_candidate_id"":318,""draft_lottery"":true,""draft_method"":""lottery"",""draft_overall_pick"":8,""draft_round"":1,""draft_source"":""high_school"",""draft_year"":2037,""fa_nissuu"":309,""rookie_year"":true}"
76029,岩村 多可史,4,3,fielder,37,19,L,L,179,89,11715,4,0,76029,false,false,,支配下,通常,0,0,,0,0,0,,,0.81054604767635,1.67694867496192,1.47611128587276,1.19907630867511,1.09131610906124,1.90621374973655,1.74699013639614,0.91134820731916,0.72831451416016,0.33444534301758,-0.61735496520996,0.67285224914551,-0.3968083190918,-2.65942786167562,-1.27478598906659,-1.90165330038965,-1.66774165612459,-1.57144804576039,-1.10194314868748,1.01646697998047,-0.60679351806641,0.49656183242798,-0.00905075073242,0.26385345458984,1.09286483764648,-0.35259811401367,,,,,,,,,,,,,,-0.00972384910285,1.91820148379356,1.53927767140269,,0,0,94,71,0,0,0,0,0,0,94,71,0,0,0,0,"{""draft_candidate"":true,""draft_candidate_id"":38,""draft_lottery"":false,""draft_method"":""cpu"",""draft_overall_pick"":39,""draft_round"":4,""draft_source"":""high_school"",""draft_year"":2037,""fa_nissuu"":274,""rookie_year"":true}"
76207,寺地 昂志,4,4,fielder,35,17,L,R,187,81,6339,1,0,76207,false,false,,支配下,通常,0,0,,0,0,0,,,0.98179587532394,0.28664147960544,1.74514857749045,1.55453143555522,1.30624376059324,1.37913846001551,0.30061793795228,1.89570738657564,-0.5712513923645,-0.38442211151123,-0.52015525817871,0.72751621246338,0.7159130859375,1.45094806405157,1.75432470403612,0.97101345711946,2.30562817761302,1.77782180061191,1.72869692102075,-0.39364891052246,1.36,1.18164289474487,-0.41303436279297,0.63667175292969,-0.45200366973877,0.05166786193848,,,,,,,,,,,,,,0.01023728245795,1.61999137147963,0.15620086119734,,0,0,54,0,49,86,48,93,0,0,54,0,49,86,48,93,"{""draft_candidate"":true,""draft_candidate_id"":75,""draft_lottery"":false,""draft_method"":""rebid_single"",""draft_overall_pick"":12,""draft_round"":1,""draft_source"":""high_school"",""draft_year"":2039,""fa_nissuu"":334,""rookie_year"":true}"
76413,小出 嗣,4,1,starter,33,15,L,R,175,85,14313,1,0,76413,false,false,,支配下,通常,0,0,,0,0,0,,,-0.52496206283569,0.03193374633789,0.6639225769043,-0.9918692779541,-1.83109491467476,-0.42287887573242,-0.23609018325806,0.15530355453491,-0.78468421936035,-0.68763690948486,1.47758636474609,1.29902538299561,0.82591323852539,0.07140632629395,1.38468822479248,0.52924133300781,-0.43566543579102,0.817841796875,0.60092483520508,0.06195037841797,0.98455322265625,0.10671311378479,-0.23827842712402,1.47383331298828,0.05228187561035,1.11491607666016,-0.51214238882065,0.41376934051514,-0.5340841794014,1.58260238145292,1.55384708341956,0.03809483970702,1.22516328886896,-0.13600874328613,-0.76481880091131,1.29376945252717,2.5057049587965,1.56607507511787,1.59714803411188,0.23284942626953,-0.55755683898926,-1.23857128143311,146,0,0,0,0,0,0,0,0,0,0,0,0,0,0,0,0,"{""draft_candidate"":true,""draft_candidate_id"":142,""draft_lottery"":false,""draft_method"":""single_bid"",""draft_overall_pick"":2,""draft_round"":1,""draft_source"":""high_school"",""draft_year"":2041,""fa_nissuu"":250,""rookie_year"":true}"
76426,間島 伯秀,4,8,fielder,33,15,R,R,187,84,8685,2,0,76426,false,false,,支配下,通常,0,0,,0,0,0,,,1.6135568625927,1.41730102757067,2.03749032046795,1.16800398881358,0.94222345643491,2.63241105484366,-0.15130307183415,1.76837019528449,0.15541244506836,0.03858505249023,1.36,-0.83012739241123,0.49837219238281,0.94164428710937,1.33412223815918,-0.06328193664551,-1.01682395935059,1.18231170654297,0.57798004150391,0.98166067752242,2.84908466917928,2.58265797781013,0.79694906619191,2.18196566617489,2.1465879240483,1.67184949469566,,,,,,,,,,,,,,1.0834300698936,1.26772525216639,-0.33258040137067,,0,92,0,88,81,0,0,0,0,92,0,88,81,0,0,0,"{""draft_candidate"":true,""draft_candidate_id"":72,""draft_lottery"":false,""draft_method"":""cpu"",""draft_overall_pick"":15,""draft_round"":2,""draft_source"":""high_school"",""draft_year"":2041,""fa_nissuu"":284,""rookie_year"":true}"
76445,飯野 希浩,4,7,fielder,33,15,L,R,172,98,18818,3,0,76445,false,false,,支配下,通常,0,0,,0,0,0,,,1.66010893451795,2.90087591558509,2.38760361047648,1.92300589952096,1.3279733587727,2.92796563291401,0.3257462708205,1.27112578313798,-0.75247428894043,-0.6431746673584,-0.65481536865234,0.89281726837158,-0.51473243713379,-0.70268569946289,1.09211875915527,0.48710189819336,-0.55774749755859,-0.09502700805664,-0.25068336486816,0.10191062383354,0.50188369491696,0.07015805687755,0.41727539858222,-0.75989106195793,-0.11669087269902,-1.11956338696927,,,,,,,,,,,,,,2.22126451921314,1.77714055344164,-0.60631787659004,,0,47,45,73,63,0,0,0,0,47,45,73,63,0,0,0,"{""draft_candidate"":true,""draft_candidate_id"":78,""draft_lottery"":false,""draft_method"":""cpu"",""draft_overall_pick"":34,""draft_round"":3,""draft_source"":""high_school"",""draft_year"":2041,""fa_nissuu"":249,""rookie_year"":true}"
76450,細山 孝由,4,1,reliever,33,15,R,R,178,78,10879,4,0,76450,false,false,,支配下,通常,0,0,,0,0,0,,,0.05091110229492,0.24734771728516,-0.2220588684082,-0.19052337646484,0.06148361206055,0.15762161254883,-0.52912136077881,0.19927612304688,-0.38185920715332,0.01774528503418,1.54577117919922,-0.44372263193131,0.70653457641602,1.24366409301758,1.03013591766357,0.70525085449219,1.4821875,1.19593353271484,0.79400588989258,1.27580596923828,0.72953308105469,-0.49665770530701,0.71358779907227,-0.27630664825439,0.59274627685547,0.32021934509277,0.98968265533447,1.17641189575195,0.86090347290039,1.60667373203672,0.18542712918296,0.525487039648,1.54917603451759,1.76371739159524,0.43785317856073,2.20208750209212,2.31115019293502,0.9777332097739,0.70030187555999,-1.47323680877686,-0.52940986633301,-1.11361595153809,153,0,0,0,0,0,0,0,0,0,0,0,0,0,0,0,0,"{""draft_candidate"":true,""draft_candidate_id"":120,""draft_lottery"":false,""draft_method"":""cpu"",""draft_overall_pick"":39,""draft_round"":4,""draft_source"":""high_school"",""draft_year"":2041,""fa_nissuu"":138,""rookie_year"":true}"
76573,沼沢 綱行,4,7,fielder,32,14,R,R,184,73,4817,5,0,76573,false,false,,支配下,通常,0,0,,0,0,0,,,0.58373490228318,1.60363430298865,1.22697837202251,2.39138838966489,0.91928504813463,2.28267895837426,1.03437459259853,2.01561777131259,1.24300506591797,0.49663345336914,1.36,1.01985385894775,0.2826611328125,0.1322583770752,-0.46064945220947,-0.61904735565186,-0.20035247802734,-0.68410751342773,0.42362884521484,0.3972908603251,0.05122649641521,-2.20152464302629,0.09591179820802,0.72099278464913,-1.58228291214257,-0.40709554126859,,,,,,,,,,,,,,1.19600351778828,0.74135246405359,1.03715962971076,,0,55,0,95,74,0,0,0,0,55,0,95,74,0,0,0,"{""draft_candidate"":true,""draft_candidate_id"":51,""draft_lottery"":false,""draft_method"":""cpu"",""draft_overall_pick"":53,""draft_round"":5,""draft_source"":""high_school"",""draft_year"":2042,""fa_nissuu"":239,""rookie_year"":true}"
76664,加藤 直芸,4,1,reliever,34,13,R,R,187,94,11125,3,0,76664,false,false,,支配下,通常,0,0,,0,0,0,,,0.56264505386353,-1.34167876124382,0.16354621887207,0.5132567024231,-0.71892726898193,-0.59293881416321,0.65200166702271,-1.11838145256042,1.24011559486389,1.38669388771057,-0.47769367158413,0.95811850547791,0.72118143081665,0.12929372787476,-0.1674054145813,0.79519163131714,0.03436006546021,0.34452303886414,-0.15341544628143,0.72792655944824,0.71383724212646,1.32657752990723,1.31678052902222,0.31384557247162,0.02704935073853,0.15069933891296,-0.36145561635494,-0.35894972115755,0.11154889583588,1.67725196593106,1.97598919406086,0.82038462911546,1.69605999416113,1.34830590683222,1.05588286206126,1.6816908791028,2.18770946336091,1.65367008318007,1.1834377285745,-0.0756147480011,-0.88594736218452,0.05091251373291,150,0,0,0,0,0,0,0,0,0,0,0,0,0,0,0,0,"{""draft_candidate"":true,""draft_candidate_id"":200,""draft_lottery"":false,""draft_method"":""cpu"",""draft_overall_pick"":32,""draft_round"":3,""draft_source"":""university"",""draft_year"":2043,""fa_nissuu"":229,""rookie_year"":true}"
76668,藤丸 仁志,4,2,fielder,35,13,L,R,177,76,5912,3,0,76668,false,false,,支配下,通常,0,0,,0,0,0,,,0.74675831850711,0.61239437728375,0.20035239160806,1.77439815628529,0.50886135031655,1.89198221668601,1.06143251360394,1.09110324537754,2.13964515952952,2.75239298030734,2.85608375287056,2.86956136986037,2.28439359096409,-0.41812850952148,0.21148572921753,-0.3607489490509,0.11461044311523,0.92955131530762,0.40836242675781,0.39792221069336,-0.67021118164062,0.07917638778687,-0.05137506484985,0.97420192718506,-0.43191391944885,0.02807308197021,,,,,,,,,,,,,,-0.56427381001934,-0.14338008916974,0.36138059302177,,86,0,0,0,0,0,0,0,86,0,0,0,0,0,0,0,"{""draft_candidate"":true,""draft_candidate_id"":48,""draft_lottery"":false,""draft_method"":""cpu"",""draft_overall_pick"":36,""draft_round"":3,""draft_source"":""industrial"",""draft_year"":2043,""fa_nissuu"":191,""released_from_team"":5,""released_signed_year"":2055,""rookie_year"":true}"
76688,安藤 貴亮,4,8,fielder,31,13,L,L,175,79,8992,5,0,76688,false,false,,支配下,通常,0,0,,0,0,0,,,0.66639569582418,0.52395705733597,1.67337500920296,1.44274155839682,1.37607702346146,1.6373879905045,0.19408852470573,2.21090373085439,0.65836853027344,-0.62822715759277,1.02833892822266,0.97222173690796,0.98463317871094,1.6459332690239,2.97175975198299,1.27667087602615,3.25607038739324,1.83789328360558,1.16417068648338,1.596871207688,0.79930367994308,-0.06814345725626,1.07874152214825,0.00367923623323,1.75164672747999,1.94510555686057,,,,,,,,,,,,,,1.30531264677495,1.841872113836,1.03707243545353,,0,80,85,0,61,86,89,86,0,80,85,0,61,86,89,86,"{""draft_candidate"":true,""draft_candidate_id"":135,""draft_lottery"":false,""draft_method"":""cpu"",""draft_overall_pick"":56,""draft_round"":5,""draft_source"":""high_school"",""draft_year"":2043,""fa_nissuu"":113,""rookie_year"":true}"
76743,大井 智徳,4,1,reliever,30,12,R,L,191,82,15827,1,0,76743,false,false,,支配下,通常,0,0,,0,0,0,,,0.0935041809082,0.63608993530273,-0.24553489685059,0.03738906860352,0.29971099853516,1.00996185302734,-0.27056842803955,0.50900676727295,1.35092651367188,0.38415351867676,1.6,0.54256193161011,-0.42485928058624,1.6,0.17753755569458,0.9324397277832,1.02147323608398,0.64610130310059,0.62622932434082,0.21928977966309,0.38196388244629,1.6,1.23914611816406,0.79905517578125,1.13528396606445,1.34715866088867,-0.26736477077007,0.70256646156311,-0.12913593530655,2.50218282005191,2.42250753952004,1.39482634395408,1.38132613886893,0.53388739103079,1.76053029640019,3.15578685510159,2.84795510567538,2.24222523832694,2.71866776242526,0.69574111938477,-0.99416604042053,-1.09501720428467,149,0,0,0,0,0,0,0,0,0,0,0,0,0,0,0,0,"{""draft_candidate"":true,""draft_candidate_id"":156,""draft_lottery"":true,""draft_method"":""lottery"",""draft_overall_pick"":5,""draft_round"":1,""draft_source"":""high_school"",""draft_year"":2044,""fa_nissuu"":223,""rookie_year"":true}"
76758,細沼 嗣大,4,1,starter,34,12,R,R,182,81,8907,2,0,76758,false,false,,支配下,通常,0,0,,0,0,0,,,-0.61833854913712,-0.25078590393066,-0.19328552246094,-0.1738595199585,-1.01473825454712,-0.93297943115234,-0.27850730895996,-0.1773634147644,-0.16217116832733,0.909787940979,-0.07210529327393,0.38937601089478,1.41830558776855,0.99611621856689,-0.13928059250116,1.03542816162109,1.58335720062256,-0.29144388854504,-0.25252092123032,0.9210181427002,0.32207489013672,0.84813150405884,0.5979602432251,-0.08725701332092,0.66393051147461,1.34604290008545,-0.09526661992073,0.4200133228302,1.09921583175659,1.04545922020078,0.0583183567524,0.17908493928611,-0.00628353994526,1.06742825421393,1.85547150614858,1.51816443177406,1.84626919293962,1.38710077595711,1.55417742275596,-0.94266078948975,0.45943023681641,-0.56099306106567,146,0,0,0,0,0,0,0,0,0,0,0,0,0,0,0,0,"{""draft_candidate"":true,""draft_candidate_id"":242,""draft_lottery"":false,""draft_method"":""cpu"",""draft_overall_pick"":20,""draft_round"":2,""draft_source"":""university"",""draft_year"":2044,""fa_nissuu"":231,""rookie_year"":true}"
76895,泉沢 真軌夫,4,2,fielder,29,11,R,L,183,92,5462,5,0,76895,false,false,,支配下,通常,0,0,,0,0,0,,,0.23322595316917,0.77847347605228,1.39179851711239,0.57474213377833,2.10916770538688,0.62760570387244,0.48741944698532,1.51986183741689,3.1777,3.6443,3.4869,3.910147673361,3.6911,1.22212478637695,1.36,1.36,0.64456909179688,1.36,0.70458892822266,-0.22178121566772,1.36,1.36,1.36,0.07603042602539,0.84818969726563,0.45444175720215,,,,,,,,,,,,,,2.19429832157493,1.4906923962906,1.81619067035727,,77,0,0,0,0,0,0,0,77,0,0,0,0,0,0,0,"{""draft_candidate"":true,""draft_candidate_id"":113,""draft_lottery"":false,""draft_method"":""cpu"",""draft_overall_pick"":52,""draft_round"":5,""draft_source"":""high_school"",""draft_year"":2045,""fa_nissuu"":129,""rookie_year"":true}"
76957,屋良 翔一郎,4,1,starter,28,10,L,R,184,76,17958,1,0,76957,false,false,,支配下,通常,0,0,,0,0,0,,,-0.38662788391113,0.85817306518555,1.01123962402344,-0.88668121337891,-0.21453369140625,0.4337971496582,0.67774715423584,0.01576337814331,1.6,0.45490104675293,1.43453582763672,1.11025363922119,0.41386344909668,0.87425689697266,0.74490936279297,0.93021934509277,0.72595695495605,1.6,1.29818969726563,0.06300037384033,-0.05651700973511,0.51967523574829,0.07699348449707,0.64326263427734,1.16688018798828,1.6,0.77157112121582,0.28244283676147,0.78144824981689,1.59972217035107,2.0879496538192,1.28669858081639,2.26298771688342,2.40099346163869,0.8701878234148,1.60576094305515,2.32509121787548,2.14671448779106,1.48325304988027,-0.29959716796875,0.26438545227051,0.94326477050781,147,0,0,0,0,0,0,0,0,0,0,0,0,0,0,0,0,"{""draft_candidate"":true,""draft_candidate_id"":148,""draft_lottery"":false,""draft_method"":""single_bid"",""draft_overall_pick"":3,""draft_round"":1,""draft_source"":""high_school"",""draft_year"":2046,""fa_nissuu"":226,""rookie_year"":true}"
76958,菖蒲 富二夫,4,2,fielder,32,10,R,R,180,100,6773,1,0,76958,false,false,,支配下,通常,0,0,,0,0,0,,,0.61509812486172,0.99174974272028,0.90514709438384,1.55651924870014,1.20341804535687,1.46613400462866,-0.10844707208872,1.29682487559319,1.76097121606767,1.72968756683543,1.92156435197592,1.83271313786507,2.18633975607157,0.45046779632568,0.62827417373657,0.74099002838135,-0.30604246139526,0.91404655456543,0.90411273956299,-0.3556706237793,0.15164710998535,0.0588295173645,1.17829738616943,1.05872470855713,0.93550445556641,-0.47867748737335,,,,,,,,,,,,,,1.17428341820487,1.43855565431714,1.14447713336833,,98,0,0,0,0,0,0,0,98,0,0,0,0,0,0,0,"{""dev_demote_hold"":true,""draft_candidate"":true,""draft_candidate_id"":242,""draft_lottery"":false,""draft_method"":""single_bid"",""draft_overall_pick"":4,""draft_round"":1,""draft_source"":""university"",""draft_year"":2046,""fa_nissuu"":178,""released_from_team"":6,""released_signed_year"":2055,""rookie_year"":true}"
76983,柿原 智享,4,1,reliever,33,10,L,R,179,91,10421,3,0,76983,false,false,,支配下,通常,0,0,,0,0,0,,,0.52686699867249,-0.25262273311615,0.52173692703247,-0.74611512899399,-0.60283921003342,0.83923234939575,0.00402672767639,-0.15191838741302,0.68980602741241,1.47361954689026,0.6858535528183,0.75321876525879,0.33615016222,1.00477677345276,0.89010897159576,1.6,1.41937475204468,0.14664610087872,1.4900719833374,1.2689573764801,1.6,1.31236742019653,1.38639539718628,1.31287760734558,1.42559735298157,0.14779259860516,1.45851699829102,0.94773427963257,0.61925242424011,1.12980031874776,1.59787632779777,0.4954550293982,0.78449523073435,1.11413876251578,0.56375026640296,2.95092718225718,1.26460059604794,2.5522431498915,0.00309172240496,0.05225077629089,-0.23352079629898,-0.31514525413513,146,0,0,0,0,0,0,0,0,0,0,0,0,0,0,0,0,"{""draft_candidate"":true,""draft_candidate_id"":197,""draft_lottery"":false,""draft_method"":""cpu"",""draft_overall_pick"":29,""draft_round"":3,""draft_source"":""independent"",""draft_year"":2046,""fa_nissuu"":112,""rookie_year"":true}"
77007,菅井 慶二,4,2,fielder,28,10,R,R,184,87,11229,5,0,77007,false,false,,支配下,通常,0,0,,0,0,0,,,0.84332202152163,0.33909417410195,2.41098995305598,1.25136641001552,2.45126962351799,1.38237921354771,0.66557339577377,0.92412715321407,2.95641887193173,2.09270325929672,2.38347686511278,2.64686522727041,3.8789842864275,1.10728912353516,0.21359601974487,0.29769546508789,0.05455154418945,0.91714019775391,-0.66519836425781,-0.42717796325684,0.71008087158203,1.20453098297119,0.4239958190918,-0.60964347839355,0.7522297668457,-0.44856857299805,,,,,,,,,,,,,,2.89747351831349,2.22673207469285,2.4626704223901,,76,0,0,0,0,0,0,0,76,0,0,0,0,0,0,0,"{""draft_candidate"":true,""draft_candidate_id"":164,""draft_lottery"":false,""draft_method"":""cpu"",""draft_overall_pick"":53,""draft_round"":5,""draft_source"":""high_school"",""draft_year"":2046,""fa_nissuu"":31,""rookie_year"":true}"
77043,弘田 宏剛,4,9,fielder,29,10,R,L,191,94,4267,8,0,77043,false,false,,支配下,通常,0,0,,0,0,0,,,0.55711554184556,-0.14405107536167,1.38744470673054,1.7108415800035,1.79047559040785,0.95563688378781,0.35320959528536,-0.15262322720885,1.10836758613586,0.44771389961243,-0.67211354970932,0.83795422554016,0.58534512519836,-0.36252307891846,-0.02622797012329,0.56340851783752,-0.35802962779999,0.21471176147461,0.68961868286133,-0.25160303619504,1.15175228274241,0.33769958952069,-0.21119427578151,1.55862897107005,1.48296839663386,-0.4711174980104,,,,,,,,,,,,,,0.46088134147599,2.28766372530162,2.03733916831017,,0,48,0,70,82,0,0,0,0,48,0,70,82,0,0,0,"{""draft_candidate"":true,""draft_candidate_id"":112,""draft_lottery"":false,""draft_method"":""cpu"",""draft_overall_pick"":89,""draft_round"":8,""draft_source"":""independent"",""draft_year"":2046,""fa_nissuu"":51,""rookie_year"":true}"
77068,常盤 弘治,4,1,starter,27,9,R,L,171,70,9309,1,0,77068,false,false,,支配下,通常,0,0,,0,0,0,,,-0.51529074668884,-0.31204483032227,-0.98075981140137,-0.62907989501953,0.23508483886719,0.03209716796875,0.93512775421143,0.32884508132935,0.94943984985352,0.61552856445312,0.94607528686523,0.94735662460327,0.09075378417969,-0.37917831420898,-0.01183275222778,0.64093780517578,1.6,1.21159957885742,0.67322692871094,0.95890777587891,0.2608317565918,1.06262214660645,1.6,0.45959594726562,0.9266340637207,-0.07547409057617,0.6838756942749,-0.6398870799318,-0.331922955513,1.5049904751759,1.64367137163878,-0.53991706486791,2.2945178373158,1.71993588478491,1.16687904034555,2.21088096776605,1.63802170301881,1.79123317521811,1.95316895643622,-1.35141075134277,-0.08146705627441,-0.91365036010742,145,0,0,0,0,0,0,0,0,0,0,0,0,0,0,0,0,"{""draft_candidate"":true,""draft_candidate_id"":69,""draft_lottery"":true,""draft_method"":""lottery"",""draft_overall_pick"":6,""draft_round"":1,""draft_source"":""high_school"",""draft_year"":2047,""fa_nissuu"":138,""rookie_year"":true}"
77090,伊丹 和崇,4,1,reliever,27,9,L,L,175,92,6532,3,0,77090,false,false,,支配下,通常,0,0,,0,0,0,,,0.14488563537598,-1.82009925603867,-0.91429244995117,0.1381477355957,-1.34281700134277,-1.46005004882812,-0.57780658721924,-1.42240052938461,0.20361068725586,1.00623901367188,1.39334655761719,0.71955444335938,-0.78460926055908,1.42653060913086,0.43870916366577,-0.06936065673828,1.35965881347656,1.31050888061523,-0.25303749084473,-0.28473495483398,1.27501525878906,0.99387113571167,1.06454238891602,-0.36526287078857,0.27623344421387,0.69366195678711,1.33199129104614,0.63228876113892,1.33470230102539,2.1656884675771,1.85121915626526,1.31981512315571,0.93529454526305,2.18476886659116,1.20029864448309,1.38400176598132,1.10913859036565,1.59669505313039,0.07826694956422,0.69148376464844,-0.85245784759521,-0.30370651245117,144,0,0,0,0,0,0,0,0,0,0,0,0,0,0,0,0,"{""draft_candidate"":true,""draft_candidate_id"":310,""draft_lottery"":false,""draft_method"":""cpu"",""draft_overall_pick"":28,""draft_round"":3,""draft_source"":""high_school"",""draft_year"":2047,""fa_nissuu"":138,""rookie_year"":true}"
77167,横野 晃房,4,4,fielder,29,8,R,R,180,71,14939,1,0,77167,false,false,,支配下,通常,0,0,,0,0,0,,,-0.0794894445911,1.88261962346733,1.27119506391883,1.96950086441487,0.39354479440302,1.53980142048597,-0.48296968876943,1.11226144436002,0.54816980838776,0.30500082969666,-0.10341406822205,1.36,0.25267184257507,1.90134902048111,3.70825028216094,2.3551211906746,3.28993110480905,1.73366105344892,1.42238680506218,1.32185395240784,0.63515005588531,0.75513317108154,0.03544320583344,1.34636036872864,0.61075807094574,0.88250352859497,,,,,,,,,,,,,,0.66432744345069,2.20033217391558,1.84295885035396,,0,0,52,0,53,80,55,62,0,0,52,0,53,80,55,62,"{""draft_candidate"":true,""draft_candidate_id"":251,""draft_lottery"":true,""draft_method"":""lottery"",""draft_overall_pick"":2,""draft_round"":1,""draft_source"":""university"",""draft_year"":2048,""fa_nissuu"":88,""rookie_year"":true}"
77205,藤林 洋基,4,6,fielder,26,8,R,L,172,85,2283,4,0,77205,false,false,,支配下,通常,0,0,,0,0,0,,,0.53594864284247,-0.05640016642064,1.07141121996641,2.4549053505078,-0.23406798873842,2.36821962321997,1.39883814118803,1.98975427141786,0.34230308532715,-0.43719066619873,0.66929901123047,0.21559357643127,0.32791030883789,1.50824540334195,2.63868168059736,3.45171309874952,2.64846307784319,2.21551921713352,3.37613999432325,1.36,1.19955917358398,-0.09180150985718,-0.1149925994873,1.36,-0.26919528961182,0.93126449584961,,,,,,,,,,,,,,1.18909519004822,1.75866580012441,0.13829671601951,,0,58,59,0,0,87,84,71,0,58,59,0,0,87,84,71,"{""draft_candidate"":true,""draft_candidate_id"":72,""draft_lottery"":false,""draft_method"":""cpu"",""draft_overall_pick"":40,""draft_round"":4,""draft_source"":""high_school"",""draft_year"":2048,""fa_nissuu"":24,""rookie_year"":true}"
77258,矢原 則豪,4,4,fielder,26,8,R,R,193,94,2285,1,0,77258,true,false,,育成,通常,0,0,,0,0,0,,,0.92284843325056,0.98837828290463,-0.60848524530232,1.82572885300219,0.18947538691759,1.61453956573457,0.11012961953133,0.7685780621469,0.18979553222656,-0.2545329284668,0.17192276000977,0.36322364807129,-1.38586866378784,2.56368578767777,2.75339858952537,2.42305179189146,1.49131731405854,2.99001500405371,1.59704213786125,0.84001159667969,-0.8736157989502,-1.27966120004654,-1.12610824584961,0.38575454711914,0.44184448242188,-0.44006950378418,,,,,,,,,,,,,,1.10389120726287,0.44395872812718,1.21821943221986,,0,0,72,58,59,92,80,75,0,0,72,58,59,92,80,75,"{""draft_candidate"":true,""draft_candidate_id"":151,""draft_lottery"":false,""draft_method"":""cpu"",""draft_overall_pick"":93,""draft_round"":1,""draft_source"":""high_school"",""draft_year"":2048,""fa_nissuu"":0,""rookie_year"":true}"
77270,伊藤 雄至,4,2,fielder,26,8,R,L,177,87,2285,3,0,77270,true,false,,育成,通常,0,0,,0,0,0,,,0.04574371750653,0.89726000481844,1.40330448643118,-1.2852378518194,2.00017846387066,-0.59265491152406,1.19565132147074,1.02638466282934,4,1.59400443425775,3.91735553869605,3.46024390786886,4,0.25282302856445,1.00084053039551,1.36,1.36,0.31014183044434,1.24205947875977,0.08759887695313,1.05688583374023,0.54104769706726,-0.25736457824707,1.36,-0.38368724822998,-0.57822860717773,,,,,,,,,,,,,,1.6399101754725,1.28214658491313,-0.09001296840608,,87,0,0,0,0,0,0,0,87,0,0,0,0,0,0,0,"{""draft_candidate"":true,""draft_candidate_id"":83,""draft_lottery"":false,""draft_method"":""cpu"",""draft_overall_pick"":105,""draft_round"":3,""draft_source"":""high_school"",""draft_year"":2048,""fa_nissuu"":0,""rookie_year"":true}"
77282,溝井 滉嗣,4,6,fielder,29,7,L,R,186,87,23764,1,0,77282,false,false,,支配下,通常,0,0,,0,0,0,,,1.33612245292962,2.451717565611,1.97056920069456,2.7143821224086,0.16239055833966,2.69689077651128,-0.23923968426883,2.05921285074949,1.36,1.07675022125244,0.29835405349731,0.09491513490677,-0.09311433792114,2.1263,2.36716083887033,2.3345,2.4863,1.7192,2.1414,0.27869144439697,1.36,1.36,0.37287197113037,1.36,1.31230648040771,0.83162853240967,,,,,,,,,,,,,,1.93633854342103,1.83656003835797,1.75905645143986,,0,0,64,0,48,65,71,59,0,0,64,0,48,65,71,59,"{""draft_candidate"":true,""draft_candidate_id"":214,""draft_lottery"":true,""draft_method"":""lottery"",""draft_overall_pick"":3,""draft_round"":1,""draft_source"":""university"",""draft_year"":2049,""fa_nissuu"":113,""rookie_year"":true}"
77298,内原 広昭,4,1,starter,29,7,R,R,186,87,11357,2,0,77298,false,false,,支配下,通常,0,0,,0,0,0,,,0.61502136230469,0.29454021453857,0.10331516265869,0.2599630355835,0.20027626037598,0.53256313323975,-0.20180328369141,-0.42758937835693,-0.12335397601128,-0.0046294593811,1.46246700286865,0.09108765721321,0.8085018157959,0.43010280609131,0.07501024007797,0.87705696105957,0.36370218276978,1.2580643081665,0.92123138427734,0.39358556747437,0.79414463043213,1.400608253479,1.47372913360596,0.6668976020813,0.56416542053223,0.83875152587891,0.7445574760437,1.47336015701294,1.49943685531616,1.95129013174772,1.18924545748904,1.17928514048643,1.95491691967845,1.87852657349966,1.15380208623409,1.46510715681314,1.98417209202051,1.27106702679396,1.55127451974154,-1.06902358055115,-0.66079924106598,-0.95179762840271,147,0,0,0,0,0,0,0,0,0,0,0,0,0,0,0,0,"{""draft_candidate"":true,""draft_candidate_id"":203,""draft_lottery"":false,""draft_method"":""cpu"",""draft_overall_pick"":19,""draft_round"":2,""draft_source"":""university"",""draft_year"":2049,""fa_nissuu"":86,""rookie_year"":true}"
77309,卜部 達貴,4,6,fielder,29,7,R,L,183,99,2065,3,0,77309,false,false,,支配下,通常,0,0,,0,0,0,,,0.03527072573826,0.31587012495101,1.90037729111314,2.03110216618776,0.04916686949134,1.81196804184914,-0.2185639850311,0.86831866781414,-0.47806042671204,0.37801071166992,-0.53068850040436,-0.32344180107117,-0.59308084487915,2.18895297789574,3.10273441661894,3.80227122285962,3.866177479662,2.97108482681215,2.28606016952544,-0.46917428970337,0.56949897766113,-0.32327805519104,0.78863021850586,-0.34211711883545,-0.04346031188965,-0.44371593475342,,,,,,,,,,,,,,0.06425856234431,0.90294645938501,0.84371080446243,,0,0,72,0,58,64,82,67,0,0,72,0,58,64,82,67,"{""draft_candidate"":true,""draft_candidate_id"":180,""draft_lottery"":false,""draft_method"":""cpu"",""draft_overall_pick"":30,""draft_round"":3,""draft_source"":""university"",""draft_year"":2049,""fa_nissuu"":31,""rookie_year"":true}"
77333,船戸 有斗,4,1,reliever,25,7,L,L,175,81,2065,5,0,77333,false,false,,支配下,通常,0,0,,0,0,0,,,0.3160871887207,-0.0564533996582,0.20524002075195,0.45798431396484,-0.45068183898926,-0.06709930419922,-0.5045182800293,-0.58906046867371,1.2139616394043,-0.22891887664795,1.6,1.46417022705078,0.40389854431152,-0.62333246231079,0.85913007736206,1.43146499633789,0.31143989562988,0.77005111694336,0.33987747192383,1.34482894897461,1.54661483764648,-0.46160579204559,0.37254776000977,-0.04678146362305,0.57140472412109,-0.35775417327881,0.26424783706665,0.86624866485596,1.38321176528931,0.27459753326699,1.78167105815932,-0.08084672753076,1.19427163723111,0.16113176295161,0.65512266899645,1.8668331659995,2.13669373092055,0.89317242366076,0.81570574018359,-1.13906562805176,-0.15246620178223,-1.11802726745605,147,0,0,0,0,0,0,0,0,0,0,0,0,0,0,0,0,"{""draft_candidate"":true,""draft_candidate_id"":281,""draft_lottery"":false,""draft_method"":""cpu"",""draft_overall_pick"":54,""draft_round"":5,""draft_source"":""high_school"",""draft_year"":2049,""fa_nissuu"":26,""rookie_year"":true}"
77346,千野 永樹,4,2,fielder,25,7,R,L,185,92,2102,6,0,77346,false,false,,支配下,通常,0,0,,0,0,0,,,0.73260247296095,2.19243350467086,1.38323780875839,0.2978869792819,1.02189742773771,-0.30852457024902,0.70929376719519,0.2454262257386,3.82362453565002,3.02384313463792,4,3.06777385669202,2.72546254618466,-0.51465391159058,-0.47431724786758,0.95788833618164,-0.34560638427734,1.36,-0.44573802947998,-0.34400733947754,0.37224502563477,0.6851879119873,-0.37880619049072,0.73931259155273,-0.21965000152588,1.36,,,,,,,,,,,,,,1.88768190265447,2.4473168175593,1.00761859995127,,84,0,0,0,0,0,0,0,84,0,0,0,0,0,0,0,"{""draft_candidate"":true,""draft_candidate_id"":98,""draft_lottery"":false,""draft_method"":""cpu"",""draft_overall_pick"":67,""draft_round"":6,""draft_source"":""high_school"",""draft_year"":2049,""fa_nissuu"":5,""rookie_year"":true}"
77391,立山 建生,4,6,fielder,24,6,R,R,177,84,1845,1,0,77391,false,false,,支配下,通常,0,0,,0,0,0,,,1.1665423848331,1.41469111458957,1.29115400782228,1.09924980989695,0.05349087631702,0.53495079629719,0.51687293592095,0.0218295660913,1.36,-0.25373426437378,-0.24207468032837,1.20576950073242,1.36,2.1526983372122,2.22927307818085,1.50829457520694,2.99772444240004,2.9312504311204,2.58450963847339,1.33702423095703,1.20946166992188,0.44743251800537,0.70209594726563,1.36,0.81269454956055,-0.40416954994202,,,,,,,,,,,,,,0.75172754147649,0.72203736392315,-0.03162502850592,,0,64,82,59,62,98,84,85,0,64,82,59,62,98,84,85,"{""draft_candidate"":true,""draft_candidate_id"":175,""draft_lottery"":true,""draft_method"":""lottery"",""draft_overall_pick"":3,""draft_round"":1,""draft_source"":""high_school"",""draft_year"":2050,""fa_nissuu"":0,""rookie_year"":true}"
77406,太刀川 吉五郎,4,1,reliever,24,6,R,L,172,94,3467,2,0,77406,false,false,,支配下,通常,0,0,,0,0,0,,,0.26293018341064,0.25982803344727,-0.82284231185913,-0.79755786895752,0.60137176513672,0.04791679382324,-0.78414583683014,1.17990549087524,1.6,0.91306350708008,0.5955753326416,0.66858870506287,0.35075351715088,-0.03131973266602,1.39960256576538,1.40362854003906,1.6,0.46182083129883,1.52285873413086,1.55898239135742,1.6,1.6,1.6,1.54209609985352,1.6,1.40496215820312,0.20497963786125,0.18582352519035,1.6,1.29893363504484,0.49299928188324,1.13896242682636,0.41483512172103,0.25774679917097,1.67749654740095,1.64309411364794,1.79505380421877,1.01707746362686,0.30785036249459,0.2729296875,1.39748107910156,-0.89271065711975,144,0,0,0,0,0,0,0,0,0,0,0,0,0,0,0,0,"{""draft_candidate"":true,""draft_candidate_id"":300,""draft_lottery"":false,""draft_method"":""cpu"",""draft_overall_pick"":18,""draft_round"":2,""draft_source"":""high_school"",""draft_year"":2050,""fa_nissuu"":104,""rookie_year"":true}"
77430,平井 敏介,4,4,fielder,24,6,R,L,178,84,1845,4,0,77430,false,false,,支配下,通常,0,0,,0,0,0,,,0.65936926176399,1.66280015866086,0.40130391027033,3.25269690865278,-0.2481427924633,2.99881113773584,-0.15093983457237,-0.38245404361933,0.72856658935547,-0.54675121307373,-0.53051109313965,-0.48955771923065,1.32034622192383,0.18938910329342,1.71343534934823,-0.12030454833806,0.61357815944403,1.13724150690436,-0.15844739431143,1.03598556518555,-0.24159507751465,1.26289163589478,0.9113737487793,1.36,-0.61157897949219,0.58981140136719,,,,,,,,,,,,,,1.9138377058804,0.40154402571917,-0.11579322148114,,0,0,0,0,0,86,0,94,0,0,0,0,0,86,0,94,"{""draft_candidate"":true,""draft_candidate_id"":55,""draft_lottery"":false,""draft_method"":""cpu"",""draft_overall_pick"":42,""draft_round"":4,""draft_source"":""high_school"",""draft_year"":2050,""fa_nissuu"":0,""rookie_year"":true}"
77443,田代 俊人,4,1,starter,25,6,R,L,190,87,1845,5,0,77443,false,false,,支配下,通常,0,0,,0,0,0,,,-0.29699845790863,0.44336605072021,-1.47200131118298,0.05103139877319,0.7058247089386,-0.99615621566772,-0.60359958171844,-0.3543692779541,-0.02195788860321,1.55661445617676,1.40353556632996,0.65881465911865,0.15012892246246,0.35771094322205,-0.36411427557468,1.18546725273132,0.68666521072388,1.55699296951294,0.87090607643127,0.22098830699921,1.6,1.41021697998047,1.29840899467468,-0.53608545601368,1.00695329666138,0.90519243240356,-0.20326406955719,-0.00880358934402,-0.42328151017427,1.98533313053846,0.81746598628908,-0.39059266757965,0.39402905133367,-0.36166165161133,1.56337537249923,0.9783939692378,1.18796477104723,0.61894197815657,1.73656849567592,-1.00627397298813,0.04691491127014,0.53945479393005,146,0,0,0,0,0,0,0,0,0,0,0,0,0,0,0,0,"{""draft_candidate"":true,""draft_candidate_id"":308,""draft_lottery"":false,""draft_method"":""cpu"",""draft_overall_pick"":55,""draft_round"":5,""draft_source"":""independent"",""draft_year"":2050,""fa_nissuu"":0,""rookie_year"":true}"
77454,小崎 直理,4,1,reliever,26,6,R,R,185,91,1895,6,0,77454,false,false,,支配下,通常,0,0,,0,0,0,,,0.79449005126953,-0.31389459609985,-1.22340743541718,-0.76653332710266,-1.30402213096619,0.50386377334595,-0.15935134887695,-1.01195466041565,0.7625665473938,1.35315576553345,-0.15406280994415,1.17564594268799,0.24717437744141,1.3185736656189,-0.18800305366516,0.07272445678711,0.49734952926636,1.14218458175659,-0.02609315872192,-0.5289423763752,1.52154893875122,-0.3108066701889,1.20084573745728,1.41740743637085,1.10080392837524,1.1974221611023,1.2719161605835,0.20183549880981,1.23550506591797,0.29388607908785,1.89723044848442,0.33365097549185,2.02322354626656,0.91194247981906,0.92547415548563,1.52692369465996,1.86575385116972,1.90490639018267,1.05618851768225,-1.4443365240097,-0.56423337936401,0.55254432678223,145,0,0,0,0,0,0,0,0,0,0,0,0,0,0,0,0,"{""draft_candidate"":true,""draft_candidate_id"":269,""draft_lottery"":false,""draft_method"":""cpu"",""draft_overall_pick"":66,""draft_round"":6,""draft_source"":""independent"",""draft_year"":2050,""fa_nissuu"":36,""rookie_year"":true}"
77465,寺村 義基,4,1,starter,24,6,L,R,191,97,1845,7,0,77465,false,false,,支配下,通常,0,0,,0,0,0,,,0.59160037994385,0.73131118774414,0.57757354736328,1.24852203369141,0.50728500366211,0.75516677856445,0.37374755859375,0.22908334732056,0.26480968475342,1.6,1.6,0.41647227287292,1.31464401245117,1.6,0.05030257701874,0.44210403442383,1.09568344116211,1.6,0.37412490844727,1.6,1.6,1.31775384902954,1.6,0.87236213684082,1.48819030761719,1.25497848510742,1.29750371932983,1.6,0.54362631797791,0.84983564868569,1.74105134677887,-0.14872730652988,1.91151720443368,1.70667036622763,-0.19205193312466,1.70466714842618,1.17685527205467,0.07022145535052,0.75090318965912,1.07560668945313,0.7026628112793,-0.74855571746826,140,0,0,0,0,0,0,0,0,0,0,0,0,0,0,0,0,"{""draft_candidate"":true,""draft_candidate_id"":94,""draft_lottery"":false,""draft_method"":""cpu"",""draft_overall_pick"":77,""draft_round"":7,""draft_source"":""high_school"",""draft_year"":2050,""fa_nissuu"":0,""rookie_year"":true}"
77496,池松 晴哉,4,5,fielder,23,5,L,L,181,92,8146,1,0,77496,false,false,,支配下,通常,0,0,,0,0,0,,,0.93220104455715,-0.37976845508814,1.61307484534383,2.65950760935247,0.95989444762468,2.54614817259461,-0.00513599801436,0.52350910905004,1.04957275390625,-0.06381622314453,0.15524627685547,-0.61445028781891,-0.81476798057556,1.61417033332586,0.47405581327155,2.14479408300668,1.43479478354007,0.91006334719807,1.92184000585973,-0.7904700756073,1.36,0.93245708465576,1.23106506347656,-0.75289866447449,-0.18344581604004,-0.1520817565918,,,,,,,,,,,,,,0.30754265740514,2.04421074846387,1.09754552352428,,0,0,0,0,64,62,0,78,0,0,0,0,64,62,0,78,"{""draft_candidate"":true,""draft_candidate_id"":289,""draft_lottery"":false,""draft_method"":""single_bid"",""draft_overall_pick"":2,""draft_round"":1,""draft_source"":""high_school"",""draft_year"":2051,""fa_nissuu"":86,""rookie_year"":true}"
77511,山野辺 政浩,4,1,starter,23,5,L,R,178,82,4397,2,0,77511,false,false,,支配下,通常,0,0,,0,0,0,,,-0.74845602035522,0.0283602142334,1.34706298828125,-0.96147304534912,-0.48368354797363,-0.49237319946289,0.79884304046631,-0.59453589916229,0.37137058258057,0.55439788818359,0.16071403503418,1.6,1.55006362915039,0.78572311401367,-0.0642807212472,1.57798294067383,0.73834602355957,0.40083221435547,1.6,-0.07940544128418,0.69455841064453,1.6,1.6,1.6,1.6,0.00473754882812,0.62830392837524,1.52083330154419,1.6,1.57848252311349,1.99207959741354,1.24406274408102,0.56711670419574,1.25760476147756,2.2260378998518,0.78505810111761,1.7019530044198,0.80920646858215,1.85790686717629,1.16853515625,1.6,-0.66275909423828,149,0,0,0,0,0,0,0,0,0,0,0,0,0,0,0,0,"{""draft_candidate"":true,""draft_candidate_id"":250,""draft_lottery"":false,""draft_method"":""cpu"",""draft_overall_pick"":17,""draft_round"":2,""draft_source"":""high_school"",""draft_year"":2051,""fa_nissuu"":31,""rookie_year"":true}"
77526,小松崎 秀也,4,7,fielder,23,5,R,R,181,73,1625,3,0,77526,false,false,,支配下,通常,0,0,,0,0,0,,,-0.52569558113627,1.53245930635929,1.539096252352,1.80810692670643,0.04182983705401,2.17303055043221,1.18403670840617,1.78277870637178,0.00047637939453,-0.64957492828369,0.60065994262695,-0.26131026744843,1.17965881347656,1.36,0.70297151565552,-0.02128677368164,0.16934104919434,-0.42358600616455,-0.03352928161621,-1.42766198587418,-1.11917553341389,-0.72074644365534,-0.74824844801426,0.48589566653967,0.3267625950817,-1.48183963060379,,,,,,,,,,,,,,0.08056374309957,-0.42659162917733,1.71820961871743,,0,45,0,84,73,0,0,0,0,45,0,84,73,0,0,0,"{""draft_candidate"":true,""draft_candidate_id"":257,""draft_lottery"":false,""draft_method"":""cpu"",""draft_overall_pick"":32,""draft_round"":3,""draft_source"":""high_school"",""draft_year"":2051,""fa_nissuu"":0,""rookie_year"":true}"
77535,植村 淑也,4,1,reliever,24,5,L,R,183,74,1625,4,0,77535,false,false,,支配下,通常,0,0,,0,0,0,,,0.65946016311646,-0.35121356964111,0.39954431533813,0.28964398384094,-0.84670934200287,-1.15571791648865,0.87054708480835,-1.50082911610603,-0.31944321155548,-0.25116740226746,-0.66859377980232,1.15240888595581,0.16497253417969,0.81843475341797,-0.32215844869614,1.34623726844788,-0.94990808576345,0.01927150726318,-0.32001842021942,0.52120722770691,0.96143239974976,-0.79058968774974,0.55454200744629,0.07605537414551,0.14265448093414,-0.49767660856247,-0.25676745414734,-0.14321228504181,-0.2762242603302,1.64533879870176,0.02326891431212,0.92158790394291,-0.46136485004425,0.52987277257629,0.16219707553089,0.36612830042839,0.47403296148777,0.99358216613531,0.10369458460808,-0.7851754617691,-1.0771186542511,0.37395689964294,141,0,0,0,0,0,0,0,0,0,0,0,0,0,0,0,0,"{""draft_candidate"":true,""draft_candidate_id"":162,""draft_lottery"":false,""draft_method"":""cpu"",""draft_overall_pick"":41,""draft_round"":4,""draft_source"":""independent"",""draft_year"":2051,""fa_nissuu"":0,""rookie_year"":true}"
77550,平良 清多郎,4,9,fielder,23,5,L,R,190,81,1625,5,0,77550,false,false,,支配下,通常,0,0,,0,0,0,,,0.98672418156266,-0.37707128612697,1.67214406640083,1.77385786173642,0.16951696147025,1.46335276305079,-0.35191705204546,1.31888112142682,0.06844390869141,0.93294189453125,-0.71839324951172,-0.91943455219269,-0.04875854492187,-0.71309024810791,1.112451171875,-0.24824279785156,0.40043869018555,0.61394134521484,1.00231826782227,0.44630943109095,-0.1903413721174,0.28137591198506,0.73514540681243,1.85949646556377,0.30367184485495,0.65864523613453,,,,,,,,,,,,,,1.06771205335855,0.65470600026846,0.34499172565341,,0,57,65,85,97,0,0,0,0,57,65,85,97,0,0,0,"{""draft_candidate"":true,""draft_candidate_id"":307,""draft_lottery"":false,""draft_method"":""cpu"",""draft_overall_pick"":56,""draft_round"":5,""draft_source"":""high_school"",""draft_year"":2051,""fa_nissuu"":0,""rookie_year"":true}"
77588,鴨川 勝暁,4,9,fielder,27,5,R,L,193,73,1625,1,0,77588,true,false,,育成,通常,0,0,,0,0,0,,,0.27668606673181,1.13636881440878,0.20863095498085,1.09862989082038,0.60649326831102,0.92521007504165,0.05146162833273,0.24830418723822,0.32094055175781,-0.63190935134888,-0.41592969894409,-0.10572788238525,-0.47648416519165,-0.63791830062866,-1.00776117563248,-0.20511962890625,0.26750556945801,-0.82340033531189,-1.2699172642827,-0.00345493960381,-0.20950281012058,0.750265624322,0.31151620966196,-0.7447730499506,-0.74222799614072,0.99361213862896,,,,,,,,,,,,,,-0.8574014891088,0.83986702706292,0.99574782639742,,0,55,57,73,88,0,0,62,0,55,57,73,88,0,0,62,"{""draft_candidate"":true,""draft_candidate_id"":286,""draft_lottery"":false,""draft_method"":""cpu"",""draft_overall_pick"":94,""draft_round"":1,""draft_source"":""industrial"",""draft_year"":2051,""fa_nissuu"":0,""rookie_year"":true}"
77618,河原 有誼,4,1,reliever,22,4,R,R,183,70,1410,1,0,77618,false,false,,支配下,通常,0,0,,0,0,0,,,-0.41604806900024,-1.19707473754883,0.25726745605469,-0.55002792358398,-0.75647842407227,0.03628952026367,-0.87988721609116,-0.66841948509216,1.6,-0.00056015014648,-0.51606315612793,0.59791729927063,-0.03843799591064,0.29903564453125,0.48055907249451,1.6,1.565029296875,1.6,-0.21760799407959,0.32313270568848,-0.45101464271545,-0.24253050804138,1.6,0.80588760375977,0.07848217010498,0.13729934692383,1.47481660842896,0.61410144805908,0.5604149723053,0.11424159562588,1.46339937204495,0.32915872756392,-0.26540516188741,0.1686305809021,-0.03826926008239,0.00700092206895,1.65550443556905,2.15021184277535,1.58578578609973,-1.27044918060303,-0.25000862121582,0.4010888671875,145,0,0,0,0,0,0,0,0,0,0,0,0,0,0,0,0,"{""draft_candidate"":true,""draft_candidate_id"":277,""draft_lottery"":true,""draft_method"":""lottery"",""draft_overall_pick"":11,""draft_round"":1,""draft_source"":""high_school"",""draft_year"":2052,""fa_nissuu"":26,""rookie_year"":true}"
77660,行方 航希,4,1,reliever,22,4,R,R,173,88,1405,5,0,77660,false,false,,支配下,通常,0,0,,0,0,0,,,-0.52954776763916,0.05361557006836,0.22581756591797,-0.81564529418945,-1.31292995452881,-1.67296438217163,0.14556049346924,0.43078880310059,-0.61366411209106,-0.53861824035645,-0.75991116046906,0.99759742736816,1.25118453979492,-0.3975806427002,0.48308084487915,0.94754302978516,1.35088088989258,1.14283111572266,0.93516677856445,-0.74843099594116,-0.63787143707275,-0.41317454814911,1.22932113647461,-0.63308689117432,0.47020317077637,1.47907989501953,0.85403299331665,1.46486780166626,-0.63867567140609,0.1333868836835,-0.00852128377557,0.93415004900657,0.62884604632854,-0.04553279152513,0.91020227015018,1.79857139360905,1.6749035807848,1.29172477710247,1.53667634046078,-0.8953638458252,-0.68121673583984,0.35654296875,143,0,0,0,0,0,0,0,0,0,0,0,0,0,0,0,0,"{""draft_candidate"":true,""draft_candidate_id"":308,""draft_lottery"":false,""draft_method"":""cpu"",""draft_overall_pick"":53,""draft_round"":5,""draft_source"":""high_school"",""draft_year"":2052,""fa_nissuu"":0,""rookie_year"":true}"
77682,石関 寿元,4,1,reliever,22,4,R,R,183,76,1405,7,0,77682,false,false,,支配下,通常,0,0,,0,0,0,,,-0.87601618766785,-1.74983425140381,-0.18333480834961,-0.45478240966797,0.3075146484375,-0.20720611572266,-0.76067667961121,-1.3642497587204,-0.85393390655518,-0.33732688903809,-1.0034029006958,0.05004144668579,-0.21649841308594,-0.95972424507141,1.28579549789429,-0.33315544128418,1.30952453613281,0.55883483886719,0.99261474609375,1.25038360595703,-0.12422897338867,0.97794239044189,-0.32721786499023,0.95430358886719,0.82838607788086,-0.02424827575684,0.21533748626709,-0.67435927867889,-0.3833223772049,0.87142976002395,-0.46383294826746,-0.2916587831825,-0.59992748051882,0.04765902590752,1.2862542104274,-0.53441988538206,0.88596532423422,0.40498732087016,0.91814137792587,-0.93876197814941,0.25085678100586,-0.11422592163086,152,0,0,0,0,0,0,0,0,0,0,0,0,0,0,0,0,"{""draft_candidate"":true,""draft_candidate_id"":156,""draft_lottery"":false,""draft_method"":""cpu"",""draft_overall_pick"":75,""draft_round"":7,""draft_source"":""high_school"",""draft_year"":2052,""fa_nissuu"":0,""rookie_year"":true}"
77703,徳武 照文,4,1,starter,22,4,R,R,179,77,1405,2,0,77703,false,false,,支配下,通常,0,0,,0,0,0,,,0.62109077453613,-0.54762084960938,-1.48329543590546,-0.9248844909668,-0.47103378295898,-1.17711963653564,0.67132564544678,-0.8646338891983,0.65683006286621,0.9516227722168,-0.16026443481445,1.17766962051392,1.30175399780273,1.03082107543945,-0.25659491539001,-0.03278553009033,-0.01082855224609,0.95012634277344,0.28108573913574,0.21166305541992,-0.07438945770264,0.13639285087585,0.62904808044434,1.6,0.93942428588867,1.6,0.9854550743103,1.6,0.043708319664,0.41117498745918,1.2985870216012,0.74129542583227,0.39823063522577,0.40010501456261,-0.08587570025772,0.67187959325314,-0.09786637658477,2.20164539217949,2.4615858809948,0.79732299804688,1.33783584594727,-1.44756878376007,141,0,0,0,0,0,0,0,0,0,0,0,0,0,0,0,0,"{""draft_candidate"":true,""draft_candidate_id"":212,""draft_lottery"":false,""draft_method"":""cpu"",""draft_overall_pick"":96,""draft_round"":2,""draft_source"":""high_school"",""draft_year"":2052,""fa_nissuu"":0,""rookie_year"":true}"
77710,ソリアーノ,4,3,fielder,30,4,L,R,185,82,10697,0,0,77710,false,true,,支配下,通常,0,0,,0,0,0,,,-0.43473477420211,1.70131296851672,1.83328612461686,1.57257490643859,1.78574593266845,1.40786203467846,0.0690660665445,2.18074284012616,1.27340633392334,0.76818841934204,0.77026105880737,0.9224263381958,0.98711246490479,2.0033045835495,0.99562501204759,1.7072795021534,1.31535214704275,0.95815575838089,1.4416888538599,1.92,0.35842793464661,0.91210124015808,1.84657451629639,0.52351496696472,0.5881333732605,0.45145401000977,,,,,,,,,,,,,,2.09922662117034,2.14062866234779,1.01824558895826,,0,0,89,0,0,0,0,0,0,0,89,0,0,0,0,0,"{""fa_nissuu"":67,""foreign_scout"":true,""foreign_signed_year"":2052,""quality_tier"":""good""}"
77728,岸上 章員,4,1,reliever,25,3,L,R,186,71,1209,1,0,77728,false,false,,支配下,通常,0,0,,0,0,0,,,0.48926788330078,-0.96063962936401,0.17215305328369,-0.52331321716309,-1.51309879422188,0.27499160766602,0.13048599243164,0.20464872360229,0.70976169586182,0.84829139709473,1.07701267242432,-0.22641370296478,0.10866317749023,-0.09444347381592,-0.05828986167908,-0.54765216380358,1.05173748016357,1.24328399658203,-0.42143764019012,-0.39054849147797,0.07995561599731,-0.32710410356522,-0.33572113513947,-0.29823954582214,0.95983501434326,0.75159568786621,1.10410242080688,0.62876253128052,0.49378604888916,0.59460221783072,0.38112867331505,0.57965873542428,0.04310451388359,0.21010945671797,0.41158153265715,1.17305413904041,1.50950043177605,1.44423484528065,0.15963155218959,-1.39346842765808,0.60640441894531,-0.87223997116089,142,0,0,0,0,0,0,0,0,0,0,0,0,0,0,0,0,"{""draft_candidate"":true,""draft_candidate_id"":105,""draft_lottery"":false,""draft_method"":""rebid_single"",""draft_overall_pick"":12,""draft_round"":1,""draft_source"":""university"",""draft_year"":2053,""fa_nissuu"":0,""rookie_year"":true}"
77733,鷲巣 智宣,4,5,fielder,24,3,R,R,185,100,1195,2,0,77733,false,false,,支配下,通常,0,0,,0,0,0,,,-0.21477821168303,1.61920058844984,0.73890668578446,1.86071987102032,0.78012490187958,2.03257433617711,0.85675922441483,0.47950299562048,0.10758387088776,1.03540857315063,0.22195933818817,-0.05895938396454,0.58888876914978,0.20437817722559,0.87396216103714,-0.07014130932093,1.43277025336027,1.05901910793781,1.08753399455547,1.10819771766663,0.50587010383606,0.42968358039856,1.03455697059631,0.13849205970764,0.58837178230286,1.02033561706543,,,,,,,,,,,,,,1.63385776419379,0.2504172680378,1.53436784619093,,0,0,0,68,0,0,0,82,0,0,0,68,0,0,0,82,"{""draft_candidate"":true,""draft_candidate_id"":230,""draft_lottery"":false,""draft_method"":""cpu"",""draft_overall_pick"":17,""draft_round"":2,""draft_source"":""university"",""draft_year"":2053,""fa_nissuu"":0,""rookie_year"":true}"
77748,岡田 順彦,4,8,fielder,21,3,R,R,191,95,1191,3,0,77748,false,false,,支配下,通常,0,0,,0,0,0,,,-0.23994714868069,1.22788417308927,1.60809596678019,2.16373545451164,-0.28089788770676,1.8870222070694,0.21866472351551,0.76894550806284,-0.23441577911377,0.56083389282227,1.36,0.74319110870361,1.34233795166016,0.68093338012695,0.02743347167969,0.31882804870605,-0.24716896057129,1.36,1.0688639831543,0.43956288540363,1.16423211240768,-0.23294309519976,0.15289580786228,0.56344471462071,0.93665162110329,1.64300532126427,,,,,,,,,,,,,,1.82572767162323,0.44668340408802,1.46413871359825,,0,88,0,74,89,0,0,0,0,88,0,74,89,0,0,0,"{""draft_candidate"":true,""draft_candidate_id"":298,""draft_lottery"":false,""draft_method"":""cpu"",""draft_overall_pick"":32,""draft_round"":3,""draft_source"":""high_school"",""draft_year"":2053,""fa_nissuu"":0,""rookie_year"":true}"
77757,会沢 啓允,4,1,starter,21,3,R,R,192,93,1188,4,0,77757,false,false,,支配下,通常,0,0,,0,0,0,,,0.7910213470459,0.15765090942383,-0.15129348754883,-1.03667785644531,0.57219329833984,-1.18498321533203,0.12517433166504,-0.57066955566406,0.97268188476563,-0.51929955482483,1.33832244873047,0.51733931541443,0.49768577575684,1.6,1.6,1.6,1.6,1.16947830200195,1.6,1.15271881103516,1.51778366088867,0.09406514167786,-0.34865543365479,0.2097679901123,-0.00862995147705,0.63888534545898,1.5612014579773,1.5664186668396,0.85760911941528,0.73602784311771,1.14787204498053,-0.0961499792696,1.36387870758772,0.22755022543669,1.5038910844326,0.92432572907209,0.68256959593296,0.60489355380833,0.84872888541222,0.75459030151367,-0.73050521850586,-0.06768142700195,146,0,0,0,0,0,0,0,0,0,0,0,0,0,0,0,0,"{""draft_candidate"":true,""draft_candidate_id"":159,""draft_lottery"":false,""draft_method"":""cpu"",""draft_overall_pick"":41,""draft_round"":4,""draft_source"":""high_school"",""draft_year"":2053,""fa_nissuu"":0,""rookie_year"":true}"
77772,内野 徳太郎,4,9,fielder,21,3,R,R,193,94,1186,5,0,77772,false,false,,支配下,通常,0,0,,0,0,0,,,0.63482984303311,0.29743415641785,0.61859162437916,1.02145303794742,1.96705670756102,0.58181243103743,0.46500620031729,-0.30493673461676,1.06134948730469,-0.2133039855957,-0.54041221618652,-0.29255727767944,0.61384780883789,-0.57444835662842,-0.33216068744659,0.71436889648438,1.36,1.36,1.12710220336914,-0.15091764232516,0.59054251483083,0.37310619633645,1.46836183537543,1.43103732165694,0.14269205218554,1.46592959015071,,,,,,,,,,,,,,1.04697643066943,2.10136524420977,-0.48951438835263,,0,51,63,74,84,0,0,0,0,51,63,74,84,0,0,0,"{""draft_candidate"":true,""draft_candidate_id"":186,""draft_lottery"":false,""draft_method"":""cpu"",""draft_overall_pick"":56,""draft_round"":5,""draft_source"":""high_school"",""draft_year"":2053,""fa_nissuu"":0,""rookie_year"":true}"
77794,関口 越司,4,1,reliever,24,3,R,R,181,93,1185,7,0,77794,false,false,,支配下,通常,0,0,,0,0,0,,,-0.12999641418457,-0.196858959198,-0.4925723361969,-1.1768906545639,0.10241381645203,-0.10469123840332,0.70831346511841,-0.74757534980774,0.28175636291504,-0.08762869358063,-0.20008520364761,-0.01564064502716,-0.38510044574738,1.33605954170227,0.25356659889221,1.02571146965027,-0.49375516533852,0.42767075538635,1.17861783027649,-0.04011437892914,-0.66961343675852,-0.43715521812439,0.81774167060852,0.8632898235321,1.23812685966492,-0.56651082038879,0.52464884757996,0.03889373779297,-0.3952928006649,1.63494804278016,0.23659181380272,0.94277665609121,1.20557844465971,1.68244464811683,0.53899790453911,0.99368546333909,0.83356760638952,1.37854876297712,0.48745321202278,-1.05656940460205,-0.1197202205658,-0.27186358451843,146,0,0,0,0,0,0,0,0,0,0,0,0,0,0,0,0,"{""draft_candidate"":true,""draft_candidate_id"":251,""draft_lottery"":false,""draft_method"":""cpu"",""draft_overall_pick"":78,""draft_round"":7,""draft_source"":""university"",""draft_year"":2053,""fa_nissuu"":0,""rookie_year"":true}"
77809,榎本 壮彦,4,5,fielder,27,3,R,L,178,89,1184,1,0,77809,true,false,,育成,通常,0,0,,0,0,0,,,0.1725047531873,0.65359325946867,0.24562766623497,0.64273158559203,1.19973325926065,0.03296235847473,0.2643316847831,1.37068761190772,0.87219255447388,-0.1746778678894,1.18985507965088,-0.13183028697968,-0.07257849693298,-0.07102509111166,0.976412674658,0.64089417612553,1.52220428495109,-0.25142128899693,1.86466814053059,0.86754425048828,1.24852121353149,0.05497741699219,1.27961175918579,1.07657754898071,-0.23537053585052,0.21632717132568,,,,,,,,,,,,,,0.30592673766613,1.15300114041567,0.20297059011459,,0,0,0,63,0,0,0,74,0,0,0,63,0,0,0,74,"{""draft_candidate"":true,""draft_candidate_id"":307,""draft_lottery"":false,""draft_method"":""cpu"",""draft_overall_pick"":93,""draft_round"":1,""draft_source"":""industrial"",""draft_year"":2053,""fa_nissuu"":0,""rookie_year"":true}"
77818,平元 一雄,4,1,reliever,27,3,R,R,192,81,1184,2,0,77818,true,false,,育成,通常,0,0,,0,0,0,,,0.11211084365845,-0.66900417327881,-0.85597073554993,-0.93527453660965,-0.00462162017822,0.17581527709961,0.03308675765991,0.2598649597168,1.01556381225586,1.18320278167725,-0.02385012865067,0.51085178375244,1.12315496444702,1.33668111801147,1.14398040771484,0.78895839691162,1.40571865081787,0.89558261871338,-0.04092368841171,0.23042723178864,0.01247512340546,0.98777404785156,1.43874563217163,0.67695764541626,-0.02982425451279,0.70586332321167,0.8074976348877,0.41887287139893,0.64611976623535,1.43335952787846,0.52395950785279,0.18830800025165,0.56065941917896,0.81635273492336,0.53648494488001,1.72486691849493,0.53551462721825,0.34509763371944,0.08543573318422,-0.65844699859619,-0.29380962371826,-0.75637189865112,141,0,0,0,0,0,0,0,0,0,0,0,0,0,0,0,0,"{""draft_candidate"":true,""draft_candidate_id"":88,""draft_lottery"":false,""draft_method"":""cpu"",""draft_overall_pick"":102,""draft_round"":2,""draft_source"":""industrial"",""draft_year"":2053,""fa_nissuu"":0,""rookie_year"":true}"
77840,佐瀬 作夢,4,2,fielder,20,2,R,R,186,87,1085,1,0,77840,false,false,,支配下,通常,0,0,,0,0,0,,,0.38484589120746,-0.02056858590245,1.24136021280289,1.92214494035244,1.10700749576092,1.91985371325016,0.88284703673422,1.34077741545439,2.24135380983353,2.52925233002007,2.28499882525206,3.0724197948277,3.15827871251106,1.36,0.7501735496521,0.82914581298828,1.36,1.25304779052734,0.43242099761963,1.36,1.32176605224609,1.36,1.36,0.07999795913696,1.36,1.31801788330078,,,,,,,,,,,,,,1.56603821074963,1.59882119715214,1.3547004699707,,93,0,0,0,0,0,0,0,93,0,0,0,0,0,0,0,"{""draft_candidate"":true,""draft_candidate_id"":9,""draft_lottery"":false,""draft_method"":""rebid_single"",""draft_overall_pick"":10,""draft_round"":1,""draft_source"":""high_school"",""draft_year"":2054,""fa_nissuu"":26,""rookie_year"":true}"
77854,海江田 恵佐,4,1,starter,24,2,R,R,191,70,1016,2,0,77854,false,false,,支配下,通常,0,0,,0,0,0,,,0.3918920135498,0.26810279846191,-0.1724920463562,0.57343185424805,0.07858520507812,-0.422757396698,0.43958152770996,-0.35311632156372,0.73143224716187,0.25722141265869,1.6,0.27721587181091,0.55580869674683,0.35080026626587,0.3186660027504,1.39198436737061,0.37878387451172,0.96971923828125,1.6,1.34989883422852,0.01227885335684,1.42922025680542,0.62862968444824,1.2343989944458,1.07021781921387,1.6,1.29775053024292,0.81870156288147,0.53260501384735,1.47748022264242,1.232758066535,0.55832097907364,1.21433038195968,1.77284391234815,0.83000739258528,1.28572058898211,0.83266909968853,1.61935137265921,0.93989023140818,-0.89278568744659,-0.27067759513855,-0.80934329509735,144,0,0,0,0,0,0,0,0,0,0,0,0,0,0,0,0,"{""draft_candidate"":true,""draft_candidate_id"":36,""draft_lottery"":false,""draft_method"":""cpu"",""draft_overall_pick"":24,""draft_round"":2,""draft_source"":""university"",""draft_year"":2054,""fa_nissuu"":0,""rookie_year"":true}"
77855,須賀 庄真,4,1,reliever,23,2,R,L,174,77,996,3,0,77855,false,false,,支配下,通常,0,0,,0,0,0,,,0.47882409095764,-0.01813603401184,-0.36707078933716,0.59004344940186,0.17665903091431,-1.3188500058651,0.4746488571167,-0.70221198558807,0.91332914352417,1.00704856872559,1.25614584922791,0.47794348239899,1.29533407211304,1.06030528068542,0.71205660820007,1.31164878845215,0.92286339759827,0.91356953620911,0.43585093975067,0.16950229167938,-0.46282621338964,0.36321712970734,-0.21099097728729,0.55435628890991,0.78768249511719,1.28268847465515,0.13582489967346,1.41337574005127,-0.05160274744034,0.71139071252942,-0.07909969806671,-0.43322026371956,-0.33906868392229,0.10138171195984,1.33793044090271,1.48615015864372,1.38265425682068,-0.08895142385364,0.81099724584818,-0.11451254844666,0.02960078239441,-0.77927432060242,146,0,0,0,0,0,0,0,0,0,0,0,0,0,0,0,0,"{""draft_candidate"":true,""draft_candidate_id"":144,""draft_lottery"":false,""draft_method"":""cpu"",""draft_overall_pick"":25,""draft_round"":3,""draft_source"":""university"",""draft_year"":2054,""fa_nissuu"":0,""rookie_year"":true}"
77878,池之上 渉太郎,4,2,fielder,20,2,R,R,182,95,981,4,0,77878,false,false,,支配下,通常,0,0,,0,0,0,,,-0.30070798873901,-0.76403026580811,0.8899934387207,1.05788800330162,0.18655841615796,1.22979046936035,0.83775620973855,0.08257271069288,1.18318360185623,2.81801879882812,2.99783554077148,1.69913187026978,0.91385142326355,1.28778884887695,1.00837783813477,0.24216384887695,-0.70303312301636,0.43498443603516,0.98827758789062,1.24596664428711,0.41546310424805,0.72855821609497,0.77158309936523,-0.69067195892334,0.13288925170898,0.03523124694824,,,,,,,,,,,,,,-0.33658100128174,0.69653218209743,0.75357180547714,,72,0,0,0,0,0,0,0,72,0,0,0,0,0,0,0,"{""draft_candidate"":true,""draft_candidate_id"":30,""draft_lottery"":false,""draft_method"":""cpu"",""draft_overall_pick"":48,""draft_round"":4,""draft_source"":""high_school"",""draft_year"":2054,""fa_nissuu"":0,""rookie_year"":true}"
77879,手代木 夏生,4,2,fielder,20,2,R,R,173,95,972,5,0,77879,false,false,,支配下,通常,0,0,,0,0,0,,,0.25783062283695,0.20638798111677,1.40188273435831,1.31063584874868,0.38268977224827,1.35854503052235,-0.42253194632381,0.37886975359917,3.18940387171507,3.46562299543619,3.04844871706516,1.99911124037579,1.88449393773079,-0.56663467407227,-0.45379011631012,-0.25187591552734,0.02959838867188,0.82441665649414,-0.82047361373901,-0.08945732116699,-0.09373039245605,0.57042821884155,-0.70443904876709,0.20038696289063,-0.61520694732666,0.81533325195313,,,,,,,,,,,,,,0.19171418798342,1.86108734798431,-0.1065566496253,,97,0,0,0,0,0,0,0,97,0,0,0,0,0,0,0,"{""draft_candidate"":true,""draft_candidate_id"":198,""draft_lottery"":false,""draft_method"":""cpu"",""draft_overall_pick"":49,""draft_round"":5,""draft_source"":""high_school"",""draft_year"":2054,""fa_nissuu"":0,""rookie_year"":true}"
77902,根来 治文,4,1,reliever,23,2,L,L,185,88,968,6,0,77902,false,false,,支配下,通常,0,0,,0,0,0,,,0.18266487121582,-0.94978304386139,-0.44152267456055,-0.37576703071594,-0.58520460128784,0.16717788696289,0.11734625816345,-0.46443772315979,0.83270428657532,1.14266282081604,0.16714533805847,-0.13962833166122,-0.54104207396507,-0.68315724462271,0.72826858520508,0.24256194114685,0.85740125656128,0.09564599514008,0.18496663093567,1.27929723739624,0.68109721183777,0.7024339389801,-0.53172217726707,0.8468615436554,1.00817755699158,1.252941198349,0.70157288551331,0.3569127368927,0.99628500938416,1.02240038353205,1.27953863996267,0.23508075964451,0.75546503555775,0.06046449291706,0.57327837905288,0.67715046292543,1.21327984303236,-0.31264466667175,0.0527836625576,0.39234661102295,0.09939616203308,0.05864523887634,141,0,0,0,0,0,0,0,0,0,0,0,0,0,0,0,0,"{""draft_candidate"":true,""draft_candidate_id"":250,""draft_lottery"":false,""draft_method"":""cpu"",""draft_overall_pick"":72,""draft_round"":6,""draft_source"":""university"",""draft_year"":2054,""fa_nissuu"":0,""rookie_year"":true}"
77903,来栖 公博,4,2,fielder,20,2,L,R,190,92,964,7,0,77903,false,false,,支配下,通常,0,0,,0,0,0,,,0.10472600483894,1.2,1.30264678955078,-1.02234306197166,-0.11923938751221,-0.78234306197166,0.16163859920204,-0.13379450321198,2.57405196285248,2.60749973487854,3.07297532701492,3.10021558146179,2.59632301330566,0.09447128295898,0.11442128419876,-0.09496589660645,0.78126983642578,0.90733383178711,1.36,1.36,0.36740798950195,1.36,1.09824035644531,1.36,0.33071716308594,0.0056079864502,,,,,,,,,,,,,,1.44,1.62540666109324,1.10039764404297,,80,0,0,0,0,0,0,0,80,0,0,0,0,0,0,0,"{""draft_candidate"":true,""draft_candidate_id"":158,""draft_lottery"":false,""draft_method"":""cpu"",""draft_overall_pick"":73,""draft_round"":7,""draft_source"":""high_school"",""draft_year"":2054,""fa_nissuu"":0,""rookie_year"":true}"
77918,宇井 守輝,4,8,fielder,28,2,R,R,185,71,964,8,0,77918,false,false,,支配下,通常,0,0,,0,0,0,,,0.13271420844644,-0.36151884832978,1.36154446296208,0.50468434795737,0.65149701401591,-0.02735308015347,-0.40892438547313,1.03036928275228,1.12507942199707,0.41387970924377,0.29278023719788,0.81117286682129,1.09564645767212,-0.29471567094326,0.55228996276855,0.90385997772217,-0.14027058601379,0.51056535720825,0.30423114776611,1.2454432117939,1.52323718416691,1.30299287786288,2.43651856572926,1.98768927758932,2.25330364783108,2.07886792731285,,,,,,,,,,,,,,0.47012298071384,1.46607616508007,0.61974520337582,,0,88,0,79,76,0,0,0,0,88,0,79,76,0,0,0,"{""draft_candidate"":true,""draft_candidate_id"":267,""draft_lottery"":false,""draft_method"":""cpu"",""draft_overall_pick"":88,""draft_round"":8,""draft_source"":""independent"",""draft_year"":2054,""fa_nissuu"":0,""rookie_year"":true}"
77941,ロッジ,4,1,starter,34,2,R,R,192,96,12216,0,0,77941,false,true,,支配下,通常,0,0,,0,0,0,,,-0.00041137695313,0.84736572265625,0.55334983825684,0.37678586959839,-0.14399204730988,1.1212121963501,0.29436080932617,0.84391422271729,2.20925144195557,2.0256175994873,1.45325868606567,1.15174420833588,2.36813182830811,0.80623507604003,0.96662970468402,1.80412956237793,1.33952438354492,1.11044127464294,1.80285411834717,1.56949157714844,2.26797496795654,1.54399200439453,1.58813440322876,1.27714810371399,1.04006726264954,1.76610988616943,1.215934882164,2.26938291549683,1.21799434185028,1.4842370929718,1.64553878164291,0.41725664039701,2.35408055531979,2.21418527921438,2.59884523582459,1.44024868988991,2.3268802806139,1.04193603241444,0.64174934750795,-0.04862703561783,0.84959260940552,1.46264862060547,146,0,0,0,0,0,0,0,0,0,0,0,0,0,0,0,0,"{""fa_nissuu"":0,""foreign_scout"":true,""foreign_signed_year"":2054,""quality_tier"":""ace""}"
77954,富野 光稔,4,1,starter,23,1,R,R,184,85,1150,1,0,77954,false,false,,支配下,通常,0,0,,0,0,0,,,-0.58894805431366,0.70079109191895,-0.17789783477783,-0.47584156036377,0.07932838439941,-0.10704734802246,-0.1990083694458,0.2402698135376,0.51335243225098,-0.05080166816711,0.85761463165283,0.3592472743988,0.14686623573303,1.24466903686523,0.28849133968353,0.16802959442139,0.28855081558228,1.02658000946045,0.65724575042725,1.6,1.22513889312744,0.10404580354691,0.03608777046204,0.64517509460449,0.62849390029907,1.16574359893799,1.23626691818237,1.17245904922485,0.19055923938751,1.28570137023926,1.08192789530754,0.16745910644531,0.19015757524967,-0.20620102643967,1.41437702178955,-0.17761597394943,0.25342483520508,1.38090488433838,1.47543748676777,0.45824077606201,0.22401378631592,-0.49818706512451,142,0,0,0,0,0,0,0,0,0,0,0,0,0,0,0,0,"{""draft_candidate"":true,""draft_candidate_id"":258,""draft_lottery"":true,""draft_method"":""lottery"",""draft_overall_pick"":8,""draft_round"":1,""draft_source"":""university"",""draft_year"":2055,""fa_nissuu"":0,""rookie_year"":true}"
77967,田平 高樹,4,4,fielder,22,1,R,L,170,71,1000,2,0,77967,false,false,,支配下,通常,0,0,,0,0,0,,,0.07687640190125,0.21002308368683,1.2,1.16234650192261,-0.51377789676189,1.00234650192261,-0.61767735242844,0.2269882863611,-0.15862043738365,1.11983322143555,1.36,1.3026330947876,1.36,2.26053193092346,2.02901893138885,2.8,1.37736233949661,2.8,2.43607363700867,1.10853079795837,0.88883444786072,1.2223739528656,0.53576144218445,-0.3603593865037,1.36,-0.08778702497482,,,,,,,,,,,,,,1.37873374521732,0.16057870006561,-0.36190458384156,,0,49,50,42,0,76,0,0,0,49,50,42,0,76,0,0,"{""draft_candidate"":true,""draft_candidate_id"":9,""draft_lottery"":false,""draft_method"":""cpu"",""draft_overall_pick"":21,""draft_round"":2,""draft_source"":""university"",""draft_year"":2055,""fa_nissuu"":0,""rookie_year"":true}"
77974,笠谷 玄次,4,1,reliever,19,1,R,R,180,97,900,3,0,77974,false,false,,支配下,通常,0,0,,0,0,0,,,-0.34343353271484,-0.19747207641602,-1.67697685241699,-1.43593933105469,-1.38645881652832,-2,0.92036235809326,-0.28198122024536,-0.46147087097168,-1.41560654640198,-0.96464889526367,-0.5529421710968,-1.02778182983398,-0.48269599914551,-0.4118824005127,0.49569198608398,0.89076446533203,0.72979721069336,-0.96645805358887,0.21265899658203,0.97437469482422,-1.12652809619904,-1.03727725982666,-1.1018090057373,0.56917831420898,-0.2369815826416,0.69428670883179,-1.05615367174149,-0.52837124824524,1.4365074311614,0.50526690722704,0.61676498043537,0.84300848776102,-0.43587000226974,-0.75874430274963,1.35209262037277,1.12744840689898,1.11883120083809,0.17359225404263,-0.42785995483398,-1.25176544189453,-0.50506530761719,146,0,0,0,0,0,0,0,0,0,0,0,0,0,0,0,0,"{""draft_candidate"":true,""draft_candidate_id"":152,""draft_lottery"":false,""draft_method"":""cpu"",""draft_overall_pick"":28,""draft_round"":3,""draft_source"":""high_school"",""draft_year"":2055,""fa_nissuu"":0,""rookie_year"":true}"
77991,藁科 陽広,4,1,reliever,19,1,R,L,180,76,825,4,0,77991,false,false,,支配下,通常,0,0,,0,0,0,,,0.59101547241211,0.86198547363281,-0.40025108337402,-0.0855744934082,-0.37851852416992,-1.34817604064941,0.17307792663574,-0.67520910263062,1.02227630615234,0.03179161071777,-0.20650695800781,-0.32241478919983,-0.25660778045654,1.35956253051758,1.49559391021729,0.26496612548828,0.21512046813965,0.76223648071289,1.52160369873047,0.39072387695313,-0.2977437210083,-0.4382722389698,-0.60784324645996,-0.49291753768921,0.99013946533203,1.43851058959961,0.41099038124084,1.09923183441162,-0.17614832401276,-0.17798945879936,-0.69049529445171,0.11953135561943,-0.43342596524954,1.68406620508432,-0.49770814973116,1.70373384463787,1.00036566722393,1.7329822948575,1.0855060556978,-1.62438212871552,0.20186096191406,-1.28239330291748,150,0,0,0,0,0,0,0,0,0,0,0,0,0,0,0,0,"{""draft_candidate"":true,""draft_candidate_id"":6,""draft_lottery"":false,""draft_method"":""cpu"",""draft_overall_pick"":45,""draft_round"":4,""draft_source"":""high_school"",""draft_year"":2055,""fa_nissuu"":0,""rookie_year"":true}"
77998,久慈 隆由,4,1,starter,23,1,L,R,178,96,780,5,0,77998,false,false,,支配下,通常,0,0,,0,0,0,,,0.49974914550781,-0.27098655700684,0.17847030639648,-1.11420031547546,-0.796275806427,0.17146595001221,-0.33457651138306,-0.84840188980103,-0.10817509651184,1.20126758575439,1.26109283447266,-0.05740532875061,1.06533168792725,0.31343826293945,1.12344541549683,0.8999333190918,-0.13785474777222,0.83655605316162,-0.10569833755493,-0.27475890159607,0.21650949478149,-0.00953760147095,-0.14952903747559,-0.01720375061035,0.48776290893555,1.05802589416504,0.38790988922119,0.63683376312256,0.14977493286133,1.18556178677082,0.96069996988773,0.81193191629648,0.46368219136447,0.70350105493888,0.3487727805078,0.46536220467091,-0.0036173055172,1.04667216455936,1.29530082559586,-0.039958152771,-0.43886779785156,-0.38127281188965,140,0,0,0,0,0,0,0,0,0,0,0,0,0,0,0,0,"{""draft_candidate"":true,""draft_candidate_id"":236,""draft_lottery"":false,""draft_method"":""cpu"",""draft_overall_pick"":52,""draft_round"":5,""draft_source"":""university"",""draft_year"":2055,""fa_nissuu"":0,""rookie_year"":true}"
78015,宮口 秀木,4,5,fielder,19,1,R,L,173,91,760,6,0,78015,false,false,,支配下,通常,0,0,,0,0,0,,,0.07379596585035,0.84912135666609,0.19960773694515,1.03666908750534,-1.34214378704503,0.55215242800713,-0.11063088521361,0.62813178825378,-0.96671785354614,1.11854873657227,1.11978790283203,-0.13731642723083,0.20024368286133,-0.57276107364893,1.07528242570162,-0.7562384516336,0.98944955503941,0.01553909814358,-0.73188732099533,-0.38123504638672,-0.82302101135254,-0.74544306278229,0.89725784301758,1.19487640380859,-0.4723983001709,1.10550476074219,,,,,,,,,,,,,,1.14542196941376,0.28414216253161,-0.46735251438618,,0,0,0,0,0,64,0,85,0,0,0,0,0,64,0,85,"{""draft_candidate"":true,""draft_candidate_id"":303,""draft_lottery"":false,""draft_method"":""cpu"",""draft_overall_pick"":69,""draft_round"":6,""draft_source"":""high_school"",""draft_year"":2055,""fa_nissuu"":0,""rookie_year"":true}"
78031,土肥 勝起,4,8,fielder,27,1,L,R,187,76,710,1,0,78031,true,false,,育成,通常,0,0,,0,0,0,,,0.14693836212158,0.39006463050842,0.24803944587708,1.55995189422369,-0.07201464653015,1.38834213548899,-0.28165898273885,-0.00597385883331,0.63432528495789,0.18427159309387,1.20918104171753,0.95062835693359,0.81928131103516,0.82855083465576,0.08849946975708,0.29949948310852,1.25655595779419,0.61034872055054,0.72646600723267,2.4,2.4,2.05786293029785,1.16248727798462,1.91310211181641,1.32860630512238,1.31691640377045,,,,,,,,,,,,,,0.9627384185791,0.60182086467743,1.44,,0,92,63,92,79,0,0,0,0,92,63,92,79,0,0,0,"{""draft_candidate"":true,""draft_candidate_id"":3,""draft_lottery"":false,""draft_method"":""cpu"",""draft_overall_pick"":85,""draft_round"":1,""draft_source"":""industrial"",""draft_year"":2055,""fa_nissuu"":0,""rookie_year"":true}"
78042,花崎 佐和則,4,1,reliever,22,1,R,R,183,83,710,2,0,78042,true,false,,育成,通常,0,0,,0,0,0,,,-0.20313703536987,-1.78128301620483,-0.7878232383728,-0.6565648651123,-2,-0.04525953292847,-0.38823370456696,-0.18575491905212,-1.01142905056477,0.64838995933533,-0.51885060787201,-0.40436528205872,-0.46140270709991,-1.06455953389406,-0.09705421924591,0.88964391708374,-0.68088324308395,-1.00225297570229,-1.07016945719719,0.76013052940369,-0.14793176174164,0.75334386825562,-0.45382364273071,0.50281514167786,-0.77135677814484,-1.06751424700022,0.26682453155518,0.19996521949768,-0.27255145549774,0.15886738777161,0.24076831430197,0.11316391944885,-0.87670340180397,0.22371700286865,0.76305937767029,-0.4600750951767,0.14927200317383,0.74750290870667,0.80696619987488,-1.57350060939789,-1.62457849085331,-0.88308444976807,142,0,0,0,0,0,0,0,0,0,0,0,0,0,0,0,0,"{""draft_candidate"":true,""draft_candidate_id"":20,""draft_lottery"":false,""draft_method"":""cpu"",""draft_overall_pick"":96,""draft_round"":2,""draft_source"":""university"",""draft_year"":2055,""fa_nissuu"":0,""rookie_year"":true}"
78045,河村 雄作,4,1,reliever,23,1,R,R,171,85,710,3,0,78045,true,false,,育成,通常,0,0,,0,0,0,,,0.01906455993652,-0.73227554321289,-0.2797191619873,-1.16382975578308,0.27447494506836,-1.33733712375164,-0.02532512664795,-0.20207300186157,1.50583530426025,-0.00026496887207,0.31932216644287,0.40350557327271,0.22346525192261,-0.09428479194641,1.31698022842407,0.29154375076294,1.10930690765381,1.31692436218262,0.84437435150146,1.03683994293213,0.96589023590088,0.3071040725708,1.08447208404541,0.88303592681885,0.63972229003906,0.63076248168945,0.8122047996521,0.32410355567932,1.20567718505859,0.55849138259888,0.32112627029419,-0.35506874084473,0.77536270141602,0.13156393051147,0.60738082885742,0.47787143883109,0.67688827514648,0.30961610531807,-0.02365127360821,0.40094703674316,-0.01313976287842,-0.346936378479,140,0,0,0,0,0,0,0,0,0,0,0,0,0,0,0,0,"{""draft_candidate"":true,""draft_candidate_id"":97,""draft_lottery"":false,""draft_method"":""cpu"",""draft_overall_pick"":99,""draft_round"":3,""draft_source"":""university"",""draft_year"":2055,""fa_nissuu"":0,""rookie_year"":true}"
78047,ヴァルデス,4,1,starter,29,1,L,R,195,95,12735,0,0,78047,false,true,,支配下,通常,0,0,,0,0,0,,,0.48649200439453,0.25088194847107,0.55741798400879,0.56993650436401,0.45908742904663,0.37407236099243,0.63390884399414,0.98059463500977,1.25111139297485,1.14746213912964,2.46650684356689,2.06020523071289,2.56,1.27167187690735,1.46290055274963,2.36245018005371,1.96411647796631,1.71213090896606,2.33571002960205,1.47848066329956,1.11225522041321,2.54184642791748,1.40241069793701,2.22150245666504,1.60821323394775,1.40345582962036,1.35424939155579,1.32849625110626,2.04534364700317,2.46582954269648,2.62399287475273,-0.07359919297695,1.71145051693916,2.17297392559052,1.2674560136795,1.26789318138361,2.55314939969778,2.16087367427349,1.64445437526703,0.87100074768066,0.65296239852905,1.56481838226318,146,0,0,0,0,0,0,0,0,0,0,0,0,0,0,0,0,"{""fa_nissuu"":0,""foreign_scout"":true,""foreign_signed_year"":2055,""quality_tier"":""ace""}"
78051,モリッシー,4,5,fielder,25,1,L,L,193,99,7097,0,0,78051,false,true,,支配下,通常,0,0,,0,0,0,,,0.15820209247619,1.93620239841938,0.89597238092124,1.56432828092575,1.33317150115967,0.51973424977064,0.51074578902125,1.39615779310465,1.26442226409912,1.89921504974365,1.55938297271729,1.36367380142212,1.92,1.8211512542069,1.9383230368495,1.86977429693937,1.87053055465221,1.66469156336784,1.41161421227455,1.82443237304688,1.50202381134033,1.64655363082886,0.21248584866524,1.33774787902832,0.7617307472229,1.45698684692383,,,,,,,,,,,,,,1.28536153262854,1.81497807252407,1.13725113546848,,0,0,0,0,0,0,0,87,0,0,0,0,0,0,0,87,"{""fa_nissuu"":0,""foreign_scout"":true,""foreign_signed_year"":2055,""quality_tier"":""good""}"
75781,立沢 良久,5,1,reliever,39,21,L,R,183,79,7820,1,0,75781,false,false,,支配下,通常,0,0,,0,0,0,,,-0.74971913337708,-1.29486022949219,0.80317199707031,-0.97626293182373,-0.14766647338867,0.3554736328125,0.33374977111816,-0.56124683380127,0.94371444702148,0.14790813446045,0.35157150268555,1.4885559463501,1.49632965087891,1.6,1.6,1.6,1.06497024536133,1.35447067260742,0.05657459259033,1.14866912841797,0.05927173614502,1.44992128372192,0.77307258605957,-0.25024333953857,1.33015579223633,-0.16065238952637,0.64374228477478,-0.17969218254089,0.63272654533386,1.68507368388399,1.68498801915348,0.76495955693349,1.59496469210088,0.22360348899812,0.27280151443928,2.4579877711609,1.26808353964612,1.80547359800339,1.51343685667813,0.98438369750977,0.02917572021484,1.06633102416992,143,0,0,0,0,0,0,0,0,0,0,0,0,0,0,0,0,"{""draft_candidate"":true,""draft_candidate_id"":37,""draft_lottery"":true,""draft_method"":""lottery"",""draft_overall_pick"":9,""draft_round"":1,""draft_source"":""high_school"",""draft_year"":2035,""fa_nissuu"":339,""rookie_year"":true}"
76110,岩間 達之,5,1,starter,36,18,R,R,185,94,8271,1,0,76110,false,false,,支配下,通常,0,0,,0,0,0,,,-0.19223831176758,0.82552108764648,-0.99902998924255,-0.96712710380554,-0.3849494934082,-0.07089340209961,-0.2564909362793,0.31306158065796,1.6,0.8745238494873,0.59317375183105,1.6,1.52996917724609,1.38811172485352,1.46112449645996,1.3059440612793,-0.09685455799103,1.25380401611328,1.6,0.91884284973145,1.38129486083984,0.21307199954987,1.55675674438477,1.6,0.54351638793945,1.40233993530273,0.25250492811203,0.43132692813873,0.13522845387459,1.00904520807862,-0.26856977641582,-0.27190913533419,1.01092325464869,0.75975236783177,1.39972198039293,0.82225805370696,0.63499645872182,1.6764647089541,1.52123957288563,-0.32259063720703,1.6,-0.06400825500488,145,0,0,0,0,0,0,0,0,0,0,0,0,0,0,0,0,"{""draft_candidate"":true,""draft_candidate_id"":150,""draft_lottery"":false,""draft_method"":""rebid_single"",""draft_overall_pick"":12,""draft_round"":1,""draft_source"":""high_school"",""draft_year"":2038,""fa_nissuu"":236,""rookie_year"":true}"
76114,金島 起容嗣,5,1,reliever,36,18,R,R,186,73,8434,2,0,76114,false,false,,支配下,通常,0,0,,0,0,0,,,0.41662170410156,-1.11640266418457,-1.80673021316528,-0.06992645263672,0.684521484375,-1.72347890853882,0.25511695861816,-0.6762451839447,1.23866851806641,1.08905303955078,1.12569458007813,1.33675815582275,0.33936866760254,0.35178565979004,-0.16946083068848,0.18200874328613,-0.22284187316895,-0.86035383820534,1.08799789428711,-0.15526313781738,0.84219955444336,-0.34253738880157,0.11301284790039,0.55897125244141,0.21785354614258,0.96662002563477,0.4553709602356,-0.22128554821014,-0.19909028053284,1.35009186682105,0.80655156421661,0.18335692875832,1.69886056896299,0.09926925547719,1.63267326432466,0.22275108256936,1.18032721090317,2.03856577559561,1.53797663373798,-1.76285542964935,-0.64847679138184,-0.54276184082031,146,0,0,0,0,0,0,0,0,0,0,0,0,0,0,0,0,"{""draft_candidate"":true,""draft_candidate_id"":318,""draft_lottery"":false,""draft_method"":""cpu"",""draft_overall_pick"":16,""draft_round"":2,""draft_source"":""high_school"",""draft_year"":2038,""fa_nissuu"":202,""rookie_year"":true}"
76202,真坂 顕宏,5,1,reliever,35,17,R,R,193,78,13040,1,0,76202,false,false,,支配下,通常,0,0,,0,0,0,,,-0.38241273880005,1.48850708007813,0.60601165771484,0.80749649047852,0.27746849060059,-0.20790634155273,-0.35842540740967,1.59422710418701,1.6,1.6,1.17517616271973,1.03493064880371,0.65246925354004,0.52175559997559,0.89282472610474,0.93905052185059,1.6,0.39484910964966,1.39679786682129,1.6,1.6,1.6,0.94147445678711,1.6,1.6,1.6,1.6,1.47774652481079,1.52151308059692,1.58989311327934,3.54623204458207,1.49204930107296,2.25640063929558,1.31108320753872,1.69523552283039,1.67415172457695,1.91088025215119,1.78561891278625,1.56832066070437,1.12680603027344,1.47867965698242,1.19094772338867,148,0,0,0,0,0,0,0,0,0,0,0,0,0,0,0,0,"{""draft_candidate"":true,""draft_candidate_id"":124,""draft_lottery"":false,""draft_method"":""rebid_single"",""draft_overall_pick"":7,""draft_round"":1,""draft_source"":""high_school"",""draft_year"":2039,""fa_nissuu"":260,""rookie_year"":true}"
76303,赤星 栄弼,5,1,reliever,34,16,L,R,193,96,11668,1,0,76303,false,false,,支配下,通常,0,0,,0,0,0,,,0.875354347229,-1.28171453475952,0.69565490722656,0.13513290405273,0.71467071533203,0.85333312988281,-0.60453294754028,0.02726552963257,0.63841804504395,1.05930297851562,0.82409530639648,-0.24707029819489,0.55033462524414,-0.11311683654785,-0.03079385280609,1.30388732910156,1.6,1.6,1.54871231079102,0.34523750305176,1.43785980224609,1.57883567810059,1.6,0.65043403625488,0.47111228942871,1.6,1.32473293304443,1.06531497955322,-0.37043070882559,3.68128623628616,2.26123134699464,1.55835862815008,1.27466003746353,2.30580619750619,2.64188092164695,1.9298969088234,2.2661325866878,2.36382391732931,0.57212379173636,1.0100422668457,0.06931541442871,0.3528288269043,148,0,0,0,0,0,0,0,0,0,0,0,0,0,0,0,0,"{""draft_candidate"":true,""draft_candidate_id"":132,""draft_lottery"":true,""draft_method"":""lottery"",""draft_overall_pick"":2,""draft_round"":1,""draft_source"":""high_school"",""draft_year"":2040,""fa_nissuu"":355,""rookie_year"":true}"
76363,堀米 瑛祐,5,8,fielder,34,16,R,R,175,76,4286,6,0,76363,false,false,,支配下,通常,0,0,,0,0,0,,,-0.40415612076223,1.80164039075971,2.23291030650139,0.80975671127141,1.02363719648123,0.42994699452668,0.84604263633862,1.08074747592211,0.84422622680664,1.23083358764648,-0.13722526550293,-0.07335064888,1.27480590820313,-0.52554117202759,1.3366360282898,0.04026596069336,-0.69198156356812,0.73280975341797,-0.67485813140869,2.03027376266569,0.82380618596077,2.60544982234761,1.11814649858326,2.77204382950068,2.80136535400851,3.12571448764205,,,,,,,,,,,,,,0.40170078757182,2.01052488869429,-0.73454613198638,,0,70,46,66,70,0,0,39,0,70,46,66,70,0,0,39,"{""draft_candidate"":true,""draft_candidate_id"":300,""draft_lottery"":false,""draft_method"":""cpu"",""draft_overall_pick"":62,""draft_round"":6,""draft_source"":""high_school"",""draft_year"":2040,""fa_nissuu"":236,""rookie_year"":true}"
76418,相沢 拓海,5,4,fielder,37,15,R,R,173,89,13400,1,0,76418,false,false,,支配下,通常,0,0,,0,0,0,,,0.66887907100376,1.53018879371881,1.33472616831679,3.12911027986407,0.77371624061465,2.07697353354786,0.83749260652438,0.62647736606002,-0.19647647857666,-0.04727659225464,0.96465549468994,0.12178826332092,0.04921575546265,0.46244411676377,2.41800968391634,1.72949864784628,1.12461686697043,1.15357353773713,2.20574016886949,0.04158815383911,0.57595371246338,0.01107211112976,0.91122200012207,0.94052391052246,1.02602535247803,0.63578147888184,,,,,,,,,,,,,,1.85575813828111,-0.23688295489848,-0.42527463844121,,0,0,100,0,50,86,52,80,0,0,100,0,50,86,52,80,"{""draft_candidate"":true,""draft_candidate_id"":306,""draft_lottery"":false,""draft_method"":""rebid_single"",""draft_overall_pick"":7,""draft_round"":1,""draft_source"":""university"",""draft_year"":2041,""fa_nissuu"":323,""rookie_year"":true}"
76722,漆原 俊三郎,5,7,fielder,31,13,R,R,173,74,3025,1,0,76722,false,false,,支配下,通常,0,0,,0,0,0,,,1.47690538017824,0.52700186749361,2.47483947630227,2.2844077632539,0.25933475977182,1.75537705427408,0.01720538420789,1.71034688731283,0.35702560424805,0.34227630615234,0.94606094360352,-0.02728219985962,0.76699478149414,0.92995758056641,-0.11385914802551,-0.17732627868652,-1.26244077205658,1.06205169677734,-0.14307968139648,-0.4174642721191,-0.82078370714188,0.30215220232867,-1.44190479683876,-1.11888653345453,-1.37996197909489,-1.66707051149011,,,,,,,,,,,,,,1.04058093753457,0.56047383704185,1.00703215449452,,0,37,0,78,74,0,0,0,0,37,0,78,74,0,0,0,"{""draft_candidate"":true,""draft_candidate_id"":180,""draft_lottery"":false,""draft_method"":""user"",""draft_overall_pick"":90,""draft_round"":1,""draft_source"":""high_school"",""draft_year"":2043,""fa_nissuu"":9,""released_from_team"":1,""released_signed_year"":2052,""rookie_year"":true}"
76746,木崎 和貴,5,1,reliever,30,12,R,R,176,77,7007,1,0,76746,false,false,,支配下,通常,0,0,,0,0,0,,,0.36547176361084,-0.08402755737305,0.9769563293457,-0.56487083435059,-0.82755752563477,-0.02064453125,0.05884677886963,-0.32140306472778,-0.01032459259033,0.1385466003418,0.32922393798828,1.34738552093506,1.32614654541016,1.6,0.97121950149536,0.45531715393066,-0.43239696502686,0.58549697875977,1.4064729309082,0.5626700592041,1.29909469604492,-0.20106712579727,0.15004806518555,-0.2317505645752,1.6,0.38405342102051,0.90768400192261,0.9451198387146,0.10266400814056,1.64112878598049,2.26690205560476,0.01540161370113,0.8621662376076,0.79174960631132,1.05148643471301,0.5334016815275,2.60491115578339,1.6505402822122,1.94057578986883,0.22902496337891,1.23612731933594,-0.84640342712402,149,0,0,0,0,0,0,0,0,0,0,0,0,0,0,0,0,"{""draft_candidate"":true,""draft_candidate_id"":143,""draft_lottery"":false,""draft_method"":""rebid_single"",""draft_overall_pick"":8,""draft_round"":1,""draft_source"":""high_school"",""draft_year"":2044,""fa_nissuu"":227,""rookie_year"":true}"
76752,山谷 佑一郎,5,1,starter,32,12,R,R,192,79,8122,2,0,76752,false,false,,支配下,通常,0,0,,0,0,0,,,-0.36053547859192,0.46246463775635,-0.53053345680237,-1.23502673387527,-0.66218800544739,-0.33939450263977,-0.26969790458679,-0.53572793960571,0.21192331314087,1.6,0.83240293502808,0.04556448936462,1.40599924087524,-0.41021780788898,1.25110054016113,1.50575025558472,0.17490878105164,1.11969869613647,0.1301539516449,1.38294624328613,1.6,0.75150630950928,1.6,-0.26428908824921,0.24949239730835,-0.36210620522499,1.54699554443359,0.91437553405762,1.21611469268799,2.03312823867798,2.19654243946075,0.12726772006787,1.58445520670712,1.70122455140501,1.79768000389636,0.81358115409687,1.41928564617783,3.14989300393965,2.23862533382773,-0.8180383014679,-0.25060042381287,-0.03348743438721,141,0,0,0,0,0,0,0,0,0,0,0,0,0,0,0,0,"{""draft_candidate"":true,""draft_candidate_id"":234,""draft_lottery"":false,""draft_method"":""cpu"",""draft_overall_pick"":14,""draft_round"":2,""draft_source"":""independent"",""draft_year"":2044,""fa_nissuu"":166,""rookie_year"":true}"
76768,竹本 健之,5,2,fielder,32,12,L,R,171,79,3661,3,0,76768,false,false,,支配下,通常,0,0,,0,0,0,,,0.75410258323234,0.3566196949333,1.1557146014832,1.97493624770045,1.30021873262525,2.06597715302706,0.82324590910226,1.08842495912313,3.30445020224899,2.85169130495936,2.81686771914363,3.49907855413062,1.9835816283524,1.03786516189575,0.30561248779297,0.76207754135132,-0.44202278137207,0.31360279083252,-0.14265952110291,0.34911762237549,-0.0575457572937,0.1366321182251,-0.70792742371559,0.44312658309937,-0.54323995113373,-0.22000902175903,,,,,,,,,,,,,,1.42441122695804,1.20351488417387,1.18747116672993,,85,0,0,0,0,0,0,0,85,0,0,0,0,0,0,0,"{""draft_candidate"":true,""draft_candidate_id"":288,""draft_lottery"":false,""draft_method"":""cpu"",""draft_overall_pick"":30,""draft_round"":3,""draft_source"":""independent"",""draft_year"":2044,""fa_nissuu"":149,""released_from_team"":11,""released_signed_year"":2055,""rookie_year"":true}"
76773,花輪 始孝,5,1,starter,34,12,L,R,177,70,10835,3,0,76773,false,false,,支配下,通常,0,0,,0,0,0,,,-0.35926927566528,-0.61098679065704,0.69938201904297,0.62608890533447,-0.0466420173645,0.27040161132813,-0.20661529541016,0.42088256835937,1.6,0.70147005081177,1.36937465667725,1.50387670516968,1.41030502319336,0.91361970901489,0.76757823944092,0.77875040054321,0.6645495223999,1.6,1.17010875701904,1.2398356628418,0.50052510261536,0.56670362472534,0.5794806098938,1.6,0.93361448287964,0.55725812911987,0.74353129386902,0.45293330669403,1.41462461471558,1.01829202373093,1.44946693813801,-0.87618768675253,1.17454910227656,1.39104691488966,1.08084066379815,1.32840834752657,1.15267733905371,0.93107032644749,2.53079558330178,-0.23144996643066,0.44097721099854,0.53672370910645,143,0,0,0,0,0,0,0,0,0,0,0,0,0,0,0,0,"{""draft_candidate"":true,""draft_candidate_id"":130,""draft_lottery"":false,""draft_method"":""cpu"",""draft_overall_pick"":35,""draft_round"":3,""draft_source"":""university"",""draft_year"":2044,""fa_nissuu"":281,""rookie_year"":true}"
76942,アッバス,5,5,fielder,37,11,R,L,191,85,18803,0,0,76942,false,true,,支配下,通常,0,0,,0,0,0,,,0.07020327969873,0.81852647332847,1.98018733668327,1.93723017214239,1.20429212659597,2.92338376703858,0.579240666233,1.96122348836064,1.20208393096924,2.56,2.12945980072021,1.67388373374939,2.02058013916016,1.98648278111219,1.98495004930347,2.09854482695088,1.44838258767873,1.82837756124511,2.9449735994637,1.28414167404175,1.71002777099609,2.00040365219116,1.02271208286285,1.70441862106323,2.56,1.19391347885132,,,,,,,,,,,,,,1.56850274471045,1.78367728663981,1.94013791590184,,0,0,0,0,85,0,0,93,0,0,0,0,85,0,0,93,"{""fa_nissuu"":286,""foreign_scout"":true,""foreign_signed_year"":2045,""quality_tier"":""ace""}"
76955,野畑 大悟,5,8,fielder,32,10,R,R,181,81,32639,1,0,76955,false,false,,支配下,通常,0,0,,0,0,0,,,0.25147757840157,1.03278780673444,1.95099079757184,2.76421835014522,1.03258224122971,2.05143416066393,0.95265147557855,1.65794423246384,0.16919613838196,1.14849617004395,0.42601157188416,1.36,1.36,0.84607740402222,0.59673043727875,0.69783761978149,0.70703214645386,0.49025624275208,1.36,2.09799980401993,2.07812288856506,3.16241943329573,2.3203,3.54553957832605,2.8518,2.5449,,,,,,,,,,,,,,0.77359821766391,2.03371544147432,1.47034435756057,,0,76,0,71,67,0,0,0,0,76,0,71,67,0,0,0,"{""draft_candidate"":true,""draft_candidate_id"":193,""draft_lottery"":true,""draft_method"":""lottery"",""draft_overall_pick"":1,""draft_round"":1,""draft_source"":""university"",""draft_year"":2046,""fa_nissuu"":170,""rookie_year"":true}"
76989,金杉 千也,5,9,fielder,32,10,R,R,177,83,21388,3,0,76989,false,false,,支配下,通常,0,0,,0,0,0,,,0.78198421653733,0.8453786426574,1.76524951044172,2.05672130898237,1.04623188763857,3.11554415636063,0.11063528265432,1.75524495081604,0.36562523841858,1.233078956604,1.0655224609375,1.36,1.36,0.1375121307373,0.74966934204102,1.36,0.99879825592041,1.36,1.36,1.95937817128003,2.2970642310679,0.51056962911412,2.03474683138728,1.5489174375888,2.02923946123419,1.67879359716177,,,,,,,,,,,,,,2.39255616863072,1.25915133757889,1.85823263815641,,0,46,0,59,76,0,0,0,0,46,0,59,76,0,0,0,"{""draft_candidate"":true,""draft_candidate_id"":24,""draft_lottery"":false,""draft_method"":""cpu"",""draft_overall_pick"":35,""draft_round"":3,""draft_source"":""university"",""draft_year"":2046,""fa_nissuu"":236,""rookie_year"":true}"
76992,神垣 英広,5,1,reliever,31,10,R,L,185,96,11266,4,0,76992,false,false,,支配下,通常,0,0,,0,0,0,,,0.51941162109375,0.10757339477539,-0.49966137886047,-1.58606598496437,-1.48806317806244,-0.1577028465271,-0.23784271717072,-1.50136565834284,0.56816137313843,1.03243056297302,1.27592107772827,0.36266568183899,0.73715817451477,0.8742116355896,0.40115292549133,0.19039102554321,-0.21038523674011,1.26820483207703,-0.41214093446732,1.17843074798584,-0.382493288517,0.75224202156067,0.24496952533722,0.57430149078369,-0.13361783504486,1.20452630996704,1.13323069572449,0.09282203674316,0.89564949035645,2.10422527825981,2.22727993697822,0.80136195591791,0.76563661247492,1.43410515236855,1.32036790034175,1.53940818274766,1.33478035616279,1.18824179294333,1.21304321399331,-1.45103072524071,-0.4545828294754,0.33217467308044,144,0,0,0,0,0,0,0,0,0,0,0,0,0,0,0,0,"{""draft_candidate"":true,""draft_candidate_id"":217,""draft_lottery"":false,""draft_method"":""cpu"",""draft_overall_pick"":38,""draft_round"":4,""draft_source"":""university"",""draft_year"":2046,""fa_nissuu"":163,""rookie_year"":true}"
77013,谷川 佳朋,5,1,reliever,28,10,R,R,193,79,5523,5,0,77013,false,false,,支配下,通常,0,0,,0,0,0,,,0.52441932678223,-1.29409004211426,-0.68023147583008,-0.21697494506836,-1.7778328704834,-0.76815948486328,0.81900398254395,-1.13253121376038,-0.68862037658691,-0.2494709777832,-0.0451683807373,0.55605522155762,0.29850082397461,0.23003219604492,0.70249141693115,-0.79574829101563,-0.62126720428467,-0.95653038024902,-0.27385559082031,-0.44307205200195,-0.64087543487549,0.49248100280762,0.98023773193359,-0.57420246124268,-0.26119033813477,1.01054473876953,-0.63861361026764,-0.64429080963135,-0.38938591003418,2.86292614120431,0.381483816728,0.24249823050946,-0.23579011583328,-0.34578892013803,1.90516777843237,2.66878660721332,1.65559806855302,1.43396170223877,-0.09505023755878,-0.39379974365234,-1.64824666976929,-0.84881805419922,151,0,0,0,0,0,0,0,0,0,0,0,0,0,0,0,0,"{""draft_candidate"":true,""draft_candidate_id"":315,""draft_lottery"":false,""draft_method"":""cpu"",""draft_overall_pick"":59,""draft_round"":5,""draft_source"":""high_school"",""draft_year"":2046,""fa_nissuu"":42,""rookie_year"":true}"
77065,国島 龍秀,5,3,fielder,27,9,L,R,174,98,9799,1,0,77065,false,false,,支配下,通常,0,0,,0,0,0,,,1.06863505905261,2.21497324226797,1.94862119835615,1.82387180299461,2.35451689878106,1.8076946963124,0.67237542564422,2.26816666646302,1.36,1.09669372558594,0.42803329467773,1.14806192398071,1.18286361694336,0.09771347638965,-1.33539874618873,-0.8931488160193,-1.03173569634743,-0.54275813239999,-1.31544062434137,0.60300994873047,-0.51744081497192,1.1116167640686,1.36,1.36,-0.48256355285645,0.51812622070313,,,,,,,,,,,,,,2.20885569571704,1.13057706141472,2.64505660140514,,0,0,100,68,0,0,0,0,0,0,100,68,0,0,0,0,"{""draft_candidate"":true,""draft_candidate_id"":125,""draft_lottery"":false,""draft_method"":""single_bid"",""draft_overall_pick"":3,""draft_round"":1,""draft_source"":""high_school"",""draft_year"":2047,""fa_nissuu"":95,""rookie_year"":true}"
77094,村中 祐貴,5,1,starter,27,9,R,L,191,78,6284,3,0,77094,false,false,,支配下,通常,0,0,,0,0,0,,,0.51017520904541,-0.92343650817871,-1.66366874694824,-1.68008045196533,0.12145614624023,-0.7433528137207,0.60871776580811,-1.57704913854599,-1.00347620010376,0.42056091308594,-0.68299289703369,1.16608741760254,0.60296539306641,-0.84457836151123,0.39015083312988,0.47345977783203,0.01845878601074,1.24615951538086,-0.87127994537354,1.24786071777344,0.65107788085938,0.9635279083252,-0.9701762342453,-0.03692543029785,0.12686218261719,0.58674179077148,1.23632574081421,-0.4690730381012,-0.80133131861687,2.08778291904181,1.71502993983775,-0.26945678333938,0.32783153772354,1.81843384862691,0.62482596098632,0.66547581495345,1.62723162871599,0.78139389082789,1.61784819310158,-1.54748474121094,0.69073715209961,-0.72470420837402,144,0,0,0,0,0,0,0,0,0,0,0,0,0,0,0,0,"{""draft_candidate"":true,""draft_candidate_id"":203,""draft_lottery"":false,""draft_method"":""cpu"",""draft_overall_pick"":32,""draft_round"":3,""draft_source"":""high_school"",""draft_year"":2047,""fa_nissuu"":9,""rookie_year"":true}"
77097,草間 大文,5,2,fielder,31,9,L,R,170,90,2505,3,0,77097,false,false,,支配下,通常,0,0,,0,0,0,,,0.51000791716576,0.8656245303601,1.23129379092157,0.73654043360949,1.73996084117889,0.37372637424022,0.17925143189728,-0.27062371028215,1.82353556343913,2.59104225146771,3.10693089723587,2.48205489153415,2.94367094575614,0.07021537780762,-0.12321390151978,-0.36007663726807,-0.31421850204468,-0.13638372421265,0.49809394836426,0.72927787780762,0.58420547485352,0.40176692962646,-0.20767189025879,0.20115261077881,-0.50080726623535,1.05863014221191,,,,,,,,,,,,,,1.61535653045028,1.15336041720957,1.58384418686181,,74,0,0,0,0,0,0,0,74,0,0,0,0,0,0,0,"{""draft_candidate"":true,""draft_candidate_id"":194,""draft_lottery"":false,""draft_method"":""cpu"",""draft_overall_pick"":35,""draft_round"":3,""draft_source"":""industrial"",""draft_year"":2047,""fa_nissuu"":134,""released_from_team"":9,""released_signed_year"":2055,""rookie_year"":true}"
77149,前畑 貴廣,5,9,fielder,27,9,R,R,173,87,2505,1,0,77149,false,false,,支配下,通常,0,0,,0,0,0,,,0.85098340197466,2.08016806733608,0.932223779805,1.69647347821593,0.31098056209087,1.36799769914448,0.0458338782303,0.95856389821321,-0.10036254882812,-1.0930429649353,1.23517059326172,-0.22423219680786,0.42027008056641,-0.60991596221924,-0.14745794296265,-1.1979105296731,0.95896789550781,-0.37621337890625,0.83900772094727,1.01467516723275,0.79443694671988,-0.50304892673343,-0.02106471777335,1.08638973306119,-0.91161401434988,1.85854418125749,,,,,,,,,,,,,,2.25573823738098,1.98195941768959,-0.08647828108072,,0,53,0,64,73,0,0,0,0,53,0,64,73,0,0,0,"{""draft_candidate"":true,""draft_candidate_id"":189,""draft_lottery"":false,""draft_method"":""cpu"",""draft_overall_pick"":87,""draft_round"":1,""draft_source"":""high_school"",""draft_year"":2047,""fa_nissuu"":3,""rookie_year"":true}"
77173,春山 万尚,5,1,reliever,30,8,L,R,178,98,8948,1,0,77173,false,false,,支配下,通常,0,0,,0,0,0,,,0.32525863647461,-0.72397727966309,-1.14302659749985,-0.00697322845459,0.43527465820312,-0.12965343475342,-0.59716438293457,-0.59839347839355,-0.16300839185715,0.69980672836304,1.6,0.21619307518005,1.57089992523193,1.05312366485596,0.20144962787628,0.50813484191895,0.6913173866272,1.11354892730713,1.34473136901855,0.50779752731323,1.12739410400391,0.95970756530762,0.45258670806885,0.81023918151855,-0.23373729810119,-0.03394650936127,0.10535530567169,1.09564458847046,0.9182349395752,2.59974220396727,1.08642477355599,0.92839019546285,0.35806065369397,0.53941625200957,2.00415019360185,0.3470114620328,1.6551940216288,2.18843252921104,1.95645889309049,-0.51132596969604,1.10739742279053,-0.66041444778442,147,0,0,0,0,0,0,0,0,0,0,0,0,0,0,0,0,"{""draft_candidate"":true,""draft_candidate_id"":311,""draft_lottery"":true,""draft_method"":""lottery"",""draft_overall_pick"":8,""draft_round"":1,""draft_source"":""university"",""draft_year"":2048,""fa_nissuu"":95,""rookie_year"":true}"
77231,真辺 直宏,5,2,fielder,29,8,R,R,183,86,2283,6,0,77231,false,false,,支配下,通常,0,0,,0,0,0,,,0.76764247477055,0.33058246062696,1.15731991001964,0.10291113677025,1.16203599336743,-0.46369106248617,0.25085189290345,0.65374114006013,2.78007856658101,2.34047348451614,1.68311715051532,2.20357522204146,2.46922823179513,-0.44494293451309,0.394108710289,1.17427812576294,0.28460066795349,0.5614136505127,0.08274185180664,1.08688850402832,-0.04012273788452,0.61358759880066,1.36,-0.50462015897036,-0.42480084180832,1.14552361488342,,,,,,,,,,,,,,0.34000964468718,1.90637105563283,1.04982656973973,,73,0,0,0,0,0,0,0,73,0,0,0,0,0,0,0,"{""draft_candidate"":true,""draft_candidate_id"":308,""draft_lottery"":false,""draft_method"":""cpu"",""draft_overall_pick"":66,""draft_round"":6,""draft_source"":""independent"",""draft_year"":2048,""fa_nissuu"":26,""rookie_year"":true}"
77285,佐貫 徹司,5,6,fielder,25,7,L,R,172,75,4985,1,0,77285,false,false,,支配下,通常,0,0,,0,0,0,,,0.38862290743366,1.52209746746719,1.25510533253849,1.48551266515329,0.74531999570131,1.4789677423358,1.3622692836374,0.39636210828274,0.36321716308594,-0.597431640625,0.5353630065918,1.15264225006104,0.13442481994629,2.95811764025688,2.44620907308999,2.39571793405712,4,3.83405100119114,2.96764223209652,-0.22035034179688,-0.45625263214111,0.84795930862427,0.46656341552734,-0.90515999794006,0.71808242797852,-0.33705810546875,,,,,,,,,,,,,,0.77849272155762,2.27669799223542,1.67420769509673,,0,71,93,0,0,92,95,83,0,71,93,0,0,92,95,83,"{""draft_candidate"":true,""draft_candidate_id"":295,""draft_lottery"":true,""draft_method"":""lottery"",""draft_overall_pick"":6,""draft_round"":1,""draft_source"":""high_school"",""draft_year"":2049,""fa_nissuu"":39,""rookie_year"":true}"
77382,ウェブ,5,5,fielder,38,7,L,R,198,107,10402,0,0,77382,false,true,,支配下,通常,0,0,,0,0,0,,,-0.27321420922875,1.91346143132448,2.57526492357254,1.44840898743272,2.06390099656582,2.01876920850575,0.2497512136735,2.20208003260195,1.40189130783081,1.12487570762634,1.70656610488892,2.48944087982178,2.17617034912109,1.04901117162406,1.04864993987419,2.73051449415088,0.77205573010445,2.47036373543739,0.88654736453295,1.52490968704224,2.01069507598877,1.28293677330017,1.49850043330193,0.80700557902455,2.2185256353009,2.26451501187202,,,,,,,,,,,,,,1.75735344521403,1.22503007615805,1.2680050140366,,0,0,100,0,0,0,0,80,0,0,100,0,0,0,0,80,"{""fa_nissuu"":62,""foreign_scout"":true,""foreign_signed_year"":2049,""quality_tier"":""ace""}"
77394,海老根 景太郎,5,1,starter,29,6,L,R,181,88,5439,1,0,77394,false,false,,支配下,通常,0,0,,0,0,0,,,-0.27790175437927,-0.08992212295532,-0.61676342487335,0.4620396900177,0.47924240112305,-0.85564233422279,0.26965503692627,-0.36355571746826,0.69626718521118,-0.0689936670661,0.33038956403732,1.30816548347473,1.41431035041809,0.53035472869873,1.1474510383606,1.42053861618042,0.39557442188263,0.30698667526245,-0.01865045189857,0.81531076431274,0.93854683876038,1.26385127067566,1.4127872467041,-0.02302780151367,1.58136762619019,1.32425305366516,1.26093319892883,0.3510712313652,0.68800421237946,2.1044512822032,1.30309937272966,0.5308703465088,1.00200910021365,1.93476049217582,1.26970279231668,1.4639813939929,2.09925490498543,1.75090652702935,1.34460144822299,0.37724658966064,-0.57302795529366,0.23976001739502,144,0,0,0,0,0,0,0,0,0,0,0,0,0,0,0,0,"{""draft_candidate"":true,""draft_candidate_id"":54,""draft_lottery"":true,""draft_method"":""lottery"",""draft_overall_pick"":6,""draft_round"":1,""draft_source"":""independent"",""draft_year"":2050,""fa_nissuu"":70,""rookie_year"":true}"
77412,三次 優武,5,1,starter,24,6,R,R,178,77,3697,2,0,77412,false,false,,支配下,通常,0,0,,0,0,0,,,-0.68766855239868,0.60018859863281,0.23673553466797,0.32124038696289,1.07535766601563,0.29905578613281,0.57587882995605,-0.08770690917969,0.89375511169434,1.6,-0.17679045200348,0.65502223014832,-0.11023303031921,1.6,0.65216368675232,0.44942932128906,1.6,0.27988712310791,1.03660919189453,-0.18791222572327,1.24700286865234,1.6,-0.14475971221924,1.45297882080078,0.05010322570801,1.33669097900391,0.69479663848877,1.24294790267944,0.37811282157898,1.30074880117178,0.90267300387472,0.83700123178214,1.62566235780716,0.74567415648699,1.22684856891632,0.19458742658794,1.17158747500181,1.20187867611647,1.63211867321376,0.68211441040039,1.6,-0.37221473693848,140,0,0,0,0,0,0,0,0,0,0,0,0,0,0,0,0,"{""draft_candidate"":true,""draft_candidate_id"":116,""draft_lottery"":false,""draft_method"":""cpu"",""draft_overall_pick"":24,""draft_round"":2,""draft_source"":""high_school"",""draft_year"":2050,""fa_nissuu"":4,""rookie_year"":true}"
77413,木川 綱紀,5,1,starter,24,6,R,R,189,87,1845,3,0,77413,false,false,,支配下,通常,0,0,,0,0,0,,,0.11159854888916,-0.05816467285156,-1.67152168273926,-1.78171127319336,0.34417083740234,-0.19881484985352,-0.59659850120544,-1.07481185913086,1.17235488891602,-0.65770511627197,1.02074005126953,1.09623414993286,-0.19385772705078,0.43442138671875,-0.09087012290955,1.10992599487305,1.16207794189453,-0.54132236480713,-0.63642589569092,1.23308303833008,-0.99412045478821,-0.31255169868469,0.70780883789062,-0.10838348388672,-0.29266395568848,-0.65930015563965,1.21157203674316,-0.53193115234375,0.50463315963745,0.43955318462849,2.0202521187067,0.82273281726241,-0.43006973862648,1.72622887380421,1.68996599283814,0.80470877197385,2.04070886260271,1.19970766299963,2.16827958416939,-0.30323822021484,-0.74776626586914,-0.18635208129883,145,0,0,0,0,0,0,0,0,0,0,0,0,0,0,0,0,"{""draft_candidate"":true,""draft_candidate_id"":22,""draft_lottery"":false,""draft_method"":""cpu"",""draft_overall_pick"":25,""draft_round"":3,""draft_source"":""high_school"",""draft_year"":2050,""fa_nissuu"":30,""rookie_year"":true}"
77436,堀岡 伸治,5,9,fielder,28,6,R,R,179,71,1863,4,0,77436,false,false,,支配下,通常,0,0,,0,0,0,,,0.71839092455059,1.53334508353472,1.29289689660072,2.14349347489476,-0.61028064805269,2.08570335247517,0.08945782424323,-0.25965201664343,-0.25454850196838,-0.30739883422852,0.68134609222412,0.98719133377075,-0.14097553253174,-0.69756174981594,0.62898181915283,-0.32104565620422,-0.243770570755,0.45551765441895,0.67657218933105,1.14510334210284,-0.27652468908951,0.67517578862607,1.22524041219056,-0.40000136338547,-0.35243255487084,1.02475175412744,,,,,,,,,,,,,,0.48425588588417,0.72631004582345,0.36500840085745,,0,49,0,71,88,0,0,0,0,49,0,71,88,0,0,0,"{""draft_candidate"":true,""draft_candidate_id"":256,""draft_lottery"":false,""draft_method"":""cpu"",""draft_overall_pick"":48,""draft_round"":4,""draft_source"":""university"",""draft_year"":2050,""fa_nissuu"":12,""rookie_year"":true}"
77437,吉木 聡介,5,1,reliever,27,6,L,L,191,82,1845,5,0,77437,false,false,,支配下,通常,0,0,,0,0,0,,,0.22103839874268,-0.34963352203369,-1.51549155961722,0.13902963638306,0.38830978393555,0.04835287094116,-0.41121560096741,-0.53377697467804,0.26879599571228,0.06377977848053,0.92212082862854,-0.33297992885113,0.1537051153183,0.99219027519226,0.6656924533844,1.15263571739197,0.73125635147095,0.43942403316498,0.57631762504578,0.32870410919189,-0.41434405446053,0.78726789474487,1.28011810302734,-0.25443414926529,0.16672376155853,0.17302920341492,-0.0504473567009,0.17803553581238,-0.24762635827065,0.51295974180102,1.22011732146144,0.03630675861239,0.68953728242964,1.4452023088932,1.82136248579621,0.75590612965822,1.4434951403141,1.46525668411702,0.28309696577489,-1.3437430357933,0.06583789825439,-1.42632925152779,151,0,0,0,0,0,0,0,0,0,0,0,0,0,0,0,0,"{""draft_candidate"":true,""draft_candidate_id"":40,""draft_lottery"":false,""draft_method"":""cpu"",""draft_overall_pick"":49,""draft_round"":5,""draft_source"":""university"",""draft_year"":2050,""fa_nissuu"":9,""rookie_year"":true}"
77460,谷 乙一,5,8,fielder,24,6,R,R,182,89,1845,6,0,77460,false,false,,支配下,通常,0,0,,0,0,0,,,0.9000082911998,1.40063563586315,1.27299199637398,0.63568657175303,0.88930234912783,0.4433326656878,0.93200550648943,0.38092396369576,-0.88106155395508,-0.68628684997559,-0.04755920410156,0.76984691619873,0.24437088012695,-0.03143112182617,-1.22488672673702,-0.09956817626953,-0.58688598632813,0.6810075378418,-1.17608541488647,0.06487917158008,-0.29573425421119,-0.65733213705011,0.56182748442888,-0.30869174379203,-0.41167675364017,-0.47580149419419,,,,,,,,,,,,,,-0.65457391594537,0.47980834889412,0.06945148605108,,0,88,0,72,86,0,0,0,0,88,0,72,86,0,0,0,"{""draft_candidate"":true,""draft_candidate_id"":44,""draft_lottery"":false,""draft_method"":""cpu"",""draft_overall_pick"":72,""draft_round"":6,""draft_source"":""high_school"",""draft_year"":2050,""fa_nissuu"":0,""rookie_year"":true}"
77472,倉石 和己,5,1,reliever,24,6,R,R,170,73,1845,8,0,77472,false,false,,支配下,通常,0,0,,0,0,0,,,-0.58647073745728,-1.28828620910645,-0.19166473388672,0.09066284179688,-0.366875,-1.4170735168457,0.78393768310547,-1.50091091156006,0.7295866394043,0.68017379760742,-0.03675155639648,0.55260410308838,-0.11851577758789,-0.40518005371094,-0.10037866592407,-0.88939918518066,-1.03690113067627,-1.05440565109253,-1.11661529541016,-0.64598205566406,0.77328399658203,-0.17355610847473,-0.72240833282471,-0.05624504089355,0.05466293334961,-1.08513431549072,0.30504329681396,0.81926267623901,0.15387615203857,1.50243682515621,1.25283190080523,-0.27506489345618,0.64565232303739,1.16155928573944,1.40865981656313,0.17319856527448,1.27277662967145,-0.4150746987164,0.61046656302223,-1.4647331237793,-1.71345460891724,-1.42097053527832,153,0,0,0,0,0,0,0,0,0,0,0,0,0,0,0,0,"{""draft_candidate"":true,""draft_candidate_id"":121,""draft_lottery"":false,""draft_method"":""cpu"",""draft_overall_pick"":84,""draft_round"":8,""draft_source"":""high_school"",""draft_year"":2050,""fa_nissuu"":0,""rookie_year"":true}"
77489,アマーン,5,7,fielder,33,6,R,R,185,106,33491,0,0,77489,false,true,,支配下,通常,0,0,,0,0,0,,,0.50885817794688,2.28116012516618,2.15378653967381,2.31261377447844,1.85495872354507,2.19685393178463,0.12054848174378,2.4204064616859,1.81459606506062,1.43412386687197,1.59393343299954,1.54795237541199,1.19768446465772,1.37235373381566,1.74450541496277,2.025502140651,0.79353946169142,1.69829899021402,1.6607279606152,1.77045288038254,1.27031506842375,1.07602148777619,1.73179482292256,1.71031608304009,2.05639915979738,0.92735666024356,,,,,,,,,,,,,,0.80625660538971,2.34253750895858,2.41641420954168,,0,0,0,88,0,0,0,0,0,0,0,88,0,0,0,0,"{""dev_demote_hold"":true,""fa_nissuu"":105,""foreign_scout"":true,""foreign_signed_year"":2050,""quality_tier"":""ace"",""released_from_team"":7,""released_signed_year"":2054}"
77493,シュタイン,5,9,fielder,31,6,R,L,181,86,11052,0,0,77493,false,true,,支配下,通常,0,0,,0,0,0,,,0.6361744579263,1.03488394267857,2.29546033155918,1.63600315541029,2.60217270936072,0.97620936399698,0.76120155972242,2.19910468544066,1.20828642845154,1.88090431213379,1.12129542350769,1.43596001625061,1.29638027191162,2.41943580627441,1.8591548538208,1.25788540840149,1.00477944850922,0.99189803600311,2.35594696044922,1.99772215035558,1.52624470217526,2.12578537707031,1.32826038652658,1.88097923803329,1.99295566868782,1.4984928894043,,,,,,,,,,,,,,1.45036738963127,1.63925406109393,2.63069306817651,,0,0,0,0,96,0,0,0,0,0,0,0,96,0,0,0,"{""fa_nissuu"":70,""foreign_scout"":true,""foreign_signed_year"":2050,""quality_tier"":""ace""}"
77503,津山 忠宣,5,1,starter,23,5,R,L,184,93,6387,1,0,77503,false,false,,支配下,通常,0,0,,0,0,0,,,0.38205493927002,1.3509375,0.78518249511719,-0.15897415161133,0.18133605957031,1.41566146850586,-0.59660880088806,-0.23739901542664,0.81158172607422,1.6,0.55153602600098,0.47654955863953,-0.04375839233398,1.43110214233398,0.9445275592804,1.6,0.1522416305542,1.6,1.30469009399414,1.6,1.6,1.28048871994019,1.6,1.00726005554199,-0.1484984254837,1.6,1.6,1.6,1.6,1.02961103799939,2.23781125730276,-0.3260494569093,0.51433322742768,0.64416815063357,0.7682426866293,2.39510346871614,1.71250333452225,1.83392161110044,1.31243308717012,0.45476821899414,1.22085083007813,-0.59281982421875,151,0,0,0,0,0,0,0,0,0,0,0,0,0,0,0,0,"{""draft_candidate"":true,""draft_candidate_id"":253,""draft_lottery"":true,""draft_method"":""lottery"",""draft_overall_pick"":9,""draft_round"":1,""draft_source"":""high_school"",""draft_year"":2051,""fa_nissuu"":16,""rookie_year"":true}"
77517,大岡 高尚,5,4,fielder,23,5,L,R,176,90,1370,2,0,77517,false,false,,支配下,通常,0,0,,0,0,0,,,0.01827205054834,0.63006329151988,1.6898835965395,0.79026062204838,1.02986753367633,1.48776901688576,0.36983145980816,-0.77026610648632,0.84357192993164,1.18201385498047,-0.41085342407227,-0.77033503293991,0.03156120300293,3.07715414056182,2.1497981463261,1.85123897981644,1.91716106120916,2.83842391909659,2.07738849946856,1.01922836303711,0.95411056518555,0.57438367843628,-1.03060171127319,-0.57545024871826,-0.67118480682373,-0.05170776367187,,,,,,,,,,,,,,-0.12938752511144,1.10018793054856,0.4060355912894,,0,0,61,0,67,92,77,0,0,0,61,0,67,92,77,0,"{""draft_candidate"":true,""draft_candidate_id"":272,""draft_lottery"":false,""draft_method"":""cpu"",""draft_overall_pick"":23,""draft_round"":2,""draft_source"":""high_school"",""draft_year"":2051,""fa_nissuu"":5,""rookie_year"":true}"
77520,上沢 貞雄,5,5,fielder,23,5,L,R,184,96,1625,3,0,77520,false,false,,支配下,通常,0,0,,0,0,0,,,-0.5441991430521,0.62196245720983,1.78935429692268,1.1880641343236,-0.51941221486032,1.10256593749821,-0.43433856090903,0.54484550410509,-0.29367012023926,0.51885688781738,1.36,-0.4471094211936,1.36,1.70293243348598,0.16866847392917,1.55983705192804,1.36794645804167,-0.21130417120457,0.37259318482876,0.41256767272949,1.36,-0.17849072933197,0.66107223510742,-0.17574371337891,0.18022323608398,0.02218185424805,,,,,,,,,,,,,,1.64439578559995,1.63792939299345,1.31617146390677,,0,0,0,70,0,0,0,98,0,0,0,70,0,0,0,98,"{""draft_candidate"":true,""draft_candidate_id"":27,""draft_lottery"":false,""draft_method"":""cpu"",""draft_overall_pick"":26,""draft_round"":3,""draft_source"":""high_school"",""draft_year"":2051,""fa_nissuu"":0,""rookie_year"":true}"
77541,北田 成龍,5,2,fielder,27,5,R,L,190,100,3726,4,0,77541,false,false,,支配下,通常,0,0,,0,0,0,,,0.51804254940152,-0.24444893230312,1.13392779524811,1.50628086899817,1.35406031234562,1.28945906112194,-0.02588776012138,1.50633725254238,2.57931845698319,2.22747726371512,2.48843016326427,2.96221493350528,2.64646406877041,0.48937786102295,-0.03335685253143,0.38254388809204,0.14848468780518,0.9664453125,0.55041309356689,0.91503467559814,1.36,0.61897552490234,1.10564701080322,0.73988742828369,0.05027709960937,0.35071666717529,,,,,,,,,,,,,,0.46004855063558,1.24047689122707,1.45114499239624,,99,0,0,0,0,0,0,0,99,0,0,0,0,0,0,0,"{""draft_candidate"":true,""draft_candidate_id"":87,""draft_lottery"":false,""draft_method"":""cpu"",""draft_overall_pick"":47,""draft_round"":4,""draft_source"":""university"",""draft_year"":2051,""fa_nissuu"":3,""rookie_year"":true}"
77565,角屋 悠平,5,2,fielder,26,5,L,R,187,94,1625,6,0,77565,false,false,,支配下,通常,0,0,,0,0,0,,,0.22824757401645,1.57923831427097,0.84017712605,0.37294750728607,-0.12746155372262,1.02138185050488,-0.13678953874111,0.71298571300507,1.25124330443144,2.41578273767233,2.21218286773562,2.5939373421222,2.70365025517345,-0.27662563323975,0.40726390838623,0.34952961921692,0.9722299861908,-0.50299435257912,1.14757431983948,-0.47708903431892,1.05135476112366,0.24306217670441,0.37969908714294,1.34128284454346,0.00227755069733,1.10183672904968,,,,,,,,,,,,,,1.49105033186078,1.33655251252279,-0.12934282215498,,95,0,0,0,0,0,0,0,95,0,0,0,0,0,0,0,"{""draft_candidate"":true,""draft_candidate_id"":52,""draft_lottery"":false,""draft_method"":""cpu"",""draft_overall_pick"":71,""draft_round"":6,""draft_source"":""university"",""draft_year"":2051,""fa_nissuu"":0,""rookie_year"":true}"
77568,西井 国哉,5,1,reliever,26,5,R,R,189,80,1625,7,0,77568,false,false,,支配下,通常,0,0,,0,0,0,,,0.14146940231323,-1.27333464384079,0.33679556846619,-0.40662618637085,-1.20341768980026,-0.11702056884766,-0.70523828834295,0.19686864852905,-0.42824107646942,-0.59207252681255,-0.21309104919434,-0.11648513317108,1.20728506088257,0.67045038223267,0.49670185089111,0.55757913589478,-0.69608398854733,0.63759630203247,-0.38539650440216,-0.02743357181549,-0.70582767091691,0.47415311813354,0.34076972961426,0.35720743179321,-0.67327945232391,0.77865659713745,-0.55759545780718,0.79724559783936,0.99918204307556,1.11313006895781,-0.77096537765767,-0.3391314116735,-0.05651835662127,-0.18101518909633,1.31141415303946,1.81002899491787,1.3588287756443,-0.25371401154995,0.90256636050344,-1.03676595687866,0.11856620788574,-0.76261731624603,150,0,0,0,0,0,0,0,0,0,0,0,0,0,0,0,0,"{""draft_candidate"":true,""draft_candidate_id"":296,""draft_lottery"":false,""draft_method"":""cpu"",""draft_overall_pick"":74,""draft_round"":7,""draft_source"":""university"",""draft_year"":2051,""fa_nissuu"":0,""rookie_year"":true}"
77583,壬生 正記,5,2,fielder,28,5,L,L,180,90,2094,1,0,77583,false,false,,支配下,通常,0,0,,0,0,0,,,-0.46648129354045,1.30362321958691,0.57832181417942,1.48938751288652,0.90324610637873,0.8683107414484,1.12077205803245,-0.36933183783293,2.02724091053009,1.38484515911713,1.77122809499502,2.50494079577178,2.7145945113264,0.69459535598755,-0.81144984543324,-0.88738989114761,0.01763381958008,0.25130661010742,-0.88746430754662,0.58322730064392,-0.78196654558182,0.14729060173035,-0.16653059959412,-0.84542068123817,-0.81782512664795,-0.23060832500458,,,,,,,,,,,,,,0.9694739292264,0.96672636461258,0.70937579087913,,78,0,0,0,0,0,0,0,78,0,0,0,0,0,0,0,"{""draft_candidate"":true,""draft_candidate_id"":295,""draft_lottery"":false,""draft_method"":""cpu"",""draft_overall_pick"":89,""draft_round"":1,""draft_source"":""independent"",""draft_year"":2051,""fa_nissuu"":5,""rookie_year"":true}"
77598,柳谷 謙二,5,1,reliever,23,5,L,R,190,85,1625,3,0,77598,true,false,,育成,通常,0,0,,0,0,0,,,0.00378765106201,-1.07936965942383,-1.74329750061035,-1.97368965148926,-0.7655973815918,-0.32665390014648,0.49479927062988,-2,-1.00720565795898,0.09394744873047,0.68014404296875,-0.70276655197144,1.14615493774414,-0.82792221069336,0.69932521820068,0.16637313842773,-1.16913238525391,-0.4726097869873,-0.78135284423828,-0.32418113708496,-0.69255218505859,0.33745672225952,0.38180099487305,-0.4097917175293,-0.47463478088379,0.38637176513672,0.75429243087769,0.85618928909302,-0.81269226551056,-0.43444985243678,-0.07689838135242,0.82886713115126,-0.35442164436728,-0.37212997847795,0.63616084885597,0.73926743030548,0.93298618283868,0.68791550506651,1.07012437313795,-0.89655944824219,0.24796127319336,-0.81661361694336,144,0,0,0,0,0,0,0,0,0,0,0,0,0,0,0,0,"{""draft_candidate"":true,""draft_candidate_id"":198,""draft_lottery"":false,""draft_method"":""cpu"",""draft_overall_pick"":104,""draft_round"":3,""draft_source"":""high_school"",""draft_year"":2051,""fa_nissuu"":0,""rookie_year"":true}"
77612,長南 幸之介,5,1,reliever,22,4,R,R,174,72,2291,1,0,77612,false,false,,支配下,通常,0,0,,0,0,0,,,-0.41977415084839,-1.15852939605713,-0.25554580688477,-0.37933822631836,0.54438491821289,-0.26116172790527,-0.53815815925598,0.9089822769165,0.45195732116699,1.09880035400391,0.21563690185547,1.6,1.6,0.26514839172363,0.01631527423859,1.50185943603516,-0.39709504127502,1.6,1.1051091003418,1.51353179931641,0.51140800476074,-0.26531509101391,0.87691711425781,0.13985076904297,0.44909561157227,1.34103500366211,-0.18097332835197,0.54955027580261,0.05891427993774,1.85890254974365,1.41583623361588,0.41578531871736,0.01361886912584,0.53067918284237,-0.01264586542547,1.42326850664616,1.65336111670733,1.1323724398613,1.15823011529446,-1.14906921386719,0.75293014526367,-0.046240234375,148,0,0,0,0,0,0,0,0,0,0,0,0,0,0,0,0,"{""draft_candidate"":true,""draft_candidate_id"":90,""draft_lottery"":true,""draft_method"":""lottery"",""draft_overall_pick"":5,""draft_round"":1,""draft_source"":""high_school"",""draft_year"":2052,""fa_nissuu"":9,""rookie_year"":true}"
77631,京谷 茂司,5,1,starter,26,4,R,R,176,78,1407,2,0,77631,false,false,,支配下,通常,0,0,,0,0,0,,,-0.36850772857666,0.04988964080811,-0.13820293426514,-0.02997501373291,0.38637100219727,-0.5791104888916,0.41053421020508,-0.61907082557678,0.01203195571899,-0.04220949172974,1.20551677703857,0.73590717315674,1.09946174621582,0.39749340057373,0.858238697052,1.21814418792725,0.77908107757568,0.59700466156006,-0.39772711277008,1.34606189727783,1.13921588897705,-0.09574408531189,0.11182621002197,0.39319522857666,1.12845500946045,0.11906820297241,0.85861196517944,0.6479642868042,0.60052633285522,0.5476149430871,-0.25534286171198,-0.12297047703713,0.43566421103477,1.23063821050525,0.8603306283243,1.51616644287109,1.25049784940481,1.13717297205329,1.39966203990579,-0.82740287780762,0.42581298828125,-0.10744361877441,141,0,0,0,0,0,0,0,0,0,0,0,0,0,0,0,0,"{""draft_candidate"":true,""draft_candidate_id"":46,""draft_lottery"":false,""draft_method"":""cpu"",""draft_overall_pick"":24,""draft_round"":2,""draft_source"":""university"",""draft_year"":2052,""fa_nissuu"":0,""rookie_year"":true}"
77655,津川 富喜,5,1,reliever,26,4,R,R,190,80,1393,4,0,77655,false,false,,支配下,通常,0,0,,0,0,0,,,0.09587257385254,-0.95899673461914,-1.1839582824707,0.13250801086426,-1.09582641601563,-0.81339338302612,-0.42450988769531,0.07565765380859,-0.19282626152039,1.24710201263428,1.08204319000244,0.05484534263611,1.13417446136475,0.11816736221313,0.34011746406555,-0.27287838459015,1.24223003387451,1.09605922698975,1.27718658447266,1.02761669158936,0.52281814575195,0.98091970443726,1.16220916748047,0.75376747131348,0.06525334358215,1.25557647705078,0.00767725467682,0.27305737495422,1.33020196914673,1.82405382150412,1.06657541961223,0.16742691344488,2.19490121477842,-0.20512633168697,0.75734197044373,0.9673527623117,1.24429257571697,1.60329774153233,0.17932210505009,-0.03126564025879,-0.74706338882446,-0.89663029670715,142,0,0,0,0,0,0,0,0,0,0,0,0,0,0,0,0,"{""draft_candidate"":true,""draft_candidate_id"":89,""draft_lottery"":false,""draft_method"":""cpu"",""draft_overall_pick"":48,""draft_round"":4,""draft_source"":""industrial"",""draft_year"":2052,""fa_nissuu"":9,""rookie_year"":true}"
77656,安斎 大周,5,1,starter,22,4,R,R,187,74,1405,5,0,77656,false,false,,支配下,通常,0,0,,0,0,0,,,0.42857093811035,0.70048278808594,0.65651702880859,0.49243774414062,-0.57612663269043,-0.99689659118652,0.55765766143799,-0.40011102676392,0.4043815612793,-0.12072456359863,1.17501174926758,-0.6777772462368,1.57541473388672,0.33911430358887,-0.20124300003052,-0.4461128616333,0.2965380859375,-0.16469230651855,1.25446472167969,0.72602645874023,1.19357986450195,0.60504100799561,-0.19885162353516,1.53934432983398,-0.23777740478516,-0.6320131111145,1.48190406799316,-0.04399340629578,0.80064949035645,1.95145375068486,1.03073024973273,0.74855042043328,-0.03073368448019,1.76053403657675,-0.11493407821655,0.58904461526871,-0.00281905704737,1.33527737301588,1.37325799266994,0.70997833251953,-0.93464626312256,-0.0399626159668,143,0,0,0,0,0,0,0,0,0,0,0,0,0,0,0,0,"{""draft_candidate"":true,""draft_candidate_id"":193,""draft_lottery"":false,""draft_method"":""cpu"",""draft_overall_pick"":49,""draft_round"":5,""draft_source"":""high_school"",""draft_year"":2052,""fa_nissuu"":0,""rookie_year"":true}"
77679,白砂 一毅,5,7,fielder,25,4,L,R,185,74,1405,6,0,77679,false,false,,支配下,通常,0,0,,0,0,0,,,0.24102661765739,-0.24519936048985,0.84200677204132,1.122313707757,1.13618882751465,0.91072101573944,0.47992522224784,-0.03325751327723,-0.94778832532465,0.09329809188843,0.91282551765442,-0.63079784035683,0.19855587005615,-0.39135004997253,0.63438898086548,1.00529636383057,0.50566700935364,-0.74050993323326,1.09432992935181,-0.50267001864314,-1.38390063854679,-1.54321460175514,-2.51926769506931,-0.94217109465599,-2.23218353432417,-0.39710905122757,,,,,,,,,,,,,,0.66906481158733,1.00083630889654,-0.5354248546958,,0,37,0,80,60,0,0,0,0,37,0,80,60,0,0,0,"{""draft_candidate"":true,""draft_candidate_id"":267,""draft_lottery"":false,""draft_method"":""cpu"",""draft_overall_pick"":72,""draft_round"":6,""draft_source"":""university"",""draft_year"":2052,""fa_nissuu"":0,""rookie_year"":true}"
77680,浜田 脩孝,5,1,reliever,25,4,L,R,177,99,1405,7,0,77680,false,false,,支配下,通常,0,0,,0,0,0,,,0.69373100280762,-1.12517789840698,-0.7552815580368,-1.55261887311935,-0.53160199165344,-0.21910947799683,-0.28065596580505,-0.9230179309845,-0.63167907357216,0.59839134216309,0.8239120388031,0.80947333335876,-0.40942591667175,-0.7064303728193,0.03496586322784,-0.15351184844971,1.3507257270813,0.64090972900391,0.38660823822021,0.73851511001587,-0.02806647777557,-0.25949299573898,1.01214124679565,1.34551159858704,-0.30236733198166,0.67695090293884,1.06487156867981,0.83959268569946,-0.2689674949646,0.27624623981118,0.3297044453714,0.57911588244885,-0.00747220525146,0.72855533519387,0.73913248087466,0.8512050498724,1.78438681464642,0.65060463541746,0.81502695542574,-0.22748230934143,-0.43780976772308,-0.76004738330841,146,0,0,0,0,0,0,0,0,0,0,0,0,0,0,0,0,"{""draft_candidate"":true,""draft_candidate_id"":304,""draft_lottery"":false,""draft_method"":""cpu"",""draft_overall_pick"":73,""draft_round"":7,""draft_source"":""university"",""draft_year"":2052,""fa_nissuu"":0,""rookie_year"":true}"
77706,藤岡 斉忠,5,1,starter,22,4,R,R,175,74,1405,2,0,77706,true,false,,育成,通常,0,0,,0,0,0,,,0.7630619430542,-1.93056888580322,0.34086242675781,-1.0552465057373,-0.48754287719727,-1.19401306152344,0.26839691162109,-0.79909143447876,0.93243133544922,-0.55232456207275,-0.91651557922363,-0.52535520553589,0.66951507568359,-0.77058864593506,-0.94905472382903,-0.64262622833252,-0.40554733276367,1.40002716064453,0.33896743774414,1.35624282836914,0.69739471435547,-0.05779190063477,0.55114181518555,1.18459274291992,0.05304222106934,-0.42928970336914,-0.05892610549927,0.72706464767456,0.93159202575684,-0.17728344979882,0.35056238880754,0.75522075721622,1.20643822795153,1.4009389770031,0.50333712826669,1.50059589464963,0.81547545713186,2.01846450424194,1.31402760286629,0.16411071777344,-0.44728019714355,-0.66917770385742,150,0,0,0,0,0,0,0,0,0,0,0,0,0,0,0,0,"{""draft_candidate"":true,""draft_candidate_id"":265,""draft_lottery"":false,""draft_method"":""cpu"",""draft_overall_pick"":99,""draft_round"":2,""draft_source"":""high_school"",""draft_year"":2052,""fa_nissuu"":0,""rookie_year"":true}"
77718,小野瀬 剛秀,5,1,reliever,24,3,R,L,182,96,6324,1,0,77718,false,false,,支配下,通常,0,0,,0,0,0,,,-0.18566628456116,0.06881731033325,0.46636606216431,-0.8540328502655,-1.05228497028351,-0.81386266231537,-0.02292181491852,0.41979496955872,1.16131744384766,1.04086211204529,0.82590505599976,0.05717742681503,1.36266460418701,-0.4629783514142,0.96226596832275,-0.16865242004395,1.53714456558228,0.62469662666321,-0.01282362699509,0.11565228462219,0.92680291175842,-0.24281464874744,1.50062074661255,1.40720519065857,-0.31639106631279,0.58436210632324,0.55512426376343,-0.02566159725189,0.40174701690674,1.65667085728794,2.04456869924068,0.52490348616242,0.53938851940632,1.61682878309488,1.3865508261174,1.21302408218384,1.59322715055943,1.91318662649393,0.17352010750771,-0.50160799980164,0.67809792518616,-0.96871776580811,148,0,0,0,0,0,0,0,0,0,0,0,0,0,0,0,0,"{""draft_candidate"":true,""draft_candidate_id"":161,""draft_lottery"":true,""draft_method"":""lottery"",""draft_overall_pick"":2,""draft_round"":1,""draft_source"":""university"",""draft_year"":2053,""fa_nissuu"":5,""rookie_year"":true}"
77737,平井 州洋,5,4,fielder,21,3,R,R,183,71,1195,2,0,77737,false,false,,支配下,通常,0,0,,0,0,0,,,-0.22041672903299,0.16895195698738,1.15629512035847,0.71987110311985,-0.05026609152555,1.02728457791805,0.82982535928208,-1.10467145842314,-0.1872834777832,0.85504058837891,-0.08386383056641,0.68620317459106,-1.46428246498108,1.48417708051205,0.81511460271524,1.24389145731926,0.54189623817801,1.59166158129647,2.15511533150077,-0.29430549621582,0.65079376220703,-0.67665772438049,0.89498382568359,0.04317016601563,1.00888336181641,-0.24041244506836,,,,,,,,,,,,,,-1.21310117414594,-0.47160927593708,-0.24340023321472,,0,0,0,64,0,92,65,62,0,0,0,64,0,92,65,62,"{""draft_candidate"":true,""draft_candidate_id"":79,""draft_lottery"":false,""draft_method"":""cpu"",""draft_overall_pick"":21,""draft_round"":2,""draft_source"":""high_school"",""draft_year"":2053,""fa_nissuu"":0,""rookie_year"":true}"
77744,飯尾 茂昭,5,1,reliever,21,3,L,L,186,95,1191,3,0,77744,false,false,,支配下,通常,0,0,,0,0,0,,,0.50266399383545,-1.46333221435547,0.543779296875,-1.79939365386963,-0.60498245239258,0.49101745605469,-0.67284167289734,0.13516487121582,0.41958160400391,-0.88462789058685,-0.51847564697266,-0.25521139621735,-0.6958166885376,-0.8051270866394,0.82249521255493,0.77271179199219,-0.42040416717529,0.21473648071289,0.63114929199219,0.90727416992187,-0.78139148712158,0.64178493499756,-0.11273506164551,0.40915298461914,-0.01968589782715,-0.3744344329834,-0.13232984542847,-0.04312366485596,1.22090232849121,1.59095552420616,0.2397211356163,0.76548501652479,0.26115892890096,0.00975579428673,0.47886835310608,0.91359943503141,0.60815392005444,0.55312207216024,-0.72634227743931,0.07484146118164,-0.32776901245117,-0.03706802368164,143,0,0,0,0,0,0,0,0,0,0,0,0,0,0,0,0,"{""draft_candidate"":true,""draft_candidate_id"":209,""draft_lottery"":false,""draft_method"":""cpu"",""draft_overall_pick"":28,""draft_round"":3,""draft_source"":""high_school"",""draft_year"":2053,""fa_nissuu"":0,""rookie_year"":true}"
77761,中曽根 暁平,5,6,fielder,24,3,R,R,182,97,1188,4,0,77761,false,false,,支配下,通常,0,0,,0,0,0,,,-0.39992981932685,0.78427591663599,1.12003752273321,-0.27972807214558,1.01684140503407,-0.2077912769556,-0.31801666180417,-0.57707465679944,-0.89295652747154,-0.35153977394104,-1.00406341284513,-0.11438840389252,0.61109047889709,3.11097449815273,2.74424263030291,2.12788446198404,2.57675833821297,1.31958395600319,1.79152802827954,-0.18981178283691,0.1231005191803,0.7995160484314,0.07585412025452,-0.87742925524712,-0.71301068544388,0.25099810600281,,,,,,,,,,,,,,1.22000585952401,1.14410333323479,0.27972329750657,,0,63,73,0,63,89,89,86,0,63,73,0,63,89,89,86,"{""draft_candidate"":true,""draft_candidate_id"":35,""draft_lottery"":false,""draft_method"":""cpu"",""draft_overall_pick"":45,""draft_round"":4,""draft_source"":""university"",""draft_year"":2053,""fa_nissuu"":0,""rookie_year"":true}"
77768,俵 爵世,5,1,starter,21,3,L,R,185,91,1186,5,0,77768,false,false,,支配下,通常,0,0,,0,0,0,,,0.28608226776123,-1.78698590755463,-1.30387744903564,0.14997344970703,0.66864639282227,-0.28312026977539,0.21660507202148,-1.01111386299133,-0.14601844787598,0.15081588745117,1.5690803527832,1.07673244476318,0.69722549438477,1.30638778686523,-0.55145652294159,0.15627052307129,0.42826644897461,0.89973861694336,0.19639350891113,0.37734382629395,-0.83230946063995,-0.15111895561218,1.26259918212891,-0.6547541809082,0.24726593017578,-0.36203834533691,0.06987341880798,-0.65293691217899,1.35677783966064,0.8547795522809,1.87418994277716,0.10062704593688,0.70347548347712,-0.57337652282417,2.03561407458782,0.83897813141346,1.65918576616049,-0.06783431130648,1.72739169737697,-0.56461975097656,-1.25734958648682,-0.3442366027832,145,0,0,0,0,0,0,0,0,0,0,0,0,0,0,0,0,"{""draft_candidate"":true,""draft_candidate_id"":308,""draft_lottery"":false,""draft_method"":""cpu"",""draft_overall_pick"":52,""draft_round"":5,""draft_source"":""high_school"",""draft_year"":2053,""fa_nissuu"":0,""rookie_year"":true}"
77806,辻野 久剛,5,1,reliever,24,3,R,R,174,99,1184,1,0,77806,true,false,,育成,通常,0,0,,0,0,0,,,-0.52213414907455,-0.61819024085999,-1.83060693502426,-0.08971500396729,-1.64856693983078,-1.26038243770599,-0.11779519557953,-1.27795726299286,-0.46787997722626,0.78220184326172,0.77068593025208,0.25128179550171,-0.6562868142128,0.81151264190674,-0.84847607582808,-0.96033010303974,-0.69830978631973,-0.92099551677704,-0.39071330547333,0.87715013504028,0.25761789321899,0.693137550354,0.12833076477051,0.72675841331482,-0.022418384552,-0.26020257949829,0.51908452987671,-0.07313483715057,0.67605883598328,0.12899790332466,-0.08621922446787,0.79326074539125,0.96599855950475,0.49250566397421,-0.5476939162463,-0.03781401085854,0.97829442319274,0.82346516615152,0.54141345262527,-0.01844061851501,-1.51966992974281,-1.14187305927277,142,0,0,0,0,0,0,0,0,0,0,0,0,0,0,0,0,"{""draft_candidate"":true,""draft_candidate_id"":242,""draft_lottery"":false,""draft_method"":""cpu"",""draft_overall_pick"":90,""draft_round"":1,""draft_source"":""independent"",""draft_year"":2053,""fa_nissuu"":0,""rookie_year"":true}"
77841,鳥谷部 知睦,5,1,starter,25,2,L,R,193,96,3709,1,0,77841,false,false,,支配下,通常,0,0,,0,0,0,,,-0.17236085414886,0.34632157325745,-0.9599945884943,-0.82103324055672,0.11326215744019,-0.2925873374939,0.24460626602173,-0.17341074466705,1.18717445373535,1.41869345664978,1.53687503814697,0.757282538414,0.51565901756287,0.78156765460968,0.49527547836304,1.6,1.11250534057617,0.94308698654175,1.31550582885742,0.21090412855148,-0.06616452604532,1.138878698349,1.45091571807861,1.28562744140625,0.66668231964111,0.80978713989258,0.40674728155136,1.345361328125,0.40735228061676,2.27978301596642,1.38922358997166,-0.07836824138463,0.32611211240292,0.83793542158604,1.18987092590332,1.62354340755939,1.27275679194927,0.90259118872136,1.4852307099402,0.65334797859192,1.03958738327026,-0.15756234169006,145,0,0,0,0,0,0,0,0,0,0,0,0,0,0,0,0,"{""draft_candidate"":true,""draft_candidate_id"":295,""draft_lottery"":false,""draft_method"":""rebid_single"",""draft_overall_pick"":11,""draft_round"":1,""draft_source"":""industrial"",""draft_year"":2054,""fa_nissuu"":5,""rookie_year"":true}"
77844,根本 裕騰,5,4,fielder,20,2,R,L,187,85,1016,2,0,77844,false,false,,支配下,通常,0,0,,0,0,0,,,-0.19931630758848,-1.27775547996908,0.23093823832273,1.92484996614456,0.19136588548496,1.60337435657382,-1.01010258216597,-1.50665887486935,-0.5135782623291,-0.23482696533203,-0.10713394165039,-0.49675281524658,-0.95902839660645,0.64798863637447,0.75062981491163,0.82102530818433,1.76979323270544,2.23852740156651,1.5619769371748,0.39131759643555,-0.08202239990234,-1.17690513134003,-1.49965436935425,0.51876174926758,-1.14418395996094,0.77739990234375,,,,,,,,,,,,,,-0.80466060743202,-1.16545681113005,-1.25773399460316,,0,45,62,0,55,74,59,62,0,45,62,0,55,74,59,62,"{""draft_candidate"":true,""draft_candidate_id"":14,""draft_lottery"":false,""draft_method"":""cpu"",""draft_overall_pick"":14,""draft_round"":2,""draft_source"":""high_school"",""draft_year"":2054,""fa_nissuu"":0,""rookie_year"":true}"
77865,大辻 平寛,5,3,fielder,28,2,R,R,183,97,996,3,0,77865,false,false,,支配下,通常,0,0,,0,0,0,,,0.42286538891494,1.34038175308704,0.43499421229959,1.32176074671745,1.2596585996151,1.64162976104021,0.88642282524705,0.16586900421605,0.65716842651367,0.34236158370972,-0.34124895095825,0.38413497924805,0.00945762634277,-2.16364145489037,-2.11015003781021,-1.41174359053373,-1.84845311200619,-1.3966466319561,-1.99506208420359,0.72840017318726,-0.19032832145691,-0.29572825431824,0.76173414230347,-0.25544444084167,-0.53265218496323,-0.24857867717743,,,,,,,,,,,,,,-0.39974194383621,1.61749234566093,1.24615273371339,,0,0,82,62,0,0,0,0,0,0,82,62,0,0,0,0,"{""draft_candidate"":true,""draft_candidate_id"":145,""draft_lottery"":false,""draft_method"":""cpu"",""draft_overall_pick"":35,""draft_round"":3,""draft_source"":""industrial"",""draft_year"":2054,""fa_nissuu"":0,""rookie_year"":true}"
77868,前園 賀寿夫,5,1,reliever,20,2,L,R,190,100,981,4,0,77868,false,false,,支配下,通常,0,0,,0,0,0,,,-0.82374139308929,-1.67102233886719,-0.15865051269531,-0.43405609130859,-1.42001678466797,-0.62454010009766,0.88785484313965,-0.61831108093262,0.13461715698242,1.0064533996582,-0.32655326843262,-0.68331511497498,-0.30503555297852,-0.80975688934326,-0.25065587997437,-1.19423612594604,-0.5885871887207,0.73703735351562,-0.78645202636719,1.00033248901367,0.6792366027832,-0.82238655567169,-1.11154094696045,-0.04736206054688,-1.15575204849243,-0.61248085021973,-0.92085579872131,-0.18442399024963,-1.06522826194763,1.48632682037354,1.55979709431529,-0.49121301051974,-0.52176738843322,0.09211136728525,-0.5383700718584,0.54554897032678,0.63680364084244,1.01490689867735,0.62294636070728,-1.75682525634766,-0.81263893127441,-1.25840614318848,140,0,0,0,0,0,0,0,0,0,0,0,0,0,0,0,0,"{""draft_candidate"":true,""draft_candidate_id"":142,""draft_lottery"":false,""draft_method"":""cpu"",""draft_overall_pick"":38,""draft_round"":4,""draft_source"":""high_school"",""draft_year"":2054,""fa_nissuu"":0,""rookie_year"":true}"
77889,百武 陵,5,1,starter,23,2,L,R,176,95,972,5,0,77889,false,false,,支配下,通常,0,0,,0,0,0,,,0.52317109107971,-0.96073354363441,-1.06710250258446,-0.92092225551605,0.00841993331909,-1.0849461889267,0.01258861541748,0.21147334098816,1.11635875701904,0.97090010643005,0.26613350152969,1.36051213264465,1.00932971000671,1.44742052078247,1.20094879150391,0.08599932193756,1.03483761787415,0.9235314655304,1.6,1.6,1.6,0.62801595211029,0.57152937889099,0.11609102487564,0.62032221317291,0.24646785497665,1.14413132667542,0.29461585044861,1.59592843055725,0.26015922451019,0.27761196625233,0.57025858964771,1.08952926084399,1.58967667794228,0.407324634552,-0.02743982154131,0.74432162469625,1.21177473083138,1.32288689231873,-0.68796699047089,-0.34076752662659,-0.11826701164246,141,0,0,0,0,0,0,0,0,0,0,0,0,0,0,0,0,"{""draft_candidate"":true,""draft_candidate_id"":149,""draft_lottery"":false,""draft_method"":""cpu"",""draft_overall_pick"":59,""draft_round"":5,""draft_source"":""university"",""draft_year"":2054,""fa_nissuu"":0,""rookie_year"":true}"
77892,知念 典嗣,5,1,reliever,23,2,L,R,193,91,968,6,0,77892,false,false,,支配下,通常,0,0,,0,0,0,,,0.37523743629456,-0.347992811203,-0.24910661697388,-0.57073355674744,-0.15150334358215,-1.60615083098412,-0.20321844577789,-0.96902307987213,-0.22194974899292,-0.23737864494324,0.99543166160583,0.29800836086273,-0.25123547315598,-0.42871126174927,0.83173431396484,-0.20614578962326,-0.30814038276672,0.17814562797546,1.30791487693787,1.27340891838074,0.1826845741272,-0.26833445072174,-0.08378402233124,0.35584342956543,-0.34152266979218,-0.65684825897217,1.11821104049683,0.26589488506317,0.05663056850433,1.22659633368254,1.27965810215473,-0.22865592300892,-0.14207337180898,0.13454790177941,0.95310330160894,0.91704940462112,0.55612448918819,0.06523274034262,0.98461874777079,-0.50848090171814,-1.09870380878448,0.23620753288269,143,0,0,0,0,0,0,0,0,0,0,0,0,0,0,0,0,"{""draft_candidate"":true,""draft_candidate_id"":208,""draft_lottery"":false,""draft_method"":""cpu"",""draft_overall_pick"":62,""draft_round"":6,""draft_source"":""university"",""draft_year"":2054,""fa_nissuu"":0,""rookie_year"":true}"
77911,石崎 岳,5,7,fielder,20,2,R,R,172,71,964,7,0,77911,false,false,,支配下,通常,0,0,,0,0,0,,,-0.59254148702323,1.52517343068123,0.81219263583422,0.78786664253473,-0.05895720493793,0.67016699755192,0.57552182366699,1.53301300096512,1.07847137451172,-0.1769655418396,0.3456812286377,1.36,0.91528442382813,-0.12166776657104,1.36,1.36,-0.33017157077789,-0.21781038284302,0.76651473999023,-0.15867303872108,-0.97561845350266,-0.00719783601863,-0.28766669499874,-0.57904782527685,-0.16398075431585,-0.77777766573429,,,,,,,,,,,,,,0.38621542513371,1.81357247531414,0.15735817909241,,0,51,0,87,78,0,0,0,0,51,0,87,78,0,0,0,"{""draft_candidate"":true,""draft_candidate_id"":43,""draft_lottery"":false,""draft_method"":""cpu"",""draft_overall_pick"":81,""draft_round"":7,""draft_source"":""high_school"",""draft_year"":2054,""fa_nissuu"":0,""rookie_year"":true}"
77912,安食 匡洋,5,3,fielder,25,2,R,R,189,79,964,8,0,77912,false,false,,支配下,通常,0,0,,0,0,0,,,0.06364073833823,0.06360250163078,0.08215885210037,0.34492741405964,0.92432037866116,0.24202199709415,0.08438798517734,0.03855265235901,0.61528871536255,-0.91376264244318,-0.12182854652405,0.53487474441528,-0.02281023025513,-2.14471058285236,-2.44730969309807,-2.14689243006706,-2.23290407806635,-2.23537678644061,-2.38463510151207,0.30019989967346,0.3959842300415,-0.66207392454147,0.33146323204041,0.64909618377686,-0.28543237686157,-0.77486259460449,,,,,,,,,,,,,,0.41012469100952,0.74743169951439,-0.25872552196682,,0,0,81,0,0,0,0,0,0,0,81,0,0,0,0,0,"{""draft_candidate"":true,""draft_candidate_id"":227,""draft_lottery"":false,""draft_method"":""cpu"",""draft_overall_pick"":82,""draft_round"":8,""draft_source"":""industrial"",""draft_year"":2054,""fa_nissuu"":0,""rookie_year"":true}"
77925,吉森 晃一,5,8,fielder,23,2,R,R,170,91,958,1,0,77925,true,false,,育成,通常,0,0,,0,0,0,,,0.65636933802813,-0.12912263359129,0.44802767055854,1.01966923604012,0.43980054613948,0.47785802590698,-0.31816618580371,-0.37685638725758,-0.3193177318573,0.0085259437561,-0.75839472293854,-0.84679497659206,-0.64135779619217,-0.68404559850693,0.38801148414612,0.33320558547974,0.49035929679871,-0.43090580940247,-0.96117132246494,0.79039461451769,1.8710889159441,1.71918167619593,2.07718465416133,2.2383220731616,1.70592519134283,0.89723876273632,,,,,,,,,,,,,,-0.20795425875485,1.21800052773952,0.54174162066542,,0,79,58,68,68,0,0,0,0,79,58,68,68,0,0,0,"{""draft_candidate"":true,""draft_candidate_id"":160,""draft_lottery"":false,""draft_method"":""cpu"",""draft_overall_pick"":95,""draft_round"":1,""draft_source"":""university"",""draft_year"":2054,""fa_nissuu"":0,""rookie_year"":true}"
77928,水島 広訓,5,1,reliever,24,2,R,R,192,79,958,2,0,77928,true,false,,育成,通常,0,0,,0,0,0,,,-0.61845672369003,-0.3051639175415,-0.60026470184326,-1.86862341284752,-0.72239135742187,-0.71189197540283,-0.47663602828979,-1.28455849647522,0.47403442382813,0.29221836090088,-0.93104261577129,0.61704702377319,-0.00598955154419,0.75440128326416,-0.04308104515076,-0.9261403799057,-0.36556451797485,0.36558963775635,-0.43614812850952,0.66123641967773,-0.76366962432861,-0.09311461448669,-0.24989398956299,-0.31713317871094,-0.78013060569763,0.51042629241943,0.53107748031616,0.60465526580811,-0.07014517784119,0.87406794288754,0.03816786664724,0.04892401057482,0.71028210031986,-0.48056028020382,0.38595728892088,-0.28701754966378,0.57252618312836,0.29068224155903,0.15502955192328,-0.28893871307373,0.06972763061523,-0.65809432983398,144,0,0,0,0,0,0,0,0,0,0,0,0,0,0,0,0,"{""draft_candidate"":true,""draft_candidate_id"":209,""draft_lottery"":false,""draft_method"":""cpu"",""draft_overall_pick"":98,""draft_round"":2,""draft_source"":""university"",""draft_year"":2054,""fa_nissuu"":0,""rookie_year"":true}"
77936,大国 和丸,5,9,fielder,20,2,L,R,184,78,958,3,0,77936,true,false,,育成,通常,0,0,,0,0,0,,,0.45957359294593,0.27732906502485,0.12452166473866,0.6355516949296,1.36136987900734,0.23201220560074,0.39208971827477,1.5965571167469,1.12968551635742,1.36,0.57859046936035,0.50782041549683,1.36,0.94425354003906,1.1426078414917,1.19629501342773,1.08701644897461,0.26514633178711,1.36,0.06981336206198,1.76662265209854,1.55076019287109,1.61551992726326,1.71410859978199,0.44413158494234,1.2287318239212,,,,,,,,,,,,,,0.78805347011983,1.04187860035896,1.37321630863845,,0,62,0,73,83,0,0,0,0,62,0,73,83,0,0,0,"{""draft_candidate"":true,""draft_candidate_id"":155,""draft_lottery"":false,""draft_method"":""cpu"",""draft_overall_pick"":106,""draft_round"":3,""draft_source"":""high_school"",""draft_year"":2054,""fa_nissuu"":0,""rookie_year"":true}"
77947,杉野 空悟,5,1,reliever,23,1,R,L,170,86,1150,1,0,77947,false,false,,支配下,通常,0,0,,0,0,0,,,-0.47853500366211,0.31329555511475,-0.61820267677307,-0.86222866535187,-1.03509211093187,0.77585258483887,0.00095077514648,-0.61677909374237,1.13947063446045,1.15736015319824,0.24432733535767,0.39154158115387,1.6,0.60650703430176,1.3710530090332,1.6,-0.02564537405968,0.38581253051758,0.81710819244385,0.99911067962646,1.55078411102295,1.05203578948975,1.26257347106934,0.51066951751709,-0.02514258861542,0.88379783630371,0.1752895462513,0.6660613822937,1.47185485839844,1.76911046743393,1.80092618757486,-0.06804400515556,0.82664867901802,0.93671433110535,1.08282092702389,1.4663347837925,1.6855445278585,0.48877891457826,1.46580697265267,0.64072887420654,-0.33020657539368,0.28857311248779,150,0,0,0,0,0,0,0,0,0,0,0,0,0,0,0,0,"{""draft_candidate"":true,""draft_candidate_id"":85,""draft_lottery"":true,""draft_method"":""lottery"",""draft_overall_pick"":1,""draft_round"":1,""draft_source"":""independent"",""draft_year"":2055,""fa_nissuu"":0,""rookie_year"":true}"
77963,大曲 弘城,5,6,fielder,22,1,L,R,182,84,1000,2,0,77963,false,false,,支配下,通常,0,0,,0,0,0,,,0.19360261917114,-0.7736388874054,0.5030278968811,0.89005034162998,0.83083680158854,0.81005034162998,-0.22996710777283,-0.19250522136688,-0.57969710469246,0.30638470649719,0.52320055961609,0.22549605369568,0.17631317138672,2.97528813362122,2.52852700233459,2.31122262001038,1.30492625713348,2.38477869033813,2.483857211411,-0.09998164653778,0.6906813621521,-0.37552834033966,-0.26620116233826,-0.58528860569,0.86792701721191,-0.19725755691528,,,,,,,,,,,,,,0.56727324767411,-0.17541881084442,1.05223227500916,,0,66,92,0,0,90,98,0,0,66,92,0,0,90,98,0,"{""draft_candidate"":true,""draft_candidate_id"":279,""draft_lottery"":false,""draft_method"":""cpu"",""draft_overall_pick"":17,""draft_round"":2,""draft_source"":""university"",""draft_year"":2055,""fa_nissuu"":0,""rookie_year"":true}"
77978,大角 幸秀,5,2,fielder,20,1,R,R,173,94,900,3,0,77978,false,false,,支配下,通常,0,0,,0,0,0,,,0.84091836929321,0.71145013582706,-0.24049336910248,1.46922329950333,0.60878585636616,1.30922329950333,-0.5492503285408,0.2468759727478,1.80612726196647,1.31014227390289,1.25387381029129,1.64503310680389,1.49854692935944,1.28681303024292,-0.27150666713715,-0.42168909549713,1.18257738113403,0.01843071937561,0.0979385471344,0.33793989181519,0.62548414230347,-0.29068749904633,0.02217501163483,0.87395440101624,-0.04963609218597,0.46696859359741,,,,,,,,,,,,,,-0.21033094882965,0.01006931734085,0.49917992591858,,91,0,0,0,0,0,0,0,91,0,0,0,0,0,0,0,"{""draft_candidate"":true,""draft_candidate_id"":295,""draft_lottery"":false,""draft_method"":""cpu"",""draft_overall_pick"":32,""draft_round"":3,""draft_source"":""independent"",""draft_year"":2055,""fa_nissuu"":0,""rookie_year"":true}"
77987,瀬谷 泰利,5,2,fielder,19,1,R,R,174,98,825,4,0,77987,false,false,,支配下,通常,0,0,,0,0,0,,,-0.66944666862488,0.0853515625,-0.12851875305176,2.05278485412598,-0.6028678894043,2.29278485412598,-0.446506690979,0.93548469543457,1.6263973236084,0.96106819152832,1.69928329467773,2.38732137680054,1.05537094116211,-0.9228341293335,0.4956010055542,-0.99072164535522,-0.26992584228516,0.51119644165039,1.36,1.36,0.68539093017578,0.77954822540283,1.06403930664063,0.26163009643555,0.49581893920898,1.14919921875,,,,,,,,,,,,,,0.77950653076172,0.63026840209961,1.1488737487793,,97,0,0,0,0,0,0,0,97,0,0,0,0,0,0,0,"{""draft_candidate"":true,""draft_candidate_id"":297,""draft_lottery"":false,""draft_method"":""cpu"",""draft_overall_pick"":41,""draft_round"":4,""draft_source"":""high_school"",""draft_year"":2055,""fa_nissuu"":0,""rookie_year"":true}"
78002,佐竹 周士,5,6,fielder,19,1,L,L,175,73,780,5,0,78002,false,false,,支配下,通常,0,0,,0,0,0,,,-0.67099857831001,-0.20187845557928,0.51837966740131,0.25817318062782,-0.65564693486691,0.20524079518318,-0.36650101858377,0.37350384454429,-0.43445739746094,-0.75762573242187,-1.60065190315247,-0.28651266098022,-1.04779914855957,0.37303394758701,2.53429610015452,2.81988554215431,1.59968494278193,2.56050813871622,0.75770688939095,-0.94167930603027,0.16384292602539,-1.38232056856155,-1.45139764785767,-0.12908782958984,-0.98462348937988,-1.47230609893799,,,,,,,,,,,,,,-1.16349204015732,-0.24536436402798,0.86926049804688,,0,0,56,0,55,62,72,61,0,0,56,0,55,62,72,61,"{""draft_candidate"":true,""draft_candidate_id"":275,""draft_lottery"":false,""draft_method"":""cpu"",""draft_overall_pick"":56,""draft_round"":5,""draft_source"":""high_school"",""draft_year"":2055,""fa_nissuu"":0,""rookie_year"":true}"
78011,垣内 拓皓,5,2,fielder,22,1,L,R,186,89,760,6,0,78011,false,false,,支配下,通常,0,0,,0,0,0,,,0.36635777199268,-0.8606841814518,0.74505540847778,0.51391509237289,0.4074315071106,0.67391509237289,-0.34610989093781,0.85553750038147,2.42656715202332,0.89658623129129,1.71228655219078,1.55595235347748,1.52421042919159,-0.32313375473022,0.77463723182678,0.17950181007385,-0.49697805166245,0.69534558296204,-0.32935433387756,-0.57963237762451,1.14091522216797,0.88209844589233,0.39400758743286,0.89091178894043,-0.59780201673508,0.72381035804749,,,,,,,,,,,,,,-0.05499170303345,1.16184962272644,-0.37683538675308,,88,0,0,0,0,0,0,0,88,0,0,0,0,0,0,0,"{""draft_candidate"":true,""draft_candidate_id"":171,""draft_lottery"":false,""draft_method"":""cpu"",""draft_overall_pick"":65,""draft_round"":6,""draft_source"":""university"",""draft_year"":2055,""fa_nissuu"":0,""rookie_year"":true}"
78022,松重 俊佑,5,1,starter,19,1,R,L,177,95,740,7,0,78022,false,false,,支配下,通常,0,0,,0,0,0,,,-0.58052258491516,-0.39976226806641,-1.77647620201111,0.39850555419922,0.19381072998047,0.5203955078125,-0.30514022827148,-1.62202134132385,-0.50777881622314,-0.56884052276611,-0.39909400939941,1.32134080886841,-0.67339454650879,1.28564163208008,0.01583355903625,1.05864624023438,0.34555770874023,0.7231217956543,0.92047637939453,1.2369856262207,-0.3131175994873,-0.07686415672302,0.58849166870117,-0.63132587432861,0.98521896362305,0.78521575927734,0.76920307159424,0.16176520347595,0.32327751159668,0.65269226074219,0.29797187805176,-0.01005964279175,-0.38584686279297,0.78645233154297,-0.81821898460388,-0.26846229553223,0.20141471862793,0.38871566772461,1.13851547241211,0.57661834716797,-0.65943351745605,-0.47670440673828,144,0,0,0,0,0,0,0,0,0,0,0,0,0,0,0,0,"{""draft_candidate"":true,""draft_candidate_id"":301,""draft_lottery"":false,""draft_method"":""cpu"",""draft_overall_pick"":76,""draft_round"":7,""draft_source"":""high_school"",""draft_year"":2055,""fa_nissuu"":0,""rookie_year"":true}"
78034,古橋 千之,5,2,fielder,23,1,R,R,179,73,710,1,0,78034,true,false,,育成,通常,0,0,,0,0,0,,,-0.41782746677101,0.5252098647356,-0.3691809322238,0.73288006122708,-0.62624706608057,0.60934096603394,0.15413964733481,-0.20689419198036,3.08516374784708,1.54560284367204,1.40802392053604,1.84905897502601,2.84825407230854,0.44132343292236,-0.52436845958233,-0.32862318992615,-0.502681016922,0.9724683380127,0.29568088531494,0.00132968902588,0.78991973876953,-0.33793188095093,0.20454076766968,0.08891166687012,-0.40411625862122,0.5269514465332,,,,,,,,,,,,,,1.10869165611267,1.56104951092601,-0.10746400725842,,84,0,0,0,0,0,0,0,84,0,0,0,0,0,0,0,"{""draft_candidate"":true,""draft_candidate_id"":194,""draft_lottery"":false,""draft_method"":""cpu"",""draft_overall_pick"":88,""draft_round"":1,""draft_source"":""university"",""draft_year"":2055,""fa_nissuu"":0,""rookie_year"":true}"
78040,佐久川 衛司,5,6,fielder,19,1,L,R,179,92,710,2,0,78040,true,false,,育成,通常,0,0,,0,0,0,,,0.35536732032895,-0.49919414806366,0.54339569091797,-2.12103070581257,0.92098968505859,-1.84032727460861,-0.82205170154572,-0.79678160667419,0.42471862792969,-0.74417831420898,-0.83661651611328,0.49367477416992,-0.49275634765625,1.26926605224609,1.93218938827515,2.88282318115234,1.37818878173828,0.67466947555542,2.297900390625,-1.05491886138916,1.04484970092773,0.6315301322937,-0.19314979553223,-0.07627517700195,-0.60683456420898,0.84844711303711,,,,,,,,,,,,,,-1.27729142189026,-0.53582927703857,0.44241577148437,,0,71,78,65,0,76,82,70,0,71,78,65,0,76,82,70,"{""draft_candidate"":true,""draft_candidate_id"":198,""draft_lottery"":false,""draft_method"":""cpu"",""draft_overall_pick"":94,""draft_round"":2,""draft_source"":""high_school"",""draft_year"":2055,""fa_nissuu"":0,""rookie_year"":true}"
76009,難波 有立,6,1,reliever,37,19,R,L,180,79,9101,2,0,76009,false,false,,支配下,通常,0,0,,0,0,0,,,-0.52310960769653,-0.39440078735352,-0.74857719421387,-1.332978515625,-0.23424255371094,-0.86222106933594,0.6375,0.08746782302856,0.32375495910645,0.58698669433594,1.30744720458984,-0.48946915626526,-0.56105985641479,0.47890045166016,-0.08632301330566,0.21308303833008,0.74485763549805,0.66934814453125,0.18846626281738,0.59918914794922,-0.87681311160326,1.38993614196777,-0.04645866394043,-0.0569652557373,-0.3424739074707,0.71272918701172,-0.41596650600433,1.05509937286377,1.25884048461914,1.93623045535162,1.4306385404557,0.21596420361707,0.19554303616192,1.70873049836829,0.92992160132527,1.00788204443455,1.86498568858262,0.91140997485816,1.67961194458604,-0.28358108520508,-1.11695449829102,0.68524444580078,142,0,0,0,0,0,0,0,0,0,0,0,0,0,0,0,0,"{""draft_candidate"":true,""draft_candidate_id"":7,""draft_lottery"":false,""draft_method"":""cpu"",""draft_overall_pick"":19,""draft_round"":2,""draft_source"":""high_school"",""draft_year"":2037,""fa_nissuu"":170,""rookie_year"":true}"
76020,沖 勇亮,6,9,fielder,37,19,L,R,181,90,15817,3,0,76020,false,false,,支配下,通常,0,0,,0,0,0,,,-0.01130665393174,1.21406621463299,2.43667204764932,1.73349489027262,0.86333339314535,1.91794712201506,1.30182960406691,2.3980596597814,1.22306106567383,1.36,0.05766136169434,0.25834090232849,1.36,0.53467483520508,-0.03594430446625,0.06179542541504,0.96769607543945,0.18358215332031,0.20618682861328,0.36297493201401,1.64456307694316,1.14845088266768,0.0407104395479,1.20330598012358,0.95388487000018,1.51576930841059,,,,,,,,,,,,,,-0.07526845937445,1.64898293566704,-0.36322432810292,,0,73,0,100,98,0,0,0,0,73,0,100,98,0,0,0,"{""draft_candidate"":true,""draft_candidate_id"":314,""draft_lottery"":false,""draft_method"":""cpu"",""draft_overall_pick"":30,""draft_round"":3,""draft_source"":""high_school"",""draft_year"":2037,""fa_nissuu"":162,""rookie_year"":true}"
76331,崎浜 章一,6,9,fielder,34,16,L,R,192,71,7340,3,0,76331,false,false,,支配下,通常,0,0,,0,0,0,,,0.45304747057334,0.95366334034503,2.15889759613574,1.94130506407917,1.54659743618965,1.80744482233822,0.61569805512065,1.88368455570471,0.89028823852539,-0.46093765258789,0.25432571411133,0.13733701705933,1.00704360961914,0.10925495998492,1.43464605326951,0.32637793443352,-0.049633472085,2.167191475261,1.63395343893673,1.2829851513505,0.81633281445503,0.87451292930543,1.28056320732832,-1.05831698924303,-1.13732541418076,-0.69762308508158,,,,,,,,,,,,,,0.88630821422935,0.55764164972119,-0.48684265318215,,0,0,66,0,89,63,0,78,0,0,66,0,89,63,0,78,"{""draft_candidate"":true,""draft_candidate_id"":121,""draft_lottery"":false,""draft_method"":""cpu"",""draft_overall_pick"":30,""draft_round"":3,""draft_source"":""high_school"",""draft_year"":2040,""fa_nissuu"":154,""released_from_team"":11,""released_signed_year"":2052,""rookie_year"":true}"
76382,庭野 竹男,6,9,fielder,34,16,L,L,185,91,5938,8,0,76382,false,false,,支配下,通常,0,0,,0,0,0,,,0.87713464743225,1.02059212023765,0.92598304149648,1.70415822153538,1.35252477091551,1.47437989601493,-0.62197549642995,0.22272136537731,0.68533660888672,-0.6804273223877,-1.55291718482971,0.17255920410156,-0.45682975769043,0.77224395751953,-0.99730608940125,0.66379257202148,0.32996536254883,0.50015441894531,0.57822357177734,1.52561920730025,0.16890803655982,0.8472676050961,1.90626316927001,1.77821345338225,2.63316300098598,3.42531295070797,,,,,,,,,,,,,,-0.30036767171025,0.5742896848537,1.98095498219728,,0,94,0,100,92,0,0,0,0,94,0,100,92,0,0,0,"{""draft_candidate"":true,""draft_candidate_id"":233,""draft_lottery"":false,""draft_method"":""cpu"",""draft_overall_pick"":81,""draft_round"":8,""draft_source"":""high_school"",""draft_year"":2040,""fa_nissuu"":153,""released_from_team"":5,""released_signed_year"":2047,""rookie_year"":true}"
76390,亀田 章彦,6,1,reliever,34,16,L,R,182,75,9131,1,0,76390,false,false,,支配下,通常,0,0,,0,0,0,,,0.7531844329834,-2,-1.96007831573486,-1.97765174865723,-1.86529651641846,-1.12043830871582,-0.12386198043823,-0.81715654373169,1.23830780029297,0.09225234985352,0.69849563598633,-0.08848126411438,-0.11719856262207,0.87073944091797,-0.11162124633789,-0.66924388885498,-0.84243495941162,0.8159814453125,1.19474563598633,0.93811447143555,-0.76158752441406,0.41295738220215,-0.39440673828125,0.79489074707031,0.54210144042969,-0.22573844909668,0.63714462280273,1.05817001342773,0.10881357192993,2.07329092692584,0.75510943885893,0.95668475840986,0.02619396993518,0.79844202229306,0.47113716252148,0.56290485661849,1.07469862863794,1.70045292160939,0.78910740219355,-0.66402908325195,0.25744216918945,-0.29291015625,149,0,0,0,0,0,0,0,0,0,0,0,0,0,0,0,0,"{""draft_candidate"":true,""draft_candidate_id"":17,""draft_lottery"":false,""draft_method"":""cpu"",""draft_overall_pick"":89,""draft_round"":1,""draft_source"":""high_school"",""draft_year"":2040,""fa_nissuu"":129,""rookie_year"":true}"
76422,大柳 政顕,6,1,reliever,33,15,L,L,192,87,10742,1,0,76422,false,false,,支配下,通常,0,0,,0,0,0,,,0.43759208679199,0.58258331298828,0.5851545715332,0.03243301391602,-0.95491306304932,-0.69980918884277,0.28831409454346,0.10244766235352,0.46337516784668,1.25891403198242,0.12915237426758,1.25987901687622,0.00653945922852,0.26419136047363,0.77417344093323,0.48801414489746,1.3847737121582,1.4403515625,1.57563217163086,-0.16270450592041,1.6,0.58060265541077,1.05781066894531,1.35648788452148,-0.01261821746826,0.48635627746582,0.75400936126709,1.18636959075928,0.20759238243103,2.47957451033965,0.57362393403798,1.75243078090705,1.70516943216324,0.91743954526633,0.88403046032041,0.00094439467788,1.94756325666234,2.2175809494257,2.13618698222712,0.802568359375,0.03074523925781,0.26897216796875,144,0,0,0,0,0,0,0,0,0,0,0,0,0,0,0,0,"{""draft_candidate"":true,""draft_candidate_id"":52,""draft_lottery"":false,""draft_method"":""rebid_single"",""draft_overall_pick"":11,""draft_round"":1,""draft_source"":""high_school"",""draft_year"":2041,""fa_nissuu"":163,""rookie_year"":true}"
76437,小迫 真啓,6,4,fielder,33,15,R,L,173,74,26251,3,0,76437,false,false,,支配下,通常,0,0,,0,0,0,,,0.57134761094302,1.99125003199652,1.33590178757906,1.99275271624625,1.62454103136808,1.8206348615095,0.221661731489,-0.31917124462128,-0.71404719293118,0.4033748626709,1.17821838378906,-0.45107275724411,0.43541687011719,1.95593356728554,1.3080223575905,1.91741685877368,1.78718349878862,2.83438510792144,2.05309463818371,0.67868057250977,1.27900436401367,1.01904989242554,0.68958160400391,-0.24077003479004,1.36,1.27040267944336,,,,,,,,,,,,,,1.03935282699168,0.59571197184864,-0.21348099497706,,0,0,100,0,0,95,0,80,0,0,100,0,0,95,0,80,"{""draft_candidate"":true,""draft_candidate_id"":115,""draft_lottery"":false,""draft_method"":""cpu"",""draft_overall_pick"":26,""draft_round"":3,""draft_source"":""high_school"",""draft_year"":2041,""fa_nissuu"":190,""rookie_year"":true}"
76846,椎葉 幹伸,6,1,reliever,32,11,R,R,174,86,10099,1,0,76846,false,false,,支配下,通常,0,0,,0,0,0,,,-0.23040501594543,-0.07369287014008,0.40375210762024,-0.26900498390198,-0.49238272666931,0.42471474647522,-0.64434684097767,0.19758538246155,0.92543361186981,1.6,0.62839974880219,1.52305621147156,0.25715967655182,0.65090219020844,1.28821615219116,1.26599795341492,0.75107837200165,0.91693853855133,1.6,1.6,0.45400297641754,0.60971700906754,1.43988430976868,0.49861891031265,1.6,1.6,0.99184308052063,0.6790282201767,1.37932238578796,1.51447904653847,1.87846156035364,-0.07795349909365,1.62689567541331,0.85484426087141,0.9872243372798,2.34046964487433,1.75818136456609,2.04341535447538,1.35007512397505,-0.08654371261597,-0.02716285228729,0.65704627990723,155,0,0,0,0,0,0,0,0,0,0,0,0,0,0,0,0,"{""draft_candidate"":true,""draft_candidate_id"":159,""draft_lottery"":false,""draft_method"":""single_bid"",""draft_overall_pick"":3,""draft_round"":1,""draft_source"":""university"",""draft_year"":2045,""fa_nissuu"":86,""rookie_year"":true}"
76860,山田 真左幸,6,2,fielder,29,11,L,R,181,78,19736,2,0,76860,false,false,,支配下,通常,0,0,,0,0,0,,,-0.15277541849669,1.44930820931196,2.283262021029,2.68854822682589,0.15691969588399,2.39867445392013,0.40205166636407,1.77189795406163,3.11204025959224,1.64151741876453,3.4708096704185,3.3242783364132,2.0331720007062,0.46832901000977,-0.58092897415161,-0.77964202880859,0.09806709289551,0.10318756103516,0.51709991455078,0.33488220214844,-0.39422027587891,-0.75116671562195,-0.55783306121826,0.74198013305664,1.03511779785156,-0.41942489624023,,,,,,,,,,,,,,1.79130372561887,1.16270700134635,0.81617014600709,,99,0,0,0,0,0,0,0,99,0,0,0,0,0,0,0,"{""draft_candidate"":true,""draft_candidate_id"":214,""draft_lottery"":false,""draft_method"":""cpu"",""draft_overall_pick"":17,""draft_round"":2,""draft_source"":""high_school"",""draft_year"":2045,""fa_nissuu"":53,""rookie_year"":true}"
76951,フェイゲン,6,5,fielder,36,11,L,R,192,102,6650,0,0,76951,false,true,,支配下,通常,0,0,,0,0,0,,,-0.54361839060485,1.81501456132531,1.89294201557338,1.94829869734496,0.41869019125402,1.44907381360233,0.11386417938024,1.74881985110044,0.97114154815674,0.95123552322388,1.36148372650147,0.72986814498901,0.89001913070679,1.71640856683254,0.28700779286027,1.83694258891046,0.89177406448126,1.62135051031411,0.25364403754473,2.24491836905479,0.78566048251092,0.85435324829817,0.01308487439156,1.14104497385025,0.69133535176516,0.8157710538283,,,,,,,,,,,,,,1.82204868030548,1.51137080823481,0.18995592117161,,0,93,100,0,0,0,0,80,0,93,100,0,0,0,0,80,"{""fa_nissuu"":193,""foreign_scout"":true,""foreign_signed_year"":2045,""quality_tier"":""good"",""released_from_team"":11,""released_signed_year"":2046}"
76976,細木 将之,6,1,starter,28,10,R,R,174,95,9392,2,0,76976,false,false,,支配下,通常,0,0,,0,0,0,,,-0.75787752628326,0.13707290649414,-1.17528503417969,-0.06580215454102,-1.23680297851562,0.27090667724609,0.3285778427124,-1.17321898460388,0.76225143432617,-0.17554969787598,0.1871516418457,0.15056177139282,1.2534375,-0.05899612426758,-0.14430732727051,-0.47114059448242,-0.99537494659424,-0.79510255813599,-0.5243282699585,-0.96582914352417,-0.77200742721558,0.35308750152588,0.76550674438477,0.88552520751953,0.97407745361328,0.02682510375977,0.57915622711182,-0.34003690719604,0.63258842468262,2.25971200722456,2.39571493545175,0.89712778589875,2.14381469938159,1.35585058383644,0.09592327655852,0.8091503245011,1.61605665203929,1.96266482752562,1.33380342859775,0.27261337280273,-1.02822036743164,-0.71830017089844,147,0,0,0,0,0,0,0,0,0,0,0,0,0,0,0,0,"{""draft_candidate"":true,""draft_candidate_id"":53,""draft_lottery"":false,""draft_method"":""cpu"",""draft_overall_pick"":22,""draft_round"":2,""draft_source"":""high_school"",""draft_year"":2046,""fa_nissuu"":153,""rookie_year"":true}"
76981,馬場 樹人,6,1,starter,28,10,R,R,174,80,9090,3,0,76981,false,false,,支配下,通常,0,0,,0,0,0,,,-0.13161821365356,-0.07385284423828,0.50059844970703,1.04836303710938,-0.5324089050293,-0.48330673217773,0.11145526885986,-0.37682047843933,1.06027969360352,1.18381103515625,1.18403503417969,1.25339599609375,0.51002067565918,0.65194358825684,1.6,0.75713119506836,1.6,-0.26378406524658,0.43001945495605,0.75376419067383,0.18982566833496,1.24870496749878,-0.37663656949997,0.26537300109863,1.52919235229492,1.6,0.03777169466019,0.26810502052307,1.32241386413574,0.94170954149961,1.58589005032182,0.75195436140616,1.19203151628375,2.81619865977764,2.394761036098,1.47195234984159,2.34541675832868,1.51364567923546,1.76997493052483,-0.95570053100586,-0.66992301940918,-1.30527066707611,145,0,0,0,0,0,0,0,0,0,0,0,0,0,0,0,0,"{""draft_candidate"":true,""draft_candidate_id"":130,""draft_lottery"":false,""draft_method"":""cpu"",""draft_overall_pick"":27,""draft_round"":3,""draft_source"":""high_school"",""draft_year"":2046,""fa_nissuu"":153,""rookie_year"":true}"
76985,伊崎 利樹,6,8,fielder,34,10,R,R,188,93,3177,3,0,76985,false,false,,支配下,通常,0,0,,0,0,0,,,0.35153661137447,0.94612310808897,0.74279547378421,1.80419568863511,1.10702000539005,0.61711195055395,0.40865901464224,0.34091666322947,-0.34482422828674,0.74498361587524,0.84626878738403,0.33369102478027,0.73844055175781,0.55499500274658,0.28047698974609,0.21865076065063,0.5918780708313,0.50554870605469,0.98394235610962,1.42313960502297,1.15198417925835,2.10429271931946,1.45050449919701,0.82311433039047,2.54406134516001,1.67302540427446,,,,,,,,,,,,,,1.4073799898237,0.90168588016033,0.14909484416246,,0,92,0,88,91,0,0,0,0,92,0,88,91,0,0,0,"{""draft_candidate"":true,""draft_candidate_id"":71,""draft_lottery"":false,""draft_method"":""cpu"",""draft_overall_pick"":31,""draft_round"":3,""draft_source"":""industrial"",""draft_year"":2046,""fa_nissuu"":79,""released_from_team"":11,""released_signed_year"":2053,""rookie_year"":true}"
77057,古瀬 顕孝,6,4,fielder,28,10,R,R,188,79,6146,3,0,77057,false,false,,支配下,通常,0,0,,0,0,0,,,0.75591496413946,0.49897234275937,2.27809953641892,1.0979093285948,2.32273702944443,0.65215902202576,-0.05814983575791,0.75090057738125,0.62501937866211,1.21077606201172,-1.24220926046371,-1.10362403169274,-0.25701736450195,2.21822798132896,2.06480632688757,2.58917766194418,1.68001594647765,3.10243393726647,2.52071661589667,-0.56503295898438,0.35151306152344,-0.53950133323669,0.04387329101562,-0.74431728363037,0.60192321777344,-0.74544185638428,,,,,,,,,,,,,,-0.37178503775597,2.52233001795411,1.31554190558195,,0,0,72,0,59,97,67,0,0,0,72,0,59,97,67,0,"{""draft_candidate"":true,""draft_candidate_id"":62,""draft_lottery"":false,""draft_method"":""cpu"",""draft_overall_pick"":103,""draft_round"":3,""draft_source"":""high_school"",""draft_year"":2046,""fa_nissuu"":65,""rookie_year"":true}"
77064,大戸 耕平,6,1,starter,27,9,R,R,179,71,9937,1,0,77064,false,false,,支配下,通常,0,0,,0,0,0,,,0.46624649047852,0.00730834960937,-0.05257568359375,-0.66544648170471,0.63158309936523,0.02070289611816,0.61308254241943,0.56143817901611,0.55737331390381,0.40858469009399,1.6,1.469655418396,0.61126720428467,1.6,1.6,1.6,1.17378219604492,1.6,0.32343856811523,0.97105491638184,1.6,0.98965738296509,0.32067750930786,1.6,0.3043740272522,1.6,1.6,1.6,1.30381196975708,2.25877710911632,2.08002887675166,-0.26156347337365,2.73510020400863,2.15388860615343,1.7518297713846,2.69855384744704,2.20840978256613,1.65619008645788,2.53182952114567,1.10230209350586,1.22165557861328,0.51510284423828,149,0,0,0,0,0,0,0,0,0,0,0,0,0,0,0,0,"{""draft_candidate"":true,""draft_candidate_id"":264,""draft_lottery"":true,""draft_method"":""lottery"",""draft_overall_pick"":2,""draft_round"":1,""draft_source"":""high_school"",""draft_year"":2047,""fa_nissuu"":153,""rookie_year"":true}"
77077,薮内 督明,6,1,reliever,27,9,R,R,179,91,3271,2,0,77077,false,false,,支配下,通常,0,0,,0,0,0,,,-0.22700220108032,0.70102798461914,-0.53713607788086,-0.63345314025879,-1.23348373413086,-1.14399185180664,0.46976348876953,0.13181266784668,1.27745422363281,1.37914398193359,1.58219100952148,1.13132465362549,0.10470581054688,1.33319366455078,0.59634605407715,1.20197509765625,0.02351928710937,-0.41267505645752,0.77815826416016,-0.72618234157562,0.79045959472656,1.48074520111084,0.41001487731934,0.6079216003418,-0.04114044189453,0.38508857727051,0.61989599227905,0.97640148162842,0.12050458908081,1.45717494911701,-0.52206735950708,0.73973566876352,0.28108220277727,0.59286871744692,1.72327531078085,0.16458457577229,2.48035565084219,1.88801090985537,-0.57017485703528,-1.75845173642039,0.86472564697266,-0.68859664916992,147,0,0,0,0,0,0,0,0,0,0,0,0,0,0,0,0,"{""draft_candidate"":true,""draft_candidate_id"":271,""draft_lottery"":false,""draft_method"":""cpu"",""draft_overall_pick"":15,""draft_round"":2,""draft_source"":""high_school"",""draft_year"":2047,""fa_nissuu"":71,""rookie_year"":true}"
77096,仲井 哲人,6,9,fielder,29,9,R,R,181,90,10635,3,0,77096,false,false,,支配下,通常,0,0,,0,0,0,,,1.3316668698141,0.65153737911582,2.5845201527141,2.26771524869502,1.85401626506448,2.55751687786579,0.47466527935117,1.62837945517898,0.4918528175354,1.36,0.59464515686035,0.67171855926514,-0.05979094982147,1.36,1.06466323852539,-0.01238288879395,1.2920333480835,0.05632031917572,0.12694373130798,0.09020876104012,1.50021036380529,0.40881346514192,2.64376323961094,0.6724524994255,0.55066309941188,1.73881470489502,,,,,,,,,,,,,,1.3796033857733,1.02986681341976,1.99805379029661,,0,55,71,74,95,0,0,0,0,55,71,74,95,0,0,0,"{""draft_candidate"":true,""draft_candidate_id"":309,""draft_lottery"":false,""draft_method"":""cpu"",""draft_overall_pick"":34,""draft_round"":3,""draft_source"":""independent"",""draft_year"":2047,""fa_nissuu"":81,""rookie_year"":true}"
77169,寺山 卓哉,6,1,reliever,26,8,L,R,181,89,15078,1,0,77169,false,false,,支配下,通常,0,0,,0,0,0,,,-0.70990711212158,0.81505996704102,0.41590042114258,0.41230361938477,-0.20979995727539,-0.60235160827637,0.83795505523682,-0.91005084514618,1.6,0.27003067016602,1.6,0.41351645469666,-0.21232782363892,0.39827560424805,1.6,0.16013366699219,0.41327323913574,0.59044593811035,0.08944492340088,0.41842918395996,-0.14682849884033,0.52479063034058,-0.43352763175964,0.13154064178467,1.47647796630859,1.6,-0.28876390248537,1.19773727416992,1.50755664825439,1.54900166037679,2.50770150090754,0.85587015225738,1.05439717400074,1.96239902666211,1.0894320229888,0.38300317236781,2.46877957415581,3.18740683543636,1.35740932232142,0.654072265625,1.40993789672852,-0.25702903747559,147,0,0,0,0,0,0,0,0,0,0,0,0,0,0,0,0,"{""draft_candidate"":true,""draft_candidate_id"":154,""draft_lottery"":false,""draft_method"":""single_bid"",""draft_overall_pick"":4,""draft_round"":1,""draft_source"":""high_school"",""draft_year"":2048,""fa_nissuu"":131,""rookie_year"":true}"
77187,功刀 和貴,6,6,fielder,29,8,L,R,188,85,12546,2,0,77187,false,false,,支配下,通常,0,0,,0,0,0,,,1.45053628523648,2.22341543801129,1.35552865606546,1.97539885679483,1.30267246056348,1.68200285854228,1.56932805745304,1.11786174150929,0.37633967876434,0.78789338111877,-0.16149357795715,1.24909727096558,1.0748316192627,1.7312,3.04007487759739,2.8857,2.3641,2.8657,1.7971,1.10830918312073,0.03683026313782,-0.18365023493767,-0.08007912158966,1.08166204452515,0.30662654399872,1.30722762107849,,,,,,,,,,,,,,2.35685397871435,0.83328519404531,2.07552125340365,,0,72,78,59,0,78,90,80,0,72,78,59,0,78,90,80,"{""draft_candidate"":true,""draft_candidate_id"":2,""draft_lottery"":false,""draft_method"":""cpu"",""draft_overall_pick"":22,""draft_round"":2,""draft_source"":""university"",""draft_year"":2048,""fa_nissuu"":70,""rookie_year"":true}"
77192,小方 幸靖,6,7,fielder,26,8,L,R,193,89,6324,3,0,77192,false,false,,支配下,通常,0,0,,0,0,0,,,-0.38533061885834,0.70457443440019,1.96792435121536,2.26466513425112,0.6915998428911,2.31469359117746,0.0050451679118,1.22909777875245,0.68784927368164,-0.83472709655762,1.29952362060547,0.62263191223145,-1.12738232135773,0.09831329345703,0.95398115158081,0.06247779846191,0.58239593505859,0.76724548339844,0.1241960144043,0.29254916539788,0.32072679954767,0.44657449265569,-0.80418903649226,1.43473830583692,-0.05959864932299,1.31580293810368,,,,,,,,,,,,,,0.90996590295434,2.25485403737426,1.20206813572347,,0,49,0,92,80,0,0,0,0,49,0,92,80,0,0,0,"{""draft_candidate"":true,""draft_candidate_id"":107,""draft_lottery"":false,""draft_method"":""cpu"",""draft_overall_pick"":27,""draft_round"":3,""draft_source"":""high_school"",""draft_year"":2048,""fa_nissuu"":63,""rookie_year"":true}"
77239,末富 浩自,6,1,reliever,26,8,L,L,172,91,2285,7,0,77239,false,false,,支配下,通常,0,0,,0,0,0,,,0.84823871612549,0.504873046875,0.21233688354492,0.20030517578125,-0.15506774902344,-1.36139755249023,-0.73527091026306,-0.41555921554565,0.17033836364746,0.74274719238281,0.51397109985352,-0.62678129911423,-0.34918235778809,0.25931495666504,0.64549129486084,0.10118721008301,1.21096984863281,1.50151962280273,1.11488571166992,1.54369445800781,-0.01795677185059,0.63970584869385,1.36873199462891,-0.82890291213989,0.76844833374023,-0.02068862915039,-0.59657518386841,0.23414977073669,0.91084543228149,2.47912274002284,2.3703155336976,1.78755884655565,1.23688812732697,0.77610165904462,0.21660038557649,1.15668921647966,0.55975505277514,0.37394127692282,0.12259353622794,-1.57304466247559,0.02727584838867,-1.20273048400879,163,0,0,0,0,0,0,0,0,0,0,0,0,0,0,0,0,"{""draft_candidate"":true,""draft_candidate_id"":48,""draft_lottery"":false,""draft_method"":""cpu"",""draft_overall_pick"":74,""draft_round"":7,""draft_source"":""high_school"",""draft_year"":2048,""fa_nissuu"":14,""rookie_year"":true}"
77278,ジュリアン,6,3,fielder,32,8,R,R,183,85,12347,0,0,77278,false,true,,支配下,通常,0,0,,0,0,0,,,-0.37216270793974,2.18685235691071,2.00149951021373,1.41336774742231,0.89739398768544,2.22762891252525,0.61453164632991,1.12557910259068,0.2955407333374,1.92,1.90492862701416,1.90777475357056,0.49476758003235,0.80122433340549,1.42624539939314,1.48918755096197,1.14852969500422,0.48372755316645,1.6923905027248,1.04648017883301,1.22112045288086,0.92974016189575,1.08239797592163,1.3468966293335,1.43939281463623,0.25657129764557,,,,,,,,,,,,,,0.4670956948515,0.42021525707543,1.81869881053865,,0,0,96,0,0,0,0,0,0,0,96,0,0,0,0,0,"{""fa_nissuu"":131,""foreign_scout"":true,""foreign_signed_year"":2048,""quality_tier"":""good""}"
77286,前中 晋爾,6,1,reliever,25,7,L,L,175,83,6652,1,0,77286,false,false,,支配下,通常,0,0,,0,0,0,,,-0.7003723526001,-1.19631266593933,-0.89403869628906,0.12686508178711,0.14815444946289,0.68301239013672,0.02906845092773,0.4730001449585,1.01631103515625,0.10777534484863,0.94246948242188,0.95916066169739,0.14522598266602,0.36668296813965,0.24751226425171,0.25452518463135,1.6,0.60840286254883,1.6,1.6,-0.06764894485474,1.25121454238892,0.69051513671875,1.6,1.6,0.01241008758545,0.81930465698242,1.6,1.6,1.36856458619237,0.97561015573144,-0.22435558356135,0.0074962078128,1.66312113943696,2.34077468514442,0.31421993458271,2.09728217470646,2.46265650805831,1.61701805175375,-0.84516178131104,0.0063744354248,1.0843034362793,143,0,0,0,0,0,0,0,0,0,0,0,0,0,0,0,0,"{""draft_candidate"":true,""draft_candidate_id"":201,""draft_lottery"":true,""draft_method"":""lottery"",""draft_overall_pick"":7,""draft_round"":1,""draft_source"":""high_school"",""draft_year"":2049,""fa_nissuu"":46,""rookie_year"":true}"
77296,橋場 友貴,6,8,fielder,25,7,R,R,188,84,2065,2,0,77296,false,false,,支配下,通常,0,0,,0,0,0,,,-0.00552412756719,0.68740215703845,0.67562251617387,1.2882223651886,1.80215412797034,1.33662759323716,-0.32573639756441,0.8820693413876,0.50977874755859,0.23501930236816,0.52995697021484,0.59626262664795,0.76336242675781,1.3526611328125,-0.81049593091011,-0.32808166503906,1.28249557495117,0.47602478027344,1.36,2.19166118220985,2.01401636895537,1.84227218203247,2.70793694853783,1.44005605909228,2.77663784846664,2.19532952168584,,,,,,,,,,,,,,1.47538368388265,1.46011805664003,0.19909642772377,,0,72,0,70,69,0,0,0,0,72,0,70,69,0,0,0,"{""draft_candidate"":true,""draft_candidate_id"":257,""draft_lottery"":false,""draft_method"":""cpu"",""draft_overall_pick"":17,""draft_round"":2,""draft_source"":""high_school"",""draft_year"":2049,""fa_nissuu"":0,""rookie_year"":true}"
77311,米内 一心,6,8,fielder,25,7,L,R,170,85,2065,3,0,77311,false,false,,支配下,通常,0,0,,0,0,0,,,0.57673694946617,1.3241306874752,1.19592322918773,0.9624746799618,1.18207685593143,1.08138357108831,-0.41211200850829,1.1240494492054,0.73243865966797,0.30109359741211,1.31384765625,-0.00322773933411,1.28230117797852,0.02933731079102,0.40049865722656,0.64739929199219,1.26528305053711,-0.50056282043457,1.00878265380859,2.94443254131079,2.29133431977034,1.29471019524988,1.81949804253876,2.7047995878756,2.25914050422609,0.60117893022299,,,,,,,,,,,,,,0.74197453847527,1.38323916175961,1.85786766165495,,0,70,0,64,65,0,0,0,0,70,0,64,65,0,0,0,"{""draft_candidate"":true,""draft_candidate_id"":79,""draft_lottery"":false,""draft_method"":""cpu"",""draft_overall_pick"":32,""draft_round"":3,""draft_source"":""high_school"",""draft_year"":2049,""fa_nissuu"":14,""rookie_year"":true}"
77335,中川原 良将,6,8,fielder,25,7,L,R,189,97,2065,5,0,77335,false,false,,支配下,通常,0,0,,0,0,0,,,0.63963510730863,0.21390626110137,0.95595415171981,2.31478275895938,0.92384341289103,1.25177221874595,0.50703586347587,1.75552801647782,0.03144477844238,0.08278053283691,1.36,-0.25251873970032,1.36,0.12180366516113,0.11645359039307,0.14816246032715,1.33121719360352,-0.33580959320068,-0.57520763397217,2.49205371409655,1.90856763740629,2.45671612262726,1.67915003679693,0.98387946608663,1.27766074836254,1.99940625533462,,,,,,,,,,,,,,1.47494340606034,1.76879663474858,1.36645413935184,,0,100,0,99,99,0,0,0,0,100,0,99,99,0,0,0,"{""draft_candidate"":true,""draft_candidate_id"":163,""draft_lottery"":false,""draft_method"":""cpu"",""draft_overall_pick"":56,""draft_round"":5,""draft_source"":""high_school"",""draft_year"":2049,""fa_nissuu"":0,""rookie_year"":true}"
77358,三重野 峻大,6,7,fielder,25,7,R,R,191,77,2065,7,0,77358,false,false,,支配下,通常,0,0,,0,0,0,,,0.04824788071588,-0.20410776928067,0.49044441711903,3.04906429591179,0.38176000982523,2.6701015337944,-0.2921717481481,-0.04283764428645,-0.77998943328857,-0.62649570465088,1.36,0.68231103897095,0.52015640258789,0.91674026489258,1.36,1.36,1.36,1.1394026184082,1.04944229125977,3.11497239628434,1.58145331493393,2.50834629959613,2.5338701801002,2.07291955211759,2.95826715990901,3.00825658223033,,,,,,,,,,,,,,1.09320173256099,0.59967762169242,2.27678701734543,,0,97,0,100,92,0,0,0,0,97,0,100,92,0,0,0,"{""draft_candidate"":true,""draft_candidate_id"":139,""draft_lottery"":false,""draft_method"":""cpu"",""draft_overall_pick"":79,""draft_round"":7,""draft_source"":""high_school"",""draft_year"":2049,""fa_nissuu"":0,""rookie_year"":true}"
77370,川中 学史,6,1,reliever,25,7,R,R,192,79,2065,1,0,77370,false,false,,支配下,通常,0,0,,0,0,0,,,-0.40372169494629,-1.1382869720459,-0.22041458129883,-0.50336227416992,-0.32037857055664,-0.48127990722656,0.40209697723389,0.1634623336792,-0.96247653961182,-0.07474731445313,0.86062286376953,0.67765506744385,-0.69324844360352,-0.95586889266968,0.2305926322937,-0.96146759033203,-0.68754180908203,-0.66866348266602,-0.4792488861084,0.12179260253906,0.73810623168945,0.74194292068481,-0.62552425384521,-0.02854934692383,0.50558898925781,-0.44783851623535,-0.6458212852478,-0.13981431007385,-0.24340673446655,-0.21743750348687,0.75435627952218,-0.24491306309402,0.44279500371031,-0.05700533666834,0.37526732802391,0.64789569288492,1.46884596866928,1.38370782017708,0.20909571424127,-2,0.11866195678711,-0.01394027709961,145,0,0,0,0,0,0,0,0,0,0,0,0,0,0,0,0,"{""draft_candidate"":true,""draft_candidate_id"":223,""draft_lottery"":false,""draft_method"":""cpu"",""draft_overall_pick"":91,""draft_round"":1,""draft_source"":""high_school"",""draft_year"":2049,""fa_nissuu"":0,""rookie_year"":true}"
77376,道本 龍門,6,2,fielder,29,7,R,R,174,75,2065,2,0,77376,false,false,,支配下,通常,0,0,,0,0,0,,,0.89641129200917,0.15122120559216,1.36304587289691,1.80554684841037,0.11711877407879,0.52623576546982,-0.08497494022176,0.56890526275337,3.46446913909912,2.15060737711191,1.5768697347641,2.30656964524277,2.74359989193082,-0.07920249938965,-0.14409065246582,-0.8076122045517,0.04164379119873,0.5842013168335,0.16737419128418,-0.89941718816757,-0.70014776229858,0.68227491378784,0.43989921569824,0.11327796936035,-0.65625483512878,-0.89792523622513,,,,,,,,,,,,,,1.21804816433191,0.3438348390907,0.75625544154197,,91,0,0,0,0,0,0,0,91,0,0,0,0,0,0,0,"{""draft_candidate"":true,""draft_candidate_id"":259,""draft_lottery"":false,""draft_method"":""cpu"",""draft_overall_pick"":97,""draft_round"":2,""draft_source"":""university"",""draft_year"":2049,""fa_nissuu"":0,""rookie_year"":true}"
77393,砂原 一帆,6,2,fielder,24,6,L,L,171,89,2513,1,0,77393,false,false,,支配下,通常,0,0,,0,0,0,,,0.57305854971707,1.14961503757164,1.8239848540239,1.97620106961131,0.41440784172714,1.44379843764305,0.53997246332467,0.24862409037352,2.22913970087841,3.6844489011839,3.27111746910214,2.1448396347519,4,-0.19637886047363,1.34337348937988,1.33210144042969,0.49061233520508,1.36,1.36,1.09485305786133,0.37695289611816,1.36,0.87549240112305,-0.13824771881104,1.01693130493164,0.31169486999512,,,,,,,,,,,,,,1.33957485188544,0.64228534991294,2.09030626215041,,84,0,0,0,0,0,0,0,84,0,0,0,0,0,0,0,"{""draft_candidate"":true,""draft_candidate_id"":15,""draft_lottery"":false,""draft_method"":""single_bid"",""draft_overall_pick"":5,""draft_round"":1,""draft_source"":""high_school"",""draft_year"":2050,""fa_nissuu"":65,""rookie_year"":true}"
77410,福重 智温,6,1,starter,30,6,R,L,177,83,8264,2,0,77410,false,false,,支配下,通常,0,0,,0,0,0,,,-0.35106290817261,0.177594871521,-0.33065188407898,-0.21166513442993,-0.4871989774704,-0.49413822174072,0.02967618942261,-0.01403343200684,0.87325366020203,1.3602342414856,0.52089369773865,0.52491191864014,1.6,0.69547875404358,1.45544548034668,0.13569897890091,0.56855218887329,0.97623079299927,0.64260914802551,0.55622628211975,1.15672872543335,1.23300537109375,1.45700777053833,1.35550649642944,0.48364022254944,1.58253572463989,0.54336389541626,1.13421836853027,1.2599560546875,1.40226868116856,1.18755218043178,-0.03155513387918,1.27602941049635,1.07962692150474,0.76307774150372,-0.0308048837781,1.31386306834221,0.47939168658108,1.98833893468976,-0.73255545377731,0.42161924362183,0.08940021514893,147,0,0,0,0,0,0,0,0,0,0,0,0,0,0,0,0,"{""draft_candidate"":true,""draft_candidate_id"":32,""draft_lottery"":false,""draft_method"":""cpu"",""draft_overall_pick"":22,""draft_round"":2,""draft_source"":""independent"",""draft_year"":2050,""fa_nissuu"":28,""rookie_year"":true}"
77415,樫本 直隆,6,1,reliever,24,6,R,R,192,95,1845,3,0,77415,false,false,,支配下,通常,0,0,,0,0,0,,,0.53725730895996,-2,-0.16881469726562,-0.84898025512695,-0.70650299072266,-0.50794021606445,-0.21036312103271,-0.59925636291504,0.77378997802734,1.2081201171875,0.50687805175781,0.67166650772095,1.25361083984375,0.53979232788086,-0.89507015228271,-0.58334465026855,0.2791276550293,-0.05089660644531,0.18635467529297,0.45261001586914,0.44738830566406,0.64385812759399,1.2600798034668,-0.30280708312988,0.69606002807617,1.24192626953125,0.25559703826904,-0.55032935142517,0.4323575592041,1.01716613596678,1.60839465409517,0.16232861294877,-0.97315731158853,1.44261922560632,0.05474947562814,-0.65669445678592,1.82486603367329,1.29582685565949,1.28102705156803,-1.77625938415527,-1.26324115753174,-1.40306365966797,145,0,0,0,0,0,0,0,0,0,0,0,0,0,0,0,0,"{""draft_candidate"":true,""draft_candidate_id"":314,""draft_lottery"":false,""draft_method"":""cpu"",""draft_overall_pick"":27,""draft_round"":3,""draft_source"":""high_school"",""draft_year"":2050,""fa_nissuu"":16,""rookie_year"":true}"
77434,有富 周夫,6,2,fielder,28,6,R,R,191,97,1845,4,0,77434,false,false,,支配下,通常,0,0,,0,0,0,,,0.25741882088408,0.6684600906074,1.85721751189232,-1.08073208601028,2.20491955912113,-0.641419519566,0.36906149448827,0.24226737271249,3.55070209220052,3.58794620746374,3.0030141864419,2.32541392668337,2.82444064456224,1.36,1.1728461265564,-0.01590480804443,-0.08066578626633,0.49620410919189,0.0194793510437,1.36,0.6769034576416,0.58602428436279,0.17498292922974,1.13821674346924,0.10893372535706,1.30689441680908,,,,,,,,,,,,,,0.63503232314065,1.43757623098372,1.15355432212353,,84,0,0,0,0,0,0,0,84,0,0,0,0,0,0,0,"{""draft_candidate"":true,""draft_candidate_id"":91,""draft_lottery"":false,""draft_method"":""cpu"",""draft_overall_pick"":46,""draft_round"":4,""draft_source"":""university"",""draft_year"":2050,""fa_nissuu"":0,""rookie_year"":true}"
77439,土方 外茂二,6,2,fielder,29,6,L,R,177,89,1845,5,0,77439,false,false,,支配下,通常,0,0,,0,0,0,,,0.95257303518802,1.49017569299936,0.93841577711105,2.12515693790913,0.37582376552373,1.84673024407327,0.16492864914564,0.5478251028657,2.97822624114528,1.79668109574914,3.95270563194156,2.77240255149733,2.61590264892578,0.02854699134827,-0.54832113355398,0.24666889190674,0.46249129295349,-0.52013760209084,0.488118019104,0.72851495742798,0.49210773468018,0.37870672225952,-0.6588776743412,-0.09250497817993,0.04638327121735,0.27400094032288,,,,,,,,,,,,,,2.06569728080779,1.6202055298686,0.27304432576895,,70,0,0,0,0,0,0,0,70,0,0,0,0,0,0,0,"{""draft_candidate"":true,""draft_candidate_id"":4,""draft_lottery"":false,""draft_method"":""cpu"",""draft_overall_pick"":51,""draft_round"":5,""draft_source"":""independent"",""draft_year"":2050,""fa_nissuu"":14,""rookie_year"":true}"
77502,信田 嗣仁,6,1,starter,27,5,R,R,187,82,4961,1,0,77502,false,false,,支配下,通常,0,0,,0,0,0,,,0.63222633361816,-0.53597920715809,1.03440517425537,1.30863330841064,-0.02222518920898,0.55736667633057,-0.33404724121094,0.1034613609314,1.6,0.84067163467407,0.6594563293457,1.40272212982178,1.40364971160889,1.30889738082886,1.6,1.6,0.65141668319702,0.43700663805008,0.6792113494873,0.96401010513306,1.6,1.6,1.29973672866821,0.78462923049927,0.96574863433838,1.6,1.43209186553955,1.48040576934814,0.80252326488495,0.79488826562464,1.42136883819103,0.59619499785453,2.09343855336309,1.47047464931011,1.79061298859119,0.66245234472305,1.63372678744793,1.68157505622506,1.60847792947292,0.05273658752441,0.81490089416504,-0.23492173194885,145,0,0,0,0,0,0,0,0,0,0,0,0,0,0,0,0,"{""draft_candidate"":true,""draft_candidate_id"":224,""draft_lottery"":false,""draft_method"":""rebid_single"",""draft_overall_pick"":8,""draft_round"":1,""draft_source"":""industrial"",""draft_year"":2051,""fa_nissuu"":44,""rookie_year"":true}"
77522,深沢 宏寿,6,1,reliever,23,5,L,R,177,83,1625,3,0,77522,false,false,,支配下,通常,0,0,,0,0,0,,,-0.02891109466553,-0.40447402954102,-0.58564147949219,-1.16559387207031,0.29707412719727,-0.4574299621582,-0.28215431213379,-1.41976096153259,0.54552352905273,1.22677185058594,0.14605857849121,-0.23001037597656,0.19959037780762,-0.29513072967529,0.02434698104858,1.15372695922852,1.6,0.08228492736816,0.70218231201172,-0.67982496261597,1.30370666503906,0.72292518615723,0.44979263305664,0.20320091247559,0.89751510620117,0.88162124633789,1.07254920959473,0.50950988769531,-0.35385119438171,1.68518341792524,0.78103485174179,0.26682550110854,0.50348150855303,1.2116231482029,0.90992603594065,0.03032410624623,1.17506411030293,2.11028510221839,1.1486334264949,-1.65803916931152,-0.806477394104,-1.64972304344177,147,0,0,0,0,0,0,0,0,0,0,0,0,0,0,0,0,"{""draft_candidate"":true,""draft_candidate_id"":62,""draft_lottery"":false,""draft_method"":""cpu"",""draft_overall_pick"":28,""draft_round"":3,""draft_source"":""high_school"",""draft_year"":2051,""fa_nissuu"":0,""rookie_year"":true}"
77539,藤谷 紀生,6,1,reliever,23,5,R,L,170,89,1625,4,0,77539,false,false,,支配下,通常,0,0,,0,0,0,,,0.00252559661865,-1.73859573125839,-1.19544422149658,-0.64348625183105,0.16888366699219,-1.2485298538208,0.69097835540771,-0.74842363357544,0.54822006225586,0.53645385742188,-0.52932228088379,0.95535387039185,0.85289627075195,1.36311340332031,-0.56038007855415,1.36643142700195,0.87792007446289,1.56120956420898,-0.37880626678467,0.67974807739258,0.16768005371094,1.21013833999634,1.02603454589844,-0.59562585830688,-0.40653179168701,0.85785186767578,1.29112016677856,1.44665203094482,0.68749580383301,1.96739229771495,0.58827416098118,0.40050044807978,-0.40413723352156,-0.34861651462317,2.50361587846279,0.74421437801421,-0.11854972922802,2.01971755713224,0.43738607614674,-1.13960597991943,0.00159088134766,0.46220230102539,145,0,0,0,0,0,0,0,0,0,0,0,0,0,0,0,0,"{""draft_candidate"":true,""draft_candidate_id"":183,""draft_lottery"":false,""draft_method"":""cpu"",""draft_overall_pick"":45,""draft_round"":4,""draft_source"":""high_school"",""draft_year"":2051,""fa_nissuu"":0,""rookie_year"":true}"
77570,安食 佳晴,6,5,fielder,23,5,R,R,192,72,1625,7,0,77570,false,false,,支配下,通常,0,0,,0,0,0,,,-0.13567675499618,1.22068866147473,1.93101250967383,0.62737705361247,0.15669052886963,-0.45846480981484,-0.18416624001972,1.3000499599278,-0.04741558074951,0.65795440673828,1.36,1.36,-0.27321590423584,1.39490160858631,0.35879362913966,1.67332179887593,1.18797933191061,-0.14919860691577,-0.32919005736709,0.20706962585449,0.1610823059082,0.77253707885742,0.30305809020996,0.75335266113281,0.5962947845459,1.23056838989258,,,,,,,,,,,,,,1.86634073713422,0.72737500146031,0.82944545674324,,0,0,64,0,0,0,0,88,0,0,64,0,0,0,0,88,"{""draft_candidate"":true,""draft_candidate_id"":70,""draft_lottery"":false,""draft_method"":""cpu"",""draft_overall_pick"":76,""draft_round"":7,""draft_source"":""high_school"",""draft_year"":2051,""fa_nissuu"":0,""rookie_year"":true}"
77599,谷岡 盛政,6,1,reliever,23,5,R,R,184,74,1625,3,0,77599,false,false,,支配下,通常,0,0,,0,0,0,,,0.93754062652588,-0.90767852783203,-0.31457748413086,-1.74592140197754,0.30472290039063,-1.5377433013916,-0.17384822845459,-0.7790333366394,0.07485954284668,0.96441055297852,0.06579872131348,-0.31893449783325,-0.54144889831543,-1.03251649856567,-0.05226357460022,0.05773071289063,0.25601409912109,1.29679870605469,-0.52875633239746,0.49810546875,0.01256576538086,0.35958410263062,1.01498809814453,1.3442008972168,-0.48683074951172,0.2288346862793,0.62158102035522,-0.65922022342682,0.04420265197754,0.70749723282456,-0.17255114863627,0.4064859119535,-0.6436773147583,0.64111439040303,-0.35581230521202,0.59233410314471,0.52276106476784,1.78796844881773,-0.0389275046438,-0.88257461547852,0.6006330871582,0.09663269042969,143,0,0,0,0,0,0,0,0,0,0,0,0,0,0,0,0,"{""draft_candidate"":true,""draft_candidate_id"":236,""draft_lottery"":false,""draft_method"":""cpu"",""draft_overall_pick"":105,""draft_round"":3,""draft_source"":""high_school"",""draft_year"":2051,""fa_nissuu"":0,""rookie_year"":true}"
77605,ピエトロ,6,1,starter,33,5,L,R,180,98,11222,0,0,77605,false,true,,支配下,通常,0,0,,0,0,0,,,-0.05833145141602,0.6299701499939,0.92922004699707,-0.07470031738281,0.89377105712891,0.3717618560791,0.49362113952637,1.58505754470825,1.4274658203125,1.23222932815552,1.87115978240967,2.49332080841064,1.72134746551514,1.56432222366333,1.94623504638672,2.25780883789063,2.29732940673828,2.26642910003662,2.25036354064941,1.86511581420898,2.1221883392334,1.29072526454926,2.08990936279297,2.56,2.33641532897949,2.1893998336792,1.89404808044434,1.66932726860046,1.55747343063354,1.35970885699987,1.97133063419163,0.48152942810953,1.7708724578023,0.51146261126995,2.04982157164812,2.6256783183068,1.07690360295773,1.87479834038019,1.87901003272887,1.56070400238037,1.23284591674805,1.19719261169434,142,0,0,0,0,0,0,0,0,0,0,0,0,0,0,0,0,"{""fa_nissuu"":65,""foreign_scout"":true,""foreign_signed_year"":2051,""quality_tier"":""ace""}"
77616,重永 峰博,6,1,reliever,25,4,R,L,185,73,2218,1,0,77616,false,false,,支配下,通常,0,0,,0,0,0,,,0.62811696052551,-0.48562752723694,0.63954884529114,0.02140254974365,-1.28294283628464,-0.35126413345337,-0.44702937841415,0.24785912513733,0.57716346740723,-0.09391571044922,0.02680927276611,0.57757543563843,1.38514324188232,1.52375559806824,0.61681263923645,0.1094007730484,-0.4619623079896,1.39450814247131,0.65190203666687,-0.40948766648769,1.22407828330994,0.55151844501495,-0.31417363286018,1.25287172317505,1.0327951335907,0.6564977645874,-0.29243283510208,0.28221652507782,1.28486088752747,1.09702126976848,1.5399689194262,0.51988597354293,0.02433306035399,2.01057659244537,1.15486038045026,0.04389857345819,1.74536055070162,1.76039192511514,0.72425773896277,0.6126199054718,-0.55471244335175,0.60209345817566,149,0,0,0,0,0,0,0,0,0,0,0,0,0,0,0,0,"{""draft_candidate"":true,""draft_candidate_id"":320,""draft_lottery"":true,""draft_method"":""lottery"",""draft_overall_pick"":9,""draft_round"":1,""draft_source"":""university"",""draft_year"":2052,""fa_nissuu"":46,""rookie_year"":true}"
77629,松森 斉智,6,1,starter,22,4,R,R,190,90,1407,2,0,77629,false,false,,支配下,通常,0,0,,0,0,0,,,0.87455337524414,0.60875411987305,-1.80685688972473,0.57648849487305,-0.67830429077148,-0.53757873535156,-0.92172247409821,-1.06738688468933,-0.62851081848145,0.59126083374023,-0.6048547744751,1.13494174957275,-0.26818618774414,0.65873260498047,-0.28734701156616,-0.43967529296875,0.04550186157227,-0.47291507720947,-0.21886436462402,1.33079803466797,0.99239364624023,1.10713697433472,1.14888259887695,-0.12461265563965,-0.67890184402466,0.88554550170898,-0.49549429893494,-0.54616513490677,0.7095118522644,1.4434415281564,1.43089656145126,-0.17016585699795,1.03993798267841,0.4507491890192,1.64415410029888,-0.35970768116415,0.61262229013443,0.52988528835215,1.51320866575837,-1.10904716491699,-0.36456001281738,-0.05162933349609,148,0,0,0,0,0,0,0,0,0,0,0,0,0,0,0,0,"{""draft_candidate"":true,""draft_candidate_id"":186,""draft_lottery"":false,""draft_method"":""cpu"",""draft_overall_pick"":22,""draft_round"":2,""draft_source"":""high_school"",""draft_year"":2052,""fa_nissuu"":0,""rookie_year"":true}"
77634,越 洋二郎,6,1,starter,26,4,L,R,184,80,1406,3,0,77634,false,false,,支配下,通常,0,0,,0,0,0,,,-0.15114208221436,0.24052082061768,-0.13033504486084,0.37141147613525,-0.89371762275696,-0.83839470863342,-0.2947452545166,-0.57268260955811,1.52556003570557,1.17201496124268,0.26339298248291,1.15676786422729,1.6,1.51245460510254,0.48622214317322,0.10009471893311,0.42435075759888,0.0952729511261,-0.08368164539337,0.39517604827881,0.22044622421265,0.40350620269775,1.13783088684082,0.09653921127319,-0.0724861907959,0.37483617782593,1.34126131057739,0.69739224433899,0.08280661821365,1.8213209079802,0.92212213754654,0.13714511412382,0.56174036613107,0.18513401336968,1.19597869804502,1.41057326537371,0.7354729795754,0.34962793403864,1.49087017024308,-0.26530511856079,0.21109867095947,-1.19592010572553,145,0,0,0,0,0,0,0,0,0,0,0,0,0,0,0,0,"{""draft_candidate"":true,""draft_candidate_id"":293,""draft_lottery"":false,""draft_method"":""cpu"",""draft_overall_pick"":27,""draft_round"":3,""draft_source"":""university"",""draft_year"":2052,""fa_nissuu"":0,""rookie_year"":true}"
77653,岩男 宗生,6,1,starter,25,4,L,L,176,86,1406,4,0,77653,false,false,,支配下,通常,0,0,,0,0,0,,,-0.09343099594116,-0.81565803050995,-1.12367123901844,-0.55130052566528,0.71326070785522,-0.2418235206604,0.2169736289978,-0.40739829540253,-0.1962518748641,1.6,-0.12861678004265,1.03848936080933,1.38299949645996,1.15133062362671,1.33659859657288,0.81289008140564,1.6,1.45292872428894,0.15210867404938,0.61223285675049,0.4540886259079,1.10930723190308,0.69422362327576,1.01741937637329,0.10549468517303,0.1012597322464,0.84298501014709,0.70891448497772,1.33591420173645,1.27751151484251,1.44923320385814,0.17531897315383,2.0277878895402,0.36827461308241,1.67878543511033,1.56593118754029,0.36914286597073,0.92222667703033,0.42974879980087,0.42380721092224,0.38359625816345,-1.04201256990433,149,0,0,0,0,0,0,0,0,0,0,0,0,0,0,0,0,"{""draft_candidate"":true,""draft_candidate_id"":281,""draft_lottery"":false,""draft_method"":""cpu"",""draft_overall_pick"":46,""draft_round"":4,""draft_source"":""university"",""draft_year"":2052,""fa_nissuu"":0,""rookie_year"":true}"
77658,鹿間 昇道,6,3,fielder,25,4,R,R,186,72,1405,5,0,77658,false,false,,支配下,通常,0,0,,0,0,0,,,0.95894368122518,2.1917575368993,1.6141306001097,0.14457724389136,0.90312151731551,0.36896270633936,0.08505970182829,1.28985389634967,0.55605317115784,0.26573647975922,-0.27852571606636,0.58409806251526,-0.30460908174515,-1.02102923923731,-1.98915676543675,-1.09474777084589,-1.57296887344122,-1.69296096932888,-1.22333873274922,0.71068840026855,0.78244493484497,0.39116034984589,-0.00613292455673,-0.08575348615646,0.12042759418488,-0.44200377970934,,,,,,,,,,,,,,1.84410199391842,2.23499606275558,1.32844768700004,,0,0,78,50,0,0,0,0,0,0,78,50,0,0,0,0,"{""draft_candidate"":true,""draft_candidate_id"":126,""draft_lottery"":false,""draft_method"":""cpu"",""draft_overall_pick"":51,""draft_round"":5,""draft_source"":""university"",""draft_year"":2052,""fa_nissuu"":0,""rookie_year"":true}"
77723,向川 昭汰,6,6,fielder,26,3,L,R,180,78,1209,1,0,77723,false,false,,支配下,通常,0,0,,0,0,0,,,-0.00628100138158,0.87235986083746,0.77377708303928,1.1486799159646,0.89676310417056,1.42665489304066,0.08276321376115,1.39542517180741,-0.1541336619854,0.30713986873627,1.36,0.05966912031174,0.53069491386414,2.25449982142448,2.6639583953023,2.75335360622406,2.96762486678362,2.55287628530711,1.94305452132225,1.15869358062744,1.36,1.19907625198364,0.70755149841309,-0.30288429871202,0.90863926887512,-0.13127874016762,,,,,,,,,,,,,,0.21545962941647,0.11985119011998,-0.28625397220254,,0,68,81,73,0,98,85,0,0,68,81,73,0,98,85,0,"{""draft_candidate"":true,""draft_candidate_id"":277,""draft_lottery"":true,""draft_method"":""lottery"",""draft_overall_pick"":7,""draft_round"":1,""draft_source"":""industrial"",""draft_year"":2053,""fa_nissuu"":0,""rookie_year"":true}"
77735,和泉 源哉,6,1,reliever,21,3,L,L,178,88,1195,2,0,77735,false,false,,支配下,通常,0,0,,0,0,0,,,-0.32167476654053,-0.17894027709961,0.47605804443359,-0.02282089233398,-0.20210784912109,0.72422775268555,0.3873327255249,-1.28283406257629,0.46144325256348,1.27984558105469,-0.00435607910156,0.52028596878052,1.40915740966797,0.47194519042969,-0.46917534589767,0.65400238037109,-0.24781364440918,-0.17474403381348,0.84910415649414,-0.33140190124512,1.03576049804688,0.21558006286621,1.6,1.52351013183594,-0.21274299621582,0.90597457885742,1.24962682723999,-0.17244293689728,0.20394681930542,1.33494594883919,1.04552501881123,-0.07352594171464,1.53780649292469,1.9821481782496,0.66226772601344,1.05798890352249,0.98659494024515,0.64001607103646,-0.09327494478226,0.59527557373047,0.67712051391602,-0.07423431396484,149,0,0,0,0,0,0,0,0,0,0,0,0,0,0,0,0,"{""draft_candidate"":true,""draft_candidate_id"":78,""draft_lottery"":false,""draft_method"":""cpu"",""draft_overall_pick"":19,""draft_round"":2,""draft_source"":""high_school"",""draft_year"":2053,""fa_nissuu"":0,""rookie_year"":true}"
77746,松島 禎徳,6,1,reliever,25,3,R,R,182,91,1191,3,0,77746,false,false,,支配下,通常,0,0,,0,0,0,,,-0.27882503509521,0.12396091461182,0.15720314025879,-1.1388117313385,-0.16118591308594,0.26900974273682,-0.26546848297119,0.03183385848999,1.05635192871094,0.6639379119873,-0.02343432426453,0.88504732131958,0.38829139709473,-0.19251142501831,-0.02761244297028,0.50445030212402,1.12084190368652,-0.02177000999451,0.60966819763184,1.40832801818848,1.20796165466309,0.83084991455078,0.24571317672729,0.52403171539307,1.38643913269043,0.94979015350342,0.49495695114136,0.78649423599243,0.38728802680969,1.62161834236979,1.03781995940208,1.30441474753618,-0.09856966352463,1.46751864588261,0.13417840182781,0.65781872373819,0.20312655454269,1.29174001961947,0.8727555885613,-0.91137577056885,0.39317909240723,-0.52675054550171,144,0,0,0,0,0,0,0,0,0,0,0,0,0,0,0,0,"{""draft_candidate"":true,""draft_candidate_id"":266,""draft_lottery"":false,""draft_method"":""cpu"",""draft_overall_pick"":30,""draft_round"":3,""draft_source"":""university"",""draft_year"":2053,""fa_nissuu"":0,""rookie_year"":true}"
77759,丸本 孝史,6,1,reliever,25,3,L,R,181,72,1188,4,0,77759,false,false,,支配下,通常,0,0,,0,0,0,,,-0.60353550195694,-0.59276565551758,-1.36913510322571,-0.54677539825439,-0.10705310821533,0.16372509002686,-0.35441278457642,0.04657875061035,0.72134063720703,1.15766288757324,0.06507410049438,-0.02635324478149,-0.2619079208374,0.0315958404541,1.09069311141968,1.11577796936035,0.33285594940186,0.94796764373779,0.23744220733643,0.41699531555176,-0.15168655395508,0.88358499526978,0.61787929534912,-0.40108315467834,-0.55406768083572,0.11834600448608,0.19919931411743,0.17769529342651,0.72255012512207,1.09182075980306,0.49383423599601,0.04603712842613,1.22234416627884,0.75902786523104,0.2369801684916,-0.04367082959414,0.32133729270101,2.03189146335423,0.61832565643545,-0.60688892364502,0.36617214202881,-1.15557793617249,146,0,0,0,0,0,0,0,0,0,0,0,0,0,0,0,0,"{""draft_candidate"":true,""draft_candidate_id"":40,""draft_lottery"":false,""draft_method"":""cpu"",""draft_overall_pick"":43,""draft_round"":4,""draft_source"":""university"",""draft_year"":2053,""fa_nissuu"":0,""rookie_year"":true}"
77770,政木 隆一,6,3,fielder,21,3,R,L,190,82,1186,5,0,77770,false,false,,支配下,通常,0,0,,0,0,0,,,0.57035484704375,1.10541116696596,1.13066785895824,0.49267338000536,0.62635059757531,0.4791062787056,-0.12633745193481,0.48219346061349,1.10172485351563,-0.40524518966675,-0.34158847808838,0.59528545379639,-0.25049407958984,-2.12679754194617,-1.88506058102846,-1.8382204375267,-1.3608833630681,-0.58038589525223,-2.34767826461792,0.70592391967773,-0.40467496871948,-0.37437465667725,-0.1931173324585,0.53207153320313,1.36,1.36,,,,,,,,,,,,,,1.23216800057888,1.94204729866982,1.19083968347311,,0,0,84,0,0,0,0,0,0,0,84,0,0,0,0,0,"{""draft_candidate"":true,""draft_candidate_id"":71,""draft_lottery"":false,""draft_method"":""cpu"",""draft_overall_pick"":54,""draft_round"":5,""draft_source"":""high_school"",""draft_year"":2053,""fa_nissuu"":0,""rookie_year"":true}"
77783,百田 匡乙,6,7,fielder,21,3,L,R,171,88,1186,6,0,77783,false,false,,支配下,通常,0,0,,0,0,0,,,0.87889861125872,0.15519591248035,-0.43288057178259,1.91639866523743,1.23024045988917,1.45193017779589,-0.60270749984868,0.29649722331762,0.72439300537109,-0.72972584724426,0.74289688110352,0.67712463378906,0.37084083557129,-0.13544960021973,-0.6622256052494,0.7082177734375,0.09092437744141,-0.70419954299927,0.6232893371582,-2.20229840642959,-0.27334956383705,-0.94343380622566,-0.21290600013733,-1.34334561142325,-0.58632382558286,0.14431364750862,,,,,,,,,,,,,,1.22178619664907,1.35230530738831,0.28283241343498,,0,38,0,81,62,0,0,0,0,38,0,81,62,0,0,0,"{""draft_candidate"":true,""draft_candidate_id"":92,""draft_lottery"":false,""draft_method"":""cpu"",""draft_overall_pick"":67,""draft_round"":6,""draft_source"":""high_school"",""draft_year"":2053,""fa_nissuu"":0,""rookie_year"":true}"
77807,尾身 駿馬,6,3,fielder,21,3,R,R,175,78,1184,1,0,77807,true,false,,育成,通常,0,0,,0,0,0,,,0.78526473999023,1.26819580078125,-0.62707378387451,1.21985741860867,-0.06793903136253,1.3033064093709,-0.31409734725952,0.13693525314331,-1.08058252334595,0.80265655517578,0.19255065917969,-0.76287971019745,-1.24206070899963,-2.4,-2.38309657338262,-1.29399286621809,-1.58217025756836,-1.63644485473633,-2.33650674033165,1.26492813110352,1.01374694824219,-0.04493227005005,-1.04594968795776,-0.97416437149048,0.15708450317383,1.24933563232422,,,,,,,,,,,,,,1.01417541503906,0.30680298383534,-0.93962349641323,,0,0,72,0,0,0,0,0,0,0,72,0,0,0,0,0,"{""draft_candidate"":true,""draft_candidate_id"":57,""draft_lottery"":false,""draft_method"":""cpu"",""draft_overall_pick"":91,""draft_round"":1,""draft_source"":""high_school"",""draft_year"":2053,""fa_nissuu"":0,""rookie_year"":true}"
77825,キーラ,6,1,starter,32,3,R,L,200,96,10708,0,0,77825,false,true,,支配下,通常,0,0,,0,0,0,,,-0.07360366821289,1.74137542724609,1.19182956695557,1.5762850189209,0.67073045730591,0.55381675720215,0.15051780700684,0.29343302249908,1.04723063468933,2.42204860687256,2.01930023193359,1.31327093601227,2.43286167144775,2.56,2.28779674530029,1.37323741912842,2.56,2.05013278961182,1.67375509262085,2.56,2.56,2.0962865447998,1.71312431335449,1.3225638961792,1.4684094619751,2.32741729736328,2.50732093811035,2.46171222686768,2.00261817932129,2.41350004768372,1.27042170161009,-0.11114691309631,1.78918198418617,2.0730001776278,2.31284260076284,1.4932274376899,1.62625351784378,1.76228487944603,1.11509956882894,0.57356977462769,1.67605293273926,0.32840951919556,150,0,0,0,0,0,0,0,0,0,0,0,0,0,0,0,0,"{""fa_nissuu"":14,""foreign_scout"":true,""foreign_signed_year"":2053,""quality_tier"":""ace""}"
77835,小野田 晋三,6,4,fielder,23,2,L,R,171,96,4321,1,0,77835,false,false,,支配下,通常,0,0,,0,0,0,,,0.54565996614844,1.71061766719818,1.3966597173214,2.50033956770897,0.26966149199009,2.10237133996487,-0.59921457987651,0.1183955411911,0.4969994020462,0.52713347434998,0.10646735191345,0.10920693993568,1.06146132469177,0.02897539266199,0.17925584220886,1.51175003111362,1.13585655009653,0.52383761021495,1.62849707937241,0.76193885803223,0.53333173751831,0.7140845823288,-0.02687595367432,-0.04576641440392,-0.12613270163536,1.29344646453857,,,,,,,,,,,,,,1.46552210781164,1.15011070036888,0.87621579511464,,0,0,0,61,68,86,0,84,0,0,0,61,68,86,0,84,"{""draft_candidate"":true,""draft_candidate_id"":260,""draft_lottery"":true,""draft_method"":""lottery"",""draft_overall_pick"":5,""draft_round"":1,""draft_source"":""university"",""draft_year"":2054,""fa_nissuu"":14,""rookie_year"":true}"
77852,東原 端樹,6,1,reliever,20,2,R,L,181,91,1016,2,0,77852,false,false,,支配下,通常,0,0,,0,0,0,,,-0.25215167999268,-1.08297782897949,0.34155303955078,0.78103652954102,-0.37874351501465,0.85656631469727,0.76523654937744,-0.85067142486572,1.6,0.77876998901367,1.0537272644043,0.90677486419678,1.6,0.74088973999023,1.51733943939209,1.28884185791016,1.6,1.00886581420898,-0.56498806476593,0.0810604095459,0.58062088012695,0.93180521011353,1.51100921630859,-0.5687695980072,1.6,-0.24764808654785,-0.19704275608063,1.13207054138184,1.1714009475708,1.28475761413574,1.61477259761095,0.52983795127273,1.11787954953313,0.92831701433659,1.7451456065774,0.56777591228485,1.6745086491704,0.17932575321198,0.31353735359758,0.05522979736328,-0.5924227142334,-0.7419189453125,146,0,0,0,0,0,0,0,0,0,0,0,0,0,0,0,0,"{""draft_candidate"":true,""draft_candidate_id"":195,""draft_lottery"":false,""draft_method"":""cpu"",""draft_overall_pick"":22,""draft_round"":2,""draft_source"":""high_school"",""draft_year"":2054,""fa_nissuu"":0,""rookie_year"":true}"
77857,朝倉 浩純,6,1,reliever,20,2,R,L,173,98,996,3,0,77857,false,false,,支配下,通常,0,0,,0,0,0,,,0.63439350128174,-1.01627239227295,-1.00500679016113,0.77711959838867,0.2895637512207,0.65717590332031,0.72032318115234,0.38454610824585,0.00758319854736,1.3973893737793,0.19760154724121,-0.00051431655884,0.54536499023438,1.23482696533203,1.23031145095825,1.6,1.6,1.41557083129883,1.6,1.18626022338867,-0.06915084838867,-0.14411209583282,1.56158126831055,-0.40147747039795,-0.34290736198425,1.6,0.35312528610229,0.33980221748352,-0.2844490903616,1.33295061933994,0.69960043933988,0.1839105960764,1.00063612096012,1.97403010112047,0.48510167488456,0.90320123618841,0.32356390224397,1.23951650963724,0.31590447902679,0.02707809448242,1.12880783081055,-1.01473976135254,142,0,0,0,0,0,0,0,0,0,0,0,0,0,0,0,0,"{""draft_candidate"":true,""draft_candidate_id"":203,""draft_lottery"":false,""draft_method"":""cpu"",""draft_overall_pick"":27,""draft_round"":3,""draft_source"":""high_school"",""draft_year"":2054,""fa_nissuu"":0,""rookie_year"":true}"
77876,榎原 晴真,6,1,reliever,20,2,R,R,179,72,981,4,0,77876,false,false,,支配下,通常,0,0,,0,0,0,,,0.27127532958984,-0.43968551635742,0.60419830322266,0.00266342163086,0.26479827880859,-0.68985992431641,0.94413105010986,-0.99883409500122,1.4166520690918,1.6,0.39935607910156,1.4860032081604,-0.25779865264893,0.08405876159668,1.21710466384888,0.8003010559082,-0.05150936126709,-0.06572204589844,1.6,-0.4056729888916,0.59326118469238,1.41384614944458,-0.0677144241333,1.6,-0.55452495574951,0.05317825317383,1.09251329421997,1.07900751113892,0.37731114387512,0.52931216567755,0.96360478901863,-0.47514304983616,1.32500963318348,1.67012021040916,0.31156332588196,0.94437715659291,1.01700732636452,0.77929410803318,-0.13832668492198,0.93262161254883,-0.46104972839355,0.43745056152344,142,0,0,0,0,0,0,0,0,0,0,0,0,0,0,0,0,"{""draft_candidate"":true,""draft_candidate_id"":196,""draft_lottery"":false,""draft_method"":""cpu"",""draft_overall_pick"":46,""draft_round"":4,""draft_source"":""high_school"",""draft_year"":2054,""fa_nissuu"":0,""rookie_year"":true}"
77881,大和田 輝光,6,7,fielder,20,2,R,L,177,78,972,5,0,77881,false,false,,支配下,通常,0,0,,0,0,0,,,-0.72927776288241,1.28332388293743,1.67871710518003,1.18675906346738,0.48193068987131,1.32943524250388,1.0246202327013,1.01177612191439,1.08393768310547,1.02829284667969,1.36,-0.1737001991272,0.55731399536133,0.91638046264648,1.22262735366821,0.87417770385742,1.13135238647461,-0.3288550567627,0.1574845123291,-0.04162562477589,-2.15180811905861,-0.38197742629051,0.02219371551275,-0.83919065260887,-0.17665692830086,-1.72380905210972,,,,,,,,,,,,,,0.21530210697651,0.16061702287197,0.1999664054513,,0,49,0,86,70,0,0,0,0,49,0,86,70,0,0,0,"{""draft_candidate"":true,""draft_candidate_id"":224,""draft_lottery"":false,""draft_method"":""cpu"",""draft_overall_pick"":51,""draft_round"":5,""draft_source"":""high_school"",""draft_year"":2054,""fa_nissuu"":0,""rookie_year"":true}"
77900,荒井 由記,6,1,starter,20,2,R,R,176,70,968,6,0,77900,false,false,,支配下,通常,0,0,,0,0,0,,,-0.22240837097168,-1.22008819580078,-0.75048126220703,0.10993118286133,-0.9220458984375,-1.36868011474609,0.88885723114014,-1.90512820720673,-0.99416444778442,1.18282730102539,0.5460124206543,-0.40360089302063,-0.96281938552856,-1.25761426687241,-0.43479766845703,-1.12187149047852,1.05547760009766,-0.78199928283691,-0.42938468933105,1.08483871459961,-0.98466457366943,-0.10421540260315,0.22780044555664,-0.96434913635254,-0.63494132995605,-0.94832939147949,0.67565979003906,0.0518102645874,-0.814986743927,1.31054990833998,-0.3221514672935,-0.04706986849755,1.3799939019382,0.52458961433172,0.71878569117188,0.91972866690159,0.18052889358997,0.22490099549294,0.55787446710467,-0.15802597045898,-1.41240737915039,-0.08053237915039,144,0,0,0,0,0,0,0,0,0,0,0,0,0,0,0,0,"{""draft_candidate"":true,""draft_candidate_id"":300,""draft_lottery"":false,""draft_method"":""cpu"",""draft_overall_pick"":70,""draft_round"":6,""draft_source"":""high_school"",""draft_year"":2054,""fa_nissuu"":0,""rookie_year"":true}"
77905,大吉 稔統,6,3,fielder,20,2,R,R,171,78,964,7,0,77905,false,false,,支配下,通常,0,0,,0,0,0,,,-0.24489823138341,0.90041929787397,0.53758922213316,0.69035552351475,-0.2576447224617,0.30138449850231,-0.11177629601955,-0.16592922565341,1.26883224487305,-0.2872248840332,1.07007095336914,1.29393037796021,0.55937576293945,-2.05155876302719,-1.22715479935461,-1.74742573130131,-1.54140279048681,-2.30113916534185,-2.01885907316208,0.45683990478516,0.2346395111084,0.37283679962158,-0.62772300720215,0.42706214904785,1.27071350097656,0.77837692260742,,,,,,,,,,,,,,1.49249082779884,0.7224983215332,0.48387761437893,,0,0,73,0,0,0,0,0,0,0,73,0,0,0,0,0,"{""draft_candidate"":true,""draft_candidate_id"":235,""draft_lottery"":false,""draft_method"":""cpu"",""draft_overall_pick"":75,""draft_round"":7,""draft_source"":""high_school"",""draft_year"":2054,""fa_nissuu"":0,""rookie_year"":true}"
77919,寒川 禎太,6,8,fielder,23,2,L,L,182,92,958,1,0,77919,true,false,,育成,通常,0,0,,0,0,0,,,0.07943130368739,0.27683794167638,-0.35761995959282,1.32879116190672,0.69848160749674,1.20507059062719,0.63828125656396,-0.47112969651818,-1.00284043610096,-0.87625841498375,0.82857971191406,-0.20298152446747,0.89436820983887,-0.98905604958534,-0.86325775682926,0.72292346954346,-0.77850288152695,0.82933746337891,0.52661686897278,1.4523072026968,1.80659246139228,0.85219024510682,-0.11015007406473,0.60022829255462,2.11622442042828,0.71011580562592,,,,,,,,,,,,,,0.66419797623158,0.42691139537096,0.26833569198847,,0,82,0,78,74,0,0,45,0,82,0,78,74,0,0,45,"{""draft_candidate"":true,""draft_candidate_id"":245,""draft_lottery"":false,""draft_method"":""cpu"",""draft_overall_pick"":89,""draft_round"":1,""draft_source"":""university"",""draft_year"":2054,""fa_nissuu"":0,""rookie_year"":true}"
77933,寺下 鎮伸,6,1,starter,23,2,R,R,187,92,958,2,0,77933,true,false,,育成,通常,0,0,,0,0,0,,,0.48562411308289,-0.2620389175415,-1.06794188022614,0.25234985351563,-0.49164926528931,-0.77856729507446,-0.62155712485313,-1.5042293792963,0.59383137702942,1.06365513801575,0.75688444137573,0.09054307460785,0.20432108879089,0.31237865447998,-0.5876600420475,0.96441213607788,-0.58301243782043,-0.30946598768234,-0.66274439334869,1.07119359970093,1.10655463218689,1.09339231491089,0.58187707901001,-0.75000039428473,-0.39054049730301,-0.05695712089539,-0.04264809131622,0.49172113418579,-0.17805189609528,1.03418192976713,-0.24303548447043,0.06760150766373,-0.16354367136955,1.52116394437477,0.56692601091415,0.42528279495239,0.10208286464214,1.14254193067551,0.66721212375164,-1.55864925980568,0.59326098442078,-0.78828906536102,141,0,0,0,0,0,0,0,0,0,0,0,0,0,0,0,0,"{""draft_candidate"":true,""draft_candidate_id"":285,""draft_lottery"":false,""draft_method"":""cpu"",""draft_overall_pick"":103,""draft_round"":2,""draft_source"":""independent"",""draft_year"":2054,""fa_nissuu"":0,""rookie_year"":true}"
77953,猪野 哲崇,6,1,starter,24,1,R,R,175,85,1150,1,0,77953,false,false,,支配下,通常,0,0,,0,0,0,,,0.11445949554443,0.27423324584961,0.00950299739838,1.06309711456299,0.1612920999527,0.55715770721436,-0.12052488803864,-0.15617921829224,0.84513547897339,1.50220550537109,1.6,1.6,1.6,1.6,1.29585241317749,0.88606987476349,1.22558520793915,1.59101821899414,1.6,1.20019519805908,1.53678978919983,0.80172812223434,0.71741642951965,1.39959117889404,1.04325692653656,1.6,1.6,1.07349355220795,0.74369507551193,0.79586698937416,0.95391429203749,0.08316246779263,1.57365239071846,1.31150469279289,1.5231842777729,1.79797615355253,1.71658291596174,1.32101430630684,1.51659541898966,0.28808369159698,0.34166010379791,0.37254209518433,143,0,0,0,0,0,0,0,0,0,0,0,0,0,0,0,0,"{""draft_candidate"":true,""draft_candidate_id"":239,""draft_lottery"":true,""draft_method"":""lottery"",""draft_overall_pick"":7,""draft_round"":1,""draft_source"":""industrial"",""draft_year"":2055,""fa_nissuu"":0,""rookie_year"":true}"
77965,白藤 恵司朗,6,5,fielder,26,1,L,R,191,96,1000,2,0,77965,false,false,,支配下,通常,0,0,,0,0,0,,,-0.14282901960611,0.38015164041519,1.20996129977703,2.26710449695587,0.57041165477037,2.34140659305453,0.4596069810614,0.61592272010446,1.24571325302124,0.94437744140625,0.47191707611084,0.12882024288177,0.15095471858978,1.50388820916414,1.42592826463282,1.36440502989292,1.37303728172183,1.09033229511976,0.6259174798727,1.36,1.36,0.79256950378418,0.38484131813049,0.28845185756683,1.04678833007812,1.25104877471924,,,,,,,,,,,,,,0.83206675514579,1.2862290238142,1.43410782891512,,0,0,0,0,50,0,0,73,0,0,0,0,50,0,0,73,"{""draft_candidate"":true,""draft_candidate_id"":87,""draft_lottery"":false,""draft_method"":""cpu"",""draft_overall_pick"":19,""draft_round"":2,""draft_source"":""independent"",""draft_year"":2055,""fa_nissuu"":0,""rookie_year"":true}"
77976,村越 千束,6,1,starter,26,1,R,R,178,76,900,3,0,77976,false,false,,支配下,通常,0,0,,0,0,0,,,-0.17924494743347,0.25461326599121,-0.13188051223755,-0.952977039814,-0.47452143669128,-1.0394760570582,0.24251838684082,-0.07669708251953,0.09965956926346,1.09479667663574,0.67135879516602,1.12350975036621,0.77302495956421,0.26799230098724,0.30434907913208,0.07931466817856,1.30177633285522,0.63883282661438,1.16847059249878,0.76521350860596,0.37491485595703,0.68859088897705,0.96441194534302,0.38273937225342,0.2805705499649,0.67915632247925,0.37990207672119,0.65399219512939,0.08051877956837,0.89522749054432,0.69740852028131,0.43910514910519,1.44618123936653,1.50959513468295,1.27407202833891,0.47508087015152,0.92726080328226,1.15873523193598,0.85915855759382,-0.80646511554718,0.12775498390198,-0.48989194869995,142,0,0,0,0,0,0,0,0,0,0,0,0,0,0,0,0,"{""draft_candidate"":true,""draft_candidate_id"":204,""draft_lottery"":false,""draft_method"":""cpu"",""draft_overall_pick"":30,""draft_round"":3,""draft_source"":""industrial"",""draft_year"":2055,""fa_nissuu"":0,""rookie_year"":true}"
77989,野沢 英就,6,1,reliever,19,1,R,R,178,76,825,4,0,77989,false,false,,支配下,通常,0,0,,0,0,0,,,0.5084912109375,-0.35344039916992,-0.81694244384766,-0.35464508056641,-0.36770523071289,-0.63175079345703,0.00382186889648,-2,0.57667892456055,-1.29247447967529,-1.53213106155396,-1.23071271657944,0.29989562988281,-0.70109642028809,-0.59545269966125,0.32995803833008,-0.37717430114746,0.3289616394043,0.39580932617187,-1.13635459899902,0.13960556030273,0.58743772506714,0.71534729003906,-1.06137115478516,-1.16572216033936,-1.10465827941895,0.3250640296936,-1.35246037125587,0.55863626480103,0.70176247930527,0.77091900876164,0.68950888216496,-0.27121653452516,-0.46342122286558,-0.43292360579968,-0.97973193967342,0.84084790422767,0.53115839764476,0.11557992106676,-1.49056541442871,-1.39128807067871,-1.65754745483398,145,0,0,0,0,0,0,0,0,0,0,0,0,0,0,0,0,"{""draft_candidate"":true,""draft_candidate_id"":14,""draft_lottery"":false,""draft_method"":""cpu"",""draft_overall_pick"":43,""draft_round"":4,""draft_source"":""high_school"",""draft_year"":2055,""fa_nissuu"":0,""rookie_year"":true}"
78000,赤崎 挙大,6,6,fielder,21,1,L,R,180,85,780,5,0,78000,false,false,,支配下,通常,0,0,,0,0,0,,,0.35479020854831,0.50608160352707,0.11051581132412,0.51513188153505,-0.2210541858077,0.65568184699491,0.18445897439122,0.2274211345911,-0.39210737228394,-0.83995987892151,-0.96209238052368,-1.32034756183624,-1.19501636981964,0.51144753015041,1.58156044501811,1.53896505093575,2.22144519245625,2.1663882342577,0.80528781199455,-1.12049213409424,-1.36494485855103,-1.31521470069885,-0.70737133026123,-0.33988134384155,0.20658643722534,-1.12160183906555,,,,,,,,,,,,,,-0.81389218556881,-0.30147441756725,-0.90720474219322,,0,67,76,71,0,83,100,91,0,67,76,71,0,83,100,91,"{""draft_candidate"":true,""draft_candidate_id"":293,""draft_lottery"":false,""draft_method"":""cpu"",""draft_overall_pick"":54,""draft_round"":5,""draft_source"":""independent"",""draft_year"":2055,""fa_nissuu"":0,""rookie_year"":true}"
78013,水崎 愛蔵,6,1,reliever,20,1,R,R,190,77,760,6,0,78013,false,false,,支配下,通常,0,0,,0,0,0,,,-0.56267187356949,-0.05343653678894,0.06760347366333,-1.96875782728195,-2,-0.05924384117126,-0.75305994272232,-1.02315956115723,-0.26853462219238,0.08422149658203,0.83160394668579,0.79431655883789,-0.34657102584839,0.28241499900818,-1.01710347414017,0.62405976295471,0.38929366111755,0.50299786567688,0.36688813209534,-0.84826069831848,-0.90738928079605,-0.02997694015503,-0.42843647956848,0.57204293251038,0.03661521911621,0.69551509857178,0.51366299629211,-0.8473274731636,0.67866660118103,0.18351196354628,-0.44763794898987,0.30050881385803,1.03255604743958,-0.71039358139038,-1.28795938849449,0.70916117668152,1.00834120750427,0.26619256973267,-1.34179664984345,-0.29787933349609,-1.19517621517181,0.02930882453918,142,0,0,0,0,0,0,0,0,0,0,0,0,0,0,0,0,"{""draft_candidate"":true,""draft_candidate_id"":132,""draft_lottery"":false,""draft_method"":""cpu"",""draft_overall_pick"":67,""draft_round"":6,""draft_source"":""independent"",""draft_year"":2055,""fa_nissuu"":0,""rookie_year"":true}"
78021,清田 峰裕,6,5,fielder,19,1,L,L,172,74,740,7,0,78021,false,false,,支配下,通常,0,0,,0,0,0,,,-0.43444311225414,-0.34323374903202,1.36502749061584,-0.18060759339333,0.95876676785946,-0.3683701267004,0.68417968069017,1.46795522630215,1.16545120239258,-0.39093729019165,1.36,1.36,1.1579216003418,0.51014395439625,1.19806283813715,0.66584896206856,1.41055845522881,0.4964268860817,0.99406573748589,0.08050750732422,1.36,1.36,-0.37451345443726,1.36,1.36,1.26517959594727,,,,,,,,,,,,,,1.49036007392406,0.40974087019265,0.73455677485466,,0,0,0,0,0,0,0,97,0,0,0,0,0,0,0,97,"{""draft_candidate"":true,""draft_candidate_id"":175,""draft_lottery"":false,""draft_method"":""cpu"",""draft_overall_pick"":75,""draft_round"":7,""draft_source"":""high_school"",""draft_year"":2055,""fa_nissuu"":0,""rookie_year"":true}"
78028,飛田 篤利,6,7,fielder,25,1,R,L,180,94,740,8,0,78028,false,false,,支配下,通常,0,0,,0,0,0,,,0.27757823022455,1.24579504092038,0.05170336401463,1.80138466262817,0.38976037979126,1.72138466262817,-0.10292037963867,0.17545806884766,-0.25811892032623,0.8830763053894,1.02951089859009,0.48227264404297,0.53257381439209,0.40214149475098,0.36928565979004,0.18373438835144,0.02678372383118,0.89330484390259,-0.12209091663361,-0.72538841247559,-1.96618691933155,-1.05030609130859,-1.0622017570734,-0.57043607711792,-0.60154512405396,-1.7667714881897,,,,,,,,,,,,,,-0.37027152339369,0.40656328162551,1.06649610424042,,0,60,0,96,72,0,0,0,0,60,0,96,72,0,0,0,"{""draft_candidate"":true,""draft_candidate_id"":122,""draft_lottery"":false,""draft_method"":""cpu"",""draft_overall_pick"":82,""draft_round"":8,""draft_source"":""independent"",""draft_year"":2055,""fa_nissuu"":0,""rookie_year"":true}"
78033,下島 英典,6,1,starter,23,1,L,L,184,84,710,1,0,78033,true,false,,育成,通常,0,0,,0,0,0,,,-0.06074417114258,0.07570281982422,-1.24202690124512,-0.47600528717041,-1.19716674804688,-1.12745572090149,0.11182373046875,-0.21642671585083,0.18274089813232,-0.32401963710785,0.88048316955566,0.44911346435547,0.631774559021,-0.24645488739014,0.51178131103516,1.00970378875732,-0.54387046098709,-0.49959831237793,1.06505313873291,-0.3297728395462,-0.23120895385742,0.81354131698608,0.92330924987793,0.92037132263184,-0.32908549308777,0.88268856048584,-0.17914311885834,-0.04462068080902,0.34304356575012,0.25207984924316,0.10466220855713,0.01526306152344,0.58731929779053,-0.23305937767029,0.69479955399036,-0.32348285198212,0.14427238857746,1.09165218353271,0.87134632110596,-0.08597095489502,0.54170650482178,0.15827377319336,141,0,0,0,0,0,0,0,0,0,0,0,0,0,0,0,0,"{""draft_candidate"":true,""draft_candidate_id"":29,""draft_lottery"":false,""draft_method"":""cpu"",""draft_overall_pick"":87,""draft_round"":1,""draft_source"":""university"",""draft_year"":2055,""fa_nissuu"":0,""rookie_year"":true}"
78041,下田 数充,6,6,fielder,22,1,R,R,192,76,710,2,0,78041,true,false,,育成,通常,0,0,,0,0,0,,,0.01296524047852,-0.02477804088593,0.01939538151026,-0.31433416099548,-0.22668836593628,-0.2792029784441,0.37052320826054,-1.63220117002726,0.22994827270508,-0.31892649650574,0.10454920768738,-0.35669494628906,-0.29388214111328,0.65036295890808,0.67484417489171,1.30648547172546,0.66779806137085,2.29744201660156,0.47589609265327,-0.97993701457977,-0.07054655075073,-0.5609349822998,-0.45990880966187,-0.00781558990479,-1.46967857718468,-0.95374127864838,,,,,,,,,,,,,,-0.37127959251404,0.356039960742,-0.50690991392732,,0,56,55,0,52,61,70,70,0,56,55,0,52,61,70,70,"{""draft_candidate"":true,""draft_candidate_id"":58,""draft_lottery"":false,""draft_method"":""cpu"",""draft_overall_pick"":95,""draft_round"":2,""draft_source"":""university"",""draft_year"":2055,""fa_nissuu"":0,""rookie_year"":true}"
78046,金尾 剣之介,6,8,fielder,22,1,L,L,170,87,710,3,0,78046,true,false,,育成,通常,0,0,,0,0,0,,,-0.48458180209994,0.25129953038692,-1.17235603424162,2.03399361894727,0.15371272718906,1.66663368339539,-0.5459263086319,0.19390041565895,0.72893328666687,-0.94474299311638,-0.0624326133728,0.65319090843201,0.06965678215027,0.88825499534607,-0.51495216846466,-0.19214659690857,0.60868165016174,-0.45828683853149,0.71629971504211,0.96545446133614,1.67789691007137,1.09337230660021,0.29091639924049,0.74701352453232,1.93440083193779,0.12220483022928,,,,,,,,,,,,,,1.3050957570076,0.38913517457247,0.68908050945401,,0,89,0,88,80,0,0,0,0,89,0,88,80,0,0,0,"{""draft_candidate"":true,""draft_candidate_id"":313,""draft_lottery"":false,""draft_method"":""cpu"",""draft_overall_pick"":100,""draft_round"":3,""draft_source"":""independent"",""draft_year"":2055,""fa_nissuu"":0,""rookie_year"":true}"
75992,長部 成里,7,8,fielder,37,19,L,R,170,80,29548,1,0,75992,false,false,,支配下,通常,0,0,,0,0,0,,,1.09784289830178,1.02150617036223,0.33800262807868,3.33735430314839,1.78109782795608,2.88355306900972,0.48719345054962,1.28138155046105,0.42535858154297,-0.31703750431538,1.36,1.36,0.36706535339355,0.2794958114624,0.92819553375244,0.52738006591797,1.29150405883789,1.36,1.36,1.55179603692889,2.09466278926283,2.39706221016124,1.3913,2.31120498674735,2.0957,1.6404,,,,,,,,,,,,,,0.33371249869466,1.6173198758103,0.71865072084479,,0,74,0,71,66,0,0,0,0,74,0,71,66,0,0,0,"{""draft_candidate"":true,""draft_candidate_id"":152,""draft_lottery"":false,""draft_method"":""single_bid"",""draft_overall_pick"":2,""draft_round"":1,""draft_source"":""high_school"",""draft_year"":2037,""fa_nissuu"":257,""rookie_year"":true}"
76132,深見 健晃,7,1,reliever,36,18,R,L,171,84,14118,3,0,76132,false,false,,支配下,通常,0,0,,0,0,0,,,0.73914047241211,-0.48130508422852,0.40178955078125,-0.5203967666626,0.07778289794922,-0.67674716949463,-0.19640882492065,0.72217388153076,-0.1309912776947,0.06569410324097,1.09950286865234,0.98037257194519,0.59798545837402,0.19449409484863,0.86462052345276,-0.00480068206787,1.3223860168457,1.6,1.5159049987793,1.25673431396484,0.36405876159668,1.6,0.05832096099854,1.14353134155273,0.9966584777832,1.32007827758789,0.59277638435364,0.67827179908752,1.25425407409668,2.80533116208017,2.78649697858095,1.93678016294586,0.53367371508852,2.23560025422871,0.30760907548666,1.96217798747495,1.53968302316964,1.57453232940286,1.49827731770128,0.66850555419922,1.13965393066406,1.20112121582031,142,0,0,0,0,0,0,0,0,0,0,0,0,0,0,0,0,"{""draft_candidate"":true,""draft_candidate_id"":304,""draft_lottery"":false,""draft_method"":""cpu"",""draft_overall_pick"":34,""draft_round"":3,""draft_source"":""high_school"",""draft_year"":2038,""fa_nissuu"":268,""rookie_year"":true}"
76198,大堀 尚央,7,1,starter,35,17,R,L,191,99,20923,1,0,76198,false,false,,支配下,通常,0,0,,0,0,0,,,-0.10864082336426,1.13678359985352,0.19323425292969,0.37158569335938,1.29857284545898,1.00615173339844,-0.84855521678925,0.76237930297852,1.12121597290039,0.8511841583252,0.33191719055176,0.83745798110962,1.11607635498047,1.6,0.3155739068985,0.41010009765625,-0.00843233108521,1.6,1.6,1.6,1.55486526489258,0.70475220680237,1.6,1.6,1.55635940551758,0.43402496337891,0.63342914581299,1.6,1.6,2.90367059457079,3.10179948253632,0.96517542140002,3.22859530267119,2.17542208461948,1.73493415927235,2.25971488390863,1.92507849045061,2.00414444907382,3.93146833353564,0.76553756713867,0.82644088745117,0.65214508056641,145,0,0,0,0,0,0,0,0,0,0,0,0,0,0,0,0,"{""draft_candidate"":true,""draft_candidate_id"":128,""draft_lottery"":false,""draft_method"":""single_bid"",""draft_overall_pick"":3,""draft_round"":1,""draft_source"":""high_school"",""draft_year"":2039,""fa_nissuu"":261,""rookie_year"":true}"
76226,永石 喜治,7,6,fielder,35,17,R,R,172,85,6527,3,0,76226,false,false,,支配下,通常,0,0,,0,0,0,,,0.61240424724575,1.45405664647184,0.64439733113348,1.15319135572165,0.23005474099517,0.86644840160886,0.93497372772172,-0.35287594762445,-0.84621969223022,1.15390335083008,0.47224884033203,-0.73010362863541,1.05561676025391,1.03044987809658,3.19471692527609,3.35016855879128,1.01719791394472,3.53845362406969,3.48380581119657,0.23307907104492,0.62690353393555,-0.10043249130249,-0.74710550308228,1.2728369140625,-0.14608116149902,0.89036590576172,,,,,,,,,,,,,,0.55968374021575,2.28470266337693,0.87320146025904,,0,0,75,0,64,92,90,100,0,0,75,0,64,92,90,100,"{""draft_candidate"":true,""draft_candidate_id"":132,""draft_lottery"":false,""draft_method"":""cpu"",""draft_overall_pick"":31,""draft_round"":3,""draft_source"":""high_school"",""draft_year"":2039,""fa_nissuu"":221,""rookie_year"":true}"
76304,石関 宗俊,7,4,fielder,37,16,L,R,170,84,4290,1,0,76304,false,false,,支配下,通常,0,0,,0,0,0,,,0.8722921471037,0.22023774530771,0.45271437370777,1.69646644561328,0.50813671205565,0.64366317634434,0.05835549700353,0.63969918970764,1.29558824539185,1.36,1.36,1.36,-0.14620988145471,2.4855926618427,2.38122478482127,2.74107970063388,2.57920896288753,2.88585425436497,1.61103167700954,1.14698006629944,1.13433409690857,0.52021964550018,0.54671184539795,0.14640682220459,0.49509424209595,0.11226569890976,,,,,,,,,,,,,,-0.35407465258688,1.80069299354889,0.04680840989649,,0,49,60,56,0,86,65,0,0,49,60,56,0,86,65,0,"{""dev_demote_hold"":true,""draft_candidate"":true,""draft_candidate_id"":253,""draft_lottery"":true,""draft_method"":""lottery"",""draft_overall_pick"":3,""draft_round"":1,""draft_source"":""university"",""draft_year"":2040,""fa_nissuu"":281,""released_from_team"":3,""released_signed_year"":2054,""rookie_year"":true}"
76318,小野 喬紘,7,1,starter,34,16,R,R,189,79,19541,2,0,76318,false,false,,支配下,通常,0,0,,0,0,0,,,-0.15622117996216,1.03147216796875,-0.56466331481934,0.89368438720703,0.90064392089844,-0.75229690551758,0.07923763275146,0.6661964225769,0.8021704864502,1.16683471679687,1.6,1.59614019393921,1.6,0.04031707763672,0.4947026348114,0.59856086730957,0.49032905578613,1.6,1.31194259643555,1.6,-0.11207981109619,-0.15985561104957,0.01352062225342,1.50872177124023,1.54427764892578,-0.01184825897217,0.44924618721008,0.4037504196167,0.19506016254425,1.98931285967827,0.82908919568881,0.54989132407866,1.30974919481575,2.30217133530426,2.39591276070476,2.30422643385828,2.38199497094899,2.04712398883386,2.58084621934146,1.02406265258789,0.39312530517578,-0.16460060119629,147,0,0,0,0,0,0,0,0,0,0,0,0,0,0,0,0,"{""draft_candidate"":true,""draft_candidate_id"":115,""draft_lottery"":false,""draft_method"":""cpu"",""draft_overall_pick"":17,""draft_round"":2,""draft_source"":""high_school"",""draft_year"":2040,""fa_nissuu"":228,""rookie_year"":true}"
76412,小日向 裕至,7,1,reliever,33,15,R,R,179,74,12422,1,0,76412,false,false,,支配下,通常,0,0,,0,0,0,,,-0.19108034133911,-1.72767174482346,0.26023147583008,-0.41454681396484,0.44920822143555,-0.03579803466797,0.45644748687744,0.23337480545044,-0.69290501594543,0.28032836914062,1.44402450561523,-0.33822697162628,0.28180221557617,-0.62273984909058,-0.41967069149017,-0.64590456962585,1.04252090454102,0.32320678710938,1.47530822753906,0.40109191894531,1.47544815063477,0.2492621421814,0.23619438171387,1.10277328491211,0.02029907226562,1.56697418212891,0.40819575309753,1.18860820770264,0.73390180587769,2.69277777901292,2.12185784685612,1.40181471847696,1.29848845510185,2.32928128928849,0.1094372702688,0.86921931288391,1.75080009509623,2.94739017290622,3.13871302066147,-0.69959915161133,1.14304306030273,-0.06105163574219,145,0,0,0,0,0,0,0,0,0,0,0,0,0,0,0,0,"{""draft_candidate"":true,""draft_candidate_id"":157,""draft_lottery"":false,""draft_method"":""single_bid"",""draft_overall_pick"":1,""draft_round"":1,""draft_source"":""high_school"",""draft_year"":2041,""fa_nissuu"":247,""rookie_year"":true}"
76634,東浦 進太郎,7,4,fielder,34,13,L,R,177,87,5973,1,0,76634,false,false,,支配下,通常,0,0,,0,0,0,,,-0.39534286620095,1.82472380545735,0.86555458207428,1.21613267561197,1.2615409465842,1.07073717984194,0.0079748820439,1.55996619993448,-0.36288914293051,0.97873957633972,0.78736927032471,1.05936492919922,1.36,3.526027818501,3.51604525267705,2.75948322252929,2.75990249744058,2.03837669312209,3.55318844592571,0.97677415847778,-0.16037540316582,1.3,0.33749103546143,0.53867789268494,1.36,-0.24451419115067,,,,,,,,,,,,,,0.08302961310409,0.42762210664737,1.63198166641295,,0,71,100,0,0,87,89,90,0,71,100,0,0,87,89,90,"{""draft_candidate"":true,""draft_candidate_id"":170,""draft_lottery"":true,""draft_method"":""lottery"",""draft_overall_pick"":2,""draft_round"":1,""draft_source"":""independent"",""draft_year"":2043,""fa_nissuu"":239,""rookie_year"":true}"
76650,諏訪部 暖也,7,8,fielder,32,13,R,R,175,73,18339,2,0,76650,false,false,,支配下,通常,0,0,,0,0,0,,,1.69434196352214,-0.17635087043792,0.97020351679623,2.90823422476649,1.61486115127802,2.31061602489091,0.25915657094121,2.40756163715757,1.11422423839569,1.259297914505,0.85636753559113,1.36,0.47855507850647,0.81397625923157,1.36,-0.01919901102781,1.36,0.16218666553497,1.36,3.28200917013735,3.25194220297784,1.85121701068571,3.1818,3.56022057265788,1.7301,3.3350,,,,,,,,,,,,,,2.18280449698046,2.4046185481865,1.37167296463251,,0,81,46,69,80,0,0,0,0,81,46,69,80,0,0,0,"{""draft_candidate"":true,""draft_candidate_id"":185,""draft_lottery"":false,""draft_method"":""cpu"",""draft_overall_pick"":18,""draft_round"":2,""draft_source"":""independent"",""draft_year"":2043,""fa_nissuu"":219,""rookie_year"":true}"
76655,飯島 輝雄,7,5,fielder,31,13,R,R,179,98,3625,2,0,76655,false,false,,支配下,通常,0,0,,0,0,0,,,-0.38473488958832,1.32697315048985,0.58790397548676,1.42241643244326,1.92628112298658,1.03972192165554,1.2523501965031,1.60690731436014,0.0899430847168,-0.72253468990326,-0.04388008117676,0.99792934417725,-0.33950656890869,0.74340620286763,0.84543998735072,1.51370220226049,0.95212924063206,1.5929530396089,1.29716684106365,-0.04335563659668,0.2786385345459,-0.31663415431976,1.36,-0.21393413543701,0.05164337158203,0.81545516967773,,,,,,,,,,,,,,-0.10354809020907,-0.26388201084137,1.33522492354624,,0,0,0,75,0,75,0,87,0,0,0,75,0,75,0,87,"{""draft_candidate"":true,""draft_candidate_id"":148,""draft_lottery"":false,""draft_method"":""cpu"",""draft_overall_pick"":23,""draft_round"":2,""draft_source"":""high_school"",""draft_year"":2043,""fa_nissuu"":0,""released_from_team"":6,""released_signed_year"":2055,""rookie_year"":true}"
76735,アイザーマン,7,5,fielder,38,13,R,L,189,102,6798,0,0,76735,false,true,,支配下,通常,0,0,,0,0,0,,,-0.45945327439904,2.44615292621776,0.25505566391349,2.15440483073145,0.52832410786301,1.35659355053306,-0.38944325365126,0.87805342392623,2.50693435668945,1.02657240390778,2.56,1.58622146606445,1.28387056350708,1.71260385385891,2.0763590287976,1.58436242963164,1.98159813367418,2.17372396916924,1.64446830833494,1.95380741119385,1.23375227928162,1.57968779563904,1.98286041259766,2.56,1.15930322647095,1.15681611061096,,,,,,,,,,,,,,0.19180837595463,1.67665685583204,1.22828114710078,,0,0,90,0,0,0,0,80,0,0,90,0,0,0,0,80,"{""fa_nissuu"":224,""foreign_scout"":true,""foreign_signed_year"":2043,""quality_tier"":""ace"",""released_from_team"":10,""released_signed_year"":2054}"
76741,加田 伸樹,7,6,fielder,33,12,L,R,179,80,12298,1,0,76741,false,false,,支配下,通常,0,0,,0,0,0,,,0.95624544782192,1.88550604894757,1.21933734133095,1.69485607060194,1.05086678726971,0.7414494621098,0.78551448565722,0.03303735814989,1.04506815910339,0.54607096672058,0.87251071929932,-0.59844653189182,-0.68379588544369,2.2711004807353,2.26261181480251,3.63591664363444,2.70463491486013,2.14508171015978,3.30101572322845,0.41462662696838,0.59572823524475,-0.63576201599091,-0.45232336997986,1.2019177532196,-0.33461547613144,-0.27909651279449,,,,,,,,,,,,,,1.51301994460733,0.72703684102744,0.51793085827529,,0,56,76,57,0,0,85,76,0,56,76,57,0,0,85,76,"{""draft_candidate"":true,""draft_candidate_id"":35,""draft_lottery"":true,""draft_method"":""lottery"",""draft_overall_pick"":3,""draft_round"":1,""draft_source"":""university"",""draft_year"":2044,""fa_nissuu"":190,""rookie_year"":true}"
76755,奥山 克至,7,1,starter,30,12,L,R,171,87,16430,2,0,76755,false,false,,支配下,通常,0,0,,0,0,0,,,0.15222919464111,-1.41702491760254,-0.52221450805664,0.62430267333984,0.5189924621582,-0.68480583190918,0.39550437927246,0.41204301834106,0.21155532836914,-0.39233318328857,1.21551544189453,0.32650680541992,1.39310546875,0.2019287109375,0.83333749771118,1.0778971862793,1.3423681640625,-0.19230037689209,0.99940856933594,-0.08234924316406,1.6,1.23024404525757,0.72961898803711,-0.09049240112305,-0.66540863990784,-0.50554384231567,0.57058902740479,0.88181978225708,0.93667791366577,1.71412840409577,1.98732893145084,0.894025386516,2.0427848761864,0.96257942581177,1.54746721518785,0.52248344888538,1.74215727203898,2.75663264395297,1.79729873326421,0.5221549987793,0.96029220581055,-1.55877049446106,143,0,0,0,0,0,0,0,0,0,0,0,0,0,0,0,0,"{""draft_candidate"":true,""draft_candidate_id"":53,""draft_lottery"":false,""draft_method"":""cpu"",""draft_overall_pick"":17,""draft_round"":2,""draft_source"":""high_school"",""draft_year"":2044,""fa_nissuu"":158,""rookie_year"":true}"
76845,鵜沢 知賀等,7,8,fielder,29,11,L,R,192,99,11327,1,0,76845,false,false,,支配下,通常,0,0,,0,0,0,,,1.41663392031379,-0.22737510323524,0.77465425392985,2.53078227957189,1.42661291443277,2.52174277386665,-0.09942387532443,-1.22767171153426,0.09785293579102,1.22100082397461,-0.79982929229736,0.67953748703003,1.2134765625,-0.13767883300781,-0.60456673622131,0.39848861694336,1.22570907592773,-1.16816491603851,-0.46143455505371,2.96288635104522,1.31569419255853,2.54407869078685,2.32277846225724,1.4107856817767,2.88594705665857,2.64085976275802,,,,,,,,,,,,,,0.13104112635553,0.67661313987523,0.31426795805991,,0,73,0,66,62,0,0,53,0,73,0,66,62,0,0,53,"{""draft_candidate"":true,""draft_candidate_id"":205,""draft_lottery"":false,""draft_method"":""single_bid"",""draft_overall_pick"":2,""draft_round"":1,""draft_source"":""high_school"",""draft_year"":2045,""fa_nissuu"":75,""rookie_year"":true}"
76859,鎌形 盛正,7,1,reliever,29,11,R,L,184,80,8738,2,0,76859,false,false,,支配下,通常,0,0,,0,0,0,,,0.23597648620605,0.76463790893555,0.82455718994141,0.30793899536133,0.48943420410156,-1.05253677368164,0.52504566192627,-0.40225650787354,0.58915084838867,1.6,0.89794555664063,1.29139352798462,1.11287002563477,1.6,-0.1072987985611,-0.13724168777466,1.6,0.80259956359863,-0.0843803024292,0.67222946166992,0.35065757751465,-0.18938160598278,0.70452239990234,0.31394248962402,0.53432945251465,0.72115600585938,1.6,1.14383193969727,1.6,0.60630133953691,2.78258643236756,-0.3171304769814,1.00619611811638,1.07201555918157,1.74840331802145,0.88750581860542,2.21129600042105,2.61879101911932,1.94961517697573,-0.18343215942383,-0.81698750495911,-1.25196530342102,148,0,0,0,0,0,0,0,0,0,0,0,0,0,0,0,0,"{""draft_candidate"":true,""draft_candidate_id"":236,""draft_lottery"":false,""draft_method"":""cpu"",""draft_overall_pick"":16,""draft_round"":2,""draft_source"":""high_school"",""draft_year"":2045,""fa_nissuu"":113,""rookie_year"":true}"
76959,今本 暁祐,7,1,reliever,28,10,L,R,178,98,5443,1,0,76959,false,false,,支配下,通常,0,0,,0,0,0,,,-0.76975367546082,-0.99748229980469,0.61687118530273,-1.56148363351822,-0.50713264465332,-1.08915580749512,-0.02978651046753,-0.25827735900879,0.37244781494141,-0.55964468955994,1.6,0.58064503669739,1.0238883972168,0.22321914672852,0.31177639961243,1.6,-0.39189777374268,1.00699676513672,0.63448471069336,-0.56448348045349,-0.54544450759888,1.42206289291382,1.19041885375977,-0.30613418579102,-0.59267032623291,0.76757308959961,1.42226289749146,0.14304343223572,-0.18637702465057,2.05133511520177,1.58922117684782,-0.38919226384163,1.63319251650572,0.52264582526684,0.21102242325246,0.50924992293119,2.0647330801487,1.50689963567257,-0.3309280846715,-1.55703052997589,-0.61107494354248,0.6351399230957,144,0,0,0,0,0,0,0,0,0,0,0,0,0,0,0,0,"{""draft_candidate"":true,""draft_candidate_id"":224,""draft_lottery"":false,""draft_method"":""single_bid"",""draft_overall_pick"":5,""draft_round"":1,""draft_source"":""high_school"",""draft_year"":2046,""fa_nissuu"":115,""rookie_year"":true}"
76971,広田 尚嗣,7,4,fielder,32,10,R,R,181,72,2969,2,0,76971,false,false,,支配下,通常,0,0,,0,0,0,,,0.21085221793503,0.31800205135345,1.22082946094871,1.19320146616697,0.34550215881318,1.72796013786793,-0.44041267704032,1.30729019701481,0.25735122680664,0.17709226608276,0.40030097961426,1.25362852096558,1.36,3.02180098252743,2.83843339492381,2.04318842157722,3.24088621642441,2.97735446822643,2.54127184905112,0.39515334129334,1.36,0.36361724853516,1.24693946838379,0.04324801921845,0.41743461608887,0.69745220184326,,,,,,,,,,,,,,0.20918551256731,0.87758256449699,2.10149406697601,,0,69,67,0,0,86,80,100,0,69,67,0,0,86,80,100,"{""draft_candidate"":true,""draft_candidate_id"":48,""draft_lottery"":false,""draft_method"":""cpu"",""draft_overall_pick"":17,""draft_round"":2,""draft_source"":""university"",""draft_year"":2046,""fa_nissuu"":164,""released_from_team"":12,""released_signed_year"":2055,""rookie_year"":true}"
77004,纐纈 嘉和,7,7,fielder,31,10,R,R,174,92,15748,5,0,77004,false,false,,支配下,通常,0,0,,0,0,0,,,1.6540673328191,1.8477450107336,2.10847125327587,2.43335547947288,1.32770813192427,2.6103309870936,0.90818157877028,1.37583250995725,0.7865020275116,0.93471732139587,0.82958290100098,0.45735082626343,-0.48549575805664,-0.08162984848022,-0.35085730671883,-0.34460351467133,1.09282119750977,0.63492755889893,1.15216992378235,-0.35749470207095,-0.76674082988128,-1.10435042904248,-0.80049229209498,0.27459345522523,0.4808379682973,-0.75124950705469,,,,,,,,,,,,,,1.64144862871543,1.32832703030445,1.21482856185976,,0,43,87,74,58,0,0,0,0,43,87,74,58,0,0,0,"{""draft_candidate"":true,""draft_candidate_id"":95,""draft_lottery"":false,""draft_method"":""cpu"",""draft_overall_pick"":50,""draft_round"":5,""draft_source"":""university"",""draft_year"":2046,""fa_nissuu"":101,""rookie_year"":true}"
77025,清原 京太郎,7,1,reliever,28,10,L,L,185,80,7070,6,0,77025,false,false,,支配下,通常,0,0,,0,0,0,,,0.35481742858887,-0.99658935546875,-0.97176971435547,-1.95767143249512,-0.69784225463867,-2,0.31678722381592,-0.82097623825073,0.97115188598633,-1.27078025817871,-0.37579986572266,-0.16472684860229,-0.43300582885742,-1.37640823364258,0.64321260452271,-0.34198974609375,-0.75356872558594,-0.7925023651123,-0.28527839660645,0.30993408203125,0.95857757568359,-0.3766846370697,-1.40614416122437,-0.83397689819336,-1.06269737243652,-0.06663925170898,0.29501384735107,0.1660050201416,0.56847805023193,1.91963367406279,1.58153492236137,1.69912613879889,1.088586445719,0.60072711274028,0.51645671781339,-0.43628833428025,1.49883366644382,1.4574463609159,0.86149565625191,-1.42435081481934,-2,-0.42596313476562,145,0,0,0,0,0,0,0,0,0,0,0,0,0,0,0,0,"{""draft_candidate"":true,""draft_candidate_id"":14,""draft_lottery"":false,""draft_method"":""cpu"",""draft_overall_pick"":71,""draft_round"":6,""draft_source"":""high_school"",""draft_year"":2046,""fa_nissuu"":75,""rookie_year"":true}"
77045,谷津 敏資,7,7,fielder,28,10,R,R,193,88,5810,1,0,77045,false,false,,支配下,通常,0,0,,0,0,0,,,0.20312926903367,1.8285914410539,2.08014264181256,1.0650529125277,1.83480585324764,0.58543440681696,-0.24825760701299,0.2741046676971,-0.49512733459473,0.86599639892578,-0.88126039028168,0.95704248428345,-0.05512962341309,-0.21613792419434,0.12915571212769,-0.31409797668457,1.17352478027344,0.33028244018555,0.37624816894531,-1.35918702746928,-1.12410192000563,0.53287567834288,0.15183337901533,0.26301573814452,0.07531536135077,-0.3842127391398,,,,,,,,,,,,,,2.11003841006756,1.10177165218443,-0.55103655314445,,0,44,0,91,79,0,0,0,0,44,0,91,79,0,0,0,"{""draft_candidate"":true,""draft_candidate_id"":285,""draft_lottery"":false,""draft_method"":""cpu"",""draft_overall_pick"":91,""draft_round"":1,""draft_source"":""high_school"",""draft_year"":2046,""fa_nissuu"":70,""rookie_year"":true}"
77066,村田 経輔,7,2,fielder,27,9,R,R,176,79,6315,1,0,77066,false,false,,支配下,通常,0,0,,0,0,0,,,1.03253795958683,2.2947284398973,1.39641484126449,2.1001048758626,1.01050493597984,1.83107314231992,0.71417611441948,1.93069982397184,2.8212,2.0171,2.8675,3.21671597255208,1.6525,-0.59103551864624,-0.05215686798096,-0.27388488769531,1.36,0.64734649658203,0.03408401489258,-0.0861731338501,1.36,0.18532907485962,-0.36642566680908,1.18935592651367,1.31880798339844,1.36,,,,,,,,,,,,,,2.26620823355019,2.02806999132782,2.33623647079244,,98,0,0,0,0,0,0,0,98,0,0,0,0,0,0,0,"{""draft_candidate"":true,""draft_candidate_id"":150,""draft_lottery"":false,""draft_method"":""single_bid"",""draft_overall_pick"":4,""draft_round"":1,""draft_source"":""high_school"",""draft_year"":2047,""fa_nissuu"":118,""rookie_year"":true}"
77080,美馬 孔貴,7,2,fielder,29,9,R,R,175,82,3711,2,0,77080,false,false,,支配下,通常,0,0,,0,0,0,,,0.77150804764777,0.29027415621281,1.58057665157318,0.89541972921789,1.19325292015821,0.74167549866438,0.40931261496991,0.44635251037031,2.4606290264806,1.96446920343675,2.73628745570779,1.61951828880236,2.23578380614519,0.11837469100952,-0.47621572494507,-1.30979368150234,-0.13871063232422,-0.93927478313446,0.54499967575073,0.28115398406982,-0.02588895797729,-1.1568045437336,-0.86180678844452,-1.21439933776855,-0.1991707611084,0.26166234970093,,,,,,,,,,,,,,-0.68791317471862,1.91534692765772,0.84907475584745,,75,0,0,0,0,0,0,0,75,0,0,0,0,0,0,0,"{""draft_candidate"":true,""draft_candidate_id"":82,""draft_lottery"":false,""draft_method"":""cpu"",""draft_overall_pick"":18,""draft_round"":2,""draft_source"":""independent"",""draft_year"":2047,""fa_nissuu"":32,""rookie_year"":true}"
77093,藤生 貴徳,7,2,fielder,27,9,L,R,171,84,2505,3,0,77093,false,false,,支配下,通常,0,0,,0,0,0,,,0.35260897859931,1.22839156699181,0.63869361273944,0.60354477131963,1.66087539737485,-0.13385992362499,0.55764923129976,1.30607324960083,3.62523426548019,3.46145790621266,3.69044216626883,3.63887281485647,3.15992644226551,1.12102432250977,0.86383918762207,1.36,0.26673854827881,1.36,-0.11598438262939,-0.28195546388626,1.00688583374023,1.12346021652222,1.36,0.03323707580566,0.15809967041016,-0.08386598587036,,,,,,,,,,,,,,1.57566386663914,2.30169079628587,1.10442997473478,,84,0,0,0,0,0,0,0,84,0,0,0,0,0,0,0,"{""draft_candidate"":true,""draft_candidate_id"":220,""draft_lottery"":false,""draft_method"":""cpu"",""draft_overall_pick"":31,""draft_round"":3,""draft_source"":""high_school"",""draft_year"":2047,""fa_nissuu"":0,""rookie_year"":true}"
77117,中元 友善,7,2,fielder,27,9,R,R,182,79,2505,5,0,77117,false,false,,支配下,通常,0,0,,0,0,0,,,0.26646810038388,0.97531817755103,1.83033085975051,1.08152934609875,-0.10883284182102,0.87749331654012,0.71766935040057,0.86394329114258,4,4,2.09378140243888,3.01009991151467,3.28688204917312,0.46457298278809,-0.29389685153961,0.16223526000977,0.63037872314453,1.25301773071289,0.86822616577148,0.98522613525391,-0.59967987060547,0.73363023757935,0.75306823730469,-0.27184097290039,-0.31030376434326,0.75267486572266,,,,,,,,,,,,,,1.86214124418795,0.53727506056428,2.07958884501457,,87,0,0,0,0,0,0,0,87,0,0,0,0,0,0,0,"{""draft_candidate"":true,""draft_candidate_id"":168,""draft_lottery"":false,""draft_method"":""cpu"",""draft_overall_pick"":55,""draft_round"":5,""draft_source"":""high_school"",""draft_year"":2047,""fa_nissuu"":0,""rookie_year"":true}"
77128,清沢 宣年,7,1,reliever,27,9,R,R,177,80,3084,6,0,77128,false,false,,支配下,通常,0,0,,0,0,0,,,0.09940074920654,0.20954513549805,-0.53575469970703,-0.62924407958984,-0.69956558227539,-0.58098709106445,-0.50186528205872,-1.91026024580002,0.5228874206543,0.23945724487305,-0.54991958618164,-0.9674708032608,-0.70503269195557,0.18329284667969,-0.86568491220474,-0.34516410827637,-0.69338512420654,-0.08179794311523,0.68294815063477,-0.66429981231689,1.08115539550781,-0.55682846069336,0.54557968139648,-0.93228031158447,0.94877227783203,0.10649826049805,-0.81151878595352,1.19784507751465,0.75992584228516,1.34651699209213,0.40209693083353,0.29996597499959,1.48377004007623,1.18636908020079,0.62247019165754,1.17347523324192,1.98090293434262,1.67611713464186,0.26062811714411,-0.75590469360352,-0.4932495880127,-2,147,0,0,0,0,0,0,0,0,0,0,0,0,0,0,0,0,"{""draft_candidate"":true,""draft_candidate_id"":128,""draft_lottery"":false,""draft_method"":""cpu"",""draft_overall_pick"":66,""draft_round"":6,""draft_source"":""high_school"",""draft_year"":2047,""fa_nissuu"":99,""rookie_year"":true}"
77136,栗崎 洋大,7,2,fielder,31,9,R,L,181,81,1860,7,0,77136,false,false,,支配下,通常,0,0,,0,0,0,,,0.43615941759944,1.74500509747267,0.97850207127035,1.05763992591053,-0.08620912528038,0.05528469027281,1.09930896109343,1.17274369454384,1.17181110736728,1.83523353867978,3.35447634123266,2.46708270499483,3.23008068037033,0.6576252746582,0.62162591934204,-0.0195573425293,0.07541488647461,0.18635848999023,-0.21886014938354,0.4244507598877,-0.25699340820313,-0.42724526405334,-0.63543513298035,-0.88623552322388,0.65742374420166,0.25567695617676,,,,,,,,,,,,,,0.0914815973863,0.60944743440151,0.3904683410028,,95,0,0,0,0,0,0,0,95,0,0,0,0,0,0,0,"{""draft_candidate"":true,""draft_candidate_id"":213,""draft_lottery"":false,""draft_method"":""cpu"",""draft_overall_pick"":74,""draft_round"":7,""draft_source"":""university"",""draft_year"":2047,""fa_nissuu"":4,""rookie_year"":true}"
77172,角谷 賢祥,7,1,starter,26,8,L,R,170,97,6785,1,0,77172,false,false,,支配下,通常,0,0,,0,0,0,,,0.43068592071533,-0.90936813354492,-0.79244667053223,0.48747192382812,0.70261306762695,-1.54229221343994,-0.68944436073303,0.21063756942749,-0.09140159606934,0.91918319702148,0.73036972045898,1.32372945785522,-0.11178634643555,0.34878837585449,-0.27992603778839,-0.04118217468262,1.33354598999023,1.6,0.2220743560791,0.36139625549316,1.43674743652344,-0.09239537715912,1.16689971923828,0.43261993408203,1.33810241699219,0.57215927124023,0.24354785919189,1.30063734054565,0.63862859725952,2.46967104065418,0.33187783144414,0.01671456842311,2.33635716153681,1.31367779974639,1.41047758607566,-0.32668366105109,0.8181876815483,2.01891012518108,1.35321524204314,-1.70087256908417,0.05736099243164,-0.16314987182617,160,0,0,0,0,0,0,0,0,0,0,0,0,0,0,0,0,"{""draft_candidate"":true,""draft_candidate_id"":186,""draft_lottery"":false,""draft_method"":""rebid_single"",""draft_overall_pick"":7,""draft_round"":1,""draft_source"":""high_school"",""draft_year"":2048,""fa_nissuu"":43,""rookie_year"":true}"
77182,宗形 航作,7,1,reliever,26,8,L,R,173,87,3333,2,0,77182,false,false,,支配下,通常,0,0,,0,0,0,,,-0.42452705383301,0.9452880859375,-0.11525100708008,0.54797088623047,-0.16565612792969,0.26427780151367,-0.22034717559814,-0.76903376102448,0.47582054138184,1.33472686767578,-0.14328674316406,1.06461103439331,1.6,1.46412902832031,1.6,0.24397102355957,1.41346084594727,0.56154449462891,1.4806787109375,1.1176220703125,1.15521377563477,0.13851230144501,0.72581855773926,0.66147499084473,0.1189656829834,0.26665184020996,1.6,1.6,0.78848682403564,0.56684569561575,1.27837170043588,0.26506380932033,2.46307481813431,1.20907779693604,1.93760008770227,1.68453418380022,2.06107365264557,2.42961419234425,1.08591119492054,-0.46747344970703,0.83025085449219,0.97249114990234,154,0,0,0,0,0,0,0,0,0,0,0,0,0,0,0,0,"{""draft_candidate"":true,""draft_candidate_id"":281,""draft_lottery"":false,""draft_method"":""cpu"",""draft_overall_pick"":17,""draft_round"":2,""draft_source"":""high_school"",""draft_year"":2048,""fa_nissuu"":139,""rookie_year"":true}"
77272,ヒルズ,7,3,fielder,40,8,R,R,200,98,6287,0,0,77272,false,true,,支配下,通常,0,0,,0,0,0,,,-0.7925724540744,1.02401921620965,0.72045760929584,1.72519032004476,0.65275494983047,1.46934718001634,-0.61526026876271,0.2269131719768,2.42246419251547,0.92359042467288,2.35474315115374,1.18108526229858,1.11286941458028,-0.2625593639874,1.94163683887199,0.80363361957089,0.82649083819391,0.7863185555515,1.17857791769301,1.39478921890259,2.02394264221191,2.16627088546753,1.00743762493134,1.85648216247559,1.56396699905396,1.95359832763672,,,,,,,,,,,,,,-0.06887806345709,1.22585079580545,0.12541553178802,,0,0,93,0,0,0,0,0,0,0,93,0,0,0,0,0,"{""fa_nissuu"":143,""foreign_scout"":true,""foreign_signed_year"":2048,""quality_tier"":""ace""}"
77288,星田 貞亮,7,1,reliever,25,7,R,R,179,91,8812,1,0,77288,false,false,,支配下,通常,0,0,,0,0,0,,,-0.06449140548706,-0.98192222595215,-0.09689239501953,-1.66254287719727,-0.98761947631836,0.29713119506836,-0.28233976364136,-1.24653514385223,-0.57156044006348,-0.85291142463684,1.48195053100586,1.00262042999268,0.37430618286133,0.79362030029297,0.53229190826416,-0.46941772460937,-0.79316738128662,0.86359375,0.24326263427734,-0.24819953918457,1.00957382202148,0.1653276348114,0.25945045471191,1.05038391113281,-0.7940984916687,0.4752458190918,0.53647130966187,-0.68024271130562,1.16737787246704,1.17753397855163,1.3960953900516,1.0457146539595,1.34331039360166,2.23736298948526,0.71994455808401,0.02332950275764,1.89621375914477,1.71091345572472,1.16406809419394,0.12105209350586,-0.14718063354492,0.40828048706055,148,0,0,0,0,0,0,0,0,0,0,0,0,0,0,0,0,"{""draft_candidate"":true,""draft_candidate_id"":160,""draft_lottery"":false,""draft_method"":""rebid_single"",""draft_overall_pick"":9,""draft_round"":1,""draft_source"":""high_school"",""draft_year"":2049,""fa_nissuu"":132,""rookie_year"":true}"
77303,井村 雄信,7,1,starter,25,7,L,R,188,81,2065,2,0,77303,false,false,,支配下,通常,0,0,,0,0,0,,,-0.47606145858765,-0.16591201782227,0.12709411621094,-1.11670455932617,-0.55721801757812,-0.94150184631348,0.63051761627197,-0.69460633277893,-0.41880204200745,-0.4365341091156,0.74205200195312,0.39462773323059,0.64161674499512,-0.3657664680481,0.3145140838623,0.69728355407715,0.71381889343262,0.56702980041504,0.7320866394043,1.42870651245117,-0.32507976531982,0.00978878498077,-0.3478751373291,1.22819381713867,0.02948047637939,1.6,1.6,0.95223308563232,-0.07233422279358,0.85769703119993,1.75532566647232,1.36438061495125,1.92205237433314,1.9588053137362,1.67517113871872,2.17462994009256,1.71240701264888,2.6910020956248,2.31866260498762,-0.70749153137207,0.66133331298828,0.51042755126953,142,0,0,0,0,0,0,0,0,0,0,0,0,0,0,0,0,"{""draft_candidate"":true,""draft_candidate_id"":61,""draft_lottery"":false,""draft_method"":""cpu"",""draft_overall_pick"":24,""draft_round"":2,""draft_source"":""high_school"",""draft_year"":2049,""fa_nissuu"":0,""rookie_year"":true}"
77304,粉川 駿弥,7,1,reliever,26,7,R,R,183,71,9112,3,0,77304,false,false,,支配下,通常,0,0,,0,0,0,,,-0.33247972488403,0.36449453353882,-0.21157029151917,0.56039635658264,-0.2087750005722,-0.22830491542816,0.87613102912903,0.51305160522461,0.30266981601715,0.18632989406586,0.30544450759888,1.18889369010925,-0.22472288429737,1.6,1.15651791572571,1.54540627479553,1.6,1.36133578300476,1.6,0.39741030216217,1.6,1.6,1.27080586433411,0.58313324928284,0.81833601474762,0.85837309837341,1.19113942146301,1.31520758628845,0.91861408233643,1.84628308928013,0.89707916997373,1.20271980116842,2.22957665514946,0.54687987351418,0.6849942163527,2.80093899536505,1.91879220759124,2.01650123952329,1.89115289622545,1.10536114692688,-0.81772601783276,-0.78353863239288,146,0,0,0,0,0,0,0,0,0,0,0,0,0,0,0,0,"{""draft_candidate"":true,""draft_candidate_id"":5,""draft_lottery"":false,""draft_method"":""cpu"",""draft_overall_pick"":25,""draft_round"":3,""draft_source"":""independent"",""draft_year"":2049,""fa_nissuu"":89,""rookie_year"":true}"
77400,我妻 雄志,7,5,fielder,24,6,L,L,173,89,1845,1,0,77400,false,false,,支配下,通常,0,0,,0,0,0,,,0.86235002200305,1.46810997473449,1.07027564190328,1.89409709542394,-0.66281677222252,2.33367165183425,-0.15711136681214,-0.26807740275562,0.81691497802734,-0.34693756103516,-0.9320556640625,0.510563621521,-0.95505996704102,0.7842490965426,1.00156727050617,0.25015180234611,-0.28854949876666,0.42052507168055,-0.50684068502486,-1.05244438171387,1.22100646972656,-0.36248746871948,-0.80677551269531,-0.97351545333862,-0.64857250213623,-0.79738933563232,,,,,,,,,,,,,,0.5091755437851,0.69595869341493,1.35684736061096,,0,0,0,72,0,0,0,90,0,0,0,72,0,0,0,90,"{""draft_candidate"":true,""draft_candidate_id"":251,""draft_lottery"":false,""draft_method"":""rebid_single"",""draft_overall_pick"":12,""draft_round"":1,""draft_source"":""high_school"",""draft_year"":2050,""fa_nissuu"":0,""rookie_year"":true}"
77411,丸山 念史,7,1,starter,27,6,R,R,187,75,5777,2,0,77411,false,false,,支配下,通常,0,0,,0,0,0,,,0.66622836112976,0.3298114490509,-0.1910666847229,-0.53999322652817,-0.20463696956635,-0.92481269598007,-0.03179271697998,-0.19230865478516,1.6,1.59595432281494,0.35093869447708,0.6228289604187,1.6,1.44616228103638,1.18583655357361,1.6,0.21239985704422,1.53805229187012,0.93641944885254,0.58600192070007,1.57815943717957,0.67057724952698,0.77245645046234,1.31707178115845,1.6,0.32988815546036,1.6,0.716505818367,1.35539484977722,1.21421681779623,2.15941702979803,0.20154284842405,1.46149042642117,0.50531133358181,-0.12352972571552,1.61105785942078,1.56888411176205,1.91672819247842,2.25062235605717,0.09512347221375,1.13372570991516,0.74058638572693,150,0,0,0,0,0,0,0,0,0,0,0,0,0,0,0,0,"{""draft_candidate"":true,""draft_candidate_id"":299,""draft_lottery"":false,""draft_method"":""cpu"",""draft_overall_pick"":23,""draft_round"":2,""draft_source"":""university"",""draft_year"":2050,""fa_nissuu"":18,""rookie_year"":true}"
77414,細川 雄宏,7,6,fielder,24,6,L,R,177,70,1845,3,0,77414,false,false,,支配下,通常,0,0,,0,0,0,,,-0.34331580452621,0.66522771826759,0.88288690236956,2.32268633050323,-0.92449452084303,2.79653811118603,1.26570042639971,1.31767659246922,0.89949188232422,1.20195236206055,0.71391632080078,0.89075788497925,0.24134231567383,1.27547816033661,2.88935949429683,3.38051027530432,1.92773073153198,2.26431391773932,1.17876030826569,-0.78544851303101,-0.01378623962402,-0.08881119728088,0.97483551025391,0.02498985290527,0.97225921630859,-0.12730285644531,,,,,,,,,,,,,,-0.45679219850898,-0.33357625371218,0.05758404468652,,0,0,0,70,0,68,89,88,0,0,0,70,0,68,89,88,"{""draft_candidate"":true,""draft_candidate_id"":41,""draft_lottery"":false,""draft_method"":""cpu"",""draft_overall_pick"":26,""draft_round"":3,""draft_source"":""high_school"",""draft_year"":2050,""fa_nissuu"":0,""rookie_year"":true}"
77438,榎原 芳朋,7,1,reliever,24,6,R,R,193,86,1845,5,0,77438,false,false,,支配下,通常,0,0,,0,0,0,,,-0.14813232421875,-0.34934753417969,-0.79958969116211,-2,-0.58118453979492,-1.07419830322266,-0.79875678062439,-1.39069563865662,-0.16382545471191,-0.13667373657227,0.78539108276367,0.68467094421387,0.72632034301758,-0.15830932617188,-0.64037440299988,-0.19273880004883,-0.98057804107666,-0.57955459594727,-1.0163812828064,-0.38081092834473,-0.14729499816895,-1.11849886508659,0.32175521850586,-0.49711410522461,-0.16920539855957,-0.10394607543945,-0.26985404014587,0.57329362869263,-0.97911910533905,0.31902150428295,-0.74688449621201,0.75465048993006,-0.72120096293092,-0.51773897542059,-0.11328706371784,1.57994065383077,1.40459214991331,1.50172804951668,1.37725484603643,-1.73261165618896,-1.65455308914185,-1.73734268188477,149,0,0,0,0,0,0,0,0,0,0,0,0,0,0,0,0,"{""draft_candidate"":true,""draft_candidate_id"":281,""draft_lottery"":false,""draft_method"":""cpu"",""draft_overall_pick"":50,""draft_round"":5,""draft_source"":""high_school"",""draft_year"":2050,""fa_nissuu"":0,""rookie_year"":true}"
77473,門川 久遍,7,1,reliever,24,6,R,R,193,97,1845,1,0,77473,true,false,,育成,通常,0,0,,0,0,0,,,0.31806621551514,0.73594314575195,-1.10571907043457,-1.13316421508789,-1.15474594116211,0.28231552124023,-0.62236012458801,-1.05805742263794,1.01350738525391,1.15532318115234,1.18676010131836,-0.19070066452026,1.09065689086914,1.39716445922852,1.34163040161133,1.55096694946289,0.18086959838867,0.50293426513672,1.6,1.05821350097656,1.02993392944336,0.46322157859802,1.26409561157227,0.45465843200684,1.0601953125,0.41479606628418,1.35690244674683,1.51044708251953,-0.13905161857605,1.93194818246365,0.79027662611008,-0.61984988247138,1.08339287751913,0.18452252471447,1.12307497298718,0.23341843754053,0.36477204484493,-0.28379033680446,-0.2560251211822,-1.35271858215332,0.34788619995117,0.60336563110352,143,0,0,0,0,0,0,0,0,0,0,0,0,0,0,0,0,"{""draft_candidate"":true,""draft_candidate_id"":248,""draft_lottery"":false,""draft_method"":""cpu"",""draft_overall_pick"":85,""draft_round"":1,""draft_source"":""high_school"",""draft_year"":2050,""fa_nissuu"":0,""rookie_year"":true}"
77519,堀江 壮寿,7,1,starter,23,5,R,R,176,84,1625,3,0,77519,false,false,,支配下,通常,0,0,,0,0,0,,,0.12789390563965,-0.97383728027344,-1.30856491088867,0.41186019897461,-0.19215103149414,-0.07715774536133,-0.73262480735779,-0.00216939926147,0.78134582519531,1.5274153137207,0.02021987915039,0.81114192962646,0.18957740783691,-0.56327380180359,0.28702619552612,-0.66343337059021,1.19073654174805,0.33611526489258,0.33578338623047,-0.45487972259521,0.00067558288574,-0.07825432777405,-0.39870895385742,-0.17033893585205,-0.50681528091431,1.6,1.23048183441162,0.49405890464783,0.55188172340393,1.80960573126888,1.85835941565037,-0.23493053564429,0.10800170765817,0.53457649031281,1.20376697731018,1.18959711837769,0.69976177120209,-0.08856992828846,1.85953707051277,-1.41977718353272,-1.20913122653961,0.43322570800781,155,0,0,0,0,0,0,0,0,0,0,0,0,0,0,0,0,"{""draft_candidate"":true,""draft_candidate_id"":32,""draft_lottery"":false,""draft_method"":""cpu"",""draft_overall_pick"":25,""draft_round"":3,""draft_source"":""high_school"",""draft_year"":2051,""fa_nissuu"":0,""rookie_year"":true}"
77566,矢本 万寿雄,7,3,fielder,23,5,L,R,172,74,1625,6,0,77566,false,false,,支配下,通常,0,0,,0,0,0,,,0.36918503513932,0.48025422990322,0.28838236612082,0.90854930830002,1.32390490043163,0.76556346333027,-0.48487229669094,0.04634625399113,0.49460754394531,-0.00255584716797,1.03005889892578,-1.10034133195877,-0.77317359924316,-1.55275162596256,-2.37341947549582,-2.30601731953025,-2.08084336285293,-2.30437570300698,-2.2244756321311,-0.54854713439941,-1.0429077911377,-0.99933640003204,-0.36722015380859,-0.05586578369141,0.19368728637695,0.61021026611328,,,,,,,,,,,,,,-1.21902225347981,1.0712466852665,-0.40499168658257,,0,0,71,0,0,0,0,0,0,0,71,0,0,0,0,0,"{""draft_candidate"":true,""draft_candidate_id"":5,""draft_lottery"":false,""draft_method"":""cpu"",""draft_overall_pick"":72,""draft_round"":6,""draft_source"":""high_school"",""draft_year"":2051,""fa_nissuu"":0,""rookie_year"":true}"
77567,井浦 俊生,7,1,reliever,23,5,R,R,189,94,1625,7,0,77567,false,false,,支配下,通常,0,0,,0,0,0,,,-0.80911791801453,0.83721160888672,-0.0335823059082,-0.12112152099609,-0.54232452392578,0.16308410644531,-0.19939882278442,-0.31128866195679,1.54048553466797,1.6,1.6,1.51051530838013,1.32683181762695,0.72908493041992,0.77955211639404,1.25949813842773,1.6,-0.09894251823425,1.03576385498047,-0.02516353607178,0.93896499633789,1.6,1.6,1.4204280090332,1.6,1.6,1.6,0.08537214279175,1.09218690872192,0.09601242399216,0.93021293905377,-0.2623960840255,-0.02093430900574,1.67990023636818,0.5285151873827,1.63623215676099,1.50127363923192,-0.04741257405281,0.07082873237133,0.79022094726562,0.02912948608398,0.82456115722656,147,0,0,0,0,0,0,0,0,0,0,0,0,0,0,0,0,"{""draft_candidate"":true,""draft_candidate_id"":269,""draft_lottery"":false,""draft_method"":""cpu"",""draft_overall_pick"":73,""draft_round"":7,""draft_source"":""high_school"",""draft_year"":2051,""fa_nissuu"":0,""rookie_year"":true}"
77606,ギブ,7,1,starter,29,5,L,R,189,91,15566,0,0,77606,false,true,,支配下,通常,0,0,,0,0,0,,,-0.17853225708008,1.4403825378418,1.25472961425781,1.43069362640381,0.76336700439453,1.36991165161133,0.50222816467285,1.35548095703125,1.88608837127686,1.94114589691162,1.52972478866577,1.96171241760254,1.33173931121826,2.33692481994629,1.00322781860828,2.43005111694336,1.02235947608948,2.39725166320801,1.65757469177246,1.00043409824371,2.04445434570312,1.89955821990967,1.02755671024323,2.46576526641846,2.36965927124023,1.47812389373779,2.20313077926636,1.4425056552887,1.85954881668091,3.02307172691822,2.33332050712407,-0.09810211823136,2.4320770585686,1.74925715755671,2.93473246515542,2.79231007105112,1.90765685126185,2.87954564443976,1.27875413349271,1.40846736907959,0.40774286270142,1.26554302215576,146,0,0,0,0,0,0,0,0,0,0,0,0,0,0,0,0,"{""fa_nissuu"":75,""foreign_scout"":true,""foreign_signed_year"":2051,""quality_tier"":""ace""}"
77619,和知 碧人,7,1,reliever,25,4,R,R,180,83,1410,1,0,77619,false,false,,支配下,通常,0,0,,0,0,0,,,0.19662171363831,-0.2569126701355,-0.94192064523697,-0.03154644966125,-0.28482152938843,0.23509937286377,-0.42838839054108,-0.42122699260712,0.50688270092011,1.36402203559875,1.13885207176209,0.56053081512451,0.53170271873474,0.7689192199707,1.14903442382812,0.23440627098084,-0.40109228670597,-0.40619633853436,1.14613241195679,1.12804816246033,0.34888327598572,0.5872997379303,1.14296515464783,1.42719497680664,0.64442568778992,0.24299017429352,1.00836673736572,1.25626096725464,-0.14815418958664,0.6588857986033,1.95959170679748,-0.02854284390341,1.89956168556213,1.36571314394474,0.63480707728863,1.14294413781166,1.9322699611187,1.67074724808335,0.49585101164505,0.34119833946228,0.63091029167175,-0.77688471317291,147,0,0,0,0,0,0,0,0,0,0,0,0,0,0,0,0,"{""draft_candidate"":true,""draft_candidate_id"":290,""draft_lottery"":false,""draft_method"":""rebid_single"",""draft_overall_pick"":12,""draft_round"":1,""draft_source"":""university"",""draft_year"":2052,""fa_nissuu"":4,""rookie_year"":true}"
77630,池沢 勘二郎,7,5,fielder,22,4,R,L,172,95,4375,2,0,77630,false,false,,支配下,通常,0,0,,0,0,0,,,-0.77321600855375,1.13388056823611,1.29615659731627,2.10041037285328,0.97776595616341,1.92362402355671,0.33407750950009,1.14941022396088,0.75971389770508,-0.9387865447998,-0.41654090881348,0.2979839515686,-0.62104698181152,-0.15823183149099,-0.68051030452549,0.80516554063559,-0.9398795362711,1.18868875581026,-1.01881979829073,0.98140411376953,0.07917221069336,-0.37312032699585,-0.55636016845703,-0.58385208129883,0.16141540527344,0.90332366943359,,,,,,,,,,,,,,1.09972033536434,0.00468611621857,1.62614486241341,,0,0,0,55,0,0,0,72,0,0,0,55,0,0,0,72,"{""draft_candidate"":true,""draft_candidate_id"":94,""draft_lottery"":false,""draft_method"":""cpu"",""draft_overall_pick"":23,""draft_round"":2,""draft_source"":""high_school"",""draft_year"":2052,""fa_nissuu"":18,""rookie_year"":true}"
77633,鹿野 敬大,7,3,fielder,22,4,R,L,193,90,1406,3,0,77633,false,false,,支配下,通常,0,0,,0,0,0,,,-0.13607850562781,0.57220018915832,1.39857088246942,0.94250963791609,1.97852835902572,1.08021392017007,1.09517787749693,0.13902948951814,1.25360382080078,-0.19663009643555,0.26150970458984,1.12656860351563,-0.25433376312256,-1.27385884805024,-2.2391602213271,-2.0041176699847,-2.19381582981348,-1.49474418513477,-0.63468573483825,0.01490287780762,0.56309005737305,-0.40735977888107,1.16089141845703,-0.56329057693481,1.14582855224609,-0.40836849212646,,,,,,,,,,,,,,-0.46112034201622,1.06595679786801,0.11551133918762,,0,0,100,0,0,0,0,0,0,0,100,0,0,0,0,0,"{""draft_candidate"":true,""draft_candidate_id"":160,""draft_lottery"":false,""draft_method"":""cpu"",""draft_overall_pick"":26,""draft_round"":3,""draft_source"":""high_school"",""draft_year"":2052,""fa_nissuu"":0,""rookie_year"":true}"
77654,三条 勝次,7,9,fielder,25,4,R,R,180,94,4322,4,0,77654,false,false,,支配下,通常,0,0,,0,0,0,,,0.23790422397852,1.93743220349401,1.8676482209079,1.80903122723252,0.60341106924415,2.59650270766914,0.20789852479845,0.33509062474966,-0.18807827234268,-0.23626054763794,1.1274235534668,0.27692983150482,0.75454809188843,-0.61430370032787,0.22016712665558,0.03313776493073,1.19201628684998,0.14729813098907,0.115064868927,1.33675913286209,2.01431131324172,1.44468560596555,0.70011198964715,1.16721283198148,0.70511948126554,1.51433842511475,,,,,,,,,,,,,,0.81683425746858,0.88924229955673,0.09277669352293,,0,48,0,65,84,0,0,0,0,48,0,65,84,0,0,0,"{""draft_candidate"":true,""draft_candidate_id"":229,""draft_lottery"":false,""draft_method"":""cpu"",""draft_overall_pick"":47,""draft_round"":4,""draft_source"":""university"",""draft_year"":2052,""fa_nissuu"":18,""rookie_year"":true}"
77657,尾中 孝文,7,1,starter,22,4,L,R,191,70,1405,5,0,77657,false,false,,支配下,通常,0,0,,0,0,0,,,0.12939800262451,-1.67120296478271,0.08360778808594,-0.83179779052734,-1.3540306854248,-1.71794567108154,0.45160583496094,-0.31207021713257,0.84668197631836,-1.25368516206741,0.69024536132812,-0.48049250602722,0.83816070556641,-0.00214691162109,0.97536771774292,-0.08950080871582,-0.16260749816895,-0.29352935791016,0.87024612426758,1.20275665283203,-0.79543933868408,-1.07488786935806,0.88333709716797,0.01362380981445,-0.77469703674316,-0.51692504882812,-0.16850412368774,0.97454259872437,-0.8096484375,1.18959397751093,-0.65157683962584,-0.05518184258044,1.46396590933204,0.48517878878117,-0.18485663621873,1.599408574,1.19781823459268,1.01647091859579,1.69222168433666,-1.45397674560547,-1.55474124908447,-0.7058251953125,146,0,0,0,0,0,0,0,0,0,0,0,0,0,0,0,0,"{""draft_candidate"":true,""draft_candidate_id"":22,""draft_lottery"":false,""draft_method"":""cpu"",""draft_overall_pick"":50,""draft_round"":5,""draft_source"":""high_school"",""draft_year"":2052,""fa_nissuu"":0,""rookie_year"":true}"
77678,関塚 羽矢人,7,1,starter,22,4,R,R,175,99,1405,6,0,77678,false,false,,支配下,通常,0,0,,0,0,0,,,0.52968612670898,1.01219284057617,0.79637420654297,-0.81669891357422,1.02688903808594,0.74198028564453,0.21563358306885,-0.9410794878006,0.59562721252441,-0.29853796958923,1.6,1.0611741065979,-0.36487188339233,1.6,0.18549204826355,1.6,1.32438568115234,1.6,1.57128387451172,1.22077239990234,-0.07434547424316,0.54311418533325,0.69923675537109,1.23752746582031,1.50134201049805,0.83880584716797,1.17186141967773,0.32665983200073,1.4485634803772,0.42491704263687,1.44072698600292,-0.18817083603144,0.54935919451714,0.04000924551487,0.74784781932831,-0.03569458651543,0.37244891571403,1.92688946920633,1.03612314355373,-0.17835441589355,0.14114685058594,0.99025665283203,145,0,0,0,0,0,0,0,0,0,0,0,0,0,0,0,0,"{""draft_candidate"":true,""draft_candidate_id"":269,""draft_lottery"":false,""draft_method"":""cpu"",""draft_overall_pick"":71,""draft_round"":6,""draft_source"":""high_school"",""draft_year"":2052,""fa_nissuu"":0,""rookie_year"":true}"
77689,沼野 甚作,7,8,fielder,22,4,L,L,192,89,1405,1,0,77689,false,false,,支配下,通常,0,0,,0,0,0,,,0.60175055978727,1.1529669650048,-0.25443305402994,0.8465654001236,1.58707311111689,1.11322725757957,0.37993586504459,0.65918743950129,-0.15736534118652,-0.2294510269165,1.36,0.76418015480042,1.36,1.36,0.49713592529297,1.24823150634766,-0.44574535131454,-0.20593112945557,-0.44936103820801,1.32153034549952,2.85854087206721,0.71900424616039,1.77714308911562,1.02339013105631,2.55003105604649,2.03578228521347,,,,,,,,,,,,,,0.69095768109895,1.48276317036152,0.62408938027918,,0,91,0,87,86,0,0,0,0,91,0,87,86,0,0,0,"{""draft_candidate"":true,""draft_candidate_id"":232,""draft_lottery"":false,""draft_method"":""cpu"",""draft_overall_pick"":82,""draft_round"":1,""draft_source"":""high_school"",""draft_year"":2052,""fa_nissuu"":0,""rookie_year"":true}"
77705,塩尻 真純,7,1,reliever,26,4,R,R,175,83,1405,2,0,77705,true,false,,育成,通常,0,0,,0,0,0,,,0.53974914550781,0.13027458190918,-0.13535503387451,-1.26670976638794,-1.09319421768188,-1.33462989151478,-0.10065368652344,0.04561109542847,0.49006567001343,1.24797485351563,0.65262744903564,0.70818124771118,1.32899467468262,1.22598136901855,1.32821231842041,0.97056148529053,0.27379745483398,0.31328512191772,-0.01531829833984,-0.07363424301147,1.39596195220947,0.52392679214478,1.17545936584473,1.46640354156494,-0.07817823410034,0.37687473297119,-0.19621763765812,0.00713847637177,0.75909915924072,1.34951999512315,1.23445604729652,0.53235993507504,0.21070380496979,0.60670594966412,-0.08965342825651,-0.04203901654482,-0.2866655279398,0.7177825152427,0.43849287712574,-0.17872951507568,0.90580192565918,-0.90735301017761,140,0,0,0,0,0,0,0,0,0,0,0,0,0,0,0,0,"{""draft_candidate"":true,""draft_candidate_id"":225,""draft_lottery"":false,""draft_method"":""cpu"",""draft_overall_pick"":98,""draft_round"":2,""draft_source"":""university"",""draft_year"":2052,""fa_nissuu"":0,""rookie_year"":true}"
77720,加納 敬貴,7,1,starter,24,3,L,R,185,89,1209,1,0,77720,false,false,,支配下,通常,0,0,,0,0,0,,,-0.551545804739,-0.75308434009552,-1.25032245412469,-0.29573471546173,-0.56954508304596,-1.11986684203148,-0.11689865112305,-0.48369669914246,0.36348208904266,1.23667702674866,-0.30642958730459,0.36805866241455,1.0197302532196,0.86632599830627,0.73416049003601,-0.06842468500137,1.10065233230591,0.80035984039307,0.65033329486847,0.63403122425079,-0.27675931155682,1.1843056678772,0.47093848705292,1.38595468521118,0.44635365486145,1.49576777458191,0.56921566963196,1.58011058807373,1.26276412963867,0.32528242293,1.52088897199929,0.47960379439592,1.68251837256551,0.06770950675011,1.460486736238,0.81633022528887,1.84912922745943,0.95309378865361,1.49845658957958,-0.82462772607803,-0.43772751569748,-0.19814638137817,147,0,0,0,0,0,0,0,0,0,0,0,0,0,0,0,0,"{""draft_candidate"":true,""draft_candidate_id"":231,""draft_lottery"":true,""draft_method"":""lottery"",""draft_overall_pick"":4,""draft_round"":1,""draft_source"":""university"",""draft_year"":2053,""fa_nissuu"":0,""rookie_year"":true}"
77740,尾上 毅史,7,9,fielder,21,3,L,R,192,96,1195,2,0,77740,false,false,,支配下,通常,0,0,,0,0,0,,,0.36825397011638,-0.2833122253418,1.4102563174963,1.92,1.26759780883789,2.16,-0.25749290344119,-0.33641625881195,-0.1582266998291,-0.56847671508789,1.21309448242188,0.2674503326416,-0.64878526687622,1.28028182983398,-0.57849748373032,-0.51937480926514,0.76011840820313,1.36,0.58620758056641,1.02313766479492,-0.48431747436523,1.36,0.14441459655762,0.31851318359375,0.03980805140734,0.70969650268555,,,,,,,,,,,,,,-0.75799261856079,0.13537376201153,0.72849877214432,,0,58,0,76,97,0,0,0,0,58,0,76,97,0,0,0,"{""draft_candidate"":true,""draft_candidate_id"":120,""draft_lottery"":false,""draft_method"":""cpu"",""draft_overall_pick"":24,""draft_round"":2,""draft_source"":""high_school"",""draft_year"":2053,""fa_nissuu"":0,""rookie_year"":true}"
77764,平光 規仁,7,9,fielder,25,3,L,R,189,88,1188,4,0,77764,false,false,,支配下,通常,0,0,,0,0,0,,,0.1983602295965,1.79523998564482,1.3362455881238,0.76101440134794,-0.01543636126816,1.04872228833437,0.83579910205305,0.62034308385849,1.21230476379395,1.17645168304443,0.6089493560791,1.17038703918457,-0.14508623123169,0.22527799606323,0.01738141536713,0.00985395431519,0.53580993652344,0.27017219543457,1.36,0.57993573504686,1.29239318948984,1.37928003126383,0.97346894957125,0.67549461233616,0.17383770474792,0.97617359530926,,,,,,,,,,,,,,0.71966283172369,1.64278622302413,1.08516111254692,,0,58,0,88,94,0,0,0,0,58,0,88,94,0,0,0,"{""draft_candidate"":true,""draft_candidate_id"":87,""draft_lottery"":false,""draft_method"":""cpu"",""draft_overall_pick"":48,""draft_round"":4,""draft_source"":""independent"",""draft_year"":2053,""fa_nissuu"":0,""rookie_year"":true}"
77765,前 享,7,9,fielder,24,3,R,R,189,99,1186,5,0,77765,false,false,,支配下,通常,0,0,,0,0,0,,,0.55825943589583,0.66173492461443,1.41573315399885,1.03540235752463,0.56356864261627,1.15016574192643,1.0194664234221,1.54768124473095,-0.14188208937645,0.95022545814514,1.07089118003845,1.36,1.36,0.51823459625244,1.02622748374939,1.13343729019165,0.66350145339966,0.27540544033051,1.19765114784241,-0.09651852315664,0.1459196382165,0.11517996861786,1.77040650981665,1.65576722347736,1.55670227915049,1.47824399781227,,,,,,,,,,,,,,1.24151390516758,2.01878321295977,1.67560867381096,,0,50,0,59,77,0,0,0,0,50,0,59,77,0,0,0,"{""draft_candidate"":true,""draft_candidate_id"":8,""draft_lottery"":false,""draft_method"":""cpu"",""draft_overall_pick"":49,""draft_round"":5,""draft_source"":""university"",""draft_year"":2053,""fa_nissuu"":0,""rookie_year"":true}"
77803,村川 勉己,7,9,fielder,24,3,L,R,177,89,1185,8,0,77803,false,false,,支配下,通常,0,0,,0,0,0,,,0.67749815516174,0.77830135983229,-0.20579251116514,1.42986227921247,0.91828026489541,1.45201110014915,0.4579656393528,0.14732289344072,0.28006300926208,0.97232773780823,0.71383456230164,1.09564576148987,0.49180172920227,-0.69603542506695,-0.1071962594986,0.35168068885803,0.72635556221008,1.12956240653992,0.07575792789459,-0.40885037839413,0.27638704389334,-0.10692002721131,1.15577518546581,0.59647722166777,-0.03361122024059,1.07997802278399,,,,,,,,,,,,,,0.10039791071415,0.8062280279994,-0.01299024099112,,0,43,0,59,73,0,0,50,0,43,0,59,73,0,0,50,"{""draft_candidate"":true,""draft_candidate_id"":81,""draft_lottery"":false,""draft_method"":""cpu"",""draft_overall_pick"":87,""draft_round"":8,""draft_source"":""independent"",""draft_year"":2053,""fa_nissuu"":0,""rookie_year"":true}"
77836,久末 練一,7,1,reliever,20,2,L,R,193,99,1085,1,0,77836,false,false,,支配下,通常,0,0,,0,0,0,,,0.73239681243896,-1.92720863342285,-1.56379928588867,-0.20481140136719,0.4305241394043,-1.84021284103394,-0.0811749458313,-1.23084366798401,-0.1354377746582,-0.39170921325684,-0.26570594787598,-0.2453143787384,0.96744537353516,0.86895843505859,-0.01320045471191,1.31306396484375,0.49323883056641,-0.89698874473572,1.46825912475586,-0.39718139648438,-1.01241977214813,0.02619029998779,-0.06122749328613,-0.77604749679565,-0.76153636932373,0.38730056762695,-0.21578573226929,-0.15657189369202,0.04119131088257,1.58746554768085,-0.26151201015711,0.46055008035898,1.03983375909925,-0.43672419685125,0.90020048514009,0.53234149670601,1.03175430241227,1.37842266023159,0.84735076969862,-1.96175738334656,-0.13403594970703,-1.8945143032074,150,0,0,0,0,0,0,0,0,0,0,0,0,0,0,0,0,"{""draft_candidate"":true,""draft_candidate_id"":23,""draft_lottery"":false,""draft_method"":""single_bid"",""draft_overall_pick"":6,""draft_round"":1,""draft_source"":""high_school"",""draft_year"":2054,""fa_nissuu"":4,""rookie_year"":true}"
77853,木部 万喜,7,1,reliever,23,2,R,R,179,83,1016,2,0,77853,false,false,,支配下,通常,0,0,,0,0,0,,,0.05110427856445,-1.44133118867874,-1.25957922458649,0.17088438987732,0.21052612304688,-0.98127355098724,0.56901823997498,-0.50236249923706,0.86310156822205,0.31849293231964,0.81045557022095,1.07718634605408,0.53999755859375,0.18488611221313,-0.44076132774353,1.36854969024658,0.57245875358582,-0.02168831825256,0.52677968025208,0.46364343643188,1.24798067092896,0.56828339576721,0.039180560112,-0.50609836101532,-0.6259810642153,1.32372965812683,0.07992786884308,0.27554750919342,0.53013174057007,-0.44350889134407,1.47124954557419,0.24423060154915,0.13781804013252,-0.47055359689891,0.40944340139627,0.13327591347694,0.89477861887217,0.96489190309495,1.22632798206806,-0.63760803222656,-0.51064112186432,-0.9161736869812,149,0,0,0,0,0,0,0,0,0,0,0,0,0,0,0,0,"{""draft_candidate"":true,""draft_candidate_id"":40,""draft_lottery"":false,""draft_method"":""cpu"",""draft_overall_pick"":23,""draft_round"":2,""draft_source"":""university"",""draft_year"":2054,""fa_nissuu"":0,""rookie_year"":true}"
77856,木場 有穂,7,1,reliever,23,2,L,L,170,77,996,3,0,77856,false,false,,支配下,通常,0,0,,0,0,0,,,0.60383863449097,0.59562741279602,0.56005165100098,-0.61041301727295,0.66665371894836,-0.35233994007111,-0.54520019173622,0.415651512146,0.36296832561493,1.39663598060608,1.12500402450562,0.74769071578979,1.5491570186615,-0.23161546528339,0.10017544031143,1.48550180435181,0.46700163841248,0.58892511367798,0.31022785663605,1.0719753074646,0.41242537021637,1.39795560836792,0.82027759552002,1.54518043518066,0.13310844182968,1.17187489509583,-0.04107083201408,1.18161823272705,0.40188679695129,1.43525502204895,0.47377119064331,0.1480837726593,0.62541366100311,-0.13531436800957,1.03116994702816,1.6,1.31993348121643,-0.23837334036827,0.31550905704498,-0.58177746295929,-0.64122654080391,-0.90304883480072,144,0,0,0,0,0,0,0,0,0,0,0,0,0,0,0,0,"{""draft_candidate"":true,""draft_candidate_id"":268,""draft_lottery"":false,""draft_method"":""cpu"",""draft_overall_pick"":26,""draft_round"":3,""draft_source"":""university"",""draft_year"":2054,""fa_nissuu"":0,""rookie_year"":true}"
77877,南山 剛哲,7,3,fielder,25,2,R,R,185,85,981,4,0,77877,false,false,,支配下,通常,0,0,,0,0,0,,,0.04335637521744,0.87087933647633,0.6213067369163,1.11881975898743,0.32225536155701,1.36284412608147,0.60622239905596,0.06152109265327,-0.68389549016953,-0.26172508239746,-0.67005036830902,-0.74775448441505,-0.67635749578476,-1.94725190067291,-2.28743635818735,-2.02258254790306,-2.38707393747568,-1.86721926510334,-2.36420159053802,-0.49590555667877,-0.12811550617218,0.48608291625977,-0.57677836179733,-0.49703773498535,0.64629492759705,0.71951290130615,,,,,,,,,,,,,,0.14011261297902,0.39266393280029,0.69477675503492,,0,0,92,0,0,0,0,0,0,0,92,0,0,0,0,0,"{""draft_candidate"":true,""draft_candidate_id"":261,""draft_lottery"":false,""draft_method"":""cpu"",""draft_overall_pick"":47,""draft_round"":4,""draft_source"":""industrial"",""draft_year"":2054,""fa_nissuu"":0,""rookie_year"":true}"
77880,福原 光樹,7,1,starter,20,2,L,R,170,100,972,5,0,77880,false,false,,支配下,通常,0,0,,0,0,0,,,-0.65489988327026,-0.11898544311523,-0.89370765686035,0.34027725219727,-1.13449378967285,-0.04192535400391,0.2833243560791,-0.55868363380432,0.27203330993652,1.6,-0.48819089889526,-0.06840342998505,0.43814788818359,0.70554962158203,0.22413847923279,1.6,1.6,1.6,0.32218574523926,0.41964141845703,0.80730773925781,0.91596506118774,0.37373886108398,-0.37415782928467,0.42403793334961,0.495263671875,0.45946022033691,1.07000276565552,1.6,0.05704003250599,0.9340821672678,0.04095074616373,0.00286799715459,-0.24589729297161,0.82577654276416,0.19260134971142,1.8266130361557,0.0815118304193,1.79087598657608,-1.16393127441406,1.20820449829102,0.41912963867187,144,0,0,0,0,0,0,0,0,0,0,0,0,0,0,0,0,"{""draft_candidate"":true,""draft_candidate_id"":179,""draft_lottery"":false,""draft_method"":""cpu"",""draft_overall_pick"":50,""draft_round"":5,""draft_source"":""high_school"",""draft_year"":2054,""fa_nissuu"":0,""rookie_year"":true}"
77901,奈良岡 陽至,7,4,fielder,28,2,R,R,187,89,968,6,0,77901,false,false,,支配下,通常,0,0,,0,0,0,,,0.45278902293742,-0.52740496922284,0.75572258937359,-0.17343813318014,-0.323938133955,-0.30982293236256,0.49580598047376,-0.59220072028041,0.21787727355957,-0.45227696418762,-0.3912215423584,-0.41726602554321,0.47153509140015,2.03417535042763,1.4604323720634,1.31341049194336,1.69145972847939,1.62875985512137,1.53885258358717,0.11926210403442,-0.5793834400177,-0.44247071266174,-0.63476711630821,-0.25449726104736,0.6656011390686,0.25958059310913,,,,,,,,,,,,,,-0.50662213277817,1.65548546898365,0.5805679038763,,0,0,75,64,54,94,73,69,0,0,75,64,54,94,73,69,"{""draft_candidate"":true,""draft_candidate_id"":78,""draft_lottery"":false,""draft_method"":""cpu"",""draft_overall_pick"":71,""draft_round"":6,""draft_source"":""industrial"",""draft_year"":2054,""fa_nissuu"":0,""rookie_year"":true}"
77904,塩崎 久敬,7,1,starter,20,2,L,R,185,72,964,7,0,77904,false,false,,支配下,通常,0,0,,0,0,0,,,0.20018909454346,0.93027099609375,0.11423889160156,-0.97494922637939,0.40194519042969,-0.05252716064453,0.80510959625244,-1.00413294792175,0.15894821166992,-0.59873779296875,0.08631958007813,-0.2383185172081,-0.05633441925049,0.61683441162109,1.13716131210327,1.09210037231445,1.0220539855957,-0.21381080627441,0.10423065185547,-0.58544177055359,-0.1788277053833,1.05204027175903,1.01875732421875,0.20036117553711,-0.12016849517822,1.32192840576172,0.03494479656219,1.15643424987793,-0.41620524048805,0.55676807022095,-0.49924652737379,-0.56912495541573,0.06758748197556,-0.03258343052864,0.82819947957993,0.67079338407516,-0.02836957859993,1.82595024204254,1.04982746255398,0.63538345336914,-0.59242763519287,-0.4707494354248,143,0,0,0,0,0,0,0,0,0,0,0,0,0,0,0,0,"{""draft_candidate"":true,""draft_candidate_id"":164,""draft_lottery"":false,""draft_method"":""cpu"",""draft_overall_pick"":74,""draft_round"":7,""draft_source"":""high_school"",""draft_year"":2054,""fa_nissuu"":0,""rookie_year"":true}"
77917,大重 達政,7,6,fielder,20,2,R,R,191,99,964,8,0,77917,false,false,,支配下,通常,0,0,,0,0,0,,,-0.27295093312673,0.81272909682989,-0.99976184272766,-0.18586060449481,0.76085724341869,-0.13101506948471,-0.61516130518913,-0.61203978085518,0.25804565429687,-1.60302550792694,-1.44346111297607,-0.66390790939331,0.40522537231445,0.08022648407519,1.36846491976082,1.75339141100645,0.26067478901148,1.96119365358353,0.5296412524879,0.764873046875,0.01167297363281,0.59727342605591,-1.67146236360073,-0.98692947387695,-1.46293424606323,0.08092376708984,,,,,,,,,,,,,,-0.35411778855324,1.13358507788181,0.39447438824177,,0,57,0,65,74,100,84,0,0,57,0,65,74,100,84,0,"{""draft_candidate"":true,""draft_candidate_id"":134,""draft_lottery"":false,""draft_method"":""cpu"",""draft_overall_pick"":87,""draft_round"":8,""draft_source"":""high_school"",""draft_year"":2054,""fa_nissuu"":0,""rookie_year"":true}"
77948,堤 仁志,7,1,reliever,19,1,R,L,170,96,1150,1,0,77948,false,false,,支配下,通常,0,0,,0,0,0,,,-0.38298877716064,1.49382385253906,0.63741760253906,0.82635025024414,0.16672912597656,1.6,0.47351886749268,1.31089748382568,0.57276123046875,1.6,1.6,0.64297801494598,1.6,0.38633995056152,1.09051672935486,1.6,1.6,0.77535034179688,0.33562934875488,0.96333518981934,1.00652000427246,0.76349318981171,1.45279769897461,1.6,0.81688331604004,1.6,0.43644638538361,0.82173053741455,1.6,1.52139532262087,1.0085213470459,0.65001171112061,0.59156421661377,1.6,0.99521591186523,0.44583502526372,1.6,1.5290375803709,0.33992896962166,0.24847190856934,1.6,1.6,145,0,0,0,0,0,0,0,0,0,0,0,0,0,0,0,0,"{""draft_candidate"":true,""draft_candidate_id"":148,""draft_lottery"":true,""draft_method"":""lottery"",""draft_overall_pick"":2,""draft_round"":1,""draft_source"":""high_school"",""draft_year"":2055,""fa_nissuu"":0,""rookie_year"":true}"
77968,大国 勝明,7,1,reliever,22,1,R,R,193,97,1000,2,0,77968,false,false,,支配下,通常,0,0,,0,0,0,,,0.0954477596283,-0.07666240692139,-0.86908109426498,-0.19198060035706,-0.50648892879486,-0.61548816680908,0.44831299781799,0.35693349838257,0.12256566047668,-0.21402040839195,0.9035330581665,0.96591185569763,-0.0683352971077,1.11747498512268,0.94188502311707,0.92960097312927,0.29453755378723,-0.20759443700314,1.380902967453,1.39631834983826,0.5226335144043,0.84971999168396,0.76633627891541,1.6,0.89835885047913,0.09496928691864,1.36424213409424,0.11023790121078,0.86045221328735,0.0738715211153,1.26307657086849,0.06526016235352,-0.25700567999482,-0.15466923356056,-0.10865165472031,0.47141902446747,1.55753456115723,0.79315450668335,0.2177263879776,-0.87073938846588,0.93114824295044,-0.72578433513641,144,0,0,0,0,0,0,0,0,0,0,0,0,0,0,0,0,"{""draft_candidate"":true,""draft_candidate_id"":56,""draft_lottery"":false,""draft_method"":""cpu"",""draft_overall_pick"":22,""draft_round"":2,""draft_source"":""university"",""draft_year"":2055,""fa_nissuu"":0,""rookie_year"":true}"
77973,春原 允彦,7,2,fielder,19,1,L,L,193,85,900,3,0,77973,false,false,,支配下,通常,0,0,,0,0,0,,,1.05991139097512,1.08094041800499,0.70975649094582,1.38043122060895,-0.61495816665888,1.61018621687889,0.12535131973028,-0.44852094629407,1.74096173686534,1.05052375088632,1.58037819443643,2.66548392815888,3.05628271317482,0.41289016723633,-0.78428414344788,-0.39457580566406,0.58940444946289,-0.7702613067627,-0.6909464263916,-0.05651885986328,0.81756439208984,0.07312286376953,-0.17812522888184,0.04112762451172,-0.61510871887207,0.38915328979492,,,,,,,,,,,,,,-0.57832243689895,1.31363685691357,-0.70406141901016,,76,0,0,0,0,0,0,0,76,0,0,0,0,0,0,0,"{""draft_candidate"":true,""draft_candidate_id"":262,""draft_lottery"":false,""draft_method"":""cpu"",""draft_overall_pick"":27,""draft_round"":3,""draft_source"":""high_school"",""draft_year"":2055,""fa_nissuu"":0,""rookie_year"":true}"
77992,朽木 一気,7,1,reliever,19,1,L,R,183,79,825,4,0,77992,false,false,,支配下,通常,0,0,,0,0,0,,,0.8443143081665,-1.22997055053711,0.46052215576172,-1.27505554199219,0.12018127441406,0.18337997436523,-0.82979491710663,-0.4818431854248,-0.40250358581543,-0.41840278625488,0.44596160888672,0.64832225799561,-0.58545421600342,-0.73067226409912,-0.54974104404449,-0.84290843963623,0.74527984619141,1.16414443969727,0.52684036254883,-0.08813438415527,-1.10167628645897,-0.75732977390289,0.53014221191406,0.94001754760742,0.03319358825684,-0.30406188964844,0.65517782211304,0.18185176849365,0.86899806976318,1.23370452880859,0.59761184692383,-0.30927955627441,1.33586578369141,-0.69842209881544,0.37516662472487,-0.75066181182861,0.97210968017578,-0.44441234183311,-0.23118255615234,-1.88450763702393,-0.80146041870117,0.19578643798828,145,0,0,0,0,0,0,0,0,0,0,0,0,0,0,0,0,"{""draft_candidate"":true,""draft_candidate_id"":133,""draft_lottery"":false,""draft_method"":""cpu"",""draft_overall_pick"":46,""draft_round"":4,""draft_source"":""high_school"",""draft_year"":2055,""fa_nissuu"":0,""rookie_year"":true}"
77997,石原 隆継,7,1,starter,19,1,R,L,179,87,780,5,0,77997,false,false,,支配下,通常,0,0,,0,0,0,,,0.18305591583252,-0.96022338867187,-1.61059112548828,-0.79694557189941,-0.37572937011719,-1.28435398101807,0.69589370727539,-0.61367095947266,1.43812469482422,-0.77642507553101,1.14178558349609,1.2079542350769,-0.52906524658203,1.41584045410156,1.43358423233032,-0.4864754486084,1.4753044128418,1.30764175415039,0.01076622009277,0.88523590087891,0.97677764892578,0.74798189163208,-0.72001348495483,-0.53048858642578,0.07189971923828,1.17740203857422,-0.28473340034485,0.30598365783691,0.41614639282227,1.3198403865695,1.1874578795433,-0.00524139404297,0.9087473603487,0.62423873901367,0.85134872436523,0.67964385986328,-0.2117488861084,0.78181453964114,-0.11495292359591,-0.47960205078125,-0.59045631408691,-0.98015640258789,142,0,0,0,0,0,0,0,0,0,0,0,0,0,0,0,0,"{""draft_candidate"":true,""draft_candidate_id"":179,""draft_lottery"":false,""draft_method"":""cpu"",""draft_overall_pick"":51,""draft_round"":5,""draft_source"":""high_school"",""draft_year"":2055,""fa_nissuu"":0,""rookie_year"":true}"
78016,池部 量広,7,1,reliever,20,1,R,R,186,93,760,6,0,78016,false,false,,支配下,通常,0,0,,0,0,0,,,-0.05356491088867,-0.2821800327301,-0.36591330528259,-1.51877380371094,-0.39681578636169,-0.17084003448486,-0.20810832500458,0.02569332122803,0.93313164710999,-1.08315387368202,0.74445018768311,0.24785415649414,-0.75918184518814,-0.99578751325607,-0.93958399891853,-0.18850200176239,0.72571277618408,-1.14683173745871,-0.12081685066223,-0.2585000038147,-0.7511966586113,0.19616377830505,0.44105787277222,0.35107927322388,1.09445300102234,0.22478785514832,0.81095449447632,0.16276494026184,-0.05303001880646,-0.69777860561013,0.54560744869709,0.49887256731093,0.50415042150021,-0.62814024174213,0.31529257661104,-0.79177109054849,1.14478456181288,1.29472795343399,0.32146527600288,-1.78240244150162,-1.06819900035858,-1.28588717937469,144,0,0,0,0,0,0,0,0,0,0,0,0,0,0,0,0,"{""draft_candidate"":true,""draft_candidate_id"":67,""draft_lottery"":false,""draft_method"":""cpu"",""draft_overall_pick"":70,""draft_round"":6,""draft_source"":""independent"",""draft_year"":2055,""fa_nissuu"":0,""rookie_year"":true}"
78019,古謝 進作,7,2,fielder,21,1,R,R,174,92,740,7,0,78019,false,false,,支配下,通常,0,0,,0,0,0,,,-0.49850251674652,0.69599595081806,0.43349910736084,-0.4929677280426,0.38677740097046,-0.7329677280426,-0.23603863716125,-0.2624023655951,2.79173069000244,1.03194091320038,1.52856760025024,2.57259552001953,1.79410318374634,0.3078409576416,-0.68394318580627,-0.21672058105469,0.73302919387817,-0.08700305938721,0.25470769882202,-0.48373777389526,0.68070249557495,0.71911914825439,-0.11716229438782,0.08269268035889,0.20798166275024,0.59731594085693,,,,,,,,,,,,,,0.17562194824219,1.29574979829788,-0.49430299758911,,98,0,0,0,0,0,0,0,98,0,0,0,0,0,0,0,"{""draft_candidate"":true,""draft_candidate_id"":64,""draft_lottery"":false,""draft_method"":""cpu"",""draft_overall_pick"":73,""draft_round"":7,""draft_source"":""independent"",""draft_year"":2055,""fa_nissuu"":0,""rookie_year"":true}"
78049,スパーノ,7,7,fielder,29,1,L,R,196,88,11714,0,0,78049,false,true,,支配下,通常,0,0,,0,0,0,,,0.24961639404297,0.80227488857508,1.40278085708618,1.37773197174072,1.54793262481689,1.29143495082855,-0.20913249969482,1.37306028366089,0.87941917896271,0.9032276391983,1.03474581718445,2.4918470954895,1.44435054779053,1.56642948150635,1.85457082748413,2.0454955291748,2.56,0.84050301551819,0.90892558813095,2.12908580780029,1.57827251434326,2.33242956161499,2.26503040313721,1.84973072052002,0.9756543636322,1.33240993499756,,,,,,,,,,,,,,1.82254722595215,1.77818933486938,1.02014534391165,,0,0,0,97,0,0,0,0,0,0,0,97,0,0,0,0,"{""fa_nissuu"":0,""foreign_scout"":true,""foreign_signed_year"":2055,""quality_tier"":""ace""}"
75671,深江 欧来,8,1,starter,40,22,R,L,186,88,8452,2,0,75671,false,false,,支配下,通常,0,0,,0,0,0,,,-0.33233774185181,-0.27030670166016,-1.15903564453125,0.10913299560547,-0.58149597167969,-1.04981483459473,-0.48859477043152,-0.94635589599609,1.15517562866211,0.41782531738281,0.16410308837891,-0.27881372451782,-1.16704321861267,0.54011627197266,-0.15168651580811,0.39646820068359,0.20821350097656,0.46155090332031,1.088115234375,-0.01730262756348,0.83548202514648,-0.24613814353943,-1.16477565765381,-1.04080694198608,0.66850402832031,1.11151962280273,-0.04276579856873,-0.48987910270691,0.98545206069946,1.42133037990332,1.22883605528064,-0.15462565031648,0.18096096425131,0.46031934762299,-0.91952625383809,0.22574903690815,0.26570262064785,1.33848448072374,0.57744051644728,-0.64943115234375,0.57391326904297,0.00439300537109,144,0,0,0,0,0,0,0,0,0,0,0,0,0,0,0,0,"{""draft_candidate"":true,""draft_candidate_id"":307,""draft_lottery"":false,""draft_method"":""cpu"",""draft_overall_pick"":13,""draft_round"":2,""draft_source"":""high_school"",""draft_year"":2034,""fa_nissuu"":352,""rookie_year"":true}"
75887,古沢 貴光,8,3,fielder,38,20,R,R,176,73,6057,1,0,75887,false,false,,支配下,通常,0,0,,0,0,0,,,-0.32920840149745,2.27646316646785,2.08686544404924,1.03302814474404,1.97797922484204,0.90738026395887,-1.46402368233539,1.78843895274401,1.36,0.94557098388672,1.36,1.36,-0.02372329711914,-1.99021515967138,-1.80903909679689,-1.80472512285411,-2.58632679596543,-1.30255855952203,-2.31694565883279,0.68355316162109,0.90206481933594,0.54618372917175,-0.49148574829102,0.63714111328125,0.61534851074219,0.13460037231445,,,,,,,,,,,,,,-1.05149708330631,0.69392255354375,0.50365706428885,,0,0,78,48,0,0,0,0,0,0,78,48,0,0,0,0,"{""draft_candidate"":true,""draft_candidate_id"":168,""draft_lottery"":false,""draft_method"":""single_bid"",""draft_overall_pick"":4,""draft_round"":1,""draft_source"":""high_school"",""draft_year"":2036,""fa_nissuu"":242,""rookie_year"":true}"
75957,寺戸 倫生,8,8,fielder,38,20,R,R,189,98,5795,7,0,75957,false,false,,支配下,通常,0,0,,0,0,0,,,0.76955525044631,2.10476427884176,0.27430301582403,0.86942275206442,1.61915477509797,0.93689968496598,-0.30859663727134,0.95322849725187,1.08921829223633,-0.48637125015259,0.96962493896484,0.01904071807861,0.2607502746582,-0.6009987449646,-0.2297597026825,1.36,1.0296826171875,1.0770573425293,0.3839574432373,1.8795572867319,3.66735449782759,2.07619233687222,2.93077456854284,1.76519486200809,1.48994501299784,3.43388787615392,,,,,,,,,,,,,,2.61993622803837,2.06457838403881,1.02155048144609,,0,100,0,100,100,0,0,0,0,100,0,100,100,0,0,0,"{""draft_candidate"":true,""draft_candidate_id"":58,""draft_lottery"":false,""draft_method"":""cpu"",""draft_overall_pick"":74,""draft_round"":7,""draft_source"":""high_school"",""draft_year"":2036,""fa_nissuu"":129,""rookie_year"":true}"
76312,大塚 頼正,8,7,fielder,34,16,R,R,192,87,17007,1,0,76312,false,false,,支配下,通常,0,0,,0,0,0,,,0.48020379144698,0.65527742445841,1.52442588560283,2.77078900970817,-0.28838404813409,2.07114358251095,-0.05287858556584,2.1551086126715,0.46660583496094,1.11035461425781,-0.23190616607666,1.30576637268066,0.41403160095215,1.36,1.07857999801636,1.11674621582031,0.37501449584961,-0.51214295387268,1.36,-0.71173808318377,-0.97840054080635,-1.53819598922879,-0.73097825679183,-0.1410035777092,-0.42932745560984,-0.02245963678323,,,,,,,,,,,,,,0.77683535264283,1.60286323378086,2.19531566172168,,0,50,58,79,65,0,0,0,0,50,58,79,65,0,0,0,"{""draft_candidate"":true,""draft_candidate_id"":63,""draft_lottery"":false,""draft_method"":""rebid_single"",""draft_overall_pick"":11,""draft_round"":1,""draft_source"":""high_school"",""draft_year"":2040,""fa_nissuu"":239,""rookie_year"":true}"
76435,金津 幾一郎,8,4,fielder,33,15,L,R,192,94,4456,2,0,76435,false,false,,支配下,通常,0,0,,0,0,0,,,0.85559823668003,0.20359712733328,1.46342421453819,0.642076866436,1.03037974729389,0.58674345065206,0.50105897969753,1.41422115577012,-0.7624741268158,0.09597946166992,-0.79242880761623,0.78003730773926,0.79540466308594,2.83923250991106,2.2951047997619,2.44418954150379,3.00235969991609,3.08081588975713,0.48744439473748,-0.14560478210449,0.5897607421875,-0.49023058414459,1.20068084716797,0.74708435058594,-0.05615013122559,1.24579330444336,,,,,,,,,,,,,,1.87273414438516,1.52608364904374,1.3824360009321,,0,0,67,58,0,89,0,78,0,0,67,58,0,89,0,78,"{""draft_candidate"":true,""draft_candidate_id"":25,""draft_lottery"":false,""draft_method"":""cpu"",""draft_overall_pick"":24,""draft_round"":2,""draft_source"":""high_school"",""draft_year"":2041,""fa_nissuu"":51,""rookie_year"":true}"
76436,新実 寛大,8,1,reliever,33,15,L,L,172,88,7113,3,0,76436,false,false,,支配下,通常,0,0,,0,0,0,,,-0.64919451713562,0.3109928894043,0.83631820678711,0.63103759765625,-0.06868316650391,-1.51208933830261,0.84479690551758,0.28221422195435,1.6,0.6730500793457,1.28905487060547,1.23095027923584,1.20875671386719,0.47950752258301,1.6,-0.54365456223488,-0.01875545501709,1.15657943725586,0.58305671691895,0.61666000366211,1.54407638549805,0.6921869468689,-0.44511325836182,1.18137176513672,0.12047332763672,1.58151443481445,0.89413696289063,1.48658763885498,0.08879496574402,1.25202486906946,1.30073278778791,0.30986746763438,1.38724643419683,1.56127081466913,1.61394715154171,1.15429245761037,1.12020560713485,2.08617040554155,0.33001703077853,0.77987487792969,-0.94914394378662,-0.36770713806152,149,0,0,0,0,0,0,0,0,0,0,0,0,0,0,0,0,"{""draft_candidate"":true,""draft_candidate_id"":158,""draft_lottery"":false,""draft_method"":""cpu"",""draft_overall_pick"":25,""draft_round"":3,""draft_source"":""high_school"",""draft_year"":2041,""fa_nissuu"":125,""rookie_year"":true}"
76459,長橋 龍男,8,1,reliever,33,15,R,R,177,72,9225,4,0,76459,false,false,,支配下,通常,0,0,,0,0,0,,,-0.936636505723,-0.82392517089844,-0.77441139221191,-0.8691561126709,-0.84954879760742,0.36830917358398,-0.18194555282593,-0.87366952896118,1.30782012939453,1.35071151733398,-0.50410743713379,-0.14297918319702,-0.69836185455322,0.67192138671875,-0.15732023239136,0.86068176269531,0.27922943115234,-0.04124053955078,0.89222106933594,1.47377639770508,0.575009765625,-0.05714671134949,0.93994583129883,1.38527847290039,-0.06724487304687,1.6,0.74955432891846,0.88083890914917,-0.52545058727264,1.08828860845161,1.66988689549267,0.65685172290355,0.34557895386219,0.79570691080801,1.65178759444132,2.5528797853291,1.70962650542334,1.24957492318749,0.82808032417465,-0.17602203369141,0.34137451171875,-1.49577457427979,146,0,0,0,0,0,0,0,0,0,0,0,0,0,0,0,0,"{""draft_candidate"":true,""draft_candidate_id"":27,""draft_lottery"":false,""draft_method"":""cpu"",""draft_overall_pick"":48,""draft_round"":4,""draft_source"":""high_school"",""draft_year"":2041,""fa_nissuu"":109,""rookie_year"":true}"
76526,仲谷 典文,8,7,fielder,36,14,R,R,189,80,4496,1,0,76526,false,false,,支配下,通常,0,0,,0,0,0,,,0.16270956467092,1.01994390276335,0.75487358779609,1.45480595628595,0.72568620762229,1.30371148014814,-0.06862235005107,1.54024727879465,1.0309158706665,0.66163768768311,0.0660125207901,1.17027643203735,0.82788509368897,1.87718370928615,0.78605465690419,0.66645053061843,0.98084950555861,1.8599986312557,0.79884875456989,0.86748682403564,0.9770094332695,0.52349925884604,0.96198294055462,-0.25555294430256,1.13591929388046,1.3916259393692,,,,,,,,,,,,,,1.76484763421863,1.46775627376288,1.06797295443825,,0,0,0,98,0,63,0,81,0,0,0,98,0,63,0,81,"{""draft_candidate"":true,""draft_candidate_id"":261,""draft_lottery"":true,""draft_method"":""lottery"",""draft_overall_pick"":6,""draft_round"":1,""draft_source"":""university"",""draft_year"":2042,""fa_nissuu"":118,""rookie_year"":true}"
76543,丸岡 尊郎,8,1,reliever,32,14,L,R,189,86,10524,2,0,76543,false,false,,支配下,通常,0,0,,0,0,0,,,0.0769864654541,-0.86233543395996,-0.55369735717773,0.39803009033203,-2,-0.83555267333984,0.59124538421631,-1.76694522857666,0.01021469116211,0.77534118652344,1.14275177001953,0.49476360321045,-1.07600365638733,0.42317596435547,-0.39497919082642,0.32569915771484,0.10408027648926,0.1807194519043,1.34024841308594,1.25020431518555,-0.69011905670166,-0.02377122879028,1.22402038574219,-0.44662490844727,1.41956924438477,0.88239166259766,-0.50697741508484,1.09460136413574,-0.5436074924469,2.10513731351495,0.14832772300392,1.51177295661066,1.64682979136705,-0.22991710692048,0.74474987286783,-0.66244664412178,1.7361750125587,-0.03956720727682,1.54954370962065,-1.93759205818176,0.68330474853516,-0.77368698120117,144,0,0,0,0,0,0,0,0,0,0,0,0,0,0,0,0,"{""draft_candidate"":true,""draft_candidate_id"":250,""draft_lottery"":false,""draft_method"":""cpu"",""draft_overall_pick"":23,""draft_round"":2,""draft_source"":""high_school"",""draft_year"":2042,""fa_nissuu"":63,""rookie_year"":true}"
76643,海田 博宣,8,1,reliever,31,13,R,R,192,92,11196,1,0,76643,false,false,,支配下,通常,0,0,,0,0,0,,,0.9431128692627,-0.09715682983398,0.78105728149414,-0.27483909606934,-0.77702560424805,-0.91982025146484,0.79875492095947,-1.21520511746407,1.22380294799805,1.6,-0.01605175018311,0.51895164489746,1.3315168762207,0.50708885192871,0.46880904197693,1.3189762878418,0.37115211486816,0.80755722045898,1.44675277709961,-0.38529999732971,-0.43759287834167,-0.26667958319187,1.04561782836914,0.80756958007813,0.7720002746582,0.70247444152832,-0.27054415345192,1.6,1.6,1.28187408843637,1.67129329953715,2.26192759869806,2.55335899615288,2.55048983201385,1.37912726555578,2.11359439509921,1.52383621332049,2.08959781056643,1.35904189983755,0.7203190612793,0.56293853759766,0.82646697998047,145,0,0,0,0,0,0,0,0,0,0,0,0,0,0,0,0,"{""draft_candidate"":true,""draft_candidate_id"":106,""draft_lottery"":false,""draft_method"":""rebid_single"",""draft_overall_pick"":11,""draft_round"":1,""draft_source"":""high_school"",""draft_year"":2043,""fa_nissuu"":113,""rookie_year"":true}"
76748,蓮沼 寛太,8,1,starter,30,12,R,R,179,87,15581,1,0,76748,false,false,,支配下,通常,0,0,,0,0,0,,,-0.23546962738037,0.2966357421875,0.01036422729492,-1.18869413375855,-1.13275659561157,-0.5680940246582,-0.46585298538208,0.60029594421387,1.32385772705078,1.6,1.6,1.6,1.6,1.50919143676758,0.24919741153717,1.6,1.6,0.13266750335693,-0.13979330062866,1.6,-0.17949600219727,1.53056615829468,1.6,0.33957313537598,1.27419174194336,1.54996505737305,1.50966207504272,1.6,0.46704962730408,2.37752080635726,2.12028398174793,-0.6278141903691,1.49522066547722,2.19489182732254,1.46140347829461,1.90394851914048,2.31223343473673,0.53808322663605,2.51253121540695,0.64257827758789,-0.80021667480469,-0.59162864685059,149,0,0,0,0,0,0,0,0,0,0,0,0,0,0,0,0,"{""draft_candidate"":true,""draft_candidate_id"":237,""draft_lottery"":true,""draft_method"":""lottery"",""draft_overall_pick"":10,""draft_round"":1,""draft_source"":""high_school"",""draft_year"":2044,""fa_nissuu"":69,""rookie_year"":true}"
76783,地引 和純,8,9,fielder,30,12,L,R,181,87,4601,4,0,76783,false,false,,支配下,通常,0,0,,0,0,0,,,1.46767303924263,1.85620652288348,2.62258729894981,1.51605289622843,0.59223401063681,0.79810946270823,1.28549718824588,1.04647219213843,0.36088150024414,1.19117736816406,-0.01485641479492,0.86830299377441,-0.72522480010986,-0.68997001647949,-0.92435537576675,-0.11872909545898,1.23453674316406,-0.6796448135376,1.00463638305664,-0.39341209107637,-1.93131307742,-1.57948931998666,0.74344592800736,-0.21805169484019,-0.58922331674397,-1.66262890103459,,,,,,,,,,,,,,2.06863506491035,1.38743075358681,-0.02441434678137,,0,49,0,97,92,0,0,0,0,49,0,97,92,0,0,0,"{""draft_candidate"":true,""draft_candidate_id"":30,""draft_lottery"":false,""draft_method"":""cpu"",""draft_overall_pick"":45,""draft_round"":4,""draft_source"":""high_school"",""draft_year"":2044,""fa_nissuu"":28,""rookie_year"":true}"
76790,阪下 鴻志,8,2,fielder,34,12,R,L,176,77,8425,5,0,76790,false,false,,支配下,通常,0,0,,0,0,0,,,0.97589711308852,1.07113175220042,1.54265307754278,1.8241402513504,1.09424243671075,1.26951459462643,1.4463231726177,0.5388473033905,2.84345337058418,2.0866025752984,2.56820065242797,2.93802560195699,3.79373381371796,1.21092849731445,0.02180025100708,1.2274751663208,0.09117835998535,0.68995498657227,0.77940280914307,0.6859797668457,0.42891353607178,0.35230762481689,1.02740520477295,0.33045909881592,0.2453525352478,1.27043182373047,,,,,,,,,,,,,,0.96441556278765,0.99375943105221,1.25656332601607,,71,0,0,0,0,0,0,0,71,0,0,0,0,0,0,0,"{""draft_candidate"":true,""draft_candidate_id"":265,""draft_lottery"":false,""draft_method"":""cpu"",""draft_overall_pick"":52,""draft_round"":5,""draft_source"":""industrial"",""draft_year"":2044,""fa_nissuu"":44,""rookie_year"":true}"
76899,山野 孝央,8,4,fielder,29,11,L,R,173,95,2966,5,0,76899,false,false,,支配下,通常,0,0,,0,0,0,,,0.06159597426653,1.5079840021655,1.57568385447562,0.55986587552493,2.46766930571199,0.48884832841158,0.87250357552618,0.18175898101926,-0.30294509887695,0.24585632324219,-0.50909736633301,0.4930256652832,0.80252227783203,-0.35133570918441,-0.53980718190013,1.53785115965083,1.31725884819031,-0.07469827595353,-0.36208095419407,-0.67359657287598,-0.73201473236084,0.35913114547729,0.11537384033203,-0.3688257598877,0.91849090576172,-0.72978382110596,,,,,,,,,,,,,,0.70929016699642,0.34237739595771,-0.03279576633871,,0,0,0,0,0,86,0,87,0,0,0,0,0,86,0,87,"{""draft_candidate"":true,""draft_candidate_id"":100,""draft_lottery"":false,""draft_method"":""cpu"",""draft_overall_pick"":56,""draft_round"":5,""draft_source"":""high_school"",""draft_year"":2045,""fa_nissuu"":14,""released_from_team"":6,""released_signed_year"":2054,""rookie_year"":true}"
76966,生駒 容太郎,8,1,reliever,32,10,L,R,193,76,10381,1,0,76966,false,false,,支配下,通常,0,0,,0,0,0,,,-0.05115665435791,0.83996410369873,0.85850124359131,0.78158664703369,0.56924335479736,-0.69619516372681,0.55491897583008,-0.61671395778656,0.14746671676636,1.0491556930542,0.45410177230835,0.41245010375977,0.63736740112305,1.59700336456299,0.17194247126579,1.45386936187744,0.70616533279419,0.09809769153595,0.38842012405396,0.10216124534607,0.83894357681274,1.13522832870483,-0.06316324472427,0.16238986968994,1.6,0.53285205841064,1.58620002746582,1.3546994972229,0.83293779373169,0.91762527707592,0.65496688790619,0.42637761454377,1.98533926549554,0.5591291146934,0.89042422732711,1.79296047258377,2.14573269043304,0.78278547778726,0.8881902934581,0.62875411987305,1.12148685455322,-0.6000394153595,152,0,0,0,0,0,0,0,0,0,0,0,0,0,0,0,0,"{""draft_candidate"":true,""draft_candidate_id"":54,""draft_lottery"":false,""draft_method"":""rebid_single"",""draft_overall_pick"":12,""draft_round"":1,""draft_source"":""university"",""draft_year"":2046,""fa_nissuu"":63,""rookie_year"":true}"
76980,松平 裕志,8,1,starter,32,10,R,R,179,92,14115,3,0,76980,false,false,,支配下,通常,0,0,,0,0,0,,,-0.03749561309814,0.80086246490479,0.72055778503418,0.62344104766846,-0.65744287490845,-0.13972761154175,-0.23406639099121,0.6044017791748,1.6,0.32610554695129,0.9064354133606,1.1720192527771,0.95694150924683,0.24967349052429,0.84468527793884,1.5647034072876,1.40217613220215,1.6,0.44291204452515,1.53649463653564,0.31007117271423,0.50452784061432,0.87440437316895,0.904680519104,0.85281972885132,1.44950855255127,0.28486222982407,0.60916987419128,0.88807884216309,2.57633174199611,1.87442829449102,1.00243573630229,1.97388095584512,1.64782903394103,2.20528188237548,1.51975952419639,1.42924777346104,2.6886917822659,1.54256847810745,0.73664726257324,-0.03593807220459,0.29094646453857,142,0,0,0,0,0,0,0,0,0,0,0,0,0,0,0,0,"{""draft_candidate"":true,""draft_candidate_id"":277,""draft_lottery"":false,""draft_method"":""cpu"",""draft_overall_pick"":26,""draft_round"":3,""draft_source"":""university"",""draft_year"":2046,""fa_nissuu"":62,""released_from_team"":7,""released_signed_year"":2052,""rookie_year"":true}"
77048,下川 直紘,8,5,fielder,31,10,R,R,172,91,2725,1,0,77048,false,false,,支配下,通常,0,0,,0,0,0,,,0.10704921950027,0.57207008829713,1.52326365856826,1.41066284818649,1.96415144330263,1.89227593057677,1.42528694373183,1.12360149493814,-0.90280486643314,1.06476324081421,-0.06109438896179,0.94187035560608,0.89479296684265,0.59361336523294,0.72819636086375,0.06622655732726,1.46254475883441,0.97583632339537,1.12852909076214,0.22598753929138,-0.50899074792862,-0.18363190174103,-0.18514166355133,-0.21605053424835,-0.95892505108379,0.3431983757019,,,,,,,,,,,,,,1.54127931104414,2.15582013027929,1.26320949299335,,0,0,50,56,54,60,0,72,0,0,50,56,54,60,0,72,"{""draft_candidate"":true,""draft_candidate_id"":281,""draft_lottery"":false,""draft_method"":""cpu"",""draft_overall_pick"":94,""draft_round"":1,""draft_source"":""university"",""draft_year"":2046,""fa_nissuu"":2,""released_from_team"":3,""released_signed_year"":2055,""rookie_year"":true}"
77070,松久 清恭,8,1,starter,27,9,R,R,187,77,9818,1,0,77070,false,false,,支配下,通常,0,0,,0,0,0,,,0.52862010955811,-1.04624141693115,-1.00535022735596,-1.09511157989502,0.36783645629883,-0.35915107727051,0.18847721099854,0.7517275428772,1.06251403808594,0.20456436157227,-0.06393405914307,1.17192533493042,0.0647830581665,1.26213439941406,0.62014294624329,1.6,1.38739105224609,0.71612106323242,0.15910343170166,1.6,1.6,0.88892366409302,1.17806838989258,0.43360778808594,-0.02609512329102,-0.29453176498413,0.07085954666138,1.34653453826904,1.6,2.662273036623,0.52077460584193,0.83611960311234,1.92559553489089,2.88603590276837,2.31707233452797,1.78271833044291,2.09182982169986,1.77122775164247,1.704191270262,-0.01248046875,0.27186370849609,0.59380432128906,152,0,0,0,0,0,0,0,0,0,0,0,0,0,0,0,0,"{""draft_candidate"":true,""draft_candidate_id"":98,""draft_lottery"":false,""draft_method"":""rebid_single"",""draft_overall_pick"":8,""draft_round"":1,""draft_source"":""high_school"",""draft_year"":2047,""fa_nissuu"":23,""rookie_year"":true}"
77082,座間 駿吾,8,1,reliever,27,9,R,R,187,88,5342,2,0,77082,false,false,,支配下,通常,0,0,,0,0,0,,,-0.55635952949524,-0.58777740478516,-1.20892883300781,-0.64122970581055,-2,-2,0.59722640991211,-1.40134323120117,0.38014022827148,-0.95228698730469,-1.45093734741211,0.16748952865601,-1.29256620407105,-0.74237968444824,0.5056568145752,-1.03746299743652,0.90134078979492,0.40750625610352,-1.40295501708984,0.3948664855957,-1.49715046882629,0.45505432128906,0.20817642211914,-0.46978294372559,0.54895217895508,-0.28478866577148,-0.20570205688477,-0.95703370571136,-0.03278114318848,1.56017047344148,0.93292405460775,2.08814547919482,1.57321210764349,1.01561172889173,-1.01449331666483,0.80060723920912,1.79035016095638,1.32949066081643,0.09279738464952,-2,-0.05404144287109,-1.68313247680664,145,0,0,0,0,0,0,0,0,0,0,0,0,0,0,0,0,"{""draft_candidate"":true,""draft_candidate_id"":17,""draft_lottery"":false,""draft_method"":""cpu"",""draft_overall_pick"":20,""draft_round"":2,""draft_source"":""high_school"",""draft_year"":2047,""fa_nissuu"":62,""rookie_year"":true}"
77175,海老 廣宣,8,1,reliever,26,8,R,R,175,89,5154,1,0,77175,false,false,,支配下,通常,0,0,,0,0,0,,,-0.05024854660034,-1.41819211006165,0.35114868164062,-0.71659217834473,-1.12531028747559,0.48618347167969,0.87602245330811,-0.89460419654846,0.16244163513184,1.6,0.92372039794922,0.24686764717102,1.6,0.34933601379395,0.26562108039856,1.6,-0.18099697113037,0.02055130004883,1.44204162597656,0.90682144165039,-0.31069894790649,0.16003061294556,-0.01049411773682,1.11697525024414,0.05416900634766,1.6,1.21839555740356,0.39659724235535,0.44150414466858,0.4724308976382,1.10189071346819,1.52798133690655,0.9414343496263,0.45586914089322,1.09396990457177,1.77515838259459,1.61616961658001,2.15653945109248,0.25689196150564,0.36861770629883,-0.63116111755371,-0.69919815063477,152,0,0,0,0,0,0,0,0,0,0,0,0,0,0,0,0,"{""draft_candidate"":true,""draft_candidate_id"":21,""draft_lottery"":false,""draft_method"":""rebid_single"",""draft_overall_pick"":10,""draft_round"":1,""draft_source"":""high_school"",""draft_year"":2048,""fa_nissuu"":34,""rookie_year"":true}"
77180,野上 壮人,8,3,fielder,29,8,R,R,170,97,3196,2,0,77180,false,false,,支配下,通常,0,0,,0,0,0,,,0.83968237708881,2.04595849248767,1.58805403724313,1.56370031742379,1.4083002294302,1.26960668240115,-0.29863263564929,-0.0740451233387,-0.78532076478004,-1.01856006845832,0.48165817260742,-0.52467539787292,-1.01859677359462,-1.42677495896816,-1.37372897069901,-1.48202463313937,-1.86941763427109,-0.39182911151648,-1.28998909276724,0.11430021286011,0.51762570381165,0.57635738372803,0.74438580513,0.19334155082703,0.60443597793579,0.72822246551514,,,,,,,,,,,,,,-0.61354370180666,1.78579307661504,1.5853187632829,,0,0,97,71,0,0,0,0,0,0,97,71,0,0,0,0,"{""draft_candidate"":true,""draft_candidate_id"":112,""draft_lottery"":false,""draft_method"":""cpu"",""draft_overall_pick"":15,""draft_round"":2,""draft_source"":""university"",""draft_year"":2048,""fa_nissuu"":32,""rookie_year"":true}"
77204,百田 暢夫,8,4,fielder,31,8,R,L,181,98,6532,4,0,77204,false,false,,支配下,通常,0,0,,0,0,0,,,0.58003428970277,-0.02579438969493,0.59495559310913,1.43593776276112,2.02708762001991,1.25960897061005,1.25623668399453,0.36388698261976,0.69746315956116,1.12254001617432,1.02943787574768,0.4319763469696,0.25088089466095,3.52363466495276,2.78532908596937,2.81542945457995,3.39666792577505,2.59707007354498,2.92890097825602,0.8816261100769,0.27449917793274,-0.06225327968597,-0.24450137615204,0.52168656349182,0.05315477848053,-0.33818982601166,,,,,,,,,,,,,,1.57558828744441,2.25787373744249,0.3997896312058,,0,65,71,0,61,94,88,69,0,65,71,0,61,94,88,69,"{""draft_candidate"":true,""draft_candidate_id"":18,""draft_lottery"":false,""draft_method"":""cpu"",""draft_overall_pick"":39,""draft_round"":4,""draft_source"":""industrial"",""draft_year"":2048,""fa_nissuu"":28,""rookie_year"":true}"
77223,矢萩 辰耶,8,1,reliever,26,8,R,R,192,89,2285,5,0,77223,false,false,,支配下,通常,0,0,,0,0,0,,,-0.19862554550171,-1.11724739074707,-0.91169464111328,-0.68901321411133,-1.95024353981018,-0.53500640869141,-0.33241436004639,0.2663503074646,0.08571144104004,1.34110977172852,0.13754859924316,-0.52757521629334,1.14073471069336,-0.37014083862305,-0.41405212402344,0.97971176147461,0.25090179443359,0.9110530090332,0.68376876831055,1.3701823425293,-0.83439498901367,-0.46614744186401,1.3985090637207,-0.55164588928223,-0.04338386535645,0.52711639404297,0.87601131439209,1.1910675239563,0.75244306564331,0.33659566512704,0.85577818089724,0.86638869330939,0.4592406760091,0.18420618087798,-0.07174341511726,1.14623895590007,1.31236278963089,1.79447884918749,-0.08012465590239,-0.15663116455078,-1.67678565859795,-1.80313119888306,147,0,0,0,0,0,0,0,0,0,0,0,0,0,0,0,0,"{""draft_candidate"":true,""draft_candidate_id"":70,""draft_lottery"":false,""draft_method"":""cpu"",""draft_overall_pick"":58,""draft_round"":5,""draft_source"":""high_school"",""draft_year"":2048,""fa_nissuu"":0,""rookie_year"":true}"
77244,依田 恒之介,8,5,fielder,26,8,R,R,184,79,2285,7,0,77244,false,false,,支配下,通常,0,0,,0,0,0,,,-0.29638497766759,1.87031932774186,0.58734063724428,-0.16890706615448,1.88525999385118,-0.13593455104828,1.20826108963229,0.27222046545148,1.06365173339844,1.27335021972656,-0.37298366546631,1.2596551322937,0.5163272857666,1.17482986143231,1.61916111012548,1.55521145218611,1.88656959232688,0.3433157655336,0.13687937819958,1.24847091674805,1.36,0.88874544143677,-0.50822576522827,0.3636848449707,0.4116185760498,0.22770668029785,,,,,,,,,,,,,,1.66774749466777,1.32189631273597,1.97611126986891,,0,0,71,0,0,0,0,86,0,0,71,0,0,0,0,86,"{""draft_candidate"":true,""draft_candidate_id"":173,""draft_lottery"":false,""draft_method"":""cpu"",""draft_overall_pick"":79,""draft_round"":7,""draft_source"":""high_school"",""draft_year"":2048,""fa_nissuu"":0,""rookie_year"":true}"
77249,吉松 哲世,8,1,reliever,26,8,R,R,186,88,2285,8,0,77249,false,false,,支配下,通常,0,0,,0,0,0,,,0.4813171005249,-1.9586236000061,-0.07754272460937,-1.44238632202148,-1.58114036560059,-1.30119644165039,-0.43412132263184,-1.98312863230705,0.58545928955078,-0.35930061340332,0.09911285400391,0.12647632598877,0.64284301757813,0.97337615966797,-0.53965827941895,-0.8680863571167,1.15193450927734,-0.30814628601074,0.97778747558594,1.18734222412109,-0.14457275390625,-0.04726977348328,0.64047134399414,-0.77442440032959,-0.58387870788574,-0.2871150970459,-0.08138931274414,-1.05737571537495,0.9740651512146,1.64069685825706,2.28503413927555,1.02135208120197,1.22022406357527,0.95684072141349,0.9468351649642,0.47512725114822,0.52647828823328,2.03889486405998,0.79140151564777,0.20711349487305,0.28249404907227,-0.89509796142578,143,0,0,0,0,0,0,0,0,0,0,0,0,0,0,0,0,"{""draft_candidate"":true,""draft_candidate_id"":5,""draft_lottery"":false,""draft_method"":""cpu"",""draft_overall_pick"":84,""draft_round"":8,""draft_source"":""high_school"",""draft_year"":2048,""fa_nissuu"":0,""rookie_year"":true}"
77281,永木 禎秀,8,1,starter,28,7,L,R,177,80,9596,1,0,77281,false,false,,支配下,通常,0,0,,0,0,0,,,0.24634059906006,-0.2027855014801,0.3456086063385,-0.73749569892883,-0.5057159280777,-1.20479327559471,-0.63849862754345,-0.4319674539566,0.04812659025192,0.846116771698,0.93811575889587,-0.12272504538298,0.84780311584473,0.29164093971252,0.44658877372742,0.20421090126038,0.92584221839905,0.71451163291931,0.41976094245911,1.29874383926392,1.47681890487671,0.66143766403198,1.35253018379211,0.90709034919739,1.48500986099243,0.46595284938812,0.60432374000549,0.90829449653625,0.18936260938644,1.70345183181763,1.97859697392583,0.64624727251986,0.56385505329818,1.03308305056393,0.53218425139785,0.58634758687019,2.23834961274266,1.77482604579628,1.93584260085225,-0.40952507019043,0.40016481399536,-0.19771270751953,145,0,0,0,0,0,0,0,0,0,0,0,0,0,0,0,0,"{""draft_candidate"":true,""draft_candidate_id"":153,""draft_lottery"":true,""draft_method"":""lottery"",""draft_overall_pick"":2,""draft_round"":1,""draft_source"":""university"",""draft_year"":2049,""fa_nissuu"":32,""rookie_year"":true}"
77297,岡原 卓也,8,2,fielder,25,7,R,R,182,86,2334,2,0,77297,false,false,,支配下,通常,0,0,,0,0,0,,,0.50187396059465,0.3039896800518,1.53683285540342,2.05361693565846,1.59792923234403,1.82433476481885,0.74157269057259,1.58742281419039,1.9253364675194,3.76363725504279,2.71785931700468,0.80695051426245,2.48825345724821,-0.0353116607666,-0.91099168181419,-0.06086357116699,0.66694107055664,1.29817413330078,-0.99364870071411,0.28621673583984,-0.4781160736084,0.48789358139038,0.92594436645508,1.10837875366211,-1.19035506129265,0.701826171875,,,,,,,,,,,,,,-0.22300100956857,0.94381435604021,1.96014535999298,,91,0,0,0,0,0,0,0,91,0,0,0,0,0,0,0,"{""draft_candidate"":true,""draft_candidate_id"":110,""draft_lottery"":false,""draft_method"":""cpu"",""draft_overall_pick"":18,""draft_round"":2,""draft_source"":""high_school"",""draft_year"":2049,""fa_nissuu"":24,""rookie_year"":true}"
77310,萱沼 崇豊,8,2,fielder,28,7,R,L,193,88,2065,3,0,77310,false,false,,支配下,通常,0,0,,0,0,0,,,0.52911318022013,1.40721294802427,0.98722354602814,0.38185069880486,0.78483099776506,-0.06469819595814,-0.17509322080761,-0.16716384363174,2.98635538369417,3.37075184309483,2.66301374435425,1.716971507743,2.20291173636913,-0.12338881492615,-0.0276865530014,1.10106688499451,-0.30562401294708,-0.45986967325211,-0.76001725465059,-0.51509930372238,-0.56462614774704,0.42273677825928,0.48046347618103,0.42616473197937,0.46138083457947,0.30511381149292,,,,,,,,,,,,,,-0.22312282469869,1.83871710067987,-0.51067502931505,,70,0,0,0,0,0,0,0,70,0,0,0,0,0,0,0,"{""draft_candidate"":true,""draft_candidate_id"":310,""draft_lottery"":false,""draft_method"":""cpu"",""draft_overall_pick"":31,""draft_round"":3,""draft_source"":""university"",""draft_year"":2049,""fa_nissuu"":0,""rookie_year"":true}"
77321,田倉 英嘉,8,6,fielder,25,7,L,L,185,76,2065,4,0,77321,false,false,,支配下,通常,0,0,,0,0,0,,,0.26733954484016,-0.46579871869087,0.52971192413569,1.91362998897433,0.13206203454733,1.95729275010005,0.19919862308353,-0.12824430352449,0.28018218994141,-1.13863819122314,0.92370147705078,0.13797456741333,0.68309005737305,1.12896259462833,1.9138863144815,3.33024766784906,3.15935927087069,2.95064247754216,1.78835738009214,0.80600036621094,0.40652603149414,-1.01831404685974,-0.053369140625,-0.49476501464844,0.67660125732422,0.24657363891602,,,,,,,,,,,,,,1.68747921830416,1.5864042866081,0.49072796507925,,0,0,64,66,0,68,82,72,0,0,64,66,0,68,82,72,"{""draft_candidate"":true,""draft_candidate_id"":189,""draft_lottery"":false,""draft_method"":""cpu"",""draft_overall_pick"":42,""draft_round"":4,""draft_source"":""high_school"",""draft_year"":2049,""fa_nissuu"":0,""rookie_year"":true}"
77334,功刀 宗二,8,1,reliever,25,7,L,R,184,83,2065,5,0,77334,false,false,,支配下,通常,0,0,,0,0,0,,,0.12787147521973,-0.80076301574707,-1.71056077957153,0.56324462890625,0.10434509277344,-1.01300048828125,-0.22326856613159,0.1510112953186,-0.95056680738926,0.71825164794922,0.536474609375,-0.395828166008,1.5256330871582,0.95300216674805,0.0158286190033,1.17080291748047,0.87408462524414,-0.40771850585938,-0.21732704162598,-0.92126388072968,0.14283821105957,-0.08604741096497,-0.52079921722412,1.51539398193359,0.20875350952148,1.27079238891602,1.080703125,0.03327507972717,-0.01200519561768,1.64971910810471,-0.04278942130134,1.37359715594351,0.10589262375981,0.02064313471317,-0.58390474367142,0.57332112098485,1.08812956020236,0.75352587506175,0.8979626974687,-0.88398155212402,0.72783355712891,-0.8440754699707,146,0,0,0,0,0,0,0,0,0,0,0,0,0,0,0,0,"{""draft_candidate"":true,""draft_candidate_id"":150,""draft_lottery"":false,""draft_method"":""cpu"",""draft_overall_pick"":55,""draft_round"":5,""draft_source"":""high_school"",""draft_year"":2049,""fa_nissuu"":0,""rookie_year"":true}"
77345,芳村 倫理,8,2,fielder,28,7,R,R,191,86,2065,6,0,77345,false,false,,支配下,通常,0,0,,0,0,0,,,0.51283021026221,1.29441194335371,-0.42474473404884,2.0341873485446,0.46898497124761,2.23463924840093,-0.01387259745598,1.24144606565312,2.51536071653664,2.25564215785265,1.63553646631539,2.85666322807968,3.10032527860254,0.41366822242737,-0.15294675588608,0.90201498985291,0.23073744773865,0.3511647605896,-0.18037941932678,1.2556601524353,0.2829027223587,0.50972832679749,0.20788755893707,0.83367118835449,0.37085861206055,0.08022342205048,,,,,,,,,,,,,,0.7674399760782,0.42142364621162,2.18348153930903,,75,0,0,0,0,0,0,0,75,0,0,0,0,0,0,0,"{""draft_candidate"":true,""draft_candidate_id"":84,""draft_lottery"":false,""draft_method"":""cpu"",""draft_overall_pick"":66,""draft_round"":6,""draft_source"":""university"",""draft_year"":2049,""fa_nissuu"":0,""rookie_year"":true}"
77390,丸子 洸矢,8,8,fielder,24,6,R,L,192,93,2397,1,0,77390,false,false,,支配下,通常,0,0,,0,0,0,,,0.14756898010522,1.44245922961831,0.79581791493297,2.19459969832748,-0.20060837157071,1.81823889983445,-0.27366040735692,-0.26814240077138,0.83206512451172,-0.67306488037109,-0.56589458465576,-0.6107842373848,0.04130264282227,0.62514892578125,-0.29395377159119,1.20757293701172,0.42221893310547,1.20186584472656,1.36,1.94434653425217,2.33869763541222,1.96959184487909,0.97920957356691,0.33743248814344,2.16669452887774,2.87136202418804,,,,,,,,,,,,,,1.90800239051878,2.01927554488182,0.18218421271443,,0,74,46,64,72,0,0,0,0,74,46,64,72,0,0,0,"{""draft_candidate"":true,""draft_candidate_id"":295,""draft_lottery"":false,""draft_method"":""single_bid"",""draft_overall_pick"":2,""draft_round"":1,""draft_source"":""high_school"",""draft_year"":2050,""fa_nissuu"":24,""rookie_year"":true}"
77405,小塩 人大,8,9,fielder,30,6,R,R,183,82,1845,2,0,77405,false,false,,支配下,通常,0,0,,0,0,0,,,0.02946232610196,0.82247209209204,0.25773967884481,1.63423523420095,0.47990503701568,2.01693482330441,0.00962399941497,1.38675786148012,0.22939659118652,-0.10606628894806,1.03432641983032,0.23357755661011,-0.21118108868599,0.06140135288239,0.65657508850098,0.88627429962158,0.01615129470825,1.09384828567505,1.30680271148682,1.41056472527981,2.27549843535013,1.40431057658047,2.99711728775501,1.78489342361689,2.59707743489742,1.29221209607273,,,,,,,,,,,,,,1.19795826738328,1.33455973592326,1.36263837593794,,0,82,0,80,98,0,0,0,0,82,0,80,98,0,0,0,"{""draft_candidate"":true,""draft_candidate_id"":132,""draft_lottery"":false,""draft_method"":""cpu"",""draft_overall_pick"":17,""draft_round"":2,""draft_source"":""industrial"",""draft_year"":2050,""fa_nissuu"":0,""rookie_year"":true}"
77420,天本 智視,8,9,fielder,27,6,R,R,171,75,6681,3,0,77420,false,false,,支配下,通常,0,0,,0,0,0,,,1.17613106283546,0.01885790389776,2.22772153249383,2.19050914670825,1.16169240254164,1.40430002291799,0.55650742855109,1.5577391384691,0.16737661838532,-0.37621462583542,1.1872652721405,0.74798532485962,-0.22894825696945,0.24975338935852,0.77049880981445,-0.13645047664642,0.30815864562988,1.11302955627441,0.69956232070923,1.84279784291238,1.79244260285795,1.76737289788388,2.63789669641736,1.69290736967325,2.28959391026199,1.91212326993048,,,,,,,,,,,,,,0.80433493083715,1.76929632624984,0.03914475893974,,0,94,0,100,92,0,0,0,0,94,0,100,92,0,0,0,"{""draft_candidate"":true,""draft_candidate_id"":170,""draft_lottery"":false,""draft_method"":""cpu"",""draft_overall_pick"":32,""draft_round"":3,""draft_source"":""university"",""draft_year"":2050,""fa_nissuu"":23,""rookie_year"":true}"
77429,折井 愛士,8,1,starter,24,6,L,L,171,84,1845,4,0,77429,false,false,,支配下,通常,0,0,,0,0,0,,,0.48519870758057,0.93240173339844,1.00532623291016,-0.09443969726562,0.00840194702148,-0.52706520080566,-0.88571065664291,-0.19938367843628,0.19805885314941,0.00277275085449,-0.16315858840942,0.75244243621826,-0.02851589202881,-0.2182643699646,-0.21466745734215,-0.30012147903442,0.90603271484375,1.44649398803711,1.4509814453125,1.6,1.04453948974609,0.09463242053986,1.6,0.25615867614746,0.25172889709473,1.36956878662109,1.54152551651001,1.56142370223999,-0.16003300428391,1.89782188946009,1.99395549929142,1.35195665900409,1.77157693190128,1.77894610918313,0.503510287866,2.26889089885354,-0.06559566985816,1.30178204745054,1.19038072550297,-0.69176628112793,0.74667388916016,-0.20514175415039,140,0,0,0,0,0,0,0,0,0,0,0,0,0,0,0,0,"{""draft_candidate"":true,""draft_candidate_id"":100,""draft_lottery"":false,""draft_method"":""cpu"",""draft_overall_pick"":41,""draft_round"":4,""draft_source"":""high_school"",""draft_year"":2050,""fa_nissuu"":0,""rookie_year"":true}"
77453,福村 叡吾,8,1,reliever,24,6,R,R,183,99,1845,6,0,77453,false,false,,支配下,通常,0,0,,0,0,0,,,0.83533618927002,-2,-1.21872428894043,-2,-2,-1.75936897277832,-0.18310958862305,-0.28710390090942,-1.0446333694458,0.59053161621094,-0.96665451049805,0.4650532913208,0.836025390625,-0.82815406799316,-0.45955578804016,-0.22733085632324,0.31641571044922,-1.18457105636597,-0.75071136474609,0.78335357666016,1.10874908447266,0.59496534347534,-1.17267824172974,0.65409713745117,0.2869303894043,0.69239013671875,-0.7753805398941,-0.82153636932373,-0.17686106681824,1.39076073938608,-0.99431824034452,0.54493482130766,1.17444165416807,-0.72382363896072,0.51627124491334,0.54263920986652,1.24049508373439,-0.03589423841238,0.727492800951,-0.28905990600586,-1.37496807098389,-0.65397750854492,154,0,0,0,0,0,0,0,0,0,0,0,0,0,0,0,0,"{""draft_candidate"":true,""draft_candidate_id"":316,""draft_lottery"":false,""draft_method"":""cpu"",""draft_overall_pick"":65,""draft_round"":6,""draft_source"":""high_school"",""draft_year"":2050,""fa_nissuu"":0,""rookie_year"":true}"
77477,塚原 幸生,8,1,reliever,24,6,R,R,190,87,1845,1,0,77477,false,false,,支配下,通常,0,0,,0,0,0,,,0.85951950073242,-2,-0.24060150146484,-1.07716812133789,-1.85478591918945,-1.0381755065918,-0.05024459838867,-2,-1.05853424072266,0.30299453735352,0.44826751708984,-0.65542797088623,-0.47418296813965,-0.04013244628906,0.38684888839722,0.14038726806641,-0.25410232543945,0.55018035888672,-1.5731850361824,-1.27848056793213,-1.3929220199585,-1.204122838974,0.76247299194336,-0.14818115234375,0.03291259765625,-0.66362426757812,-1.26501018047333,0.73690616607666,-0.39740951538086,0.89925383914262,0.69515900349617,-0.30168352161348,0.70180557072163,0.39424158137292,0.93043702179193,0.11155762660503,0.95081376230717,0.96255456483364,0.74496512252092,-1.76341506958008,-0.34617111206055,-0.80604766845703,141,0,0,0,0,0,0,0,0,0,0,0,0,0,0,0,0,"{""draft_candidate"":true,""draft_candidate_id"":63,""draft_lottery"":false,""draft_method"":""cpu"",""draft_overall_pick"":89,""draft_round"":1,""draft_source"":""high_school"",""draft_year"":2050,""fa_nissuu"":0,""rookie_year"":true}"
77501,出雲 博布,8,1,starter,23,5,L,R,171,89,1626,1,0,77501,false,false,,支配下,通常,0,0,,0,0,0,,,0.39944080352783,0.29768783569336,0.15945053100586,1.01922744750977,-0.583955078125,-0.74794628143311,0.49816829681396,-0.48043683052063,1.6,0.37948989868164,1.6,1.6,0.28216209411621,1.29032257080078,1.6,-0.05501955032349,-0.22100005149841,0.56715705871582,0.97413208007813,0.18556625366211,1.3714533996582,1.6,1.28084732055664,0.72539703369141,-0.14544811248779,1.06271743774414,1.6,1.47039552688599,0.13959490776062,1.60747571268678,1.77826651339233,0.45456675821543,1.06662566924095,1.81376595190167,1.68385956981778,0.72855389887094,1.746604157269,0.25467567878962,2.11314201331139,-1.01034261703491,1.42035415649414,-0.75983142852783,148,0,0,0,0,0,0,0,0,0,0,0,0,0,0,0,0,"{""draft_candidate"":true,""draft_candidate_id"":305,""draft_lottery"":false,""draft_method"":""rebid_single"",""draft_overall_pick"":7,""draft_round"":1,""draft_source"":""high_school"",""draft_year"":2051,""fa_nissuu"":0,""rookie_year"":true}"
77510,吉尾 廣有,8,1,reliever,26,5,L,L,192,82,1625,2,0,77510,false,false,,支配下,通常,0,0,,0,0,0,,,0.69950268745422,-0.85079872608185,-1.09495754241943,-0.06266114234924,-0.79129800319672,-1.17545970916748,0.22590508460999,0.0477553653717,0.64930914878845,0.45031272888184,1.25646333694458,0.2097199344635,1.0737474155426,-0.39874589681625,-0.51332521915436,0.4060658454895,0.6362245464325,-0.59911924362183,-0.23346746444702,0.89726546287537,0.64482239723206,-0.04111250400543,0.51644724845886,-0.2554315328598,-0.70677813589573,0.34850289344788,0.98566286087036,0.65437463760376,-0.09168722629547,1.59011326253414,0.75159533426911,-0.38432438009977,0.90584035718441,0.00334446313977,-0.70842476096749,-0.24682377660275,1.38475181037188,0.99516152960062,-0.59852314305305,-0.5270774936676,-0.53928015708923,-0.47411510467529,152,0,0,0,0,0,0,0,0,0,0,0,0,0,0,0,0,"{""draft_candidate"":true,""draft_candidate_id"":274,""draft_lottery"":false,""draft_method"":""cpu"",""draft_overall_pick"":16,""draft_round"":2,""draft_source"":""university"",""draft_year"":2051,""fa_nissuu"":24,""rookie_year"":true}"
77551,中薗 賢史,8,6,fielder,26,5,L,R,173,87,1625,5,0,77551,false,false,,支配下,通常,0,0,,0,0,0,,,0.024987513575,0.27768161723018,0.43952353608608,2.08306746958867,0.12691775135696,2.35086241436675,0.57798629231751,0.42752882127557,-0.20080476045609,0.74285656929016,0.20435947418213,0.5237636089325,0.18606378078461,3.9910225699842,2.77673028938472,3.90757386320829,2.29241420945525,3.39929248034954,2.82138060389459,-0.55301807790995,0.44297103404999,0.39339190006256,-0.08291864871979,1.06383845329285,-0.44725046873093,0.28701023578644,,,,,,,,,,,,,,1.39515092585981,1.39441705565155,0.37297044669837,,0,62,0,0,54,0,73,0,0,62,0,0,54,0,73,0,"{""draft_candidate"":true,""draft_candidate_id"":189,""draft_lottery"":false,""draft_method"":""cpu"",""draft_overall_pick"":57,""draft_round"":5,""draft_source"":""university"",""draft_year"":2051,""fa_nissuu"":0,""rookie_year"":true}"
77613,東江 寛梧,8,1,reliever,27,4,R,R,181,92,3037,1,0,77613,false,false,,支配下,通常,0,0,,0,0,0,,,0.41964558601379,-0.5618639755249,0.36178318977356,-0.68875913381577,0.12419264793396,0.05540949821472,-0.07176612854004,-0.76244392871857,1.23026185035706,0.53853006839752,1.51488439559937,1.47688321113586,0.80349026679993,0.4028767490387,0.34036992549896,1.07554319381714,0.92242002487183,0.80866277694702,0.62962953567505,1.49129427909851,0.12490317463875,0.39645536661148,0.06000841617584,-0.04147301733494,1.37843731880188,1.24510767936707,1.24068479537964,0.58054878234863,0.49452823638916,1.61692846792936,1.38736211025715,-0.16193776234239,0.98386457441747,1.55794481275976,1.72458473840356,1.12240363049507,1.34303824514151,1.56370090818405,0.25967275679111,-0.3929197883606,-0.14357131004333,-0.00736620903015,142,0,0,0,0,0,0,0,0,0,0,0,0,0,0,0,0,"{""draft_candidate"":true,""draft_candidate_id"":266,""draft_lottery"":false,""draft_method"":""rebid_single"",""draft_overall_pick"":6,""draft_round"":1,""draft_source"":""industrial"",""draft_year"":2052,""fa_nissuu"":15,""rookie_year"":true}"
77622,岩永 尊嗣,8,6,fielder,28,4,R,R,190,75,4669,2,0,77622,false,false,,支配下,通常,0,0,,0,0,0,,,0.07747305991128,1.03416878508031,0.33149165087938,2.54327745783329,0.21372733014822,1.94547738385201,0.62768938722834,1.01094487020373,-0.00676113605499,0.21090289115906,0.11254645347595,0.28204395294189,0.864967212677,2.47130387878418,2.23753039870784,3.51175099793077,3.32404884564877,2.47907887458801,2.8478729352355,0.75900369644165,0.72507482528687,1.00061546325684,0.86206918716431,1.0085447883606,1.08660779953003,-0.21477841377258,,,,,,,,,,,,,,0.22224652183056,0.6816877963841,1.17649908155203,,0,68,66,0,0,62,79,75,0,68,66,0,0,62,79,75,"{""draft_candidate"":true,""draft_candidate_id"":70,""draft_lottery"":false,""draft_method"":""cpu"",""draft_overall_pick"":15,""draft_round"":2,""draft_source"":""industrial"",""draft_year"":2052,""fa_nissuu"":15,""rookie_year"":true}"
77646,尾野 賢修,8,7,fielder,26,4,R,R,185,83,1406,4,0,77646,false,false,,支配下,通常,0,0,,0,0,0,,,0.27960613011196,1.20117445193976,1.4158334800005,1.65583395849466,1.20399834281206,1.50994887803234,-0.26740178200044,1.89253225667775,0.18346193313599,0.81778762817383,0.73065975189209,0.32966051101685,0.61626163482666,0.23285577774048,1.06351251602173,0.10221614837646,0.22770587921143,-0.34783636569977,0.45083053588867,-0.67160247547925,-0.86538518804312,-0.35870177133381,-1.35488908267021,-1.49290348666906,-1.69843772828579,-1.14731704097986,,,,,,,,,,,,,,0.07057882207632,0.7921882854104,0.60153580927849,,0,39,0,74,66,0,0,0,0,39,0,74,66,0,0,0,"{""draft_candidate"":true,""draft_candidate_id"":242,""draft_lottery"":false,""draft_method"":""cpu"",""draft_overall_pick"":39,""draft_round"":4,""draft_source"":""independent"",""draft_year"":2052,""fa_nissuu"":0,""rookie_year"":true}"
77670,下 晴年,8,4,fielder,22,4,R,R,189,78,1405,6,0,77670,false,false,,支配下,通常,0,0,,0,0,0,,,-0.26279066173732,0.18997823914289,-1.3817802765727,1.03607819874287,0.73449914121628,1.36550356148481,-0.54774479967356,-1.15137398791313,0.49921630859375,-1.08469699859619,0.10657821655273,-0.00882291793823,-0.74192420959473,0.6074482011795,0.48135276227444,2.10986592912674,2.53338500732183,2.79986417162418,0.54796694779396,-1.48356118202209,-1.00586261749268,-1.14969489097595,-0.76592567443848,0.48447891235352,-0.08316055297852,0.28428207397461,,,,,,,,,,,,,,-0.29019401717186,0.68528909707069,-0.23752675628662,,0,0,52,0,0,78,62,0,0,0,52,0,0,78,62,0,"{""draft_candidate"":true,""draft_candidate_id"":182,""draft_lottery"":false,""draft_method"":""cpu"",""draft_overall_pick"":63,""draft_round"":6,""draft_source"":""high_school"",""draft_year"":2052,""fa_nissuu"":0,""rookie_year"":true}"
77683,豊泉 智伸,8,1,starter,22,4,R,R,179,89,1405,7,0,77683,false,false,,支配下,通常,0,0,,0,0,0,,,0.69241836547852,-1.24542316436768,0.14867248535156,-1.22296867370605,0.26808197021484,0.56357437133789,0.82608707427979,-0.91009028434753,-0.14154914855957,0.25498985290527,-0.07585792541504,0.11489584922791,-0.40652786254883,0.6994873046875,-0.1361042547226,1.21281616210937,1.29462356567383,-0.34873729705811,0.9664616394043,0.61234069824219,1.6,-0.09368652820587,1.29804840087891,1.3562092590332,-0.71584178924561,0.09356575012207,0.20515906333923,-0.42671464443207,0.09209893226624,0.00446519994736,0.91624121034145,1.26350335668772,2.24237456870079,1.28068678428233,1.30245131838322,0.10366671276093,0.56556290501927,1.29905540502071,1.76073754188418,-0.72356628417969,1.00184692382812,-0.32696365356445,143,0,0,0,0,0,0,0,0,0,0,0,0,0,0,0,0,"{""draft_candidate"":true,""draft_candidate_id"":47,""draft_lottery"":false,""draft_method"":""cpu"",""draft_overall_pick"":76,""draft_round"":7,""draft_source"":""high_school"",""draft_year"":2052,""fa_nissuu"":0,""rookie_year"":true}"
77696,宮内 隼史,8,7,fielder,25,4,R,R,177,96,1405,1,0,77696,true,false,,育成,通常,0,0,,0,0,0,,,1.13514197596908,0.45436026655138,1.11221609100699,0.99095219866037,0.27146228682995,1.13616795239449,0.03675243392587,0.65341386906803,0.16763498306274,-0.77681093931198,1.27368333816528,0.69571884155273,0.61382562637329,-0.56008490800858,-0.59274330824614,0.52628685951233,-0.20875995635986,1.16127961158752,-0.11281569004059,-1.54106799347699,-1.02214559924603,-0.27687478399277,-2.34983848959208,-0.28518243396282,-0.20552591744065,-2.08008476674557,,,,,,,,,,,,,,1.18476357261837,0.60467400509119,1.16932909137011,,0,40,0,86,77,0,0,0,0,40,0,86,77,0,0,0,"{""draft_candidate"":true,""draft_candidate_id"":292,""draft_lottery"":false,""draft_method"":""cpu"",""draft_overall_pick"":89,""draft_round"":1,""draft_source"":""university"",""draft_year"":2052,""fa_nissuu"":0,""rookie_year"":true}"
77711,カーティス,8,1,reliever,28,4,R,L,186,84,13687,0,0,77711,false,true,,支配下,通常,0,0,,0,0,0,,,0.03968902587891,-0.05681875228882,0.12973187446594,0.34094577789307,0.04099155426025,0.8769979095459,-0.37988409042358,0.5484218120575,2.245032081604,2.51044460296631,1.42233766555786,1.67332449913025,1.85268249511719,1.32181928634644,2.11843067169189,1.39100700378418,2.56,1.18167273521423,1.26493594169617,2.56,0.94613395690918,2.42027946472168,1.79641098022461,2.08557914733887,0.9963490152359,1.18866430282593,2.25893159866333,1.15596290588379,1.14142946958542,2.41397684194148,2.23381452435255,0.72399488067627,1.66162868028879,1.29244464802742,2.55483628278971,1.92222825650126,2.65144368624687,2.14087993272394,1.13071899876744,0.72502140045166,0.55042613983154,1.53326850891113,147,0,0,0,0,0,0,0,0,0,0,0,0,0,0,0,0,"{""fa_nissuu"":24,""foreign_scout"":true,""foreign_signed_year"":2052,""quality_tier"":""ace""}"
77712,マシソン,8,5,fielder,36,4,L,L,200,103,4532,0,0,77712,false,true,,支配下,通常,0,0,,0,0,0,,,-0.06896404866129,0.8913100349009,1.15336141067743,1.57976809409261,0.96203844332695,1.60231039789319,-0.43908671957999,0.3145118567124,1.89628227233887,0.24092436313629,1.28609851837158,0.59026572227478,0.22553955554962,0.08684743076935,1.2078405138161,0.26973182448745,0.303765632689,0.14325078469515,1.31458322477341,0.35950801372528,1.92,1.82422525405884,0.77274208068848,1.34361377716064,0.4972825050354,0.89564882278442,,,,,,,,,,,,,,-0.348231485039,1.58003875857219,0.14526926402072,,0,0,0,0,0,0,0,95,0,0,0,0,0,0,0,95,"{""fa_nissuu"":63,""foreign_scout"":true,""foreign_signed_year"":2052,""quality_tier"":""good"",""released_from_team"":10,""released_signed_year"":2055}"
77717,喜田 考一郎,8,6,fielder,25,3,L,L,179,85,1082,1,0,77717,false,false,,支配下,通常,0,0,,0,0,0,,,0.77481939142197,1.79640883854032,1.07888410913013,1.52495142285824,0.11075948187709,1.48067406221777,0.46715757107933,0.36601785728335,-0.19155091524124,1.36,0.21316271781921,1.05098411560059,1.25536811828613,3.64331611987949,2.36557333587855,2.03109609134495,2.99354740011692,3.44788294261694,2.14319256126881,0.16183908462524,-0.05149369239807,-0.03278245806694,0.6140376663208,1.36,1.36,0.28376420974731,,,,,,,,,,,,,,0.95730458770692,0.8393876285553,0.57946848583221,,0,0,63,0,55,69,70,55,0,0,63,0,55,69,70,55,"{""draft_candidate"":true,""draft_candidate_id"":14,""draft_lottery"":true,""draft_method"":""lottery"",""draft_overall_pick"":1,""draft_round"":1,""draft_source"":""university"",""draft_year"":2053,""fa_nissuu"":15,""rookie_year"":true}"
77730,立原 一穂,8,1,reliever,21,3,R,R,184,85,1195,2,0,77730,false,false,,支配下,通常,0,0,,0,0,0,,,-0.87530070304871,0.20968124389648,-0.85638259887695,-1.3779222869873,0.30322006225586,-0.91482009887695,-0.51741153717041,-0.58969476699829,0.36648094177246,0.00305778503418,-0.21032814025879,0.6720090675354,0.10464828491211,0.1814575958252,-0.47521692276001,0.57597137451172,-0.43732082366943,-0.49241056442261,0.34990081787109,-0.22630249023437,0.80191955566406,1.33777931213379,0.46778511047363,1.6,0.83219360351562,1.11112060546875,0.59031000137329,0.20862389564514,1.02080690383911,0.6730369451344,0.9951822527349,1.42548813892901,0.16865806049109,1.96950851614028,-0.17446230687201,0.42268513387442,1.83300001740456,0.9597782420665,0.41688063663244,0.33591003417969,0.48771835327148,-0.51631088256836,143,0,0,0,0,0,0,0,0,0,0,0,0,0,0,0,0,"{""draft_candidate"":true,""draft_candidate_id"":166,""draft_lottery"":false,""draft_method"":""cpu"",""draft_overall_pick"":14,""draft_round"":2,""draft_source"":""high_school"",""draft_year"":2053,""fa_nissuu"":0,""rookie_year"":true}"
77751,佐久川 俊至,8,1,reliever,21,3,R,R,186,97,1191,3,0,77751,false,false,,支配下,通常,0,0,,0,0,0,,,0.84029663085938,0.26330017089844,0.22279907226563,-1.1950012588501,0.10029144287109,0.74530380249023,-0.61637658119202,-0.37380460739136,1.29575408935547,0.33607566833496,1.25303894042969,1.36343908309937,0.04593276977539,0.22097587585449,0.78642667770386,0.10744918823242,1.37312911987305,-0.12688503265381,0.22082664489746,-0.3451086807251,0.72770278930664,0.91011001586914,0.39651344299316,-0.63768451690674,1.05292327880859,1.30526260375977,0.5476734828949,1.35231960296631,0.07334393501282,2.15241574329138,0.12717432474531,0.23901396207511,1.07427258810401,-0.06518944072723,-0.06890456545353,2.31445812237263,1.72594928720593,-0.18684664958715,-0.34942690181732,0.69127044677734,0.05456802368164,-1.37584886550903,143,0,0,0,0,0,0,0,0,0,0,0,0,0,0,0,0,"{""draft_candidate"":true,""draft_candidate_id"":303,""draft_lottery"":false,""draft_method"":""cpu"",""draft_overall_pick"":35,""draft_round"":3,""draft_source"":""high_school"",""draft_year"":2053,""fa_nissuu"":0,""rookie_year"":true}"
77754,寺山 啓樹,8,1,starter,22,3,R,L,183,99,1188,4,0,77754,false,false,,支配下,通常,0,0,,0,0,0,,,0.37925670623779,-0.4546542930603,-1.51916901350021,0.07718326568604,-1.40812609672546,0.09684006690979,0.47565944671631,-0.9446862745285,0.29317453384399,0.05864739894867,-0.68800130605698,-0.062807264328,1.0459797668457,0.91485221862793,0.82768609046936,-0.72875146389008,0.16435053825378,-0.68427167654037,-0.84529503703117,0.46201265335083,0.30169065475464,1.08099799156189,0.5085707950592,-0.88546608805656,0.20217512130737,0.76398389816284,-0.88452706456184,0.22177787780762,-0.91261373102665,1.39046033275127,1.11449489945173,0.18861084757745,1.33852371037006,1.6348902258873,0.40596447938681,1.19400293727219,-0.36638368279487,1.67475940188766,0.40164472197741,-0.23005412101746,-0.26711972236633,-0.38258727073669,140,0,0,0,0,0,0,0,0,0,0,0,0,0,0,0,0,"{""draft_candidate"":true,""draft_candidate_id"":222,""draft_lottery"":false,""draft_method"":""cpu"",""draft_overall_pick"":38,""draft_round"":4,""draft_source"":""independent"",""draft_year"":2053,""fa_nissuu"":0,""rookie_year"":true}"
77775,紺野 幹二,8,2,fielder,21,3,R,R,181,88,1186,5,0,77775,false,false,,支配下,通常,0,0,,0,0,0,,,-0.25934993715584,-0.10734772638977,0.95507897233963,0.68967836039066,0.27705016018078,1.03320902495384,0.19068644481897,0.41754352405667,1.69601509743929,1.68517767572403,1.16594952567667,2.02561125456169,2.54525714373589,-1.3304467010498,0.42290225982666,-0.77280899047852,-0.12184677124023,-1.32798440933228,-0.13437606811523,0.58088226318359,-0.31471221923828,0.75643098831177,0.09655822753906,0.02386993408203,-1.08002799987793,-0.126337890625,,,,,,,,,,,,,,-0.2195727481693,1.27379508876801,0.00963430219889,,73,0,0,0,0,0,0,0,73,0,0,0,0,0,0,0,"{""draft_candidate"":true,""draft_candidate_id"":256,""draft_lottery"":false,""draft_method"":""cpu"",""draft_overall_pick"":59,""draft_round"":5,""draft_source"":""high_school"",""draft_year"":2053,""fa_nissuu"":0,""rookie_year"":true}"
77778,滝野 晃二,8,3,fielder,24,3,R,R,187,90,1186,6,0,77778,false,false,,支配下,通常,0,0,,0,0,0,,,-0.53228706121445,0.80119666099548,0.95052019119263,0.16919577591419,-0.0205047750473,0.17365751888901,0.10109905225039,0.79075335928984,-0.90125922143459,0.87757147789001,1.070704870224,-0.26028412342072,1.05538321495056,-1.53853657722473,-2.30870889663696,-2.3691400603652,-2.4,-2.38357191085815,-2.31546448683739,0.85066026687622,0.3217822265625,0.75903842926025,-0.3475093793869,-0.19396800518036,0.50740071296692,-0.73498465180397,,,,,,,,,,,,,,-0.42758411240578,0.75300015248358,0.61686415164918,,0,0,77,0,0,0,0,0,0,0,77,0,0,0,0,0,"{""draft_candidate"":true,""draft_candidate_id"":44,""draft_lottery"":false,""draft_method"":""cpu"",""draft_overall_pick"":62,""draft_round"":6,""draft_source"":""university"",""draft_year"":2053,""fa_nissuu"":0,""rookie_year"":true}"
77812,茂手木 祥史,8,6,fielder,25,3,R,R,180,71,1184,1,0,77812,true,false,,育成,通常,0,0,,0,0,0,,,0.09944075587392,0.50947915482521,0.0601417298317,0.78441334198415,-0.37754357588291,0.96750859302282,-0.07248184025474,-0.26698219108582,-0.59367768287659,0.11260345458984,0.82652755737305,-0.59244015216827,0.6712174987793,1.33318957650661,1.80030966186523,1.76508029124141,2.31940935605764,2.70775490829349,2.98253106880188,-0.6207447052002,-0.94909366071224,-0.52488508224487,-0.62004146575928,-0.32419881820679,0.82443511962891,0.55106632232666,,,,,,,,,,,,,,0.97943493634462,1.0918801202774,-0.28515297151357,,0,63,69,0,71,77,87,74,0,63,69,0,71,77,87,74,"{""draft_candidate"":true,""draft_candidate_id"":239,""draft_lottery"":false,""draft_method"":""cpu"",""draft_overall_pick"":96,""draft_round"":1,""draft_source"":""university"",""draft_year"":2053,""fa_nissuu"":0,""rookie_year"":true}"
77815,伊東 暁光,8,1,reliever,21,3,L,L,170,98,1184,2,0,77815,true,false,,育成,通常,0,0,,0,0,0,,,-0.47357305526733,-1.75891004562378,-0.0302082824707,-1.33389335632324,-0.86660263061523,0.30880065917969,0.09059337615967,-1.58616710424423,1.47785217285156,-0.1421361541748,-0.93695381164551,-0.21670310974121,-0.42553100585937,0.77590057373047,0.64075710296631,-0.94821051597595,-0.52974731445313,-0.15632385253906,-0.82935678482056,0.83516860961914,0.09598510742187,-0.7725282394886,1.21691009521484,1.00825180053711,-0.96387533187866,0.20006530761719,1.19702751159668,0.40591314315796,0.15752568244934,0.4363716109395,-0.72906320536137,0.74412583109736,0.61078629589081,0.14336639857292,1.29292410996556,0.13219517418742,1.35080127358437,-0.61312652349472,-0.23752635884285,0.32995223999023,0.62115203857422,-0.54432434082031,146,0,0,0,0,0,0,0,0,0,0,0,0,0,0,0,0,"{""draft_candidate"":true,""draft_candidate_id"":205,""draft_lottery"":false,""draft_method"":""cpu"",""draft_overall_pick"":99,""draft_round"":2,""draft_source"":""high_school"",""draft_year"":2053,""fa_nissuu"":0,""rookie_year"":true}"
77831,多々良 智祥,8,1,starter,24,2,L,R,178,98,7860,1,0,77831,false,false,,支配下,通常,0,0,,0,0,0,,,-0.28008594512939,-0.43316514968872,0.69259376525879,0.79495532989502,0.89990669250488,0.31861543655396,0.23488288879395,-0.44680127382278,1.6,1.6,1.34862117767334,0.98399198532104,0.65429139137268,1.30559860229492,0.65498873472214,1.07705276489258,1.6,1.6,0.66803537368774,1.6,1.28940006256104,1.1283446598053,0.80758646011353,1.6,0.87955554962158,1.58573394775391,1.6,1.6,1.6,1.76071003100276,1.89721628046036,-0.30554192993045,1.73339009261131,1.87142698562145,1.66563958422095,1.65870341765881,1.78605581319332,0.7650771497488,1.82434181219339,0.75737957000732,0.15977740287781,-0.44950093269348,146,0,0,0,0,0,0,0,0,0,0,0,0,0,0,0,0,"{""draft_candidate"":true,""draft_candidate_id"":32,""draft_lottery"":false,""draft_method"":""single_bid"",""draft_overall_pick"":1,""draft_round"":1,""draft_source"":""independent"",""draft_year"":2054,""fa_nissuu"":14,""rookie_year"":true}"
77843,内田 直賢,8,1,reliever,25,2,R,L,174,77,1016,2,0,77843,false,false,,支配下,通常,0,0,,0,0,0,,,-0.20438331604004,-0.79469608545303,0.18877979278564,-0.86031967878342,-0.85202448606491,-0.27438640594482,0.16616862297058,-0.46176770687103,0.10796219110489,0.22739152908325,1.12708246231079,0.39539017677307,-0.08153646111488,0.98640134811401,0.91181617736816,0.38642798900604,0.77544188499451,1.11369438171387,0.22935848236084,-0.15260152578354,1.28330513000488,0.3504726600647,0.61092528343201,0.31383713245392,0.00570362091064,0.18192860364914,0.50218179225922,-0.01594647228718,0.7792999458313,0.96621621274948,0.25246173422039,0.51937956003379,-0.00638093886897,1.48169744214416,0.63308224833012,2.05704018610716,1.66706611448526,1.33767962038517,0.79928245711327,-0.60890515327454,0.09014748573303,-0.09134876251221,146,0,0,0,0,0,0,0,0,0,0,0,0,0,0,0,0,"{""draft_candidate"":true,""draft_candidate_id"":298,""draft_lottery"":false,""draft_method"":""cpu"",""draft_overall_pick"":13,""draft_round"":2,""draft_source"":""independent"",""draft_year"":2054,""fa_nissuu"":14,""rookie_year"":true}"
77866,阿部 孝央,8,8,fielder,20,2,R,L,172,99,996,3,0,77866,false,false,,支配下,通常,0,0,,0,0,0,,,0.70869185160846,0.46523468124866,1.33595458960533,0.74679983663559,0.26362912112474,1.29565855550766,-1.01736245334148,0.54059829348326,1.02594329833984,1.36,1.36,1.36,1.09484451293945,1.36,-0.00453231811523,0.21266456604004,1.36,-0.66374462127686,-0.71683082580566,2.47069910411909,2.25104319985025,2.2936703003794,1.69448335281014,1.47036518985033,1.45120264399052,2.19897211778164,,,,,,,,,,,,,,-0.25993197464943,0.92887953519821,0.73796807474643,,0,90,0,90,90,0,0,0,0,90,0,90,90,0,0,0,"{""draft_candidate"":true,""draft_candidate_id"":207,""draft_lottery"":false,""draft_method"":""cpu"",""draft_overall_pick"":36,""draft_round"":3,""draft_source"":""high_school"",""draft_year"":2054,""fa_nissuu"":0,""rookie_year"":true}"
77867,金平 重忠,8,1,starter,20,2,L,R,187,97,981,4,0,77867,false,false,,支配下,通常,0,0,,0,0,0,,,0.56815235137939,-0.58251007080078,0.1825537109375,0.14629852294922,-1.63485277652741,-1.35897518157959,-0.21077796936035,-0.80516681671143,0.12101539611816,-0.44310266494751,-0.56324814796448,1.3283840751648,0.7371711730957,-0.71945542152971,-0.02255942821503,0.36261672973633,0.55886184692383,1.04603729248047,-0.13519718170166,0.10507179260254,0.64674331665039,1.04124559402466,1.6,1.40400726318359,0.94504196166992,1.6,0.25765783309937,-0.23373692512512,0.01405866622925,1.01309317088127,1.59315283879638,-0.11945659178495,0.86950272774696,0.54236281967163,0.93129898500443,-0.15616540914774,0.78051157546788,0.14028110909462,1.27890869784355,0.47488632202148,0.90335159301758,-0.20019104003906,142,0,0,0,0,0,0,0,0,0,0,0,0,0,0,0,0,"{""draft_candidate"":true,""draft_candidate_id"":106,""draft_lottery"":false,""draft_method"":""cpu"",""draft_overall_pick"":37,""draft_round"":4,""draft_source"":""high_school"",""draft_year"":2054,""fa_nissuu"":0,""rookie_year"":true}"
77890,窪田 伸重,8,8,fielder,24,2,L,L,191,80,972,5,0,77890,false,false,,支配下,通常,0,0,,0,0,0,,,0.32451728485407,0.91944830900431,0.38594381707767,1.71103233471513,-0.95099624311924,2.08719230461121,-0.04549080002308,-0.55253686374426,-0.35923941612244,0.87596309661865,0.19173515319824,-0.21554621696472,-0.08681787490845,1.0543705368042,-0.38471151828766,0.20022529602051,0.02959566116333,-0.34415269851685,0.06094520568848,1.61567219205201,0.99579194292426,0.99230759168416,0.79760432392359,1.82251747852564,1.24317758506536,1.83196979364753,,,,,,,,,,,,,,0.1010266392231,0.38779085558653,-0.10339077937603,,0,92,0,83,87,0,0,0,0,92,0,83,87,0,0,0,"{""draft_candidate"":true,""draft_candidate_id"":109,""draft_lottery"":false,""draft_method"":""cpu"",""draft_overall_pick"":60,""draft_round"":5,""draft_source"":""industrial"",""draft_year"":2054,""fa_nissuu"":0,""rookie_year"":true}"
77891,角 応樹,8,8,fielder,20,2,R,R,193,94,968,6,0,77891,false,false,,支配下,通常,0,0,,0,0,0,,,0.83121665138751,0.17442053666711,1.19226974079013,1.18552743656188,0.93075687122345,1.23763781023026,-0.10834996607155,0.30562981975824,1.36,0.75835601806641,-0.09649578094482,0.22025608062744,-0.0048551940918,1.01936126708984,0.71839925765991,1.29032897949219,-0.4146160697937,0.54902641296387,-0.2844055557251,1.24892607188225,1.99261606296897,1.66078795493394,1.07032653988898,1.25485515226424,2.11960065025091,1.7749302174747,,,,,,,,,,,,,,-0.28899422430992,0.13333661317825,1.47201622867584,,0,86,0,81,85,0,0,0,0,86,0,81,85,0,0,0,"{""draft_candidate"":true,""draft_candidate_id"":68,""draft_lottery"":false,""draft_method"":""cpu"",""draft_overall_pick"":61,""draft_round"":6,""draft_source"":""high_school"",""draft_year"":2054,""fa_nissuu"":0,""rookie_year"":true}"
77926,平良 敦憲,8,1,starter,24,2,L,R,170,73,958,1,0,77926,true,false,,育成,通常,0,0,,0,0,0,,,-0.58252499580383,-0.0371630859375,-0.8181706237793,0.08748104095459,0.25797843933105,0.19092498779297,0.57934921264648,-1.2223565864563,1.14940704345703,0.74091293334961,1.38382461547852,0.94435813903809,1.24758899688721,0.90589931488037,1.07575309753418,1.0713440322876,1.09504566192627,-0.27014802932739,1.10270198822021,0.04206602096558,0.52946147918701,0.9690643119812,0.07513538360596,0.73079212188721,0.80199039459229,-0.29397195339203,-0.19309910058975,-0.18367536783218,0.75061586380005,0.76412999635935,1.75417359280586,-0.01592719900608,2.00165158045292,0.48218778732419,0.30306112754345,1.28370024847984,0.10093534799293,0.36910278296471,0.92730212044716,0.01741321563721,-0.62136616706848,-0.01211093902588,140,0,0,0,0,0,0,0,0,0,0,0,0,0,0,0,0,"{""draft_candidate"":true,""draft_candidate_id"":16,""draft_lottery"":false,""draft_method"":""cpu"",""draft_overall_pick"":96,""draft_round"":1,""draft_source"":""university"",""draft_year"":2054,""fa_nissuu"":0,""rookie_year"":true}"
77927,関野 宗胤,8,8,fielder,27,2,L,L,175,93,958,2,0,77927,true,false,,育成,通常,0,0,,0,0,0,,,0.19463219162822,0.32921755935624,1.39327514672279,-0.44038447040319,0.18359300336242,-0.53586055216193,0.01048712968826,1.47766011810303,1.2032546043396,0.52581553459167,0.33469672203064,1.17791168212891,0.91924924850464,1.22287979125977,1.04893058776855,1.36,0.40196003913879,0.45182781219482,0.70759110450745,1.66374599534273,1.70665284156799,1.46807879340649,1.99482910859585,2.34206650668383,2.10121104133129,2.47243848580122,,,,,,,,,,,,,,0.53896311819553,1.83325665286183,0.83680483865738,,0,85,0,75,84,0,0,0,0,85,0,75,84,0,0,0,"{""draft_candidate"":true,""draft_candidate_id"":275,""draft_lottery"":false,""draft_method"":""cpu"",""draft_overall_pick"":97,""draft_round"":2,""draft_source"":""independent"",""draft_year"":2054,""fa_nissuu"":0,""rookie_year"":true}"
77937,杉浦 淳仁,8,6,fielder,20,2,L,L,177,95,958,3,0,77937,true,false,,育成,通常,0,0,,0,0,0,,,-0.47604045215249,-0.56838336336613,-0.43696622234583,0.44096567980647,0.03162170410156,0.70499172483087,0.90990239305794,0.9595650061965,-0.07287628173828,-0.68689968109131,0.99060516357422,1.18220537185669,-0.49392097473145,1.54296708860993,2.19534546113014,2.00224027013779,2.27780110037327,2.66127922642231,2.57077481645346,1.30016265869141,-1.08969826459885,-0.11866151809692,-0.29048957824707,-1.11952981844544,0.84299346923828,-0.18056983947754,,,,,,,,,,,,,,-0.81328585988283,1.07285972130299,0.44047656524181,,0,52,61,52,56,65,76,69,0,52,61,52,56,65,76,69,"{""draft_candidate"":true,""draft_candidate_id"":59,""draft_lottery"":false,""draft_method"":""cpu"",""draft_overall_pick"":107,""draft_round"":3,""draft_source"":""high_school"",""draft_year"":2054,""fa_nissuu"":0,""rookie_year"":true}"
77938,ロッジ,8,9,fielder,29,2,L,L,185,91,14930,0,0,77938,false,true,,支配下,通常,0,0,,0,0,0,,,-0.11416110557318,3.04661135163307,3.01748484458923,2.73924629355371,1.36213801980019,1.64337248945236,0.58719869425893,2.9649027056694,2.2267,1.2129,0.9854,1.11990282297134,1.6356,1.6373,2.32696910858154,1.7453,1.8540,1.2376,1.1017,1.42586125278473,2.74686884784698,1.73943132090569,1.4586,2.66022634589672,1.9231,1.1637,,,,,,,,,,,,,,1.79159996714592,2.01655212421417,2.0239270217061,,0,0,0,0,89,0,0,0,0,0,0,0,89,0,0,0,"{""fa_nissuu"":14,""foreign_scout"":true,""foreign_signed_year"":2054,""quality_tier"":""ace""}"
77952,徳久 勝光,8,1,reliever,23,1,R,R,190,81,1150,1,0,77952,false,false,,支配下,通常,0,0,,0,0,0,,,0.18309593200684,-0.81746883392334,-0.84982684612274,-0.14085750579834,-0.51080013275146,-0.5575489616394,-0.34720138549805,0.19438344955444,0.33852522850037,1.35721942901611,1.53224010467529,0.9109308052063,1.34253025054932,1.6,0.89206312179565,0.34719472885132,0.78058385848999,0.84933670043945,1.56606884002686,1.27398586273193,1.16886283874512,0.23955044031143,0.6016007232666,0.17032980918884,1.28013889312744,-0.05925224423409,1.6,0.96397445678711,1.09279458999634,1.30088811266422,1.77451318472624,0.17702238340676,0.34093456526101,1.60571338102221,1.19777542185783,0.36086956614256,0.73771219301224,1.49869098514318,1.30697093939781,-0.57525448799133,-0.0306294631958,-0.5784877872467,143,0,0,0,0,0,0,0,0,0,0,0,0,0,0,0,0,"{""draft_candidate"":true,""draft_candidate_id"":186,""draft_lottery"":false,""draft_method"":""rebid_single"",""draft_overall_pick"":6,""draft_round"":1,""draft_source"":""university"",""draft_year"":2055,""fa_nissuu"":0,""rookie_year"":true}"
77964,曽我部 鉄夫,8,1,reliever,19,1,L,R,192,98,1000,2,0,77964,false,false,,支配下,通常,0,0,,0,0,0,,,-0.02184700012207,0.13674774169922,-0.99864265441895,0.37874496459961,-1.44275135040283,-0.03833602905273,-0.68818985939026,-0.26170749664307,0.70772155761719,0.4938395690918,-0.58760643005371,0.17578768730164,-0.15119018554688,0.21990432739258,0.69778728485107,-0.18658378601074,-0.59400428771973,0.4881672668457,-0.60005928039551,-0.58896938323975,0.59456756591797,0.44056777954102,0.17912773132324,0.95173004150391,-0.24208122253418,-0.57762077331543,0.58680250167847,-0.79684028957039,0.32028211593628,0.21063682357967,0.72277647152543,1.05411455744505,-0.02416942203045,0.73491758516431,1.10161538934708,1.15136470913887,1.46509522533417,1.3028943234235,0.45412530851364,-0.37406097412109,0.56993743896484,-1.17087173461914,145,0,0,0,0,0,0,0,0,0,0,0,0,0,0,0,0,"{""draft_candidate"":true,""draft_candidate_id"":83,""draft_lottery"":false,""draft_method"":""cpu"",""draft_overall_pick"":18,""draft_round"":2,""draft_source"":""high_school"",""draft_year"":2055,""fa_nissuu"":0,""rookie_year"":true}"
77977,今津 毅昇,8,5,fielder,23,1,R,L,178,91,900,3,0,77977,false,false,,支配下,通常,0,0,,0,0,0,,,-0.15729010961205,1.31710012276471,0.03899695968628,1.77135161437392,0.44747361576557,1.90494371468127,-0.28186612212658,-0.22696633842587,1.27778255462646,0.70533088684082,0.56385856628418,0.94984760284424,0.62653648376465,0.11348696875572,0.25679499807954,1.07067158198357,-0.02508510601521,1.13764192496799,0.4468383873105,-0.12547776222229,1.20524681091309,1.02129497528076,0.22940721511841,0.37214914321899,-0.14739288330078,0.51460559844971,,,,,,,,,,,,,,1.29348907899857,0.3660609691143,1.18409630852938,,0,0,0,48,59,0,0,71,0,0,0,48,59,0,0,71,"{""draft_candidate"":true,""draft_candidate_id"":191,""draft_lottery"":false,""draft_method"":""cpu"",""draft_overall_pick"":31,""draft_round"":3,""draft_source"":""university"",""draft_year"":2055,""fa_nissuu"":0,""rookie_year"":true}"
77988,真柄 厚裕,8,1,reliever,19,1,L,R,184,80,825,4,0,77988,false,false,,支配下,通常,0,0,,0,0,0,,,0.26929859161377,-2,-1.11637222290039,-0.33544311523437,-1.49189918518066,-1.5223217010498,0.88437274932861,-1.17661401748657,-1.20912637710571,0.46403671264648,-0.09543762207031,0.3787114906311,-1.08269435882568,-1.26805715560913,-0.06814680099487,-0.07473709106445,0.66153091430664,0.50937454223633,-1.11328369140625,-0.83968528747559,0.780263671875,0.43369913101196,0.59606948852539,-0.3221492767334,-0.93821033477783,0.51691024780273,-0.52984214782715,-0.37641880989075,-0.79231597900391,1.23119065016508,0.88275758671761,0.45001155298948,-0.43473103803396,0.77508086808026,-0.37574213647842,-0.80460966897011,1.01206041717529,0.34383445307612,0.22555719214678,-0.65151260375977,-0.57249633789063,-2,142,0,0,0,0,0,0,0,0,0,0,0,0,0,0,0,0,"{""draft_candidate"":true,""draft_candidate_id"":92,""draft_lottery"":false,""draft_method"":""cpu"",""draft_overall_pick"":42,""draft_round"":4,""draft_source"":""high_school"",""draft_year"":2055,""fa_nissuu"":0,""rookie_year"":true}"
78001,鶴谷 郁太,8,1,starter,27,1,L,R,183,100,780,5,0,78001,false,false,,支配下,通常,0,0,,0,0,0,,,0.32617143630981,0.09168773651123,-0.63957766532898,-0.06415609359741,0.11074911117554,-0.51732615470886,-0.11729550361633,-0.54680221557617,0.99352514266968,-0.07887075955048,0.62824017524719,0.5210818862915,1.22509166717529,0.21716191291809,1.05240097045898,1.43742134094238,1.44278575897217,0.54563734054565,0.47901927947998,-0.00152504920959,0.9799494934082,0.21903580665588,1.50049736022949,1.47590114593506,0.30974792957306,0.72630464553833,0.70115676879883,0.68206409454346,1.07723678588867,1.27646090760231,0.73272580910921,0.21106862354279,1.35538844180107,0.7979621014595,1.60803021335602,0.14565189981461,0.83254534413815,0.83718473386765,1.44166621828079,-0.14352582931519,0.68693643569946,0.49612565994263,149,0,0,0,0,0,0,0,0,0,0,0,0,0,0,0,0,"{""draft_candidate"":true,""draft_candidate_id"":294,""draft_lottery"":false,""draft_method"":""cpu"",""draft_overall_pick"":55,""draft_round"":5,""draft_source"":""industrial"",""draft_year"":2055,""fa_nissuu"":0,""rookie_year"":true}"
78012,関 克展,8,7,fielder,19,1,R,L,193,77,760,6,0,78012,false,false,,支配下,通常,0,0,,0,0,0,,,-0.39020692496002,-0.2816645578146,1.09338797909021,1.75622619553208,-0.26156283015013,1.65233769564629,-0.44170867735147,-0.51816826403141,-0.14006149291992,-0.13015823364258,1.25718139648438,-0.49372311592102,-0.90283248901367,-0.68610008239746,0.61619861602783,0.81680725097656,1.22506759643555,1.09534088134766,1.04415634155273,-0.55300158762932,-0.49720820224285,-2.44335859563947,-2.32013107459992,-2.29434520339966,-2.14930183410645,-2.21333386030793,,,,,,,,,,,,,,-0.41559526050091,-0.49836284168623,0.96006176504493,,0,41,58,83,76,0,0,0,0,41,58,83,76,0,0,0,"{""draft_candidate"":true,""draft_candidate_id"":157,""draft_lottery"":false,""draft_method"":""cpu"",""draft_overall_pick"":66,""draft_round"":6,""draft_source"":""high_school"",""draft_year"":2055,""fa_nissuu"":0,""rookie_year"":true}"
78048,ベルーシ,8,1,starter,25,1,R,R,194,96,10607,0,0,78048,false,true,,支配下,通常,0,0,,0,0,0,,,-0.54892923355103,0.23859445571899,0.48448976516724,1.27442741394043,1.47988422393799,0.63973081588745,-0.34837354660034,1.32242403030396,1.72200813293457,1.03805278778076,1.69310544967651,1.29761100769043,2.56,1.21221744537354,1.18586698532105,1.33679319381714,0.88386015892029,2.25391979217529,1.85986251831055,1.56140787124634,0.92360394477844,2.42430559158325,1.62627595901489,1.51166555404663,1.53867252349854,2.02047393798828,1.69645577430725,1.56903944969177,1.17855366230011,2.81405830508471,1.24039973601699,-0.37774731938541,2.58947853329778,2.44564764219522,2.63546260242164,1.49286577756703,2.39763767461479,1.46420287632942,2.04795789557695,1.07047412872314,1.99141754150391,-0.108055768013,147,0,0,0,0,0,0,0,0,0,0,0,0,0,0,0,0,"{""fa_nissuu"":0,""foreign_scout"":true,""foreign_signed_year"":2055,""quality_tier"":""ace""}"
76102,吉住 今雄,9,1,starter,36,18,R,L,176,95,18058,1,0,76102,false,false,,支配下,通常,0,0,,0,0,0,,,0.87660598754883,0.26794586181641,-1.12538197517395,0.23654205322266,-1.23389435768127,-0.76227298736572,0.64829246520996,-0.51134721755981,-0.1903450012207,0.48849433898926,0.80208740234375,0.28635147094727,1.27227005004883,0.40817893981934,1.6,1.16190353393555,0.04488712310791,0.14448547363281,1.22476959228516,0.12624359130859,1.6,0.10621794223785,1.25419921875,0.04067363739014,0.51003433227539,1.39176055908203,0.36778701305389,1.58306205749512,1.42699493408203,2.85770342591405,1.97058415677398,0.36989634733647,1.59733734821528,2.06534190387651,1.42250956258178,2.35141614422202,2.55246410358325,3.30149599730968,1.63631408187449,-0.79320987701416,-0.82866324901581,1.06782485961914,143,0,0,0,0,0,0,0,0,0,0,0,0,0,0,0,0,"{""draft_candidate"":true,""draft_candidate_id"":88,""draft_lottery"":true,""draft_method"":""lottery"",""draft_overall_pick"":4,""draft_round"":1,""draft_source"":""high_school"",""draft_year"":2038,""fa_nissuu"":354,""rookie_year"":true}"
76230,貞方 聡之,9,6,fielder,35,17,L,R,178,70,5382,3,0,76230,false,false,,支配下,通常,0,0,,0,0,0,,,1.10037530808337,2.0056002938929,0.85829692921788,2.04016597600579,0.170118401438,0.77512640036941,0.24557139552757,2.17272706615552,0.81578582763672,-0.69475618362427,1.07118225097656,0.37661995887756,1.33114242553711,2.87123574778624,3.25272142842738,1.99335017174482,2.91314823357761,2.01400761833787,3.69711713671684,-0.14759651184082,0.38258811950684,1.23768245697022,1.28719955444336,1.02160308837891,-0.87721944540739,0.6405387878418,,,,,,,,,,,,,,1.90934142027199,1.84920355404168,1.65781657989398,,0,0,61,63,71,63,80,71,0,0,61,63,71,63,80,71,"{""draft_candidate"":true,""draft_candidate_id"":102,""draft_lottery"":false,""draft_method"":""cpu"",""draft_overall_pick"":35,""draft_round"":3,""draft_source"":""high_school"",""draft_year"":2039,""fa_nissuu"":171,""released_from_team"":12,""released_signed_year"":2047,""rookie_year"":true}"
76335,元田 武瑠,9,1,reliever,34,16,L,L,171,93,13291,3,0,76335,false,false,,支配下,通常,0,0,,0,0,0,,,-0.41634813308716,-0.59818756103516,-1.25817073822022,-0.18348754882813,0.71321655273438,0.53347213745117,-0.90604933619499,0.47340896606445,-0.8691255569458,0.91503997802734,0.07191329956055,-0.54936805725098,1.6,1.31363998413086,0.42474128723145,1.34414627075195,-0.33468437194824,-0.34693225860596,1.07124160766602,1.6,-0.36471378326416,-0.39901418209076,1.09335510253906,0.04057174682617,-0.10829162597656,0.61186584472656,-0.68966421931982,1.23517465591431,0.63859197616577,1.2664813907627,1.79278867301047,1.74123124088533,2.69140928089619,1.89159141599014,1.06204234597087,0.95868290733546,2.07055768332779,1.90828814049065,1.15481576072499,-1.77650195121765,0.65431457519531,-0.77825408935547,146,0,0,0,0,0,0,0,0,0,0,0,0,0,0,0,0,"{""draft_candidate"":true,""draft_candidate_id"":70,""draft_lottery"":false,""draft_method"":""cpu"",""draft_overall_pick"":34,""draft_round"":3,""draft_source"":""high_school"",""draft_year"":2040,""fa_nissuu"":372,""rookie_year"":true}"
76427,杉 一総,9,8,fielder,33,15,R,R,174,91,12753,2,0,76427,false,false,,支配下,通常,0,0,,0,0,0,,,0.19849758058414,1.54372800843418,2.2159041390568,1.54111132457256,2.09720198002458,1.87858741552904,1.36579650559975,0.52283778499067,1.17598114013672,0.26438850402832,1.36,-0.09909726142883,-0.27244480133057,0.31606201171875,-0.20053903579712,-0.08011219024658,-0.6825225353241,0.15808792114258,0.96196640014648,0.86653150746971,2.76698822340369,2.7692685233797,2.5178,1.80608955851197,3.2442,1.5560,,,,,,,,,,,,,,0.94945096556805,2.52279902968407,1.62958473938964,,0,95,0,100,84,0,0,0,0,95,0,100,84,0,0,0,"{""draft_candidate"":true,""draft_candidate_id"":109,""draft_lottery"":false,""draft_method"":""cpu"",""draft_overall_pick"":16,""draft_round"":2,""draft_source"":""high_school"",""draft_year"":2041,""fa_nissuu"":319,""rookie_year"":true}"
76531,深川 耕大,9,1,reliever,35,14,R,R,188,99,12716,1,0,76531,false,false,,支配下,通常,0,0,,0,0,0,,,-0.4673008275032,-0.78513192951679,-0.32757513046265,0.26961212158203,0.00483365058899,-0.69813819169998,-0.01576911449432,-0.52005597352982,1.20189282417297,0.46561215162277,1.6,1.6,1.16028666496277,1.6,0.33266573250294,1.41545575141907,0.69005272388458,0.41571300268173,1.29122009277344,1.44016127586365,0.54111470222473,0.74607038021088,1.6,1.6,1.6,1.6,1.6,1.34166818618774,0.71034956455231,0.77296388443336,1.99995865979865,1.64125631952658,0.9573701773677,2.95354455124885,1.28708941085637,2.17561394201964,2.31955230698139,1.81441916548461,1.01952734621838,-0.85211163386703,-0.2695597910881,0.53375235557556,147,0,0,0,0,0,0,0,0,0,0,0,0,0,0,0,0,"{""draft_candidate"":true,""draft_candidate_id"":280,""draft_lottery"":false,""draft_method"":""rebid_single"",""draft_overall_pick"":11,""draft_round"":1,""draft_source"":""university"",""draft_year"":2042,""fa_nissuu"":338,""rookie_year"":true}"
76691,相良 克男,9,1,starter,31,13,R,R,188,90,10967,5,0,76691,false,false,,支配下,通常,0,0,,0,0,0,,,0.75313442230225,-1.33030567169189,0.28345153808594,-1.25172018051147,0.77527770996094,0.18787734985352,-0.90721351861954,-0.51830376625061,1.6,1.12204956054688,1.20135696411133,1.43905517578125,1.6,1.16753784179687,0.54194505691528,1.6,0.08444793701172,-0.21052112579346,-0.06892539978027,0.83067855834961,0.13128944396973,0.89120204925537,1.6,1.28245788574219,1.3586247253418,-0.37721490859985,0.5840922164917,0.95705135345459,0.77389642715454,1.9414646750629,1.60406976007819,1.82090829277039,2.14310955544561,2.43942616942525,1.811640491575,1.59639655840397,1.64515321739316,1.78709521351755,3.16078108040988,-0.54384841918945,1.15491851806641,0.70211364746094,145,0,0,0,0,0,0,0,0,0,0,0,0,0,0,0,0,"{""draft_candidate"":true,""draft_candidate_id"":52,""draft_lottery"":false,""draft_method"":""cpu"",""draft_overall_pick"":59,""draft_round"":5,""draft_source"":""high_school"",""draft_year"":2043,""fa_nissuu"":188,""rookie_year"":true}"
76739,北方 宣方,9,1,reliever,30,12,R,L,176,73,7935,1,0,76739,false,false,,支配下,通常,0,0,,0,0,0,,,0.43695922851562,-0.3705834197998,-1.35550971984863,0.80798370361328,1.03529037475586,0.48410690307617,0.69574069976807,0.3496905708313,1.6,1.6,0.45105934143066,1.6,1.12916687011719,0.37522430419922,1.45675081253052,1.48438446044922,0.65159698486328,0.30042556762695,-0.42734575748444,-0.04355758666992,0.17449691772461,1.6,0.40899467468262,-0.47538505911827,0.33936630249023,1.6,1.6,1.6,1.10096216201782,1.29372274413705,1.41556832487509,0.28355015075579,-0.31372547638416,1.30950936791673,0.46796196616162,1.35331947511435,1.51296008732915,2.03423185767233,1.00265124499798,0.35244613647461,0.36534454345703,0.59343505859375,144,0,0,0,0,0,0,0,0,0,0,0,0,0,0,0,0,"{""draft_candidate"":true,""draft_candidate_id"":280,""draft_lottery"":false,""draft_method"":""single_bid"",""draft_overall_pick"":1,""draft_round"":1,""draft_source"":""high_school"",""draft_year"":2044,""fa_nissuu"":258,""rookie_year"":true}"
76751,納谷 庸雄,9,3,fielder,30,12,R,L,193,76,2880,2,0,76751,false,false,,支配下,通常,0,0,,0,0,0,,,0.04962393720075,1.67250418159366,1.31126906806231,1.80978327521682,0.84954725804925,1.80566061073542,0.21581111463904,1.47115329599381,0.41347885131836,1.36,0.095625,0.33725212097168,0.83042602539063,-1.95171548831463,-1.74568904821202,-1.14904458497465,-2.2806689594686,-1.6391666457653,-2.09027574312687,1.19770553588867,1.30709808349609,0.71945813179016,-0.04131645202637,1.36,1.36,1.13274505615234,,,,,,,,,,,,,,0.88386905658245,0.73899922931194,1.54289118968323,,0,0,85,0,0,0,0,0,0,0,85,0,0,0,0,0,"{""draft_candidate"":true,""draft_candidate_id"":135,""draft_lottery"":false,""draft_method"":""cpu"",""draft_overall_pick"":13,""draft_round"":2,""draft_source"":""high_school"",""draft_year"":2044,""fa_nissuu"":320,""rookie_year"":true}"
76774,大池 奏斗,9,4,fielder,33,12,R,L,173,81,9074,3,0,76774,false,false,,支配下,通常,0,0,,0,0,0,,,1.25955222540116,2.29781136677861,1.41363125396669,1.76865681276321,0.01145627889037,2.79842306381166,-0.53375594522059,0.60129385814071,0.32107142448425,0.20467115402222,0.71333240509033,0.37527505397797,0.49792022705078,2.3383842583932,2.42727790811658,1.83554800388962,2.23248620662838,2.13051942846179,1.48077525156736,0.30307842254639,1.28898138999939,0.36594193935394,-0.26246759176254,0.5984890460968,1.05907225608826,-0.54509721584618,,,,,,,,,,,,,,0.81415787535384,0.44211592043713,0.4737873173371,,0,0,0,59,0,85,59,62,0,0,0,59,0,85,59,62,"{""draft_candidate"":true,""draft_candidate_id"":55,""draft_lottery"":false,""draft_method"":""cpu"",""draft_overall_pick"":36,""draft_round"":3,""draft_source"":""independent"",""draft_year"":2044,""fa_nissuu"":320,""rookie_year"":true}"
76775,木藤 将人,9,8,fielder,31,12,L,R,173,75,6362,4,0,76775,false,false,,支配下,通常,0,0,,0,0,0,,,0.06355071739573,1.07689266878366,0.26841778890602,3.57622412587702,-0.3074122160282,3.10477694376837,0.1905760062933,1.12084488582611,0.46600492477417,-0.41308142662048,0.81220171928406,1.07754620552063,-0.3196616601944,-0.18658403873444,-0.25023377895355,-0.60864747285843,0.63364098548889,0.63344500541687,-0.09391808032989,2.49504295569938,2.51574223744124,2.47167495565955,1.70261371195316,1.31603168632835,0.77318380975723,0.54339578038454,,,,,,,,,,,,,,-0.54314601323009,1.65657819913849,2.66369224250093,,0,75,0,66,64,0,0,0,0,75,0,66,64,0,0,0,"{""draft_candidate"":true,""draft_candidate_id"":52,""draft_lottery"":false,""draft_method"":""cpu"",""draft_overall_pick"":37,""draft_round"":4,""draft_source"":""independent"",""draft_year"":2044,""fa_nissuu"":52,""rookie_year"":true}"
76799,永塚 恒志,9,1,starter,30,12,R,R,184,72,13540,6,0,76799,false,false,,支配下,通常,0,0,,0,0,0,,,-0.30691955566406,-0.93290969848633,-1.1817985534668,-0.51467178344727,0.17311950683594,-0.35965927124023,-0.57892324447632,-1.80750803112984,0.45163192749023,1.40703048706055,-0.2961164855957,0.07199998855591,-0.23165954589844,1.3868327331543,-0.56357734203339,0.68440124511719,-0.38786499023437,-0.18259727478027,-0.60534065246582,1.39947616577148,1.41125946044922,0.05807570457458,-0.41820266723633,0.86195327758789,0.1141283416748,-0.56339710235596,0.20948497772217,0.56292737960815,0.89545835494995,2.2033832731843,1.27244826647639,-0.20397994010837,1.74086165113002,0.37761007010192,0.77608051994443,-0.09086868007481,1.97916809114814,0.70489629560709,1.63932976836339,-1.25429359436035,-0.85310737609863,-0.00129837036133,149,0,0,0,0,0,0,0,0,0,0,0,0,0,0,0,0,"{""draft_candidate"":true,""draft_candidate_id"":114,""draft_lottery"":false,""draft_method"":""cpu"",""draft_overall_pick"":61,""draft_round"":6,""draft_source"":""high_school"",""draft_year"":2044,""fa_nissuu"":219,""rookie_year"":true}"
76857,花沢 充汰,9,2,fielder,29,11,L,R,171,96,16264,2,0,76857,false,false,,支配下,通常,0,0,,0,0,0,,,0.78772390387952,1.84100630116463,2.1929399298057,2.23916053970903,0.50503101629019,2.49511906468868,0.02132851812243,1.99407463183999,2.6334023039639,1.45231725740433,4,2.12381242578104,1.91232537935674,-0.95976179122925,0.49452621459961,-0.43320236206055,-0.58489421844482,0.5569807434082,1.03682601928711,-0.05438415527344,0.79490570068359,-0.60503590106964,-0.66691455841064,-0.88752208709717,-0.45676452636719,-0.17693656921387,,,,,,,,,,,,,,0.91942124941051,2.33713016183972,1.47191040387601,,83,0,0,0,0,0,0,0,83,0,0,0,0,0,0,0,"{""draft_candidate"":true,""draft_candidate_id"":93,""draft_lottery"":false,""draft_method"":""cpu"",""draft_overall_pick"":14,""draft_round"":2,""draft_source"":""high_school"",""draft_year"":2045,""fa_nissuu"":261,""rookie_year"":true}"
76922,宇井 和岳,9,1,starter,29,11,R,L,170,90,9227,7,0,76922,false,false,,支配下,通常,0,0,,0,0,0,,,0.87027488708496,-0.85447174072266,-1.22090408325195,-1.14785667419434,-0.11633163452148,-1.4926936340332,0.25849422454834,-1.79364704608917,0.67219665527344,-1.00177829742432,-1.03833480834961,-0.232116355896,-0.51211692810059,1.06529449462891,-0.68865594387054,0.42873947143555,0.54902862548828,0.61845687866211,-0.4664852142334,1.0819807434082,1.03274993896484,1.04938413619995,0.56860885620117,-0.89326988220215,0.82102203369141,-0.23426300048828,0.13616817474365,-0.39481714248657,0.34800079345703,0.91800980525613,2.45127622033358,0.68761490873806,1.27230864870548,1.60478987216949,0.24884199073911,1.39568499898911,0.8160154986769,2.0773021428287,2.70100516285002,-1.01873504638672,0.48615707397461,-1.12350372314453,144,0,0,0,0,0,0,0,0,0,0,0,0,0,0,0,0,"{""draft_candidate"":true,""draft_candidate_id"":182,""draft_lottery"":false,""draft_method"":""cpu"",""draft_overall_pick"":79,""draft_round"":7,""draft_source"":""high_school"",""draft_year"":2045,""fa_nissuu"":71,""rookie_year"":true}"
76964,瀬戸 京也,9,1,reliever,28,10,L,R,171,77,8294,1,0,76964,false,false,,支配下,通常,0,0,,0,0,0,,,-0.93959909856319,-1.06219459533691,-0.21678558349609,-0.38660614013672,0.07850814819336,-0.09102188110352,-0.7938431596756,0.15656412124634,1.46126815795898,0.93959365844727,1.6,1.6,0.72077209472656,-0.14472621917725,0.58243273735046,0.22745323181152,-0.27895841598511,0.88531631469727,0.95695327758789,0.10736209869385,1.52323471069336,1.6,-0.27494033813477,-0.04331760406494,1.6,1.16482528686523,1.6,-0.16241389989853,0.98847093582153,1.67618545372784,1.81425503838062,1.74013942001387,1.07394313462824,0.25846049182862,0.36723500252515,0.92570001196861,1.5289535779655,1.8214333858043,2.4410097865127,0.22969009399414,0.47203506469727,-1.22512033462524,156,0,0,0,0,0,0,0,0,0,0,0,0,0,0,0,0,"{""draft_candidate"":true,""draft_candidate_id"":34,""draft_lottery"":false,""draft_method"":""rebid_single"",""draft_overall_pick"":10,""draft_round"":1,""draft_source"":""high_school"",""draft_year"":2046,""fa_nissuu"":209,""rookie_year"":true}"
76967,加藤 怜馬,9,1,reliever,29,10,R,L,189,72,7024,2,0,76967,false,false,,支配下,通常,0,0,,0,0,0,,,-0.62709187507629,-0.35341196060181,-0.15536022186279,-0.93025319576263,-1.39001643657684,-0.90786490440369,0.47739844322205,-0.12930568695068,1.6,1.15564366340637,0.84762321472168,0.93779377937317,0.98138519287109,0.58509860992432,0.55275418758392,1.4490926361084,1.41260586738586,-0.29888695716858,1.6,0.23433905601501,-0.03992818832397,0.68311415672302,0.44535273075104,1.6,0.0351366853714,1.01994048118591,0.28517549514771,0.97082204818726,1.03471901893616,1.61938823374547,1.18652784059942,-0.24256267405488,0.98267249932885,0.95149073153734,1.40922310321778,1.57881657272577,2.1476778049469,1.73794549705833,0.68697435193136,-0.08500638008118,-1.02524449825287,-0.1639036655426,149,0,0,0,0,0,0,0,0,0,0,0,0,0,0,0,0,"{""draft_candidate"":true,""draft_candidate_id"":314,""draft_lottery"":false,""draft_method"":""cpu"",""draft_overall_pick"":13,""draft_round"":2,""draft_source"":""independent"",""draft_year"":2046,""fa_nissuu"":101,""rookie_year"":true}"
77014,安部 総,9,1,reliever,28,10,R,L,192,72,6480,5,0,77014,false,false,,支配下,通常,0,0,,0,0,0,,,-0.43567869186401,-0.41038299560547,0.282890625,-0.10349578857422,1.15853240966797,-0.64923650741577,-0.86182139396667,-0.0393362903595,0.74282981872559,0.86364791870117,0.49209121704102,0.41168268442154,0.68225120544434,0.80041473388672,0.91689546585083,0.72120208740234,0.79816101074219,1.6,1.6,0.10381631851196,1.6,1.6,1.6,0.28080228805542,0.35041372299194,1.6,0.58611032485962,1.6,1.52670127868652,1.23402707366645,1.43099782583118,1.56799220846221,1.73409266404808,1.54934482976794,2.23826078976691,2.21781701298058,1.46302681851573,2.48356153702736,0.93667573422194,0.02756851196289,1.6,0.55699951171875,142,0,0,0,0,0,0,0,0,0,0,0,0,0,0,0,0,"{""draft_candidate"":true,""draft_candidate_id"":174,""draft_lottery"":false,""draft_method"":""cpu"",""draft_overall_pick"":60,""draft_round"":5,""draft_source"":""high_school"",""draft_year"":2046,""fa_nissuu"":101,""rookie_year"":true}"
77015,立原 聡英,9,3,fielder,28,10,R,R,183,81,4562,6,0,77015,false,false,,支配下,通常,0,0,,0,0,0,,,1.26234260264039,1.09327438434958,1.01664016516972,3.2113789039731,1.39591512039863,2.70242141364813,0.66909943039203,2.15697060967982,0.8985661315918,0.2205891418457,1.07185165405273,1.36,0.04884552001953,-1.14367733104527,-1.82249024077132,-0.10107630670071,-1.43352789322101,-0.51562409976125,-1.24446313995123,0.88922775268555,0.56594955444336,-0.20987550735474,-0.61424633026123,0.70288070678711,1.36,-0.72279235839844,,,,,,,,,,,,,,2.0237605932951,0.60963290660083,-0.05765200924873,,0,0,95,0,0,0,0,0,0,0,95,0,0,0,0,0,"{""draft_candidate"":true,""draft_candidate_id"":133,""draft_lottery"":false,""draft_method"":""cpu"",""draft_overall_pick"":61,""draft_round"":6,""draft_source"":""high_school"",""draft_year"":2046,""fa_nissuu"":92,""rookie_year"":true}"
77072,安永 隆造,9,1,starter,27,9,R,L,170,92,9279,1,0,77072,false,false,,支配下,通常,0,0,,0,0,0,,,0.873551902771,-1.20487045288086,-1.26360885620117,0.42381652832031,0.56505401611328,-0.50466171264648,-0.11217658996582,0.36715259552002,0.37364311218262,0.84482925415039,0.94311004638672,-0.05865922927856,1.07987915039062,-0.82480389118195,0.72267053604126,1.08132385253906,-0.54167995452881,0.73978439331055,-0.60019128799438,1.27405670166016,1.6,-0.56203108072281,0.06784767150879,-0.60765024185181,-0.7905806350708,1.17144134521484,1.37585905075073,-0.57199504375458,1.09033555984497,1.86256619870663,1.78274163852632,-0.38928740411252,1.16941685676575,0.98804744207114,1.33513838647306,0.48664330370724,1.23001262539625,1.47935439914465,1.12386340373755,-0.93054397583008,-1.26174659729004,-0.00921585083008,146,0,0,0,0,0,0,0,0,0,0,0,0,0,0,0,0,"{""draft_candidate"":true,""draft_candidate_id"":171,""draft_lottery"":false,""draft_method"":""rebid_single"",""draft_overall_pick"":10,""draft_round"":1,""draft_source"":""high_school"",""draft_year"":2047,""fa_nissuu"":52,""rookie_year"":true}"
77076,武笠 風悠来,9,2,fielder,30,9,L,R,181,84,5174,2,0,77076,false,false,,支配下,通常,0,0,,0,0,0,,,0.99085605168343,1.04466312456131,1.32640653991699,1.5728446981445,1.17861096176505,1.11659401507527,0.00190567659773,0.76235709127784,3.02384519714117,3.52801307114959,2.82983831648529,3.38178928421438,1.88041573338956,0.86963575363159,0.55077444076538,1.25660536766052,-0.46340471923351,1.1276574420929,1.05019768714905,-0.07705143690109,0.92895199775696,-0.33182136058807,0.26893193721771,1.26454278945923,-0.42034235715866,0.3181929731369,,,,,,,,,,,,,,2.09867448821291,1.70093945204318,1.82462013050914,,84,0,0,0,0,0,0,0,84,0,0,0,0,0,0,0,"{""draft_candidate"":true,""draft_candidate_id"":193,""draft_lottery"":false,""draft_method"":""cpu"",""draft_overall_pick"":14,""draft_round"":2,""draft_source"":""university"",""draft_year"":2047,""fa_nissuu"":177,""rookie_year"":true}"
77100,温井 一平太,9,7,fielder,27,9,R,R,179,88,5937,4,0,77100,false,false,,支配下,通常,0,0,,0,0,0,,,-0.28631680034101,0.66480847328901,0.50456001785025,1.4539946212694,1.69883006367087,1.32312764072418,0.06544875680655,0.3652852935493,1.13554718017578,1.0544709777832,-0.72618690490723,-0.80427202343941,-0.05129768371582,-0.64991806030273,-0.77578389644623,1.15654098510742,0.9119645690918,1.25919967651367,0.28281234741211,2.4308198517561,3.47854969873466,2.35713764902391,2.98736924147606,2.23822374339402,2.8828166526556,2.78069068085402,,,,,,,,,,,,,,1.01497442310676,2.32878402167559,0.34062152385712,,0,77,50,100,76,0,0,0,0,77,50,100,76,0,0,0,"{""draft_candidate"":true,""draft_candidate_id"":88,""draft_lottery"":false,""draft_method"":""cpu"",""draft_overall_pick"":38,""draft_round"":4,""draft_source"":""high_school"",""draft_year"":2047,""fa_nissuu"":52,""rookie_year"":true}"
77121,稲田 裕度,9,2,fielder,30,9,R,R,175,76,2505,5,0,77121,false,false,,支配下,通常,0,0,,0,0,0,,,0.3671512623243,-0.10309297294989,1.81791291418076,-0.72676777347326,0.91635996460915,-0.35634040361196,0.22559957646858,1.05921206367016,3.12805237308145,2.33406369897723,1.79258383588493,3.04393104939163,3.01270407050103,-0.40712205410004,-0.45449657917023,0.66084674835205,0.00746730327606,0.78097800254822,0.81512281417847,0.30614480018616,-0.88568879723549,-0.43888337612152,-0.46046741008759,-0.08266904354095,0.1513259601593,-0.9365051561594,,,,,,,,,,,,,,-0.11417766751349,1.86794634587765,-0.15183630287647,,91,0,0,0,0,0,0,0,91,0,0,0,0,0,0,0,"{""draft_candidate"":true,""draft_candidate_id"":225,""draft_lottery"":false,""draft_method"":""cpu"",""draft_overall_pick"":59,""draft_round"":5,""draft_source"":""university"",""draft_year"":2047,""fa_nissuu"":0,""rookie_year"":true}"
77124,北風 智祐,9,2,fielder,28,9,L,R,187,92,2505,6,0,77124,false,false,,支配下,通常,0,0,,0,0,0,,,0.51344995558262,0.93182798334956,0.51258649578691,0.08813979618251,0.11635892103289,0.23640535286069,0.52296338228136,0.23197629868239,2.80724254368618,1.86611995595694,0.4712887644358,2.20920551556349,2.89181397745386,-1.30674847364426,-0.38406837463379,0.58326134681702,-0.58457081317902,-1.40683111548424,-1.38160379528999,-1.1131303191185,0.45126962661743,-0.20599479675293,-0.38682026863098,-0.60855462551117,-0.57823457717896,0.2919979095459,,,,,,,,,,,,,,-0.65295536129177,1.02024826781638,-1.20869956320524,,75,0,0,0,0,0,0,0,75,0,0,0,0,0,0,0,"{""draft_candidate"":true,""draft_candidate_id"":301,""draft_lottery"":false,""draft_method"":""cpu"",""draft_overall_pick"":62,""draft_round"":6,""draft_source"":""independent"",""draft_year"":2047,""fa_nissuu"":0,""rookie_year"":true}"
77162,シマック,9,5,fielder,37,9,R,R,197,81,10541,0,0,77162,false,true,,支配下,通常,0,0,,0,0,0,,,-0.4570690600723,0.59285072072744,0.9746971631512,1.49671130310893,0.99240372413397,-0.13047846192122,-1.12189827124588,0.70697155746818,1.67972106933594,0.72611351013184,0.35747495532036,1.20116136550903,1.3222200012207,-0.4793737770319,0.39863362203259,1.16213572525885,0.07886163973808,1.60552435302734,0.1746181101799,2.08,1.2862414932251,1.61100671768188,0.98063056945801,0.46760023117065,2.08,2.03451080322266,,,,,,,,,,,,,,0.66469836826697,0.77046313955784,-1.04215105231106,,0,0,100,0,0,0,96,80,0,0,100,0,0,0,96,80,"{""fa_nissuu"":240,""foreign_scout"":true,""foreign_signed_year"":2047,""quality_tier"":""ace""}"
77170,朝倉 敬容,9,1,starter,26,8,R,R,173,79,18231,1,0,77170,false,false,,支配下,通常,0,0,,0,0,0,,,-0.3583988571167,1.19091125488281,-0.80029598236084,0.77928955078125,0.83316864013672,0.47546966552734,0.73519065856934,-0.73164778709412,1.50309906005859,1.6,0.0929621887207,-0.118190523386,1.23411605834961,0.09872867584229,0.60981141090393,0.86012451171875,0.33351577758789,0.41939094543457,0.62369674682617,0.18614593505859,0.65781143188477,1.35187358856201,-0.00501718521118,-0.18587208747864,0.13089992523193,0.03870388031006,1.6,1.6,0.18060282230377,2.88734095788375,2.69298316662014,0.89272227191459,1.73702594806254,3.11805990597606,2.01387555155344,1.47279117967188,1.99520621134341,2.2485154902637,2.25832168853283,0.49734329223633,0.91526138305664,0.82423202514648,162,0,0,0,0,0,0,0,0,0,0,0,0,0,0,0,0,"{""draft_candidate"":true,""draft_candidate_id"":180,""draft_lottery"":true,""draft_method"":""lottery"",""draft_overall_pick"":5,""draft_round"":1,""draft_source"":""high_school"",""draft_year"":2048,""fa_nissuu"":146,""rookie_year"":true}"
77215,上地 寿朗,9,1,starter,26,8,L,L,188,94,2285,5,0,77215,false,false,,支配下,通常,0,0,,0,0,0,,,-0.03543153762817,-0.12646453857422,-0.62346260070801,-0.29511352539063,-0.78757652282715,-0.27672668457031,-0.23274066925049,-0.24668163299561,0.85985137939453,-0.51268792152405,1.6,0.05063931465149,1.32809280395508,0.55883163452148,-0.0104921913147,1.6,0.72919006347656,1.16528610229492,0.68084579467773,1.39610153198242,1.07001220703125,0.39092720985413,-0.24020198822021,-0.44267786026001,1.42963531494141,1.6,0.2537292098999,1.04275300979614,0.85578838348389,1.78185250142217,0.64142124772072,0.82332247785106,2.22087568328157,0.29200519298017,0.63338922423124,1.50307871153951,0.66217039218545,0.46613850221038,1.98146120258421,0.88526840209961,-0.1074853515625,-0.09429443359375,157,0,0,0,0,0,0,0,0,0,0,0,0,0,0,0,0,"{""draft_candidate"":true,""draft_candidate_id"":201,""draft_lottery"":false,""draft_method"":""cpu"",""draft_overall_pick"":50,""draft_round"":5,""draft_source"":""high_school"",""draft_year"":2048,""fa_nissuu"":0,""rookie_year"":true}"
77235,笹生 優也,9,9,fielder,26,8,L,L,191,89,2285,6,0,77235,false,false,,支配下,通常,0,0,,0,0,0,,,1.19506541990675,1.15042329239845,1.42836277534813,0.45613659502268,0.23504112658277,0.05917820695862,0.25488979399949,0.65315894305706,0.76714508056641,1.02733169555664,-0.30988403320313,-0.83166802883148,1.13053787231445,1.2302392578125,-0.90195204734802,-0.66005851745605,-0.4918660736084,-0.92886646270752,-0.13151016235352,-0.71071030041203,0.83803103237413,-0.48240445651859,1.10580845704675,1.61055862444639,-0.10918036806583,0.97902758574486,,,,,,,,,,,,,,-0.33293958699703,1.52338246192411,-0.4198304861486,,0,65,0,76,98,0,0,0,0,65,0,76,98,0,0,0,"{""draft_candidate"":true,""draft_candidate_id"":313,""draft_lottery"":false,""draft_method"":""cpu"",""draft_overall_pick"":70,""draft_round"":6,""draft_source"":""high_school"",""draft_year"":2048,""fa_nissuu"":0,""released_from_team"":6,""released_signed_year"":2054,""rookie_year"":true}"
77253,大部 貴代孝,9,5,fielder,26,8,R,L,178,88,2285,1,0,77253,false,false,,支配下,通常,0,0,,0,0,0,,,0.10835196141154,-0.03677161663771,1.18326842793822,0.86026581790447,1.37473817786574,0.89301043403484,-0.34493584845588,0.85637781020999,0.61486846923828,1.05329833984375,0.91867172241211,-0.07033380508423,-0.62384479522705,0.30926062178612,0.20218991756812,0.50493992722034,2.23637150844932,1.08838835901022,-0.39822888813913,0.99503128051758,-0.09960945129395,0.30810836791992,1.03050476074219,0.68629516601563,0.47137573242188,-1.02591510534287,,,,,,,,,,,,,,1.53632419486344,1.88068144327402,1.8756147955358,,0,0,0,0,74,0,0,92,0,0,0,0,74,0,0,92,"{""draft_candidate"":true,""draft_candidate_id"":20,""draft_lottery"":false,""draft_method"":""cpu"",""draft_overall_pick"":88,""draft_round"":1,""draft_source"":""high_school"",""draft_year"":2048,""fa_nissuu"":0,""rookie_year"":true}"
77273,ブリッテン,9,5,fielder,35,8,R,R,181,90,26895,0,0,77273,false,true,,支配下,通常,0,0,,0,0,0,,,-0.43203413233534,2.6562462871871,2.80318293228745,1.44495375728607,1.5819423803091,1.47519925741851,0.1319715468213,1.75229576081038,1.32739925384521,1.6825760269165,2.40228820800781,1.49911528587341,1.06199880599976,2.27036758136749,2.63319368524849,1.68948405212164,1.22065092483163,2.30181158739328,2.16564538410306,1.04273962974548,1.88693672180176,1.16139186382294,1.35622909545898,1.6770073890686,1.85568004608154,1.67341022491455,,,,,,,,,,,,,,2.01347980086952,2.42051511372328,1.65577735826764,,0,0,95,0,0,0,0,100,0,0,95,0,0,0,0,100,"{""fa_nissuu"":146,""foreign_scout"":true,""foreign_signed_year"":2048,""quality_tier"":""ace""}"
77312,中川 辰慶,9,5,fielder,25,7,L,L,170,87,3259,3,0,77312,false,false,,支配下,通常,0,0,,0,0,0,,,0.13116233987175,2.10859221036732,2.12614865860587,1.71642796955556,1.04801110216975,1.41836685739756,0.26345999727398,0.28269347769022,-0.2645849609375,1.36,1.33383972167969,1.35839159011841,0.97155059814453,1.51980412711948,1.69760681898892,2.07761889147758,0.74350055605173,2.12991143107414,0.13790037575737,-0.62562007904053,1.00733917236328,0.53252742767334,-0.00449645996094,-0.53848655700684,0.3726872253418,1.29634216308594,,,,,,,,,,,,,,2.06592047588527,0.80994104771316,1.43942821067572,,0,0,0,0,0,0,0,99,0,0,0,0,0,0,0,99,"{""draft_candidate"":true,""draft_candidate_id"":314,""draft_lottery"":false,""draft_method"":""cpu"",""draft_overall_pick"":33,""draft_round"":3,""draft_source"":""high_school"",""draft_year"":2049,""fa_nissuu"":198,""rookie_year"":true}"
77353,陰山 京吾,9,9,fielder,25,7,L,R,193,81,2065,7,0,77353,false,false,,支配下,通常,0,0,,0,0,0,,,-0.13812275699526,1.74715165507793,0.60290486757085,0.87113871608675,0.78519895920157,0.58790421281755,0.12360118049383,-0.27247118228674,-1.20044913291931,-0.79797973632813,-0.43660339355469,0.71867515563965,-0.06506423950195,-0.37917877197266,-0.79169749736786,1.04003936767578,-1.19682991027832,-0.72165283203125,-0.42929672241211,-0.79133578167856,0.08272848969698,-0.58438546197489,-0.29753774124384,-0.37131161564589,-0.94439775967598,-0.26433240866661,,,,,,,,,,,,,,-0.69913649389148,-0.06860851195455,0.83415710573643,,0,58,66,88,98,0,0,0,0,58,66,88,98,0,0,0,"{""draft_candidate"":true,""draft_candidate_id"":210,""draft_lottery"":false,""draft_method"":""cpu"",""draft_overall_pick"":74,""draft_round"":7,""draft_source"":""high_school"",""draft_year"":2049,""fa_nissuu"":0,""released_from_team"":2,""released_signed_year"":2055,""rookie_year"":true}"
77392,北村 丈良,9,1,reliever,28,6,L,L,173,93,9507,1,0,77392,false,false,,支配下,通常,0,0,,0,0,0,,,0.13796905517578,0.31725563049316,-0.41752710342407,-0.65657400369644,0.94935562133789,0.8218932723999,-0.11880981445313,-0.32111264228821,1.27974655151367,0.78573972702026,0.92298751831055,1.5603630065918,0.57613348960876,0.36217419147491,1.07912111282349,1.31408306121826,0.76016006469727,0.65326838493347,1.6,0.98565702438354,0.48523435592651,0.78813869953156,1.6,1.56579540252686,1.6,0.90550849914551,1.36673145294189,1.56959638595581,0.42888088524342,1.80303784674406,1.77021639129519,0.28819929423928,0.58789698931575,0.54342779307067,0.80490860724449,1.28573083584756,1.88870820939541,1.55029938310385,1.27865979063511,1.04608737945557,1.31843254089355,0.67886753082275,144,0,0,0,0,0,0,0,0,0,0,0,0,0,0,0,0,"{""draft_candidate"":true,""draft_candidate_id"":271,""draft_lottery"":true,""draft_method"":""lottery"",""draft_overall_pick"":4,""draft_round"":1,""draft_source"":""university"",""draft_year"":2050,""fa_nissuu"":207,""rookie_year"":true}"
77416,竹腰 員明,9,9,fielder,28,6,R,R,191,76,1845,3,0,77416,false,false,,支配下,通常,0,0,,0,0,0,,,-0.13568847109377,1.39357584813237,1.69880840986967,0.43847999673486,1.28204713213444,-0.06195503810644,0.3329498693645,0.80252779191732,0.48537076950073,0.82229496002197,1.346535987854,1.36,0.0454921245575,0.34560493469238,0.47687017440796,-0.18368975400925,-0.02608128547668,1.01307666778564,1.13242572784424,1.3980543923974,1.50050642122328,0.35970930308104,1.10011437445879,1.2413382049799,0.7517553191185,0.62961896502972,,,,,,,,,,,,,,0.1289424960725,1.89718541038036,1.35304323321581,,0,53,0,62,71,0,0,0,0,53,0,62,71,0,0,0,"{""draft_candidate"":true,""draft_candidate_id"":141,""draft_lottery"":false,""draft_method"":""cpu"",""draft_overall_pick"":28,""draft_round"":3,""draft_source"":""independent"",""draft_year"":2050,""fa_nissuu"":21,""rookie_year"":true}"
77471,若宮 永芳,9,7,fielder,24,6,R,R,175,98,1845,8,0,77471,false,false,,支配下,通常,0,0,,0,0,0,,,-0.70361676962301,-0.33585953271389,0.86292348992825,1.60202049255371,1.32254940102249,1.59634461900592,0.65339055383205,1.36381784957647,-1.15864795684814,0.58711776733398,0.76463668823242,-0.01129855155945,-0.7135856628418,0.50582214355469,0.49730407714844,0.47629547119141,-1.06162376403809,0.13476287841797,0.5653955078125,-0.73549855539203,-1.42813020227849,-0.39977501743287,-1.66378669416904,-1.88087967401743,-1.90360350175202,-1.65189438939095,,,,,,,,,,,,,,-0.95189978325367,2.06321452564001,-0.25175883458555,,0,42,0,70,60,0,0,0,0,42,0,70,60,0,0,0,"{""draft_candidate"":true,""draft_candidate_id"":212,""draft_lottery"":false,""draft_method"":""cpu"",""draft_overall_pick"":83,""draft_round"":8,""draft_source"":""high_school"",""draft_year"":2050,""fa_nissuu"":0,""rookie_year"":true}"
77475,田宮 太嘉男,9,1,reliever,24,6,L,L,186,85,1845,1,0,77475,true,false,,育成,通常,0,0,,0,0,0,,,0.54763126373291,-0.33415802001953,-0.65147583007813,-0.44685974121094,-1.51465057373047,-0.58623306274414,0.45521850585937,-1.00112813949585,0.44926818847656,0.95983825683594,-0.32237739562988,0.91538146972656,0.45143188476563,0.08712295532227,0.49137897491455,1.34507873535156,-0.87542545318604,1.20119125366211,-0.6525757598877,0.26031921386719,1.30126235961914,0.16405212402344,-0.11452491760254,0.0026195526123,0.66138305664063,0.44184158325195,1.07640571594238,1.01615119934082,-0.31196711540222,-1.12545980930328,-0.63528901708126,0.65104783809185,0.34189498901367,0.91141516578197,-1.06564493268728,-0.14465157419443,0.65201687690616,0.37714263916016,-0.95055261611938,0.37450073242188,-0.93528877258301,0.15720230102539,153,0,0,0,0,0,0,0,0,0,0,0,0,0,0,0,0,"{""draft_candidate"":true,""draft_candidate_id"":234,""draft_lottery"":false,""draft_method"":""cpu"",""draft_overall_pick"":87,""draft_round"":1,""draft_source"":""high_school"",""draft_year"":2050,""fa_nissuu"":0,""rookie_year"":true}"
77485,今城 陸雄,9,1,reliever,28,6,R,R,182,82,1845,2,0,77485,false,false,,支配下,通常,0,0,,0,0,0,,,0.13119384765625,0.44528480529785,-0.87255675315857,0.47258308410645,0.14143821716309,0.30705127716064,0.33377578735352,-0.82277220726013,1.376594581604,0.7875891494751,0.05006143569946,0.15489942550659,0.48042743682861,0.82038940429688,0.74253713607788,0.76448501586914,0.47552770614624,1.01573822021484,-0.08083339691162,1.09071773529053,0.3055867767334,1.05664894104004,1.21550216674805,0.38060508728027,1.53482002258301,0.24755498886108,0.24837030887604,1.13657543182373,1.1107169342041,1.71321265353262,1.36307619018853,0.92775797644258,2.05798555871844,1.32087333508115,0.60009967850894,1.53820355120301,0.64956458550692,0.22928017728031,0.40944576589763,-1.10106900215149,-0.31813856124878,-0.75429648399353,149,0,0,0,0,0,0,0,0,0,0,0,0,0,0,0,0,"{""draft_candidate"":true,""draft_candidate_id"":210,""draft_lottery"":false,""draft_method"":""cpu"",""draft_overall_pick"":97,""draft_round"":2,""draft_source"":""university"",""draft_year"":2050,""fa_nissuu"":0,""rookie_year"":true}"
77505,村石 久太,9,3,fielder,23,5,R,L,172,75,6638,1,0,77505,false,false,,支配下,通常,0,0,,0,0,0,,,0.7385616639331,1.62200431326032,2.22233507221192,1.79804568765461,1.46243179874122,1.85112836735845,-0.23461919273436,1.54816101285815,1.36,0.75385955810547,0.68507675170898,1.36,0.10552558898926,-1.05224569216371,-1.44937739762012,-1.65971210920811,-1.38778258675337,-1.0270340269208,-1.40297224867344,-0.17883857727051,1.36,-0.55607360601425,-0.07860092163086,0.13782661437988,0.27613861083984,-0.15785453796387,,,,,,,,,,,,,,0.17585095238686,1.34019746908545,2.1389667301476,,0,0,88,64,0,0,0,0,0,0,88,64,0,0,0,0,"{""draft_candidate"":true,""draft_candidate_id"":88,""draft_lottery"":true,""draft_method"":""lottery"",""draft_overall_pick"":11,""draft_round"":1,""draft_source"":""high_school"",""draft_year"":2051,""fa_nissuu"":101,""rookie_year"":true}"
77525,岩根 公明,9,1,reliever,23,5,R,R,183,72,1625,3,0,77525,false,false,,支配下,通常,0,0,,0,0,0,,,0.07421184539795,-0.89353065490723,0.5644352722168,-0.27976181030273,0.40649841308594,0.53457855224609,-0.041165599823,-0.25128841400146,1.6,-0.55010132789612,-0.46426769256592,0.40589871406555,-0.42892421722412,1.39780517578125,0.28340665817261,0.86247817993164,-0.27580875396729,0.16996391296387,1.18489196777344,1.12178741455078,0.56364891052246,1.6,0.13823577880859,1.6,1.33839431762695,1.55997833251953,0.64759016036987,1.45807159423828,0.06081197738647,0.28872562303394,0.96825009819865,-0.47265225478169,1.16366902279854,0.37147745877504,1.8739669533968,-0.10088892957568,2.1218034517467,2.05768933051825,1.36609062027931,-0.5780241394043,-0.28434150695801,0.32971878051758,146,0,0,0,0,0,0,0,0,0,0,0,0,0,0,0,0,"{""draft_candidate"":true,""draft_candidate_id"":91,""draft_lottery"":false,""draft_method"":""cpu"",""draft_overall_pick"":31,""draft_round"":3,""draft_source"":""high_school"",""draft_year"":2051,""fa_nissuu"":31,""rookie_year"":true}"
77549,宮路 秋久,9,1,starter,23,5,L,R,176,94,1625,5,0,77549,false,false,,支配下,通常,0,0,,0,0,0,,,-0.64112729072571,-0.29342330932617,0.43952880859375,-0.9275316619873,-1.14847602844238,-1.09221710205078,-0.5600864982605,0.0174037361145,-0.10847236633301,-0.41233894348145,-0.11540679931641,1.31098627090454,-0.726112241745,0.07767906188965,0.59989723205566,0.35046546936035,-0.39565132141113,-0.41281482696533,0.32302032470703,-0.68312591552734,0.50229293823242,-0.59297163367271,0.97807205200195,1.43389465332031,0.09627365112305,1.39483932495117,-0.30172627449036,0.35196432113647,-0.63408126950264,0.38344003635645,1.22651056182384,-0.31870680087805,1.1124393402338,0.20530318664014,1.11617989038676,0.14568931849301,1.09982178270817,0.11985883486271,1.45696846342087,0.33920745849609,-0.49396057128906,-0.09950424194336,143,0,0,0,0,0,0,0,0,0,0,0,0,0,0,0,0,"{""draft_candidate"":true,""draft_candidate_id"":164,""draft_lottery"":false,""draft_method"":""cpu"",""draft_overall_pick"":55,""draft_round"":5,""draft_source"":""high_school"",""draft_year"":2051,""fa_nissuu"":0,""rookie_year"":true}"
77558,久富 雄之,9,8,fielder,26,5,L,R,190,87,1625,6,0,77558,false,false,,支配下,通常,0,0,,0,0,0,,,-0.04545180546865,-0.2673110101223,0.58718395078182,1.87283767234385,-0.19118765442073,1.68088516981751,0.48557825595886,0.28023928079009,-0.35104428768158,0.62627118110657,-0.63977823376656,-0.18075797557831,1.08250674247742,0.43885005950928,0.939075050354,1.06739287376404,0.45904143333435,0.63082314491272,0.65468735694885,1.36925744667649,-0.01705646646023,1.05555319093168,1.69258372917771,1.22002018202096,1.28675219529867,1.7230701418519,,,,,,,,,,,,,,0.6664494549036,0.8397067002058,1.16700800940394,,0,88,0,69,91,0,0,0,0,88,0,69,91,0,0,0,"{""draft_candidate"":true,""draft_candidate_id"":74,""draft_lottery"":false,""draft_method"":""cpu"",""draft_overall_pick"":64,""draft_round"":6,""draft_source"":""university"",""draft_year"":2051,""fa_nissuu"":0,""released_from_team"":8,""released_signed_year"":2055,""rookie_year"":true}"
77560,梅本 修夫,9,1,reliever,23,5,L,R,190,81,1625,6,0,77560,false,false,,支配下,通常,0,0,,0,0,0,,,-0.4195379447937,-0.55804183959961,-2,-0.59746459960938,-1.51930503845215,-1.98049053192139,0.59114604949951,-0.83957754135132,-1.06958059310913,-0.40351058959961,0.16356857299805,-0.24857557296753,0.43611801147461,-0.39863311767578,-0.10943734169006,-0.66337928771973,-0.09966918945313,-1.10172943472862,-0.58519474029541,0.50235122680664,0.44682327270508,0.43178792953491,1.27421447753906,1.39109390258789,0.87064895629883,1.31828369140625,-0.49755009651184,0.83525844573975,-0.63362540721893,-0.42865087515116,0.552813477844,-0.18170623330772,0.50027353835106,-0.6461925457865,0.52331923434138,0.10946706593037,1.24759997391701,0.20229221495986,-0.11660834312439,-2,-0.72549987792969,-1.93083804130554,150,0,0,0,0,0,0,0,0,0,0,0,0,0,0,0,0,"{""draft_candidate"":true,""draft_candidate_id"":308,""draft_lottery"":false,""draft_method"":""cpu"",""draft_overall_pick"":66,""draft_round"":6,""draft_source"":""high_school"",""draft_year"":2051,""fa_nissuu"":0,""rookie_year"":true}"
77587,恒松 弘士,9,1,reliever,27,5,R,R,176,82,1625,1,0,77587,true,false,,育成,通常,0,0,,0,0,0,,,-0.55304169654846,-0.19034091949463,-0.71504829406738,-1.0841269493103,-1.49503848075867,-0.99962469100952,-0.05596923828125,-0.62834318161011,0.78092853546143,-0.85050369560719,0.98811374664307,0.03126919746399,0.36034900665283,-0.81583802700043,-0.71681202955544,0.82249691009521,-0.76727145433426,0.19301155090332,0.8126224899292,0.91650405883789,-0.50680393218994,-0.05057489395142,0.07035949707031,-0.35070051193237,1.00977626800537,-0.7502436542511,0.23329122543335,0.67162530899048,0.34138343811035,-0.66671730487049,0.89089984089136,0.4308209362179,0.02317308829259,0.76425493379682,0.46727292719483,-0.13202662295103,1.40133216667175,0.90285526562855,1.22597827643156,-1.62106880187988,-0.15330562591553,-0.57834415435791,147,0,0,0,0,0,0,0,0,0,0,0,0,0,0,0,0,"{""draft_candidate"":true,""draft_candidate_id"":111,""draft_lottery"":false,""draft_method"":""cpu"",""draft_overall_pick"":93,""draft_round"":1,""draft_source"":""independent"",""draft_year"":2051,""fa_nissuu"":0,""rookie_year"":true}"
77628,炭谷 剣心,9,1,starter,22,4,R,R,193,91,1407,2,0,77628,false,false,,支配下,通常,0,0,,0,0,0,,,-0.74032972812653,-1.38402126789093,-0.53235466003418,-0.4546410369873,-1.19111394882202,-1.05124488830566,-0.00685747146606,0.32610271453857,1.5637272644043,0.37465446472168,0.85473922729492,0.22320275306702,0.30724700927734,1.6,-0.07524029254913,1.59662521362305,0.40663307189941,1.25016418457031,0.98736557006836,1.25393814086914,0.5155443572998,-0.02199284553528,1.6,0.69122123718262,1.6,1.57590179443359,1.6,-0.04111325979233,0.07309461116791,-0.02072915359214,1.12889181292057,-0.43585336066782,1.43628213909268,1.02646936422586,1.00066664350033,0.26824215605855,2.05289150476456,1.66836860638857,2.05730009317398,-0.78036521911621,0.95088851928711,0.35042251586914,147,0,0,0,0,0,0,0,0,0,0,0,0,0,0,0,0,"{""draft_candidate"":true,""draft_candidate_id"":312,""draft_lottery"":false,""draft_method"":""cpu"",""draft_overall_pick"":21,""draft_round"":2,""draft_source"":""high_school"",""draft_year"":2052,""fa_nissuu"":0,""rookie_year"":true}"
77635,堀井 直廉,9,1,starter,22,4,L,R,186,98,1406,3,0,77635,false,false,,支配下,通常,0,0,,0,0,0,,,0.39217449188232,-0.99889537811279,0.21939880371094,0.58727401733398,0.56256591796875,1.01206161499023,0.30357078552246,0.76825736999512,0.63024513244629,1.6,1.11391418457031,0.01215150356293,0.41738746643066,0.00593975067139,1.15547790527344,0.81593299865723,1.31381240844727,1.43920608520508,0.40090576171875,1.05091766357422,1.6,0.39113858222961,1.59442596435547,1.6,0.55515838623047,0.42087287902832,1.6,0.1302164888382,1.6,1.6538541880846,0.23011322575808,0.02544242289662,1.21220872375369,0.45556748667359,2.43713211274147,0.24995672827959,0.16379439452291,1.91029251915216,2.29093796545267,-0.63500846862793,-0.40875148773193,-0.90079597473145,143,0,0,0,0,0,0,0,0,0,0,0,0,0,0,0,0,"{""draft_candidate"":true,""draft_candidate_id"":168,""draft_lottery"":false,""draft_method"":""cpu"",""draft_overall_pick"":28,""draft_round"":3,""draft_source"":""high_school"",""draft_year"":2052,""fa_nissuu"":0,""rookie_year"":true}"
77652,一色 智晃,9,1,reliever,22,4,R,R,187,94,1406,4,0,77652,false,false,,支配下,通常,0,0,,0,0,0,,,-0.78378331661224,-1.11614780426025,-0.30367553710938,0.87943420410156,-1.5151434803009,-1.34533922195435,0.74206192016602,0.4819931602478,1.38228790283203,-0.51301930427551,-0.42135912895203,1.403991355896,1.49480773925781,0.87105484008789,0.50293935775757,0.28908432006836,-0.13873332977295,1.6,1.25840744018555,1.6,1.6,1.6,1.44511459350586,-0.49070303440094,0.38388374328613,0.47875839233398,-0.26971913099289,1.56344373703003,1.04129066467285,1.94141437935829,0.38971979898214,-0.01519818878546,-0.1353497544229,1.75712348383665,-0.10300319664925,0.12161922961473,-0.02608838158101,0.81002657270432,0.6100523853898,-0.53314308166504,-0.63422798156738,-0.10404998779297,142,0,0,0,0,0,0,0,0,0,0,0,0,0,0,0,0,"{""draft_candidate"":true,""draft_candidate_id"":127,""draft_lottery"":false,""draft_method"":""cpu"",""draft_overall_pick"":45,""draft_round"":4,""draft_source"":""high_school"",""draft_year"":2052,""fa_nissuu"":0,""rookie_year"":true}"
77659,江本 洋和,9,1,reliever,26,4,R,R,191,97,1405,5,0,77659,false,false,,支配下,通常,0,0,,0,0,0,,,0.12358268737793,-1.78597228169441,-0.32659633636475,-1.62107983112335,-1.5290337562561,-1.51295194625855,0.62681640625,-0.39515779495239,-0.87941406490281,-0.27156959533691,-0.15950595855713,-0.658204652071,-0.30219827651978,0.22928680419922,-0.63407057642937,-0.31407781600952,1.01346618652344,0.84507404327393,1.01285163879395,-0.63692325592041,-0.28521512985229,-0.57485315322876,-0.13580535888672,0.24042030334473,-0.00960632324219,-0.24608943939209,0.72074745178223,-0.38975548267365,0.55608022689819,1.07203122830391,1.11416593523324,-0.42961544916779,0.69163711160421,-0.18165116421878,1.04795685087144,0.50170655870438,0.37162201482058,1.48112139946222,-0.05306886458397,-1.42372905731201,-0.38676452636719,0.06544975280762,150,0,0,0,0,0,0,0,0,0,0,0,0,0,0,0,0,"{""draft_candidate"":true,""draft_candidate_id"":157,""draft_lottery"":false,""draft_method"":""cpu"",""draft_overall_pick"":52,""draft_round"":5,""draft_source"":""university"",""draft_year"":2052,""fa_nissuu"":0,""rookie_year"":true}"
77676,守安 律克,9,1,starter,22,4,R,R,177,84,1405,6,0,77676,false,false,,支配下,通常,0,0,,0,0,0,,,0.44762226104736,-1.22292335510254,-1.29122009277344,-0.65350105285645,0.47376083374023,-1.09381858825684,0.22051105499268,0.4267604637146,0.80538391113281,1.5919010925293,0.4697297668457,0.48331254959106,0.37726623535156,0.47108489990234,1.04213054656982,0.06263580322266,1.28331985473633,-0.56865753173828,-0.31173225402832,1.56708999633789,0.7322932434082,-0.28329548358917,0.75582641601562,-0.16709892272949,-0.3103955078125,0.18663635253906,0.21308106422424,0.24062294960022,1.06733085632324,1.94037031845003,-0.07427549573779,0.49591150344908,1.88431571990252,0.48292553125322,1.84510864579678,2.42886628443003,-0.33976544469595,1.46757880844176,1.4397995389998,-0.19381744384766,0.49734603881836,-1.20292953491211,143,0,0,0,0,0,0,0,0,0,0,0,0,0,0,0,0,"{""draft_candidate"":true,""draft_candidate_id"":217,""draft_lottery"":false,""draft_method"":""cpu"",""draft_overall_pick"":69,""draft_round"":6,""draft_source"":""high_school"",""draft_year"":2052,""fa_nissuu"":0,""rookie_year"":true}"
77681,稲山 拓彌,9,1,reliever,26,4,L,R,173,75,1405,7,0,77681,false,false,,支配下,通常,0,0,,0,0,0,,,0.21658081054688,-0.49282106399536,-0.73151346206665,0.26111919403076,0.56300689697266,-0.08518463134766,0.41084312438965,-0.04100515365601,0.4076365852356,0.38596290588379,-0.21666071653366,0.85847343444824,0.76056911468506,1.30163467407227,0.25008892059326,0.61380252838135,1.01901264190674,1.22213634490967,0.47947566986084,0.87155300140381,-0.29713484585285,0.7700537109375,0.23002416610718,0.42280475616455,-0.10634980678558,0.54084615707397,0.84130319595337,0.82953294754028,0.69087223052979,1.93281014124304,1.39672568666935,0.36513550156355,1.73206473600864,-0.09418234849721,0.81053603774309,1.12136160391569,1.10457437835634,0.15036232143641,0.04099669027328,-0.81776426315308,0.56428066253662,-0.83885183334351,146,0,0,0,0,0,0,0,0,0,0,0,0,0,0,0,0,"{""draft_candidate"":true,""draft_candidate_id"":274,""draft_lottery"":false,""draft_method"":""cpu"",""draft_overall_pick"":74,""draft_round"":7,""draft_source"":""university"",""draft_year"":2052,""fa_nissuu"":0,""rookie_year"":true}"
77690,後田 宏岳,9,8,fielder,25,4,R,L,171,96,1405,1,0,77690,true,false,,育成,通常,0,0,,0,0,0,,,0.48312273638695,0.97509615410492,0.54649330335855,0.80438065026999,0.26683466183394,0.93450969009399,0.47057970142365,0.08141121739149,-0.77664580345154,-0.90386579036713,-0.82750453948975,-1.11383512675762,-0.99717822790146,-1.27975043773651,0.22000063896179,0.17260143280029,-0.15388084411621,0.41025917053223,-0.75610605239868,1.92117782968283,1.24672122319043,1.29057770673931,2.04929561561346,1.88018925759941,-0.42600271499157,1.7501773763895,,,,,,,,,,,,,,-0.65759203769267,1.44931324771047,0.80613016445003,,0,89,0,79,88,0,0,60,0,89,0,79,88,0,0,60,"{""draft_candidate"":true,""draft_candidate_id"":128,""draft_lottery"":false,""draft_method"":""cpu"",""draft_overall_pick"":83,""draft_round"":1,""draft_source"":""university"",""draft_year"":2052,""fa_nissuu"":0,""rookie_year"":true}"
77704,成島 龍之助,9,6,fielder,25,4,R,R,193,92,1405,2,0,77704,true,false,,育成,通常,0,0,,0,0,0,,,-0.43471200205386,0.41967781797051,-0.40432272987068,0.76000255606771,-0.66050354613364,1.03269969226122,0.16488292615861,-0.14469887471199,-1.51194975562394,-1.47005593627691,-0.92362814903259,-1.32657534658909,-0.36462105751038,1.52653488469124,2.34964857855439,1.911610115394,1.09056616816111,2.3684899725914,1.94050007611513,-0.17055646896362,-0.56352412223816,0.37046957969666,-1.41582225322723,-1.14287411928177,0.13069771766663,-0.59387465953827,,,,,,,,,,,,,,-1.1482613466084,1.14680000984669,-1.04767268726975,,0,0,84,0,66,85,88,66,0,0,84,0,66,85,88,66,"{""draft_candidate"":true,""draft_candidate_id"":117,""draft_lottery"":false,""draft_method"":""cpu"",""draft_overall_pick"":97,""draft_round"":2,""draft_source"":""university"",""draft_year"":2052,""fa_nissuu"":0,""rookie_year"":true}"
77707,阿南 壽一,9,2,fielder,22,4,L,R,170,85,1405,3,0,77707,true,false,,育成,通常,0,0,,0,0,0,,,0.65554458324797,-0.59461270952225,1.16953160563111,0.53551474323273,0.39318662688881,0.96106605830193,-0.48220844412223,0.55974593985081,0.74381017827988,1.74672566334903,2.65564792078733,1.90133955620229,1.87923227550089,0.15824142456055,-0.05733884811401,-0.10368988037109,-0.61804443359375,-0.32219444274902,0.48885848999023,-0.63845436096191,-1.16329265594482,-0.58394756317139,-0.40078506469727,-0.88787902832031,-0.40828720092773,-0.36966941833496,,,,,,,,,,,,,,0.43001704448462,0.7263300793767,-1.16295909529924,,88,0,0,0,0,0,0,0,88,0,0,0,0,0,0,0,"{""draft_candidate"":true,""draft_candidate_id"":62,""draft_lottery"":false,""draft_method"":""cpu"",""draft_overall_pick"":100,""draft_round"":3,""draft_source"":""high_school"",""draft_year"":2052,""fa_nissuu"":0,""rookie_year"":true}"
77724,西浜 旦佳,9,4,fielder,21,3,L,L,191,93,957,1,0,77724,false,false,,支配下,通常,0,0,,0,0,0,,,0.74488448423892,1.62796419417858,1.25749673381448,1.56351526803672,1.33657476764917,1.20208564373255,0.34442342479527,1.66824084928632,1.36,0.1263117980957,0.48466766357422,-0.47023054122925,1.07040817260742,2.02029672643542,0.95812012620456,3.03006515529752,2.30891744312644,1.04368028528988,2.01310524998605,0.07691604614258,-0.18996437072754,1.10677377700806,0.01785064697266,0.35789001464844,-0.01570083618164,0.30348754882813,,,,,,,,,,,,,,0.89972954961658,1.10513857650757,1.06948805016279,,0,48,0,0,41,73,50,61,0,48,0,0,41,73,50,61,"{""draft_candidate"":true,""draft_candidate_id"":98,""draft_lottery"":true,""draft_method"":""lottery"",""draft_overall_pick"":8,""draft_round"":1,""draft_source"":""high_school"",""draft_year"":2053,""fa_nissuu"":31,""rookie_year"":true}"
77736,津金 雅訓,9,6,fielder,25,3,R,R,186,98,1195,2,0,77736,false,false,,支配下,通常,0,0,,0,0,0,,,0.41132445883751,-0.5940405292809,-0.22003828957677,2.20092601542473,0.06532708764076,1.82930688076019,0.39911509291083,0.51220081669092,0.64651699066162,0.78458194732666,0.75124370574951,0.09295433044434,0.34628238677979,2.01580766409636,2.72249848666787,1.64907787847519,2.84031252598763,2.94364874279499,2.32169674634933,0.68151050567627,-0.29423484802246,-0.24415556907654,-0.16718276977539,-0.37806098937988,0.16007774353027,0.13086715698242,,,,,,,,,,,,,,0.90388107228279,-0.04459801691771,0.83526340562105,,0,62,81,66,63,0,92,75,0,62,81,66,63,0,92,75,"{""draft_candidate"":true,""draft_candidate_id"":22,""draft_lottery"":false,""draft_method"":""cpu"",""draft_overall_pick"":20,""draft_round"":2,""draft_source"":""independent"",""draft_year"":2053,""fa_nissuu"":0,""rookie_year"":true}"
77745,鬼丸 将斗,9,6,fielder,25,3,L,R,186,100,1191,3,0,77745,false,false,,支配下,通常,0,0,,0,0,0,,,-0.18411072748899,-0.51695482456684,0.69186942082643,0.4550741432488,0.40648839175701,0.90160515176058,0.38227481684089,0.66101048368216,0.42440326690674,0.09292366027832,0.05512027740479,-0.20126274108887,-0.90698698043823,2.43539997130632,2.21456958834827,2.10883292141557,1.38264911419153,2.41449307391047,1.8180563210845,-0.19834449768066,-0.79260894775391,0.21803047180176,0.4938729095459,0.0571558380127,0.87658954620361,0.73883529663086,,,,,,,,,,,,,,-0.78643877381086,0.22282590022683,-0.21359862622619,,0,57,68,63,0,73,78,0,0,57,68,63,0,73,78,0,"{""draft_candidate"":true,""draft_candidate_id"":103,""draft_lottery"":false,""draft_method"":""cpu"",""draft_overall_pick"":29,""draft_round"":3,""draft_source"":""university"",""draft_year"":2053,""fa_nissuu"":0,""rookie_year"":true}"
77784,蓑田 善児,9,8,fielder,24,3,R,L,174,80,1186,6,0,77784,false,false,,支配下,通常,0,0,,0,0,0,,,-0.1248017449826,-0.33892459994555,0.78774041467905,1.18993655161858,0.3764361622259,0.9648082038641,0.87692358704656,0.53320730906725,0.22915058135986,-0.27900118350983,-0.06806193351746,0.81883150100708,1.10615392684937,-0.3850980424881,-0.47413254261017,-0.61023462533951,-0.75935337543488,0.40506620407104,0.63397397041321,1.21936177802086,2.46300552326441,0.59980337195098,0.90861687147617,1.83535239634663,1.66302122204006,1.95836869937205,,,,,,,,,,,,,,-0.57805151334988,0.47375794190168,0.11786636710167,,0,89,0,80,86,0,0,56,0,89,0,80,86,0,0,56,"{""draft_candidate"":true,""draft_candidate_id"":16,""draft_lottery"":false,""draft_method"":""cpu"",""draft_overall_pick"":68,""draft_round"":6,""draft_source"":""university"",""draft_year"":2053,""fa_nissuu"":0,""rookie_year"":true}"
77792,芝野 弘晃,9,6,fielder,21,3,R,R,172,92,1185,7,0,77792,false,false,,支配下,通常,0,0,,0,0,0,,,0.46496005989611,-0.10509388256073,0.74616864526272,0.35074687678814,-1.10582776251435,-0.17305972297788,-0.43210921244323,-0.14127788704634,-1.22345331192017,0.38344497680664,-1.02846481323242,0.51543905258179,0.53176788330078,1.51869829842448,2.24802794390917,2.93087155890465,3.05928208239377,2.03319691815972,2.946519881621,-0.70897392272949,-1.0339444732666,0.63758430480957,0.95340133666992,-1.26530113220215,0.69519439697266,0.91549209594727,,,,,,,,,,,,,,0.03733576238155,1.51338912779093,-0.43222085827589,,0,0,82,66,67,66,83,74,0,0,82,66,67,66,83,74,"{""draft_candidate"":true,""draft_candidate_id"":257,""draft_lottery"":false,""draft_method"":""cpu"",""draft_overall_pick"":76,""draft_round"":7,""draft_source"":""high_school"",""draft_year"":2053,""fa_nissuu"":0,""rookie_year"":true}"
77834,相沢 勝大,9,1,reliever,20,2,R,R,172,92,1085,1,0,77834,false,false,,支配下,通常,0,0,,0,0,0,,,-0.54339537620544,-0.71216146469116,0.42286102294922,-0.28953414916992,-0.39161415100098,0.71086135864258,-0.02838403701782,-0.44427563667297,0.94383338928223,1.6,1.6,0.29582218408585,0.4539514541626,0.90067459106445,0.50633229255676,0.48900596618652,1.6,0.08995932579041,0.18928300857544,1.26795501708984,1.6,1.6,1.45774108886719,1.46488418579102,0.7730835723877,0.29046167373657,0.43840268373489,1.6,1.6,2.04474583658576,1.42574134886265,1.01518584504724,1.30761898624897,1.5196469502449,1.65391444635391,0.61609330829885,0.97671416223049,1.24739859414101,1.26764957129955,0.68676193237305,0.53340591430664,-0.75151256561279,147,0,0,0,0,0,0,0,0,0,0,0,0,0,0,0,0,"{""draft_candidate"":true,""draft_candidate_id"":46,""draft_lottery"":false,""draft_method"":""single_bid"",""draft_overall_pick"":4,""draft_round"":1,""draft_source"":""high_school"",""draft_year"":2054,""fa_nissuu"":31,""rookie_year"":true}"
77849,今吉 晴郎,9,1,reliever,25,2,R,R,185,95,1016,2,0,77849,false,false,,支配下,通常,0,0,,0,0,0,,,-0.3750194978714,-0.17316984176636,0.13894808769226,-0.93433302879334,-0.24633494377136,0.09187926292419,-0.08661890506744,-1.27081963405013,-0.24932188272476,0.80958817481995,-0.26915155172348,0.70535726547241,-0.24677292108536,-0.20469213247299,0.63436078071594,0.72728298187256,-0.01684801578522,1.19739583015442,-0.37113580405712,0.81388169288635,1.14742588043213,0.22435234546661,0.63648946762085,0.52329093933105,1.00461814880371,0.27697163581848,0.35666687488556,0.51233752250671,0.18793459892273,1.60102209043503,0.4956064170301,0.00623862156272,-0.03264207684994,-0.09093438605964,0.06491511213779,0.34867227387428,1.32662052023411,1.37364768651873,0.19129911339283,0.28728899002075,-0.92183638334274,-0.7190638923645,147,0,0,0,0,0,0,0,0,0,0,0,0,0,0,0,0,"{""draft_candidate"":true,""draft_candidate_id"":187,""draft_lottery"":false,""draft_method"":""cpu"",""draft_overall_pick"":19,""draft_round"":2,""draft_source"":""independent"",""draft_year"":2054,""fa_nissuu"":31,""rookie_year"":true}"
77860,小牧 将浩,9,7,fielder,20,2,R,R,190,88,996,3,0,77860,false,false,,支配下,通常,0,0,,0,0,0,,,-0.14052249928191,0.66901358431578,1.86914114305377,1.85242326967716,1.38897423899174,1.68896140770912,-0.40153999903053,-0.2559204851985,1.36,-0.89084274768829,0.09221672058105,0.5464281463623,-0.06016426086426,1.36,1.36,1.36,-0.16963691711426,-0.42303382873535,1.36,-0.15934370413423,-1.09246516895294,-2.10530249289796,-2.07959693007916,0.38256250691414,-2.55550779220462,0.21375713914633,,,,,,,,,,,,,,-0.73579707989097,1.46807261002064,1.54085535120964,,0,42,0,75,65,0,0,0,0,42,0,75,65,0,0,0,"{""draft_candidate"":true,""draft_candidate_id"":132,""draft_lottery"":false,""draft_method"":""cpu"",""draft_overall_pick"":30,""draft_round"":3,""draft_source"":""high_school"",""draft_year"":2054,""fa_nissuu"":31,""rookie_year"":true}"
77873,中畑 諒司,9,1,reliever,24,2,R,L,177,92,981,4,0,77873,false,false,,支配下,通常,0,0,,0,0,0,,,0.17665351867676,-1.83649075508118,-1.67649196624756,-1.26902719497681,-0.7474125289917,-1.72011489868164,0.07115386962891,-1.46178795814514,-0.13054061889648,-0.49025114059448,-0.85725781440735,-0.29751592636108,0.0754162979126,-0.88183310031891,0.38667377471924,-0.23244831085205,-1.07602366328239,0.21883296966553,0.10106685638428,-1.04771614074707,0.39855430603027,0.00094179153442,0.694084815979,-0.77903621673584,0.4040311050415,-0.76970559120178,0.50913442611694,-0.91338687598705,0.62210210800171,0.8351327753067,1.08587456321716,0.74286206667125,0.05556674492359,0.97082858181,0.90991744631529,0.75122485626861,0.79238368297741,0.19407121993601,0.14801899152994,-0.65707378387451,-1.54311497211456,-0.35463813781738,147,0,0,0,0,0,0,0,0,0,0,0,0,0,0,0,0,"{""draft_candidate"":true,""draft_candidate_id"":296,""draft_lottery"":false,""draft_method"":""cpu"",""draft_overall_pick"":43,""draft_round"":4,""draft_source"":""university"",""draft_year"":2054,""fa_nissuu"":0,""rookie_year"":true}"
77884,矢部 朝,9,7,fielder,20,2,R,R,178,81,972,5,0,77884,false,false,,支配下,通常,0,0,,0,0,0,,,0.89772352421796,1.29969573515654,1.33215186670423,1.47481896556616,0.69120551472902,1.60982137940526,-0.2659746170193,-0.15339837110043,-0.85268217086792,-0.70448356628418,-0.58491069793701,-0.46535506725311,0.78038543701172,0.24077728271484,-0.71971637964249,1.3057536315918,0.94827072143555,0.49588073730469,-0.89377704620361,-2.22578310227394,-1.00930005902052,-1.20260682883114,-1.12111886280775,-0.89205716019869,-0.75368456411362,-1.38051583242416,,,,,,,,,,,,,,1.54246335121989,-0.30336387842894,1.56891389679909,,0,43,0,70,66,0,0,0,0,43,0,70,66,0,0,0,"{""draft_candidate"":true,""draft_candidate_id"":79,""draft_lottery"":false,""draft_method"":""cpu"",""draft_overall_pick"":54,""draft_round"":5,""draft_source"":""high_school"",""draft_year"":2054,""fa_nissuu"":0,""rookie_year"":true}"
77897,能勢 公昭,9,1,reliever,20,2,L,R,179,70,968,6,0,77897,false,false,,支配下,通常,0,0,,0,0,0,,,0.92860736846924,-0.07223175048828,-2,0.38828018188477,0.29021774291992,-2,0.45868263244629,0.08714473724365,0.88696914672852,1.22908187866211,0.08098701477051,-0.71627309322357,0.35243225097656,-0.72398460388184,-0.21679433822632,1.25954864501953,-0.49352844238281,-0.96375980377197,-0.02930946350098,-0.04083992004395,1.34230484008789,-0.47527482032776,0.58886856079102,-1.01128085136414,-0.95205183029175,1.03824066162109,0.39901441574097,-0.47686233997345,0.57611619949341,0.66771850585938,0.35342468261719,-0.91365286052227,0.25397684112191,0.81624923563004,0.27354272541404,-0.12978828430176,1.39588159877062,0.01058198833466,-1.0095682144165,-1.50117961883545,-0.97916839599609,-1.75225128173828,143,0,0,0,0,0,0,0,0,0,0,0,0,0,0,0,0,"{""draft_candidate"":true,""draft_candidate_id"":20,""draft_lottery"":false,""draft_method"":""cpu"",""draft_overall_pick"":67,""draft_round"":6,""draft_source"":""high_school"",""draft_year"":2054,""fa_nissuu"":0,""rookie_year"":true}"
77907,寺前 正爾,9,7,fielder,20,2,R,R,183,92,964,7,0,77907,false,false,,支配下,通常,0,0,,0,0,0,,,0.61541037757695,-0.04109529519081,1.84814307264425,-0.34873652834892,1.73736544870585,-0.90180277026892,0.87723098926828,1.37388650512695,-0.05060615539551,0.04422325134277,1.13112380981445,1.29080602645874,-0.17873676300049,0.20262664794922,0.61665775299072,1.36,0.25038993835449,1.17960144042969,1.36,-0.22280814260244,0.14768019640446,-0.60333828296512,-1.94868060321733,-0.19438605469465,-0.80499533586204,0.25826561844349,,,,,,,,,,,,,,1.08037572231522,1.54515912681818,0.01890529193729,,0,44,56,96,77,0,0,0,0,44,56,96,77,0,0,0,"{""draft_candidate"":true,""draft_candidate_id"":24,""draft_lottery"":false,""draft_method"":""cpu"",""draft_overall_pick"":77,""draft_round"":7,""draft_source"":""high_school"",""draft_year"":2054,""fa_nissuu"":0,""rookie_year"":true}"
77915,磯辺 充隆,9,1,starter,20,2,R,R,180,96,964,8,0,77915,false,false,,支配下,通常,0,0,,0,0,0,,,0.88643898010254,-1.10326934814453,-0.43277450561523,-1.05268409729004,-1.49444313049316,0.6089680480957,0.3555041885376,0.05966873168945,-0.00667320251465,-0.54087285995483,0.1938240814209,1.50894521713257,1.58262344360352,-0.1493537902832,0.09648652076721,1.44870941162109,0.13291465759277,1.6,0.49407234191895,-0.40985626220703,-0.70149395465851,0.01622493743896,1.42110794067383,0.85040328979492,0.38626403808594,-0.19137870788574,-0.55872201524675,1.0805192565918,1.6,0.366683776021,2.02589295339584,0.86137015593052,1.73588287699223,1.43082097271085,1.31000904870033,-0.1422959201932,0.33314399710298,0.53929525621235,1.80052609103918,-0.28261535644531,-0.7501248550415,-1.27252132415771,143,0,0,0,0,0,0,0,0,0,0,0,0,0,0,0,0,"{""draft_candidate"":true,""draft_candidate_id"":112,""draft_lottery"":false,""draft_method"":""cpu"",""draft_overall_pick"":85,""draft_round"":8,""draft_source"":""high_school"",""draft_year"":2054,""fa_nissuu"":0,""rookie_year"":true}"
77922,飯泉 昌尋,9,9,fielder,20,2,R,R,182,73,958,1,0,77922,true,false,,育成,通常,0,0,,0,0,0,,,0.74938968658447,1.13379388707876,0.11049255371094,0.96313514709473,-0.7281926882267,0.64313514709473,-0.0306263923645,-0.78414484977722,-0.25965515136719,-0.58536903381348,0.30031646728516,-0.40524438858032,-0.58472465515137,-0.30200668334961,0.62399639129639,-0.87184715270996,-0.26990074157715,-0.35716293334961,0.02777587890625,0.78540885034204,0.19004989624023,-0.79453934669495,1.13236068725586,-0.49230283692479,-1.04228319168091,0.37707794189453,,,,,,,,,,,,,,-1.09086753100157,-0.5637926864624,0.1478924652338,,0,52,0,66,81,0,0,61,0,52,0,66,81,0,0,61,"{""draft_candidate"":true,""draft_candidate_id"":97,""draft_lottery"":false,""draft_method"":""cpu"",""draft_overall_pick"":92,""draft_round"":1,""draft_source"":""high_school"",""draft_year"":2054,""fa_nissuu"":0,""rookie_year"":true}"
77942,スマイリー,9,1,starter,30,2,L,R,185,98,14932,0,0,77942,false,true,,支配下,通常,0,0,,0,0,0,,,-0.37780178070068,0.10324123382568,0.17443375587463,0.00940162658691,0.34473920822144,1.4805708694458,-0.63471680879593,0.9324182510376,1.80318244934082,2.31426471710205,2.0233585357666,1.81978240966797,1.7823127746582,1.64371126174927,2.54699054718018,1.71844976425171,2.11570720672607,1.54917625427246,2.04851665496826,1.87436847686768,1.16700939178467,1.7613035774231,2.5503112411499,1.70474014282227,2.56,1.02464747905731,1.66652446746826,1.88095918655396,1.7115971660614,1.11406596183777,2.61403861522675,-0.55866285324097,2.49469761437178,1.11348934662342,2.26226612317562,0.95559049606323,2.40225009918213,1.31528739929199,2.2349373626709,1.72946521759033,0.55477560997009,1.3602294921875,145,0,0,0,0,0,0,0,0,0,0,0,0,0,0,0,0,"{""fa_nissuu"":31,""foreign_scout"":true,""foreign_signed_year"":2054,""quality_tier"":""ace""}"
77945,クルーガー,9,9,fielder,26,2,R,R,199,108,5097,0,0,77945,false,true,,支配下,通常,0,0,,0,0,0,,,-0.17289251413941,1.79769410152733,1.15345671224594,1.93195514941216,0.89712484490871,1.11726473116875,-0.09796567522734,1.04513225062191,1.03287618637085,1.90290142059326,0.48352687835693,1.77538578033447,1.50040161132813,1.43531665802002,1.42301475524902,1.55595878601074,0.70636039733887,1.07073089599609,1.66954128265381,0.88834267050028,1.90777565330267,0.76585394045711,1.19592579167709,2.2373042884469,1.51689922612906,1.25506880259514,,,,,,,,,,,,,,1.73753040599823,1.40617306886613,1.53502639251947,,0,0,0,0,85,0,0,0,0,0,0,0,85,0,0,0,"{""fa_nissuu"":31,""foreign_scout"":true,""foreign_signed_year"":2054,""quality_tier"":""good""}"
77958,立木 直主,9,1,starter,19,1,R,R,170,86,1150,1,0,77958,false,false,,支配下,通常,0,0,,0,0,0,,,-0.32599119186401,0.49644378662109,0.96688232421875,-0.41947090148926,-0.15937744140625,-0.37141235351562,-0.49902731895447,-1.15806690692902,0.43129676818848,0.04238418579102,-0.21619579315186,0.42174243927002,1.6,1.45678970336914,0.92447904586792,1.33107330322266,-0.06788646697998,-0.26429643630981,1.41669677734375,1.55069259643555,0.75320510864258,1.50555068969727,0.58084976196289,0.78350433349609,1.6,-0.13425174713135,1.48588815689087,1.6,1.50825302124023,1.70442362618446,1.20022435534,-0.73249014030397,1.49512196097091,-0.07785347652435,0.08730219265819,1.25180777698755,0.38026771567762,1.02618913167994,1.6,-0.91861804962158,0.02462005615234,-0.11498687744141,141,0,0,0,0,0,0,0,0,0,0,0,0,0,0,0,0,"{""draft_candidate"":true,""draft_candidate_id"":221,""draft_lottery"":false,""draft_method"":""rebid_single"",""draft_overall_pick"":12,""draft_round"":1,""draft_source"":""high_school"",""draft_year"":2055,""fa_nissuu"":0,""rookie_year"":true}"
77966,沼田 和寛,9,2,fielder,23,1,R,L,186,94,1000,2,0,77966,false,false,,支配下,通常,0,0,,0,0,0,,,-0.03194725036621,1.2,0.48948021864891,-0.0,1.17859985992312,0.08,-0.59245969772339,-0.07861366519332,1.89925765514374,2.40615858078003,2.92714063024521,2.71351450994611,2.40426681518555,1.33844802856445,1.36,1.26154418945313,0.91592643737793,0.04949467658997,0.05772013187408,1.36,0.99535839080811,1.36,0.44675489425659,0.48025798797607,1.36,-0.05284166455269,,,,,,,,,,,,,,1.00164596557617,0.85987958061695,0.21782939851284,,97,0,0,0,0,0,0,0,97,0,0,0,0,0,0,0,"{""draft_candidate"":true,""draft_candidate_id"":172,""draft_lottery"":false,""draft_method"":""cpu"",""draft_overall_pick"":20,""draft_round"":2,""draft_source"":""industrial"",""draft_year"":2055,""fa_nissuu"":0,""rookie_year"":true}"
77975,木南 茂毅,9,1,reliever,22,1,R,R,170,73,900,3,0,77975,false,false,,支配下,通常,0,0,,0,0,0,,,-0.32031433582306,-1.33477427959442,-0.74536278247833,0.11493265151978,-0.59475961685181,-0.54592072486877,-0.16313924789429,-0.68713405132294,-0.22587441205978,-0.15662662744522,1.10823726654053,-0.14676685333252,-0.39184891700745,-0.02011398792267,1.22170391082764,-0.0893580532074,-0.53494270145893,0.85402454376221,1.30024642944336,0.41545617103577,0.74981772422791,0.67401473999023,1.18288694381714,1.0379923915863,-0.53000846028328,1.40519351959229,-0.06120970964432,-0.23305670022964,-0.05510538816452,0.42417297719046,1.42326289176941,0.47596628023311,0.81624532330036,0.83986604690552,-0.57961309254169,-0.48901149630547,1.26116817474365,-0.61213198944926,-0.42337742805481,-0.15505275726318,0.75885882377625,-0.35482403755188,149,0,0,0,0,0,0,0,0,0,0,0,0,0,0,0,0,"{""draft_candidate"":true,""draft_candidate_id"":284,""draft_lottery"":false,""draft_method"":""cpu"",""draft_overall_pick"":29,""draft_round"":3,""draft_source"":""university"",""draft_year"":2055,""fa_nissuu"":0,""rookie_year"":true}"
77990,市村 良起,9,1,reliever,19,1,R,R,193,71,825,4,0,77990,false,false,,支配下,通常,0,0,,0,0,0,,,0.2045832824707,-0.30216735839844,-0.12723373413086,-0.06725570678711,-0.42540557861328,-0.95959999084473,-0.8200544500351,-0.21584613800049,0.69267364501953,1.30643371582031,-0.8374609375,0.36347612380981,-0.24784324645996,0.5944889831543,-0.59262266159058,0.56627365112305,-0.11297370910645,-0.45903842926025,0.17839576721191,-0.4016788482666,0.85081924438477,0.05096369743347,1.00080581665039,1.23496536254883,0.93872833251953,0.67680618286133,-0.73053040742874,1.15220245361328,1.00798807144165,1.10223022460938,0.47825882160664,0.81240268707275,1.07745086669922,-0.64500301361084,0.20014317643642,0.1192046790421,1.46828186035156,-0.96645071494579,-0.6111128616333,-0.42303695678711,-1.47365111351013,-0.45608978271484,145,0,0,0,0,0,0,0,0,0,0,0,0,0,0,0,0,"{""draft_candidate"":true,""draft_candidate_id"":292,""draft_lottery"":false,""draft_method"":""cpu"",""draft_overall_pick"":44,""draft_round"":4,""draft_source"":""high_school"",""draft_year"":2055,""fa_nissuu"":0,""rookie_year"":true}"
77999,河原崎 明百,9,3,fielder,23,1,L,R,191,100,780,5,0,77999,false,false,,支配下,通常,0,0,,0,0,0,,,0.06684638251364,-0.62271174173802,1.08838815021515,0.93811930648983,0.34768240633607,0.68027492618561,-0.24599888640642,0.08077970486879,0.41297214508057,-0.71559230327606,-0.62713792800903,0.05883949279785,-0.131376953125,-1.55795604598522,-2.35970679783821,-2.20116256338358,-2.43964368371665,-2.27583870229125,-2.3816013969183,-0.0942253112793,-0.60129058837891,0.21780546188354,0.71245956420898,0.57601005554199,-0.35801523208618,-0.24004770278931,,,,,,,,,,,,,,0.92219603273273,1.68238185679913,1.04220545488596,,0,0,97,0,0,0,0,0,0,0,97,0,0,0,0,0,"{""draft_candidate"":true,""draft_candidate_id"":146,""draft_lottery"":false,""draft_method"":""cpu"",""draft_overall_pick"":53,""draft_round"":5,""draft_source"":""university"",""draft_year"":2055,""fa_nissuu"":0,""rookie_year"":true}"
78014,入野 徳成,9,2,fielder,19,1,R,R,175,97,760,6,0,78014,false,false,,支配下,通常,0,0,,0,0,0,,,0.01684189689159,0.70066110473871,1.0293377289772,0.29673572676182,-0.09255887359381,0.08914448218346,0.2665849018693,-0.32570169901848,1.38971872472763,1.90724471920729,2.63684810376167,0.67099363547564,2.42400772094727,-0.22641342163086,-0.43469162940979,-1.04374496459961,-0.56795745849609,-0.96681617736816,0.53721435546875,-0.80008659362793,-0.16002975463867,-0.65655368328094,-0.65676780700684,0.20071884155273,0.70174728393555,-0.29525253295898,,,,,,,,,,,,,,-1.21713263392448,-0.29976568499207,-0.13097695547342,,74,0,0,0,0,0,0,0,74,0,0,0,0,0,0,0,"{""draft_candidate"":true,""draft_candidate_id"":223,""draft_lottery"":false,""draft_method"":""cpu"",""draft_overall_pick"":68,""draft_round"":6,""draft_source"":""high_school"",""draft_year"":2055,""fa_nissuu"":0,""rookie_year"":true}"
78020,姫野 一虎,9,1,reliever,19,1,L,R,173,70,740,7,0,78020,false,false,,支配下,通常,0,0,,0,0,0,,,-0.00702747344971,0.35940704345703,-0.34938110351563,-0.27352844238281,-1.43506443023682,-0.96149017333984,-0.64500014305115,0.46965837478638,0.43828369140625,1.57773178100586,0.8646418762207,1.23760484695435,0.44975799560547,0.96782791137695,0.00949956893921,0.71652221679688,0.62577651977539,0.11277229309082,0.31699066162109,1.39566284179688,1.07487594604492,0.32220285415649,-0.47110286712646,0.10539077758789,1.43589782714844,1.05396682739258,-0.51272182941437,-0.77160095632076,-0.33333124160767,0.39484668920189,1.54805423545837,0.97713037645817,0.16647607261688,0.38168433749676,0.06724327766895,0.72724741376191,0.69077116775513,0.0494399164021,1.06421212393045,-0.17780807495117,0.47307754516602,-0.69559776306152,144,0,0,0,0,0,0,0,0,0,0,0,0,0,0,0,0,"{""draft_candidate"":true,""draft_candidate_id"":264,""draft_lottery"":false,""draft_method"":""cpu"",""draft_overall_pick"":74,""draft_round"":7,""draft_source"":""high_school"",""draft_year"":2055,""fa_nissuu"":0,""rookie_year"":true}"
78032,乾 忠根,9,3,fielder,22,1,R,R,183,96,710,1,0,78032,true,false,,育成,通常,0,0,,0,0,0,,,0.22903681988642,0.39788366937637,1.08297742640972,-0.05785728955269,1.47988554334641,-0.62340096992254,0.04424538490176,0.67138019886613,0.70162908554077,0.50385595321655,-0.26164070606232,0.11214488983154,-0.5811042201519,-1.88900041842461,-1.28400656986237,-1.91299988532066,-2.12847751820087,-1.66285330498219,-2.37648738455772,0.45212689399719,0.53673296928406,-0.35548015594482,0.70794388771057,1.17273725509644,-0.5318687081337,0.28551666259766,,,,,,,,,,,,,,1.10842872682214,1.22836667156219,-0.17808678244008,,0,0,89,0,0,0,0,0,0,0,89,0,0,0,0,0,"{""draft_candidate"":true,""draft_candidate_id"":44,""draft_lottery"":false,""draft_method"":""cpu"",""draft_overall_pick"":86,""draft_round"":1,""draft_source"":""university"",""draft_year"":2055,""fa_nissuu"":0,""rookie_year"":true}"
75677,長町 信重,10,8,fielder,40,22,R,L,173,71,14076,2,0,75677,false,false,,支配下,通常,0,0,,0,0,0,,,0.34562212045491,1.14886213761717,0.83753087343797,2.0416014868252,0.58355631412566,2.1531696121078,-0.48742862181086,2.51895448769443,0.7075724029541,1.18790374755859,1.36,1.06654170036316,1.08925582885742,1.36,1.36,1.36,0.90753135681152,1.35993942260742,1.36,2.01708450169116,3.39217438036203,2.53747596502025,2.11614196592569,1.9916248458717,1.26824662287533,2.5141939419955,,,,,,,,,,,,,,2.07113548553959,1.1710081584692,2.14338587568402,,0,95,65,100,100,0,0,67,0,95,65,100,100,0,0,67,"{""draft_candidate"":true,""draft_candidate_id"":299,""draft_lottery"":false,""draft_method"":""cpu"",""draft_overall_pick"":19,""draft_round"":2,""draft_source"":""high_school"",""draft_year"":2034,""fa_nissuu"":193,""rookie_year"":true}"
76047,仲山 啓之,10,8,fielder,37,19,L,L,185,91,4992,5,0,76047,false,false,,支配下,通常,0,0,,0,0,0,,,0.53833507365966,0.44170508432947,0.87778745556623,2.23213549392372,-0.06397135672718,1.02430574234277,1.50820520513691,0.04761638844758,0.01043533325195,0.1574104309082,-0.31895347595215,0.77576713562012,-0.02597862243652,1.26313201904297,-0.43334218025208,0.29212005615234,-0.83070980072021,1.3125325012207,-0.76754695892334,2.68783498230949,0.5342071467936,0.7521967664808,1.97600744137168,0.43872377589159,1.86979551873542,2.68055976224691,,,,,,,,,,,,,,0.60109890423566,-0.10505471083298,0.53825648519928,,0,90,53,100,89,0,0,0,0,90,53,100,89,0,0,0,"{""dev_demote_hold"":true,""draft_candidate"":true,""draft_candidate_id"":291,""draft_lottery"":false,""draft_method"":""cpu"",""draft_overall_pick"":57,""draft_round"":5,""draft_source"":""high_school"",""draft_year"":2037,""fa_nissuu"":213,""released_from_team"":7,""released_signed_year"":2055,""rookie_year"":true}"
76307,高屋 龍,10,1,starter,34,16,R,R,187,98,15040,1,0,76307,false,false,,支配下,通常,0,0,,0,0,0,,,-0.35583812713623,-0.40714263916016,-0.01011932373047,0.42170028686523,-0.21364105224609,-1.61892617225647,0.33033554077148,0.33792152404785,1.6,1.53810104370117,1.36235626220703,0.21785715103149,-0.64894824028015,0.23213035583496,1.3402156829834,1.23741470336914,0.49428970336914,0.29443511962891,-0.70913367271423,1.48600189208984,-0.46671237945557,-0.13328790187836,-0.16451915740967,-0.4091234588623,-0.36628265380859,0.82044372558594,0.05950212478638,0.69480531692505,1.54699851989746,1.71996984781325,0.87192123041302,0.41798968724906,1.31221163877845,0.76379575265646,-0.25997775188647,-0.55931500453223,2.06091313828528,1.83046273903549,1.4293793602705,-1.60092878341675,-0.4071907043457,-0.03863662719727,146,0,0,0,0,0,0,0,0,0,0,0,0,0,0,0,0,"{""draft_candidate"":true,""draft_candidate_id"":299,""draft_lottery"":false,""draft_method"":""single_bid"",""draft_overall_pick"":6,""draft_round"":1,""draft_source"":""high_school"",""draft_year"":2040,""fa_nissuu"":236,""rookie_year"":true}"
76421,浜岡 伴康,10,1,starter,33,15,L,L,192,92,21083,1,0,76421,false,false,,支配下,通常,0,0,,0,0,0,,,0.13511581420898,0.96795028686523,-0.86081733703613,0.10215667724609,-0.61658477783203,-1.06265310287476,-0.34957231521606,0.36887823104858,0.97173950195312,1.6,1.31191558837891,1.13302555084229,0.16710121154785,1.49290542602539,0.93699142456055,1.6,0.14555591583252,0.99387603759766,1.6,1.6,1.6,1.13627475738525,1.6,0.81704223632813,0.42896331787109,0.73283584594727,0.90184282302856,0.05898611545563,0.93793750762939,2.88153523282707,0.49201444758475,0.84144752758928,1.96534959967062,2.43420919999927,2.52980496179312,2.72137879896164,3.28201113906503,1.44284407901764,2.93079402811918,-0.5743726348877,1.02352066040039,0.51334777832031,145,0,0,0,0,0,0,0,0,0,0,0,0,0,0,0,0,"{""draft_candidate"":true,""draft_candidate_id"":90,""draft_lottery"":false,""draft_method"":""rebid_single"",""draft_overall_pick"":10,""draft_round"":1,""draft_source"":""high_school"",""draft_year"":2041,""fa_nissuu"":202,""rookie_year"":true}"
76550,寒河江 顕嘉,10,2,fielder,32,14,R,R,178,91,7414,3,0,76550,false,false,,支配下,通常,0,0,,0,0,0,,,-0.19368963851407,0.8385554830581,1.94594436601549,1.58225865858942,1.2013178589344,2.04345981949903,-0.25832953426614,1.31813873585803,1.79692026883364,4,2.24901372113824,3.09089382717386,1.66743568459153,1.36,-0.04557859420776,0.98594253540039,1.06728073120117,-0.38411502838135,-0.533850440979,0.29875129699707,1.31912033081055,-0.79005108758807,1.31682464599609,0.23001663208008,1.36,0.80752548217773,,,,,,,,,,,,,,0.58443249820247,1.33705873646736,2.13623574228287,,73,0,0,0,0,0,0,0,73,0,0,0,0,0,0,0,"{""draft_candidate"":true,""draft_candidate_id"":295,""draft_lottery"":false,""draft_method"":""cpu"",""draft_overall_pick"":30,""draft_round"":3,""draft_source"":""high_school"",""draft_year"":2042,""fa_nissuu"":194,""rookie_year"":true}"
76563,宇井 疾,10,2,fielder,32,14,L,R,174,83,11313,4,0,76563,false,false,,支配下,通常,0,0,,0,0,0,,,0.0076034283936,1.60958509939909,2.10738661432266,1.23718966576755,-0.19853407710791,0.60019387433231,1.05549665218452,1.18291056787968,3.4932383890152,3.76852924181521,2.40851823540032,3.212914369056,1.99553253588267,1.36,-0.26785867929459,0.65447784423828,-0.38770296096802,0.11977729797363,-0.00376331329346,0.94804351806641,-0.30733558654785,0.34026082992554,-0.29062675476074,1.36,-0.35928905487061,1.08437805175781,,,,,,,,,,,,,,2.12250791219026,0.88795056113005,2.26985037799403,,72,0,0,0,0,0,0,0,72,0,0,0,0,0,0,0,"{""draft_candidate"":true,""draft_candidate_id"":142,""draft_lottery"":false,""draft_method"":""cpu"",""draft_overall_pick"":43,""draft_round"":4,""draft_source"":""high_school"",""draft_year"":2042,""fa_nissuu"":97,""rookie_year"":true}"
76636,坪根 久茂,10,1,reliever,31,13,L,R,187,91,11972,1,0,76636,false,false,,支配下,通常,0,0,,0,0,0,,,0.46686470031738,1.09075546264648,-0.31190498352051,0.17291946411133,0.93073867797852,0.4607682800293,-0.47199096679687,-0.98385546207428,-0.30573001623154,0.62548202514648,1.14390899658203,1.06004247665405,0.05314258575439,1.6,1.6,1.6,1.17316024780273,1.08767349243164,0.73374740600586,0.93608947753906,0.63681526184082,0.11020177841187,1.19500503540039,1.34608520507812,1.6,1.07142974853516,0.19755891799927,0.48726207733154,1.31051643371582,2.9365930074245,1.90028986781836,1.27879361008108,2.16213721004129,0.73383681174368,2.06410936033726,2.3713087837249,1.90905809418857,2.09212725253188,0.3163932139473,0.97312850952148,1.42472961425781,0.06336059570312,144,0,0,0,0,0,0,0,0,0,0,0,0,0,0,0,0,"{""draft_candidate"":true,""draft_candidate_id"":107,""draft_lottery"":true,""draft_method"":""lottery"",""draft_overall_pick"":4,""draft_round"":1,""draft_source"":""high_school"",""draft_year"":2043,""fa_nissuu"":235,""rookie_year"":true}"
76658,杉田 大詞,10,4,fielder,36,13,R,R,182,95,9456,3,0,76658,false,false,,支配下,通常,0,0,,0,0,0,,,-0.29829590199608,1.17195644731969,0.83361122774482,1.33900055720806,-0.02835310714692,2.04352437069714,0.57875706117228,1.20280966580659,0.05686830997467,-0.51468492150307,-0.06025625705719,-0.36186720013618,-0.20357584238052,2.73611683232337,3.35722964661196,2.26647893792391,2.75543072062731,2.50411214104295,3.18588223385811,-0.45719197869301,0.80348008155823,-0.33641112685204,1.06503398895264,0.80653541564941,0.56651739120483,0.33324722290039,,,,,,,,,,,,,,2.21824766557813,1.02773195414227,-0.46964416424898,,0,0,67,67,0,86,84,100,0,0,67,67,0,86,84,100,"{""draft_candidate"":true,""draft_candidate_id"":98,""draft_lottery"":false,""draft_method"":""cpu"",""draft_overall_pick"":26,""draft_round"":3,""draft_source"":""independent"",""draft_year"":2043,""fa_nissuu"":163,""released_from_team"":3,""released_signed_year"":2046,""rookie_year"":true}"
76745,石毛 卓仁,10,7,fielder,30,12,L,R,173,91,3379,1,0,76745,false,false,,支配下,通常,0,0,,0,0,0,,,0.2779344740063,0.49818175788224,1.63268524479121,1.40276944364905,2.07430835971236,0.46192581288815,0.85074011444673,1.17282640869916,-0.39315902709961,0.85077453613281,0.11829040527344,0.15126949310303,1.36,0.70566787719727,0.68631017684937,-0.72745872497559,-0.84565334320068,0.55093078613281,-0.32570732116699,2.2105311730057,1.00811321862787,1.55241733635124,0.90102111012489,2.05256793482602,0.77310212536156,2.27297185926139,,,,,,,,,,,,,,1.14857439075261,1.07207056927979,1.28881102747396,,0,87,0,98,79,0,0,64,0,87,0,98,79,0,0,64,"{""draft_candidate"":true,""draft_candidate_id"":195,""draft_lottery"":false,""draft_method"":""single_bid"",""draft_overall_pick"":7,""draft_round"":1,""draft_source"":""high_school"",""draft_year"":2044,""fa_nissuu"":47,""rookie_year"":true}"
76761,牛山 大喜,10,1,reliever,30,12,L,R,172,78,8667,2,0,76761,false,false,,支配下,通常,0,0,,0,0,0,,,-0.56883533477783,-0.0107160949707,-1.04525638580322,-0.01176284790039,-0.4003524017334,-0.49505310058594,-0.65538903236389,-1.19204102516174,0.04724571228027,1.21554641723633,1.50668273925781,0.21757761001587,-0.18478183746338,1.38289443969727,1.28607362747192,1.24909576416016,1.6,1.11612991333008,1.20967407226563,0.76439804077148,-0.68990016698837,-0.11315993309021,1.55573760986328,0.07544914245605,0.85462341308594,-0.10353221893311,0.09306261062622,1.22410371780396,0.08033254623413,1.51238321110606,0.22706142136455,-0.56620837918483,1.41380923318863,0.28922947129607,0.81771717773378,0.19783206883073,1.56090806649625,1.99836292497441,-0.63717807313241,-0.13536117553711,0.33873962402344,-1.55320620536804,146,0,0,0,0,0,0,0,0,0,0,0,0,0,0,0,0,"{""draft_candidate"":true,""draft_candidate_id"":296,""draft_lottery"":false,""draft_method"":""cpu"",""draft_overall_pick"":23,""draft_round"":2,""draft_source"":""high_school"",""draft_year"":2044,""fa_nissuu"":112,""rookie_year"":true}"
76819,酒田 太哉,10,4,fielder,30,12,R,R,190,84,4280,1,0,76819,false,false,,支配下,通常,0,0,,0,0,0,,,-0.11707570752874,0.90104787017405,1.95849912792037,1.24543286482096,0.64015433426946,0.15624233572036,0.45166087983549,1.04568360788748,1.19644927978516,-0.19364761352539,-0.09451118469238,0.03698517799377,-0.16367828369141,3.96249046349525,2.51273968483927,1.9416178804189,1.99519881337881,3.49846673563123,1.23460429283977,0.58143905639648,1.35740615844727,0.97963832855225,0.66269653320313,1.03960876464844,-0.68324775695801,1.36,,,,,,,,,,,,,,0.05904943779856,1.93880074969865,0.06991970297694,,0,53,65,55,0,93,62,77,0,53,65,55,0,93,62,77,"{""draft_candidate"":true,""draft_candidate_id"":99,""draft_lottery"":false,""draft_method"":""cpu"",""draft_overall_pick"":81,""draft_round"":1,""draft_source"":""high_school"",""draft_year"":2044,""fa_nissuu"":50,""rookie_year"":true}"
76854,戸部 匡宣,10,1,reliever,29,11,L,R,177,74,7169,1,0,76854,false,false,,支配下,通常,0,0,,0,0,0,,,-0.53415533065796,-1.40886680603027,-1.08693344116211,-1.52726388931274,-0.99464950561523,0.039033203125,0.14901947021484,0.13159090042114,1.6,-0.34654895782471,1.6,0.80648197174072,0.28546318054199,0.59732986450195,0.61428131103516,0.21385101318359,0.58415603637695,1.22794281005859,0.22418083190918,0.6071614074707,0.02090965270996,-0.53423905134201,0.0726789855957,0.73037506103516,1.17010406494141,-0.67932781219482,-0.14421769142151,1.48907810211182,-0.344929895401,1.90942358458042,2.27118698298186,0.20550651517138,1.72674174327031,0.03606518671662,0.98405790095031,1.46351582324505,2.54075743591785,1.03502532792091,1.71182560358802,0.08506469726563,-0.30162948608398,0.29320434570313,150,0,0,0,0,0,0,0,0,0,0,0,0,0,0,0,0,"{""draft_candidate"":true,""draft_candidate_id"":117,""draft_lottery"":true,""draft_method"":""lottery"",""draft_overall_pick"":11,""draft_round"":1,""draft_source"":""high_school"",""draft_year"":2045,""fa_nissuu"":90,""rookie_year"":true}"
76870,伊野 尚也,10,1,reliever,29,11,R,R,170,73,6866,3,0,76870,false,false,,支配下,通常,0,0,,0,0,0,,,0.3352779006958,-0.78832107543945,0.22934036254883,-1.87604413986206,-1.45935695648193,-1.23981246948242,0.68466567993164,-0.77275314331055,1.19839416503906,0.37719146728516,-0.12416107177734,-0.75960249304771,0.81406234741211,1.40189117431641,0.46263446807861,-0.2950838470459,0.89638305664063,-0.27964080810547,1.23568084716797,1.36183197021484,-1.01563679695129,-0.85041014552116,-0.55965824127197,-0.0243221282959,0.71502349853516,-0.83674175262451,-0.33677064418793,1.21413578033447,-0.15394172668457,1.15582015654445,0.81941326567531,-0.07988686008565,0.35355962598324,0.74929930661619,0.90139714699984,0.56849274144322,1.57351799178123,1.49245855013281,1.08272845308483,-1.33823295593262,-0.9680513381958,0.52752334594727,150,0,0,0,0,0,0,0,0,0,0,0,0,0,0,0,0,"{""draft_candidate"":true,""draft_candidate_id"":298,""draft_lottery"":false,""draft_method"":""cpu"",""draft_overall_pick"":27,""draft_round"":3,""draft_source"":""high_school"",""draft_year"":2045,""fa_nissuu"":118,""rookie_year"":true}"
76913,田尻 友宗,10,8,fielder,29,11,R,L,174,88,3720,6,0,76913,false,false,,支配下,通常,0,0,,0,0,0,,,-0.32668459975719,1.25858509798348,1.0704227155745,1.59967336453199,1.08276000493765,1.20997651106752,1.12395318764448,-0.05891079150885,1.36,-0.7413885307312,-0.33732368469238,0.12052774429321,1.36,-0.03700355529785,0.07919368743896,1.34883712768555,-0.83099485397339,-0.82211333274841,0.90654556274414,1.20856559079885,1.22620870577917,0.68103899590671,0.20783785778284,0.10171211266518,1.99925370776653,-0.29488279336691,,,,,,,,,,,,,,-0.16995638930798,0.73678963720798,0.91934815783799,,0,88,0,79,99,0,0,0,0,88,0,79,99,0,0,0,"{""draft_candidate"":true,""draft_candidate_id"":244,""draft_lottery"":false,""draft_method"":""cpu"",""draft_overall_pick"":70,""draft_round"":6,""draft_source"":""high_school"",""draft_year"":2045,""fa_nissuu"":53,""rookie_year"":true}"
76963,安野 健郎,10,1,starter,32,10,R,R,178,100,12007,1,0,76963,false,false,,支配下,通常,0,0,,0,0,0,,,0.15418411254883,-0.06744369506836,-0.01087692260742,-0.51789402008057,-1.07903240203857,-0.17962429046631,0.1245548248291,-0.15751918792725,1.21800247192383,0.57143491744995,1.54384735107422,0.57183916091919,0.57418132781982,1.6,0.21593367576599,1.04925281524658,0.00706552505493,0.65051250457764,0.89342708587646,-0.05204117774963,1.44940624237061,1.18652698516846,1.08175689697266,1.6,0.89789360046387,0.48082838058472,1.14881765365601,0.55808259963989,1.1147395324707,1.85702292627096,0.94728787972033,-0.08344217574224,2.10073003730178,2.52206324443966,1.96393696850538,0.88083313259482,2.38247778886557,1.93409732419252,1.64138227111101,-0.38127759933472,0.69832092285156,0.63012645721436,147,0,0,0,0,0,0,0,0,0,0,0,0,0,0,0,0,"{""draft_candidate"":true,""draft_candidate_id"":226,""draft_lottery"":true,""draft_method"":""lottery"",""draft_overall_pick"":9,""draft_round"":1,""draft_source"":""independent"",""draft_year"":2046,""fa_nissuu"":160,""rookie_year"":true}"
76973,真坂 廣暁,10,5,fielder,28,10,L,R,179,80,2827,2,0,76973,false,false,,支配下,通常,0,0,,0,0,0,,,0.56554959920794,0.46283264741302,-0.00834250859916,3.47205871146023,2.38870473847538,3.09485019354373,1.06437805920839,1.72683588433266,0.77727691650391,1.36,0.53328727722168,1.01804439544678,-0.6966232419014,1.0055,0.8637051776275,2.2332,1.0959,1.6623,1.8256,1.36,-0.42589235305786,0.14300407409668,-0.57436353683472,0.8477799987793,-0.68750665664673,0.35877395629883,,,,,,,,,,,,,,1.76769829170685,2.26369665636495,0.14721318471432,,0,0,0,0,65,0,0,99,0,0,0,0,65,0,0,99,"{""draft_candidate"":true,""draft_candidate_id"":158,""draft_lottery"":false,""draft_method"":""cpu"",""draft_overall_pick"":19,""draft_round"":2,""draft_source"":""high_school"",""draft_year"":2046,""fa_nissuu"":45,""rookie_year"":true}"
76984,石岡 暁次朗,10,7,fielder,32,10,L,R,192,75,17660,3,0,76984,false,false,,支配下,通常,0,0,,0,0,0,,,-0.45578350498155,0.19725563956797,1.94835034690797,2.22496521754563,1.52255683538178,1.48577114477754,0.92646074138582,0.91162234894186,0.31765434265137,0.38881118774414,0.73638038635254,1.09181783676147,0.28380277633667,0.85039907674491,0.93762615149468,1.47831387957931,0.99129746219516,2.41334994471073,1.83280725574493,0.39362281120755,0.01057076143473,0.198696554136,0.6847141917944,0.59887844771147,0.26478832536936,0.5245638063848,,,,,,,,,,,,,,0.82028498110175,0.57153209347129,1.66414757688344,,0,0,0,94,68,87,0,100,0,0,0,94,68,87,0,100,"{""draft_candidate"":true,""draft_candidate_id"":264,""draft_lottery"":false,""draft_method"":""cpu"",""draft_overall_pick"":30,""draft_round"":3,""draft_source"":""university"",""draft_year"":2046,""fa_nissuu"":100,""rookie_year"":true}"
76997,西里 哲朗,10,1,reliever,32,10,R,L,181,74,8487,4,0,76997,false,false,,支配下,通常,0,0,,0,0,0,,,-0.30753772735596,-0.61773044586182,-0.08919284820557,0.29640975952148,0.33500942230225,-1.18199641227722,-0.46943300247192,-0.00592401504517,1.24384288787842,1.2986604309082,0.64261001586914,-0.25913422822952,0.22384609222412,0.99993072509766,0.83939321517944,-0.17516075134277,0.40364398956299,1.2970580291748,1.18831226348877,0.65475425720215,0.95622848510742,1.01447818756104,1.09259593963623,0.32784135818481,0.8125036239624,0.63823780059814,0.35806911468506,-0.23509431600571,0.45397980690002,1.17795157322288,2.25327451121807,0.8978371949289,0.28897164434195,0.5464379914999,0.96465823052824,1.10830354627222,1.72407045632601,1.76675028922409,1.73357098084688,-0.18012245178223,-0.5350830078125,-0.03368774414062,148,0,0,0,0,0,0,0,0,0,0,0,0,0,0,0,0,"{""draft_candidate"":true,""draft_candidate_id"":159,""draft_lottery"":false,""draft_method"":""cpu"",""draft_overall_pick"":43,""draft_round"":4,""draft_source"":""university"",""draft_year"":2046,""fa_nissuu"":91,""rookie_year"":true}"
77008,大垣 景理,10,9,fielder,33,10,R,L,186,73,3832,5,0,77008,false,false,,支配下,通常,0,0,,0,0,0,,,0.2499704005383,0.09315919172764,1.1532867609337,2.67311117585898,0.09207979988307,2.10020031934381,0.2869277199693,1.08187767025828,0.30207171916962,0.10075604438782,0.10519202232361,0.3215135383606,1.10523355484009,1.87816883912683,1.4972506009778,1.14545625555515,-0.10056136327982,-0.14533943735808,0.67680865424313,0.27180633616447,-0.74077122819424,0.60398949828371,-0.56446133577824,0.83193188349903,-0.36974427732825,-0.71048746740818,,,,,,,,,,,,,,1.14925436527431,0.94497477101609,1.29269456152637,,0,0,0,0,87,86,0,96,0,0,0,0,87,86,0,96,"{""draft_candidate"":true,""draft_candidate_id"":143,""draft_lottery"":false,""draft_method"":""cpu"",""draft_overall_pick"":54,""draft_round"":5,""draft_source"":""industrial"",""draft_year"":2046,""fa_nissuu"":95,""rookie_year"":true}"
77071,平子 篤義,10,1,starter,30,9,R,R,193,90,7636,1,0,77071,false,false,,支配下,通常,0,0,,0,0,0,,,0.27058699607849,0.17824354171753,0.67565295219421,-0.22813297748566,0.62526334762573,-0.90245410919189,0.56756667137146,0.69092633247375,1.6,1.1380634021759,0.113151948452,0.7447643327713,0.90598961830139,0.50838538646698,1.33230707168579,0.60514263629913,0.08317253828049,0.20388518571854,1.48014318466187,1.04932552337646,0.08044847011566,0.52593800067902,1.6,1.57886436462402,1.6,0.13506035089493,1.59910681724548,0.82901082992554,0.28259661197662,1.9776340123117,0.77475087854266,0.84560609503835,1.4597433950305,1.28408352392912,0.82226659420878,0.66395986323059,1.98554698284715,0.96700308787823,2.57255947401002,0.56685102462769,0.63016092300415,0.38964107513428,142,0,0,0,0,0,0,0,0,0,0,0,0,0,0,0,0,"{""draft_candidate"":true,""draft_candidate_id"":226,""draft_lottery"":true,""draft_method"":""lottery"",""draft_overall_pick"":9,""draft_round"":1,""draft_source"":""university"",""draft_year"":2047,""fa_nissuu"":50,""rookie_year"":true}"
77084,平井 邦幸,10,1,starter,27,9,L,R,178,87,8302,2,0,77084,false,false,,支配下,通常,0,0,,0,0,0,,,0.5977473449707,0.00742614746094,0.82931610107422,0.63811614990234,0.44611068725586,0.48194458007813,0.43486198425293,-0.93020973205566,0.13189796447754,0.49693359375,-0.19253662109375,1.17542022705078,1.32800399780273,0.34021667480469,0.15476348876953,-0.56635258674622,1.19099685668945,1.6,0.46978912353516,1.6,0.89067657470703,1.30867708206177,0.63034774780273,-0.16364219665527,-0.17956455230713,0.06444679260254,1.38561729431152,1.02128732681274,-0.24586363792419,1.08946551972628,2.20459683188796,0.5337332668528,1.31067601412535,0.31420887814835,1.45417841458321,0.70022374113835,2.73936546824873,0.04761777330749,2.64864676269889,-1.29201728820801,0.61273178100586,0.37282165527344,151,0,0,0,0,0,0,0,0,0,0,0,0,0,0,0,0,"{""draft_candidate"":true,""draft_candidate_id"":272,""draft_lottery"":false,""draft_method"":""cpu"",""draft_overall_pick"":22,""draft_round"":2,""draft_source"":""high_school"",""draft_year"":2047,""fa_nissuu"":2,""rookie_year"":true}"
77089,稲森 宣成,10,8,fielder,30,9,L,R,173,70,7747,3,0,77089,false,false,,支配下,通常,0,0,,0,0,0,,,0.20179766403884,0.81913816338778,1.5605810507983,2.74864348407984,0.93096387970448,2.42054647592977,1.12316733750701,0.11606998084486,-0.38719877719879,0.70738579750061,-0.7747005033493,-0.16195175170898,-0.28924762248993,0.04661957740784,-0.16047748088837,0.84051908493042,0.79730667114258,0.455711145401,-0.20674265861511,1.17096677672863,-0.39263244706392,0.86831802754849,1.18964779064804,0.80862301397324,-0.33337485261261,1.60278169753402,,,,,,,,,,,,,,1.67247806519866,2.06544766332805,-0.35362030843794,,0,88,64,81,100,0,0,0,0,88,64,81,100,0,0,0,"{""draft_candidate"":true,""draft_candidate_id"":13,""draft_lottery"":false,""draft_method"":""cpu"",""draft_overall_pick"":27,""draft_round"":3,""draft_source"":""university"",""draft_year"":2047,""fa_nissuu"":104,""rookie_year"":true}"
77132,河端 瑛士,10,1,starter,27,9,R,R,181,84,4883,6,0,77132,false,false,,支配下,通常,0,0,,0,0,0,,,-0.12627571105957,-0.1100422668457,-1.59138549804688,-1.86174613952637,0.29410385131836,-1.429697265625,-0.82171910762787,-0.81006385803223,0.86840682983398,1.0070524597168,0.32264221191406,0.19303539276123,0.04724517822266,0.86418060302734,-0.71797187328339,1.26941925048828,-1.2427641415596,-0.15875869750977,-0.14839988708496,-1.1410204410553,0.6612678527832,-0.33578545570374,-0.99714126586914,0.93291305541992,-0.85060653686523,0.43675262451172,-1.0225878238678,-1.03286561250687,0.4837078666687,1.93877992255986,-0.04995730155706,0.45449673211575,0.80619482439011,2.18761140625924,-0.14260165543621,1.7294640763104,1.86982323470712,0.91333300195634,1.18950063316524,-0.17424530029297,0.57081985473633,-1.01729446411133,143,0,0,0,0,0,0,0,0,0,0,0,0,0,0,0,0,"{""draft_candidate"":true,""draft_candidate_id"":268,""draft_lottery"":false,""draft_method"":""cpu"",""draft_overall_pick"":70,""draft_round"":6,""draft_source"":""high_school"",""draft_year"":2047,""fa_nissuu"":2,""rookie_year"":true}"
77164,パレ,10,1,starter,34,9,R,R,191,104,9322,0,0,77164,false,true,,支配下,通常,0,0,,0,0,0,,,-0.10151195526123,1.24057064056396,0.8850004196167,0.38231399536133,1.65936660766602,1.72264808654785,0.23570510864258,1.25164089202881,1.15840446472168,1.83682945251465,2.46570724487305,1.37878619194031,2.12118743896484,0.8437223136425,2.39465299606323,2.53819343566895,1.65544179916382,1.16857216835022,2.56,1.53716945648193,1.50474502563477,1.12451036930084,1.09620144844055,2.00613838195801,1.63433620452881,2.13023170471191,2.09649234771729,2.10173612594605,1.98397527694702,1.88137031197548,1.58800176084042,-0.42806792011112,2.13525950071029,1.26059811115116,0.83620942627639,1.6372329338491,1.14640188264847,2.06272402835265,1.02178564064167,1.59923831939697,0.55675824165344,1.18833854675293,145,0,0,0,0,0,0,0,0,0,0,0,0,0,0,0,0,"{""fa_nissuu"":106,""foreign_scout"":true,""foreign_signed_year"":2047,""quality_tier"":""ace""}"
77177,安保 岳文,10,1,reliever,26,8,R,R,172,84,3855,1,0,77177,false,false,,支配下,通常,0,0,,0,0,0,,,-0.18662366867065,0.45441101074219,0.22961318969727,-1.44314529418945,-0.56314208984375,0.52945190429688,0.38963962554932,-1.49143974661827,-0.46716625213623,0.03817962646484,0.37516586303711,1.41768087387085,1.34979843139648,0.39485321044922,-0.22468652248383,0.741982421875,0.86029754638672,0.22966453552246,1.20994064331055,0.73595718383789,0.01470527648926,0.72749938964844,-0.50858877182007,0.50257049560547,1.22562362670898,1.6,0.76242862701416,1.26102495193481,-0.26008719921112,2.84952416694164,2.1727735362649,1.05579414359853,0.00506302762032,0.08067587099969,0.93481269724667,2.27708455502987,2.01148863586783,1.25096130058914,0.21952248740196,0.02832550048828,-0.58836524963379,0.47181198120117,144,0,0,0,0,0,0,0,0,0,0,0,0,0,0,0,0,"{""draft_candidate"":true,""draft_candidate_id"":243,""draft_lottery"":false,""draft_method"":""rebid_single"",""draft_overall_pick"":12,""draft_round"":1,""draft_source"":""high_school"",""draft_year"":2048,""fa_nissuu"":105,""rookie_year"":true}"
77186,仲井 恭時,10,2,fielder,30,8,L,L,179,97,2285,2,0,77186,false,false,,支配下,通常,0,0,,0,0,0,,,-0.07434906690568,0.71652061116695,0.9448670053184,1.91343674860001,-0.47373446504772,1.81577529259622,0.61593534915522,0.94209754607081,2.98795395234227,2.72389145220071,1.76648295198008,3.05415713721514,1.83455705565214,-0.29174386978149,-0.41116191864014,-0.14908519744873,-0.01756546020508,0.38456733703613,-0.53519958496094,-0.04005424499512,-0.381422290802,-0.5773068857193,0.57530086517334,0.41191837310791,-0.20816846847534,-0.46139941215515,,,,,,,,,,,,,,1.25244623664618,0.76046770515889,1.15905849699378,,86,0,0,0,0,0,0,0,86,0,0,0,0,0,0,0,"{""draft_candidate"":true,""draft_candidate_id"":19,""draft_lottery"":false,""draft_method"":""cpu"",""draft_overall_pick"":21,""draft_round"":2,""draft_source"":""university"",""draft_year"":2048,""fa_nissuu"":0,""rookie_year"":true}"
77193,清田 大成,10,7,fielder,30,8,R,R,184,84,9112,3,0,77193,false,false,,支配下,通常,0,0,,0,0,0,,,0.03556250941288,1.0375666859746,2.19953195519466,2.08143725384176,1.33655051322281,2.03558578320742,0.35392032074183,1.07597634916008,0.79300254821777,1.27409259796143,-0.01990871429443,0.55181158065796,0.32087259292603,0.94065158843994,-0.16439408779144,0.63180599212646,1.15512096405029,0.27813411712646,0.61239452362061,-1.76507776220143,-0.90643013668805,-1.94169526437111,-1.68443943998218,-0.61264302033186,0.10631020849943,-0.88012404546142,,,,,,,,,,,,,,0.98105674277842,0.64459226789759,0.52333242323697,,0,37,0,75,62,0,0,0,0,37,0,75,62,0,0,0,"{""draft_candidate"":true,""draft_candidate_id"":232,""draft_lottery"":false,""draft_method"":""cpu"",""draft_overall_pick"":28,""draft_round"":3,""draft_source"":""independent"",""draft_year"":2048,""fa_nissuu"":97,""rookie_year"":true}"
77284,二階堂 貴史,10,1,reliever,25,7,R,R,179,81,5227,1,0,77284,false,false,,支配下,通常,0,0,,0,0,0,,,0.25864379882812,0.60077514648438,-0.60265205383301,1.01782470703125,-1.15727653503418,-1.20257453918457,0.7800821685791,-0.03787721633911,0.93334182739258,-0.44715957641602,1.38572616577148,1.6,-0.01092094421387,-0.39479433059692,1.55546464920044,1.29282180786133,0.39189956665039,0.86255096435547,1.6,-0.34361612319946,1.6,-0.17020814180374,-0.20798969268799,0.80635147094727,-0.52959739685059,-0.09578388214111,1.58154014587402,-0.25526804924011,-0.2056418633461,1.42691646754742,1.89803016407788,1.25543457793817,-0.09932766342163,2.22017516014352,2.09742188335955,0.30570770412497,2.43829987090826,1.88374770137668,0.02190310177207,0.01471618652344,-0.17209594726563,-1.2243127822876,149,0,0,0,0,0,0,0,0,0,0,0,0,0,0,0,0,"{""draft_candidate"":true,""draft_candidate_id"":173,""draft_lottery"":true,""draft_method"":""lottery"",""draft_overall_pick"":5,""draft_round"":1,""draft_source"":""high_school"",""draft_year"":2049,""fa_nissuu"":92,""rookie_year"":true}"
77306,浦川 実志,10,5,fielder,25,7,L,R,189,90,2059,3,0,77306,false,false,,支配下,通常,0,0,,0,0,0,,,0.44634365335107,0.88657837566733,1.5384114831984,1.38736313078851,1.72479991465807,1.2491280826211,1.32259252211452,1.02941612385213,-0.89253349304199,-0.01238067626953,0.34276062011719,-0.49775540828705,1.30706359863281,1.32823873543739,1.12468273202516,0.19697382085118,0.32931793507934,1.39074038904905,1.16657237115502,-0.95035224914551,0.18786193847656,0.61076292037964,0.6295979309082,0.22793914794922,-0.83250328063965,-1.02007067680359,,,,,,,,,,,,,,2.02668068474531,1.10667242051661,-0.32785609769821,,0,0,0,0,0,51,0,72,0,0,0,0,0,51,0,72,"{""draft_candidate"":true,""draft_candidate_id"":55,""draft_lottery"":false,""draft_method"":""cpu"",""draft_overall_pick"":27,""draft_round"":3,""draft_source"":""high_school"",""draft_year"":2049,""fa_nissuu"":39,""rookie_year"":true}"
77325,吉山 候二,10,1,reliever,25,7,R,R,170,99,2065,4,0,77325,false,false,,支配下,通常,0,0,,0,0,0,,,0.77664539337158,-2,-1.4381665802002,-1.66599979400635,-1.60100154876709,0.03628692626953,0.11634727478027,-0.42839282989502,0.08162994384766,-0.15242141723633,-0.6884822845459,0.11909058570862,0.83190963745117,-0.6782942199707,-0.29854360580444,0.85132751464844,0.3114811706543,0.1301163482666,-0.57604816436768,0.14970932006836,-0.64168346405029,1.17818925857544,1.06568695068359,0.2949333190918,0.70379241943359,-0.85714160919189,0.12331484794617,-0.26445871353149,0.61182876586914,1.62748925539851,0.08870261538029,1.19547001449578,-0.2314510294646,-0.14811183264852,-0.93080319806188,0.07466765870154,2.25344352641702,0.12994459223747,0.58195982735185,-0.77113586425781,-0.16997421264648,-0.50763977050781,143,0,0,0,0,0,0,0,0,0,0,0,0,0,0,0,0,"{""draft_candidate"":true,""draft_candidate_id"":179,""draft_lottery"":false,""draft_method"":""cpu"",""draft_overall_pick"":46,""draft_round"":4,""draft_source"":""high_school"",""draft_year"":2049,""fa_nissuu"":0,""rookie_year"":true}"
77330,大黒 惇也,10,2,fielder,28,7,R,R,193,80,2065,5,0,77330,false,false,,支配下,通常,0,0,,0,0,0,,,0.63550497944676,-0.28495346049964,0.58827648992091,2.25509220755696,-0.45281123503298,2.68580304095,1.15487008481473,-0.71862906059623,2.66821099558473,2.24590747520328,2.8797599645853,2.19900492225681,1.52366347833909,-0.53592060565948,-0.09972790718079,0.51108481407166,-1.00645218610764,-1.13522562861443,0.10054779052734,0.02707366943359,-0.62237679958344,0.61311180114746,-1.05313873291016,0.31441272735596,-0.26798442363739,-0.14791509628296,,,,,,,,,,,,,,-0.29556946772337,0.95582418435812,0.9534351749979,,72,0,0,0,0,0,0,0,72,0,0,0,0,0,0,0,"{""draft_candidate"":true,""draft_candidate_id"":212,""draft_lottery"":false,""draft_method"":""cpu"",""draft_overall_pick"":51,""draft_round"":5,""draft_source"":""university"",""draft_year"":2049,""fa_nissuu"":0,""rookie_year"":true}"
77354,金野 篤紀,10,3,fielder,25,7,R,R,187,72,2065,7,0,77354,false,false,,支配下,通常,0,0,,0,0,0,,,-0.70657730989158,1.39439385370165,1.28829141364992,2.70741402459741,0.01791760548949,1.2237837618351,-0.26067091868073,0.15305235473812,-1.45366397857666,-0.46804000854492,-0.3944775390625,-0.24736747741699,-1.83668254822493,-1.63816727256775,-1.05698720227322,-1.58235829591751,-1.39956986989081,-0.89684725034237,-1.24926551702619,0.60685562133789,-0.43500823974609,-1.63106568157673,-1.56813901901245,0.22409973144531,0.34314605712891,-0.7924698638916,,,,,,,,,,,,,,-0.51935393887758,0.04090287970006,0.66163332651672,,0,0,99,0,0,0,0,0,0,0,99,0,0,0,0,0,"{""draft_candidate"":true,""draft_candidate_id"":44,""draft_lottery"":false,""draft_method"":""cpu"",""draft_overall_pick"":75,""draft_round"":7,""draft_source"":""high_school"",""draft_year"":2049,""fa_nissuu"":0,""rookie_year"":true}"
77377,及川 俊策,10,2,fielder,29,7,R,R,188,78,2065,2,0,77377,false,false,,支配下,通常,0,0,,0,0,0,,,0.88014039875008,0.69348618098721,0.86095741648227,1.46263316286206,0.23311077436735,1.63913763902187,1.06170539972279,-0.9131772580836,1.45628906624764,2.74696768021584,2.49370418924838,1.47739292109758,1.69832620938122,-0.50701112747192,-0.65130852222443,-0.28806991577148,-1.02205300807953,0.44494934082031,0.26076457977295,0.43962051391602,0.01970588684082,-0.55250040054321,0.39643085479736,0.24047065734863,-0.41247148513794,-0.96473298549652,,,,,,,,,,,,,,0.58600120593905,0.80474239755273,1.0369119010061,,100,0,0,0,0,0,0,0,100,0,0,0,0,0,0,0,"{""draft_candidate"":true,""draft_candidate_id"":182,""draft_lottery"":false,""draft_method"":""cpu"",""draft_overall_pick"":98,""draft_round"":2,""draft_source"":""university"",""draft_year"":2049,""fa_nissuu"":0,""rookie_year"":true}"
77418,高月 丈,10,1,starter,24,6,R,R,175,71,2056,3,0,77418,false,false,,支配下,通常,0,0,,0,0,0,,,0.05288612365723,-1.18807075500488,-1.37817638397217,-0.00074722290039,-0.50427871704102,-1.62658094406128,0.28398891448975,-1.01887001991272,1.28915100097656,1.27405258178711,-0.19600952148437,1.11246379852295,1.14499633789062,1.1910791015625,1.25486759185791,0.32470809936523,-0.42122631072998,0.87061737060547,-0.46574493408203,1.51264404296875,0.00604866027832,0.2458641242981,-0.11236267089844,-0.63096488952637,1.50825805664063,1.05224456787109,0.79798957824707,-0.29083938121796,0.29122831344604,0.9824350726977,1.43585973882675,-0.39209683443233,2.48573724716902,-0.36950643379614,1.58594176667929,2.49191844886541,1.76418828187883,1.66977382497489,1.71392469084263,0.35488540649414,-0.59323257446289,0.00687957763672,146,0,0,0,0,0,0,0,0,0,0,0,0,0,0,0,0,"{""draft_candidate"":true,""draft_candidate_id"":48,""draft_lottery"":false,""draft_method"":""cpu"",""draft_overall_pick"":30,""draft_round"":3,""draft_source"":""high_school"",""draft_year"":2050,""fa_nissuu"":2,""rookie_year"":true}"
77442,末富 和人,10,4,fielder,24,6,R,R,188,70,1845,5,0,77442,false,false,,支配下,通常,0,0,,0,0,0,,,0.85399914355483,-0.16711686236039,0.99024580389261,1.31289030078649,0.55808345335722,1.24309726726115,1.02485327227972,0.21042084218562,-0.32459396362305,-0.3322681427002,-0.32178916931152,-0.63962061882019,0.72387268066406,1.62689968639612,1.59638378471136,2.29012496252824,2.87604293185472,1.58485544395447,2.42281653106213,0.53674514770508,-0.93206302642822,-0.6492875289917,-0.77118934631348,0.2344841003418,0.96222595214844,1.18888442993164,,,,,,,,,,,,,,0.10746602198482,1.75638482417539,0.70238235661387,,0,56,59,0,0,84,0,68,0,56,59,0,0,84,0,68,"{""draft_candidate"":true,""draft_candidate_id"":155,""draft_lottery"":false,""draft_method"":""cpu"",""draft_overall_pick"":54,""draft_round"":5,""draft_source"":""high_school"",""draft_year"":2050,""fa_nissuu"":0,""rookie_year"":true}"
77506,磯辺 卓志,10,1,starter,23,5,R,R,170,86,8114,1,0,77506,false,false,,支配下,通常,0,0,,0,0,0,,,0.67603351593018,0.61500122070313,-0.14120147705078,1.13164138793945,-1.10542845249176,-0.44064262390137,0.9469132232666,-0.02174387931824,1.6,0.74514137268066,1.6,0.480149974823,0.76821434020996,1.16732406616211,1.6,0.06101358413696,-0.04529686927795,0.99224708557129,0.17903591156006,1.6,0.83362167358398,0.73596297264099,1.30212707519531,0.61408515930176,0.29280567169189,1.02840614318848,1.6,1.6,1.6,2.15542078244686,0.59522651969641,-0.07337925674021,2.20364960849285,1.64576913914084,1.74205758619308,1.29627316427231,1.38291367513686,1.78031457927823,2.04309979575872,-0.24374671936035,1.54730178833008,0.01350578308105,143,0,0,0,0,0,0,0,0,0,0,0,0,0,0,0,0,"{""draft_candidate"":true,""draft_candidate_id"":11,""draft_lottery"":false,""draft_method"":""rebid_single"",""draft_overall_pick"":12,""draft_round"":1,""draft_source"":""high_school"",""draft_year"":2051,""fa_nissuu"":42,""rookie_year"":true}"
77540,西野 章祥,10,3,fielder,23,5,L,R,178,74,1625,4,0,77540,false,false,,支配下,通常,0,0,,0,0,0,,,0.82271994280815,1.32091527363658,2.0141693302393,1.25364947150946,0.20178028896451,1.38061584173441,0.4658632434234,0.16937670207024,1.04886566162109,1.12805908203125,-0.55599151611328,0.3870952796936,-1.0273956489563,-1.78828586339951,-2.18720146543533,-2.21976671064645,-1.82178304508328,-1.15143958884478,-1.43775909397006,0.59488311767578,0.78363861083984,1.16722768783569,1.08215805053711,-0.47362754821777,-0.36679344177246,1.05034683227539,,,,,,,,,,,,,,0.06932887562364,-0.16619477951527,-0.61601125892997,,0,0,93,0,0,0,0,0,0,0,93,0,0,0,0,0,"{""draft_candidate"":true,""draft_candidate_id"":319,""draft_lottery"":false,""draft_method"":""cpu"",""draft_overall_pick"":46,""draft_round"":4,""draft_source"":""high_school"",""draft_year"":2051,""fa_nissuu"":0,""rookie_year"":true}"
77545,水町 啓雅,10,1,reliever,23,5,L,R,185,82,1625,5,0,77545,false,false,,支配下,通常,0,0,,0,0,0,,,-0.48386575698853,-1.24927772521973,0.276904296875,-0.92465759277344,-1.04447250366211,-1.743137550354,-0.11597225189209,-1.24960117340088,0.88621551513672,0.08024368286133,1.13093399047852,-0.79981407761574,0.95749588012695,1.39178512573242,-0.69637608766556,1.49700744628906,1.19563995361328,0.01884407043457,-0.07847579956055,0.8024592590332,0.53520553588867,-0.05231730461121,1.46862777709961,1.11214202880859,1.32577362060547,1.47818267822266,-0.7972741997242,-0.21250468254089,0.0905881023407,1.45561533784866,-0.62547656771541,0.94621898677945,1.42501157689095,-0.23293979017064,0.21164142036438,0.66207815894485,0.31873099511862,0.99837673354894,0.59799260014296,-0.329716796875,-1.20715065002441,0.43834808349609,142,0,0,0,0,0,0,0,0,0,0,0,0,0,0,0,0,"{""draft_candidate"":true,""draft_candidate_id"":109,""draft_lottery"":false,""draft_method"":""cpu"",""draft_overall_pick"":51,""draft_round"":5,""draft_source"":""high_school"",""draft_year"":2051,""fa_nissuu"":0,""rookie_year"":true}"
77564,大内田 弘季,10,3,fielder,24,5,R,R,180,97,1625,6,0,77564,false,false,,支配下,通常,0,0,,0,0,0,,,-0.58535287728906,-0.29979109865427,1.26809737971425,2.01458668018878,-0.61037834000587,1.59812368530035,-0.69816202809475,0.84125351900607,0.63108108520508,0.58489773750305,-0.50092555999756,0.59122386932373,0.2994673538208,-2.23233783397079,-2.31580671738088,-1.27740875917673,-1.12730003766716,-2.30808780880272,-1.95908708703518,-0.55140773773193,0.65379360198975,0.61457035064697,1.11941993713379,0.42088416099548,-0.27045585632324,-0.17411691665649,,,,,,,,,,,,,,-0.51512118694186,0.12740416675806,-0.7317557572946,,0,0,73,0,0,0,0,0,0,0,73,0,0,0,0,0,"{""draft_candidate"":true,""draft_candidate_id"":6,""draft_lottery"":false,""draft_method"":""cpu"",""draft_overall_pick"":70,""draft_round"":6,""draft_source"":""independent"",""draft_year"":2051,""fa_nissuu"":0,""rookie_year"":true}"
77569,北条 顕光,10,1,reliever,23,5,R,L,176,93,1625,7,0,77569,false,false,,支配下,通常,0,0,,0,0,0,,,0.45094276428223,-1.02604873657227,-2,-1.71123123168945,-1.40952484130859,0.12516952514648,-0.6679123878479,-1.06608737945557,-1.00178100585938,-0.04680938720703,-0.28160484313965,-0.51974197387695,-0.26142562866211,0.00007415771484,-0.2683269405365,-0.10937393188477,-1.12341958999634,-0.03255981445313,1.08666458129883,-1.2369317817688,0.31600875854492,0.91732990264893,1.1141862487793,0.68314041137695,-0.66393600463867,0.18152206420898,-1.06199870228767,0.08667924880981,0.29210290908813,1.13885309535265,0.18447402244806,0.65210343779158,0.61231985509396,-0.34917122429609,-1.06793223941326,1.25118471448123,-0.11500223243237,1.14921529579163,0.56815560600162,-1.95438385009766,0.17751373291016,-0.7119873046875,142,0,0,0,0,0,0,0,0,0,0,0,0,0,0,0,0,"{""draft_candidate"":true,""draft_candidate_id"":54,""draft_lottery"":false,""draft_method"":""cpu"",""draft_overall_pick"":75,""draft_round"":7,""draft_source"":""high_school"",""draft_year"":2051,""fa_nissuu"":0,""rookie_year"":true}"
77615,三上 譲治,10,9,fielder,22,4,R,R,178,77,6093,1,0,77615,false,false,,支配下,通常,0,0,,0,0,0,,,0.21170144580491,1.35215541578084,2.11246134769917,1.59027999068499,2.37549653339386,1.72740807114244,-0.81895776828937,0.21175113142282,-0.70514688491821,1.09881530761719,0.33060470581055,0.3290906047821,1.36,1.19919509887695,0.27429275512695,1.36,0.18726531982422,0.18979545593262,1.36,-0.09098664209992,1.79437760299444,1.2706493640095,0.12940172284842,1.44397259344161,1.31418798166513,0.23331965459883,,,,,,,,,,,,,,1.89808373862505,1.11062946367264,0.33667260788381,,0,53,0,57,75,0,0,0,0,53,0,57,75,0,0,0,"{""draft_candidate"":true,""draft_candidate_id"":42,""draft_lottery"":false,""draft_method"":""rebid_single"",""draft_overall_pick"":8,""draft_round"":1,""draft_source"":""high_school"",""draft_year"":2052,""fa_nissuu"":44,""rookie_year"":true}"
77624,星田 光明,10,1,reliever,25,4,R,R,181,72,1407,2,0,77624,false,false,,支配下,通常,0,0,,0,0,0,,,0.20406168937683,0.20042641639709,-0.82868710517883,-0.80340651035309,0.46152609825134,-0.27248847961426,-0.19614891529083,-0.59399289131165,1.25392640113831,0.3162112569809,1.33303605079651,0.36662452220917,0.50636850357056,-0.19038709878922,0.81044266700745,1.00943216323853,0.94274991035461,0.7769689655304,0.52392541408539,1.21263936042786,0.91972539901733,0.84639731407166,0.4056548166275,0.50486285686493,0.99010652542114,0.05917915821075,-0.03310591220856,-0.03813370704651,0.37767864227295,1.23841517394781,0.59200793349743,0.57103651279234,0.46912013840675,0.23542770379316,-0.23664590834081,0.33550150352716,2.21879328560829,2.11421120398492,0.93340575098991,-0.4654003238678,0.08658897399902,-0.40526644706726,145,0,0,0,0,0,0,0,0,0,0,0,0,0,0,0,0,"{""draft_candidate"":true,""draft_candidate_id"":121,""draft_lottery"":false,""draft_method"":""cpu"",""draft_overall_pick"":17,""draft_round"":2,""draft_source"":""university"",""draft_year"":2052,""fa_nissuu"":39,""rookie_year"":true}"
77639,牛田 孔,10,1,reliever,22,4,R,R,180,81,1406,3,0,77639,false,false,,支配下,通常,0,0,,0,0,0,,,0.85027690887451,-0.88597595214844,-1.18423057556152,-0.70923027038574,0.83051742553711,-0.26054977416992,-0.21540727615356,-0.6695658493042,-0.34399280548096,0.74870544433594,-0.14929698944092,0.82779638290405,1.07835952758789,-0.19160652160645,0.18024337768555,-0.58309463500977,0.78155349731445,1.6,-0.57158850669861,0.75938858032227,0.94142715454102,-0.22416380882263,-0.39527130126953,0.80206176757813,1.58072555541992,1.6,0.94219686508179,0.51958185195923,-0.55620319481939,0.22836242450774,1.08592727750819,0.55826500544697,1.70493352645636,1.03359951877594,0.23147538217902,0.19654281526804,1.41349215897918,2.0894514708519,-0.21610438448191,-0.24639678955078,0.94710189819336,-1.19172142028809,143,0,0,0,0,0,0,0,0,0,0,0,0,0,0,0,0,"{""draft_candidate"":true,""draft_candidate_id"":138,""draft_lottery"":false,""draft_method"":""cpu"",""draft_overall_pick"":32,""draft_round"":3,""draft_source"":""high_school"",""draft_year"":2052,""fa_nissuu"":0,""rookie_year"":true}"
77663,堂前 節之,10,9,fielder,22,4,L,R,189,90,964,5,0,77663,false,false,,支配下,通常,0,0,,0,0,0,,,0.33249704546481,0.41444204574823,1.5312453083694,2.09420984381437,1.41632469475269,2.30949320679903,0.48121345773339,1.14399119627476,-0.4892399597168,0.55808944702148,-0.79748985290527,-0.61599900722504,1.17618255615234,-0.51883071899414,1.16794212341309,-0.66696815490723,0.79325973510742,-1.04584799766541,-0.13337882995605,1.22494560807943,0.05393989226222,-0.5378742900379,-0.16199962328374,0.60138825947046,0.22103277850151,-0.15877876392007,,,,,,,,,,,,,,0.11365270793438,0.77079752183426,0.95160601866245,,0,62,0,79,100,0,0,0,0,62,0,79,100,0,0,0,"{""draft_candidate"":true,""draft_candidate_id"":236,""draft_lottery"":false,""draft_method"":""cpu"",""draft_overall_pick"":56,""draft_round"":5,""draft_source"":""high_school"",""draft_year"":2052,""fa_nissuu"":39,""rookie_year"":true}"
77672,三笠 敬将,10,1,starter,22,4,R,R,181,72,1405,6,0,77672,false,false,,支配下,通常,0,0,,0,0,0,,,-0.22252395629883,-0.72979793548584,0.79212966918945,-0.95356433868408,0.28079666137695,-1.07871940612793,0.93247409820557,-0.33785305976868,0.47834411621094,0.6298023223877,0.67004661560059,1.33132598876953,-0.2982660317421,0.5355786895752,0.82513543128967,0.88830459594727,0.81788475036621,-0.05301078796387,-0.14428756713867,1.56253875732422,0.34296157836914,1.58454166412354,1.08876800537109,1.42270614624023,0.98480484008789,1.6,1.13682220458984,0.49801833152771,1.6,0.43447156471014,0.93262203276157,0.48283733265102,1.85787420068681,1.09975270360708,1.3808480681777,0.10664623743296,0.91110077345371,1.76947061169147,1.84177526324987,0.26342727661133,1.08223281860352,-0.072451171875,142,0,0,0,0,0,0,0,0,0,0,0,0,0,0,0,0,"{""draft_candidate"":true,""draft_candidate_id"":211,""draft_lottery"":false,""draft_method"":""cpu"",""draft_overall_pick"":65,""draft_round"":6,""draft_source"":""high_school"",""draft_year"":2052,""fa_nissuu"":0,""rookie_year"":true}"
77694,中尾 恭匡,10,1,reliever,22,4,L,R,187,94,1405,1,0,77694,true,false,,育成,通常,0,0,,0,0,0,,,0.6988138961792,-0.78103485107422,-1.60138053894043,-1.29249130249023,-0.67667205810547,0.155166015625,-0.39700887680054,-0.2437024307251,-0.2576399230957,-1.14936121940613,-0.44578300476074,0.08051345825195,-0.33465324401855,0.41154052734375,1.07329772949219,1.16603500366211,-1.23896460533142,0.14431137084961,0.41255249023438,-1.04976053237915,0.90315078735352,-0.64841377258301,-0.20362449645996,0.93733810424805,-0.51667678833008,-0.1021044921875,0.97628816604614,0.82442928314209,-0.5788080072403,1.01035806155205,0.98717558896542,-0.11555938595533,0.79696155387163,-0.54832304018736,0.67879112502187,0.9482146884203,0.33160648199916,0.83897457560897,0.64766827844083,-1.7883727645874,-0.04103042602539,-2,141,0,0,0,0,0,0,0,0,0,0,0,0,0,0,0,0,"{""draft_candidate"":true,""draft_candidate_id"":206,""draft_lottery"":false,""draft_method"":""cpu"",""draft_overall_pick"":87,""draft_round"":1,""draft_source"":""high_school"",""draft_year"":2052,""fa_nissuu"":0,""rookie_year"":true}"
77701,舛田 形,10,2,fielder,25,4,L,R,191,99,1405,2,0,77701,true,false,,育成,通常,0,0,,0,0,0,,,-0.51975671732426,0.97866152423248,0.50443249318004,0.75760778130293,0.21343098919839,0.53306602813005,0.3785287329331,0.74110294616222,1.89928064215183,2.15594661733508,2.10663043057919,2.77813797233999,1.94539879006147,0.81962827682495,-0.30602475166321,-0.11181322574615,0.57098363876343,-0.2168114566803,0.67159832954407,0.03066754341125,-0.97565253019333,0.58274282455444,-0.55668474674225,0.37152081489563,0.65104556083679,-0.05544932365417,,,,,,,,,,,,,,-0.10062325796485,1.02476860934496,0.36492373037338,,86,0,0,0,0,0,0,0,86,0,0,0,0,0,0,0,"{""draft_candidate"":true,""draft_candidate_id"":163,""draft_lottery"":false,""draft_method"":""cpu"",""draft_overall_pick"":94,""draft_round"":2,""draft_source"":""university"",""draft_year"":2052,""fa_nissuu"":0,""rookie_year"":true}"
77713,ジュールダン,10,5,fielder,29,4,R,R,188,98,10357,0,0,77713,false,true,,支配下,通常,0,0,,0,0,0,,,0.41552776831388,2.17998588275909,1.74123076423258,1.79066303226352,0.90793359559774,0.71083664637804,0.32178341892362,1.61857762664557,0.99006921768188,0.95160139083862,1.92,0.81167265892029,1.584084815979,1.41279826235771,0.82428171300888,0.69735468637943,0.99919560667872,2.04994592577219,1.85396015405655,1.00206600189209,1.74057762145996,1.64082204818726,1.2848286819458,0.66787231445313,0.99662582397461,0.71355924606323,,,,,,,,,,,,,,1.15544967055917,2.07662688278519,0.52579276137352,,0,0,0,0,83,0,0,99,0,0,0,0,83,0,0,99,"{""fa_nissuu"":7,""foreign_scout"":true,""foreign_signed_year"":2052,""quality_tier"":""good"",""released_from_team"":1,""released_signed_year"":2054}"
77732,霜田 義一郎,10,2,fielder,21,3,R,R,171,78,1195,2,0,77732,false,false,,支配下,通常,0,0,,0,0,0,,,-0.05830947945267,0.62974760468304,0.57064739984274,2.25342165295482,-0.95207918852568,2.52947161934972,-0.47403635425866,1.5822765044421,3.1036735727787,1.92119041671604,1.30661038003862,2.62095510235801,3.00982507446408,1.03709365844727,-0.31679495811462,-0.54837482452393,1.2818717956543,1.35688400268555,-0.16983665466309,-0.51242233276367,-0.2342032623291,1.24056077957153,-0.69529865264893,0.88124603271484,-0.41982383728027,1.13967910766602,,,,,,,,,,,,,,1.21817052596808,0.37942825478315,0.15701309907436,,75,0,0,0,0,0,0,0,75,0,0,0,0,0,0,0,"{""draft_candidate"":true,""draft_candidate_id"":254,""draft_lottery"":false,""draft_method"":""cpu"",""draft_overall_pick"":16,""draft_round"":2,""draft_source"":""high_school"",""draft_year"":2053,""fa_nissuu"":0,""rookie_year"":true}"
77749,宮内 三智夫,10,1,reliever,24,3,L,R,170,86,1191,3,0,77749,false,false,,支配下,通常,0,0,,0,0,0,,,-0.63320897877216,0.42673963546753,-0.45098017692566,-1.25627422332764,-0.01373427391052,-0.93212644577026,-0.16343905448914,-0.51445299625397,0.35364965438843,-0.14084082603455,0.77739562988281,1.34285572052002,0.50127047538757,1.02418878555298,1.15116127967834,0.79620415687561,-0.01333104133606,-0.26551809310913,1.19763018608093,0.14736818313599,0.3103652715683,0.7722562122345,0.95043893814087,-0.00612707138062,0.092229180336,0.39972675800323,-0.07048801422119,1.30532404899597,0.15008948326111,1.01612405335903,0.69467619597912,0.1480780249536,-0.07841787934303,0.3576114616394,0.48513001596928,1.17891170755029,1.42439871805348,-0.09024728399515,0.72670717734098,0.14124424934387,0.11724684715271,-1.10376099586487,144,0,0,0,0,0,0,0,0,0,0,0,0,0,0,0,0,"{""draft_candidate"":true,""draft_candidate_id"":320,""draft_lottery"":false,""draft_method"":""cpu"",""draft_overall_pick"":33,""draft_round"":3,""draft_source"":""university"",""draft_year"":2053,""fa_nissuu"":0,""rookie_year"":true}"
77756,三戸 哲生,10,1,starter,21,3,L,R,185,90,1188,4,0,77756,false,false,,支配下,通常,0,0,,0,0,0,,,0.07670345306396,-0.66102729797363,0.03677856445312,-0.93326553344727,0.30561141967773,-1.1157642364502,-0.8358295583725,-0.46772192001343,0.65636993408203,0.00342796325684,-0.21419219970703,-0.42351330757141,1.28120574951172,-0.4165172958374,-0.48892496824265,0.82408294677734,1.6,0.79013763427734,0.08732177734375,1.6,-0.63200462341309,-0.43509875297546,-0.56963668823242,-0.23781890869141,-0.31294780731201,1.11230072021484,1.15815607070923,0.91002368927002,0.86956415176392,1.17543829917908,1.10857167601585,0.0359724387601,0.02487243616581,1.19212507241964,-0.3158179872334,-0.40904849436134,-0.15578183680773,1.46498311662674,1.85524009525776,-1.58763927459717,0.62371490478516,-1.25103321075439,143,0,0,0,0,0,0,0,0,0,0,0,0,0,0,0,0,"{""draft_candidate"":true,""draft_candidate_id"":117,""draft_lottery"":false,""draft_method"":""cpu"",""draft_overall_pick"":40,""draft_round"":4,""draft_source"":""high_school"",""draft_year"":2053,""fa_nissuu"":0,""rookie_year"":true}"
77780,横須賀 日天,10,1,starter,24,3,L,R,183,76,1186,6,0,77780,false,false,,支配下,通常,0,0,,0,0,0,,,-0.26126269340515,-0.20653833389282,-0.52048783302307,-0.47589455604553,-0.67231211662292,-0.72125793933868,0.65996014595032,-0.82763147354126,1.2400008392334,-0.06299495697021,0.31373534202576,0.84699412345886,-0.29876448392868,0.79430970191956,0.28888503074646,0.77028754234314,-0.08292771339417,1.03746969223022,0.158537068367,-0.19136818408966,0.29171257019043,0.08252713680267,1.13559206008911,1.17742980957031,1.06262166023254,0.9105006980896,1.09970628738403,0.18596758365631,0.78184705734253,0.62421649393439,1.15385739666224,-0.19256983605679,1.33251888105273,-0.52487217396498,0.0754036346674,1.07627306246758,0.42531767117977,0.15148987955786,1.25405654376745,-0.64355587005615,-0.09032741546631,-1.22763986110687,146,0,0,0,0,0,0,0,0,0,0,0,0,0,0,0,0,"{""draft_candidate"":true,""draft_candidate_id"":168,""draft_lottery"":false,""draft_method"":""cpu"",""draft_overall_pick"":64,""draft_round"":6,""draft_source"":""university"",""draft_year"":2053,""fa_nissuu"":0,""rookie_year"":true}"
77810,清沢 茂思,10,1,reliever,24,3,R,R,191,77,1184,1,0,77810,true,false,,育成,通常,0,0,,0,0,0,,,0.62845161437988,-0.44829241752625,-0.55488989830017,0.10244511604309,-1.71172911554575,-0.63314323425293,-0.61810249328613,-1.24063551187515,1.08402491569519,0.3345271396637,-0.70779262185097,0.82765713691711,-0.22677310466766,-0.0677134847641,0.71281234741211,-0.60287238836288,0.51175060272217,-0.30574445724487,1.11295125961304,0.6714725112915,0.81354248046875,0.72548361778259,1.02458395004272,0.05272455215454,-0.50151854276657,0.42631449699402,-0.497696621418,0.30366886138916,0.77430287361145,0.41646506643295,0.44344840368629,0.78518155127694,0.32679704758525,0.62151251518726,0.94096066681389,0.50193502187729,0.90380175220966,-0.25383573640138,0.32310777938366,-0.44929800033569,-0.6536202287674,-1.26048718452454,143,0,0,0,0,0,0,0,0,0,0,0,0,0,0,0,0,"{""draft_candidate"":true,""draft_candidate_id"":118,""draft_lottery"":false,""draft_method"":""cpu"",""draft_overall_pick"":94,""draft_round"":1,""draft_source"":""university"",""draft_year"":2053,""fa_nissuu"":0,""rookie_year"":true}"
77817,嘉山 定光,10,2,fielder,24,3,L,R,192,95,1184,2,0,77817,true,false,,育成,通常,0,0,,0,0,0,,,0.70998925476149,0.35060726761818,0.06140122896433,0.65766210869551,0.39450003159046,0.76059824655056,0.81435616900586,-0.90846729296446,1.50852406978607,2.24267087000608,2.50904675388336,2.36941890084744,0.67022640624642,-0.85661133766174,-0.80330362796783,0.18893629074097,-1.37536815166473,0.23961563110352,-0.35269371986389,-1.12191330432892,-0.31738376617432,-0.33256350517273,-1.16963630437851,-0.33049130439758,-0.98370443344116,0.24209295272827,,,,,,,,,,,,,,-0.7035255998373,-0.5323996125441,-0.65726027518511,,77,0,0,0,0,0,0,0,77,0,0,0,0,0,0,0,"{""draft_candidate"":true,""draft_candidate_id"":244,""draft_lottery"":false,""draft_method"":""cpu"",""draft_overall_pick"":101,""draft_round"":2,""draft_source"":""independent"",""draft_year"":2053,""fa_nissuu"":0,""rookie_year"":true}"
77821,五月 拓児,10,1,reliever,26,3,L,R,184,82,1184,3,0,77821,true,false,,育成,通常,0,0,,0,0,0,,,0.02917122840881,-0.37679887771606,-1.78325676143169,-1.40332304954529,-1.28990521907806,-0.18373344421387,0.2408611869812,-0.68778162002563,0.85587067604065,0.56938828468323,0.60011261940002,-0.59031802654266,-0.42145923614502,0.69685063362122,-0.52839914560318,0.48419738769531,0.31162781715393,0.36633366584778,0.73610241889954,-0.44496938943863,0.67808306694031,0.60347196578979,0.50825957298279,-0.86070072814822,-0.53697992324829,-0.48335416793823,0.08503486633301,0.61710702896118,-0.29620569705963,-0.52675825595856,0.00239409697056,0.39400485565886,-0.61096677336842,0.15674852294847,0.35832214161754,-0.76482674188912,1.20666490584612,0.27149416393042,0.20575915437937,-0.53193337440491,-0.118322057724,-0.87616026878357,158,0,0,0,0,0,0,0,0,0,0,0,0,0,0,0,0,"{""draft_candidate"":true,""draft_candidate_id"":260,""draft_lottery"":false,""draft_method"":""cpu"",""draft_overall_pick"":105,""draft_round"":3,""draft_source"":""industrial"",""draft_year"":2053,""fa_nissuu"":0,""rookie_year"":true}"
77823,リドリー,10,1,reliever,35,3,L,R,187,80,8591,0,0,77823,false,true,,支配下,通常,0,0,,0,0,0,,,0.01559814453125,0.66781255722046,0.71153121948242,1.43055458068848,-0.06143662929535,1.47419845581055,-0.56628733158112,0.59025101661682,1.2836499786377,2.56,1.51550138473511,2.00272899627686,1.10336625099182,2.46080825805664,2.37153049468994,2.08519908905029,2.54958408355713,2.02429328918457,2.38760417938232,1.16517304420471,2.02096488952637,1.76441579818726,2.15066741943359,2.56,0.99169301509857,2.5383402633667,1.47673350334167,2.45490575790405,2.23021636962891,0.93781886541843,1.61737243324518,-0.51869346556067,1.65893425738812,0.27778392378986,1.63543192826211,0.60306064513326,2.39613890075684,1.90495867421851,0.88682557628155,1.28748764038086,1.25330348968506,0.52971893310547,147,0,0,0,0,0,0,0,0,0,0,0,0,0,0,0,0,"{""fa_nissuu"":39,""foreign_scout"":true,""foreign_signed_year"":2053,""quality_tier"":""ace""}"
77842,古久保 直壮,10,1,reliever,20,2,R,R,170,72,1085,1,0,77842,false,false,,支配下,通常,0,0,,0,0,0,,,-0.5657447719574,0.43041229248047,-0.34942695617676,0.36055999755859,0.22812118530273,1.11201461791992,0.59072193145752,-0.39028938293457,1.23798721313477,0.18114837646484,1.6,-0.19381364226341,1.6,1.26019760131836,-0.19822373151779,1.48277786254883,-0.24206295013428,0.15140674591064,1.37232757568359,0.14599208831787,0.3648526763916,1.05650373458862,0.35236106872559,-0.46715429782867,0.03911777496338,1.59179641723633,0.97302265167236,1.25898099899292,1.6,1.77974450081587,0.42017829561234,0.02876887236536,1.31672011652589,1.50574234938622,0.40421368828416,0.26738145488501,1.0207703679204,1.84800238227844,-0.10813171631098,-0.64355590820313,-0.05625900268555,-1.40879724740982,143,0,0,0,0,0,0,0,0,0,0,0,0,0,0,0,0,"{""draft_candidate"":true,""draft_candidate_id"":60,""draft_lottery"":false,""draft_method"":""rebid_single"",""draft_overall_pick"":12,""draft_round"":1,""draft_source"":""high_school"",""draft_year"":2054,""fa_nissuu"":0,""rookie_year"":true}"
77847,衛藤 隆人,10,5,fielder,20,2,R,L,178,76,1016,2,0,77847,false,false,,支配下,通常,0,0,,0,0,0,,,0.57609966091812,-0.02082352545857,1.24682166978717,0.83955315512419,1.02338491529226,0.70620786297321,-0.43837167334557,0.14687187314034,-0.04621559143066,0.82511352539062,-0.13948276519775,0.33163000106812,-0.08943523406982,0.68121261405945,1.56425691744685,1.7576816315949,1.03472620935738,1.97126789104939,1.81056736660004,1.36,0.92028518676758,1.36,1.04555618286133,1.36,-0.20962408065796,1.36,,,,,,,,,,,,,,1.65747976741195,1.49107459650189,1.74149104142189,,0,0,0,0,0,0,0,74,0,0,0,0,0,0,0,74,"{""draft_candidate"":true,""draft_candidate_id"":279,""draft_lottery"":false,""draft_method"":""cpu"",""draft_overall_pick"":17,""draft_round"":2,""draft_source"":""high_school"",""draft_year"":2054,""fa_nissuu"":0,""rookie_year"":true}"
77862,川村 雅郎,10,6,fielder,28,2,R,R,190,94,1554,3,0,77862,false,false,,支配下,通常,0,0,,0,0,0,,,-0.28799696445465,-0.35495408535004,0.81698163986206,0.50821890068054,0.7805556678772,0.34821890068054,0.19646372763813,0.81692031860352,0.06086597442627,-0.32329176068306,1.14832973480225,-0.0263035774231,-0.15658962726593,3.07222196578979,2.79936430934072,2.20352212905884,2.16030466079712,1.78586003303528,2.47823984146118,0.03427886962891,0.39007539749146,-0.12795819282532,0.92446002960205,0.77748203277588,0.00188612937927,-0.20007413625717,,,,,,,,,,,,,,-0.00095183968544,1.24279944191128,0.98437297821045,,0,84,0,0,0,95,97,82,0,84,0,0,0,95,97,82,"{""draft_candidate"":true,""draft_candidate_id"":191,""draft_lottery"":false,""draft_method"":""cpu"",""draft_overall_pick"":32,""draft_round"":3,""draft_source"":""independent"",""draft_year"":2054,""fa_nissuu"":2,""rookie_year"":true}"
77871,若林 崇智,10,5,fielder,23,2,R,L,171,87,981,4,0,77871,false,false,,支配下,通常,0,0,,0,0,0,,,0.02382333353162,0.30161321732402,0.04961229866557,1.92034733325462,-0.44416206920147,1.64870300837755,0.75060154151917,0.97346007513255,0.36471477985382,0.48866274833679,1.10926429748535,-0.4602397480607,1.04424557685852,0.55251366868615,1.02028233869933,-0.08254412221909,0.95867104051262,1.42307540988922,0.20919641542435,-0.57382672190666,0.66223544120789,1.03984234809875,1.06422618865967,0.20299534320831,0.31247685432434,0.86919308662415,,,,,,,,,,,,,,-0.38874375832081,1.35579760536552,1.66653627222776,,0,0,0,0,0,0,0,89,0,0,0,0,0,0,0,89,"{""draft_candidate"":true,""draft_candidate_id"":200,""draft_lottery"":false,""draft_method"":""cpu"",""draft_overall_pick"":41,""draft_round"":4,""draft_source"":""university"",""draft_year"":2054,""fa_nissuu"":0,""rookie_year"":true}"
77886,東江 成太朗,10,6,fielder,20,2,R,L,182,86,972,5,0,77886,false,false,,支配下,通常,0,0,,0,0,0,,,-0.91180778601766,-0.36609645187855,0.05156612528861,1.4587174138546,-1.28730339926481,1.38483137544692,0.73983943212032,0.08111136266589,-0.47921485900879,-0.71475288391113,0.498671875,-0.42791598320007,-1.37096177101135,1.7652997841835,1.76035224040411,0.98977797198296,1.54038300597668,2.2877294664681,1.51522674560547,1.01772857666016,0.25920379638672,0.71805316925049,0.30987762451172,-0.4134839630127,-0.57661460876465,0.5679768371582,,,,,,,,,,,,,,-1.09494077551365,1.039800147295,0.37857996605569,,0,0,0,65,75,87,97,79,0,0,0,65,75,87,97,79,"{""draft_candidate"":true,""draft_candidate_id"":197,""draft_lottery"":false,""draft_method"":""cpu"",""draft_overall_pick"":56,""draft_round"":5,""draft_source"":""high_school"",""draft_year"":2054,""fa_nissuu"":0,""rookie_year"":true}"
77895,竜田 貴俊,10,4,fielder,20,2,R,R,177,80,968,6,0,77895,false,false,,支配下,通常,0,0,,0,0,0,,,1.01688560932875,0.68826370823383,-1.18373916894197,2.64933240575194,-0.73004460215569,2.82082130995989,0.10078280009329,0.04804140737653,0.66913024902344,-0.33292526245117,0.88439849853516,0.54756679534912,0.72797286987305,-0.5188660351038,0.23225211438164,-1.02944378757477,-0.66050168004446,0.64469972997904,0.31298312354088,-0.32116165161133,-0.48845581054687,-0.09891662597656,1.02047622680664,0.5476838684082,1.00337936401367,0.29373016357422,,,,,,,,,,,,,,-0.10177400755882,-0.85621844351292,-1.15092058089375,,0,0,83,0,82,86,0,96,0,0,83,0,82,86,0,96,"{""draft_candidate"":true,""draft_candidate_id"":52,""draft_lottery"":false,""draft_method"":""cpu"",""draft_overall_pick"":65,""draft_round"":6,""draft_source"":""high_school"",""draft_year"":2054,""fa_nissuu"":0,""rookie_year"":true}"
77908,高井 智由樹,10,6,fielder,26,2,L,R,182,79,964,7,0,77908,false,false,,支配下,通常,0,0,,0,0,0,,,0.35887426386774,0.89598411417007,-0.59604040873051,1.44778774541616,-1.07150071501732,0.59993594384193,0.00379245499335,0.5903113386631,-0.40357201576233,0.52862684249878,-0.79774169802666,0.43940185546875,-0.62792540073395,1.4506717979908,1.97047868894041,1.63199166662991,1.6520625231564,1.24839147488144,2.40429365235567,0.59127647399902,-0.50220993041992,-0.46345890045166,-0.26152470588684,-0.54022324562073,-0.59359629631042,-0.74475380659103,,,,,,,,,,,,,,-0.30423064231873,-0.22327710103989,-0.53930666106939,,0,0,85,0,77,0,90,84,0,0,85,0,77,0,90,84,"{""draft_candidate"":true,""draft_candidate_id"":130,""draft_lottery"":false,""draft_method"":""cpu"",""draft_overall_pick"":78,""draft_round"":7,""draft_source"":""independent"",""draft_year"":2054,""fa_nissuu"":0,""rookie_year"":true}"
77914,庄司 完一,10,1,reliever,20,2,L,L,182,84,964,8,0,77914,false,false,,支配下,通常,0,0,,0,0,0,,,0.00950637817383,-0.29918594360352,-0.19542678833008,-0.58610305786133,-1.5192781829834,-1.63226024627686,0.22238170623779,-1.19671425819397,-0.36318382263184,0.03560317993164,0.02377227783203,-0.57703633308411,-0.89625787734985,-0.17293830871582,1.04016563415527,1.27353439331055,-0.16303375244141,-1.19791059136391,0.2287370300293,-0.61707294464111,0.05288970947266,0.75782098770142,1.2384065246582,0.85908233642578,-0.42632339477539,-0.98543699264526,0.54761951446533,0.39497236251831,0.69268571853638,0.48953397929668,1.16715118408203,0.43961311340332,1.30949340820313,0.58401611328125,-1.12424861431122,1.04528544634581,1.14514541625977,-1.06015303611755,-0.88001975932717,-1.3241397857666,-0.56517143249512,-1.04197776794434,144,0,0,0,0,0,0,0,0,0,0,0,0,0,0,0,0,"{""draft_candidate"":true,""draft_candidate_id"":113,""draft_lottery"":false,""draft_method"":""cpu"",""draft_overall_pick"":84,""draft_round"":8,""draft_source"":""high_school"",""draft_year"":2054,""fa_nissuu"":0,""rookie_year"":true}"
77940,ヘインズ,10,6,fielder,32,2,L,R,183,104,7558,0,0,77940,false,true,,支配下,通常,0,0,,0,0,0,,,-0.15448929791898,1.90522052231431,1.38921064195037,1.89621149918437,1.73485953009129,1.92505726087093,0.29645450934768,1.01669054597616,1.84899589538574,1.70783485412598,1.70565715789795,1.71626823425293,1.88966053009033,0.64428661162406,0.82486231801286,0.51109979195893,2.03979121410847,0.93618867081404,0.22845090645552,0.86373014450073,1.35476253509521,0.5356084394455,0.4534316444397,1.99106113433838,0.58136746406555,1.99195159912109,,,,,,,,,,,,,,2.3953690121606,1.78749716550708,1.04741082154363,,0,0,0,0,81,0,97,0,0,0,0,0,81,0,97,0,"{""fa_nissuu"":14,""foreign_scout"":true,""foreign_signed_year"":2054,""quality_tier"":""ace"",""released_from_team"":8,""released_signed_year"":2055}"
77950,三原 省吾,10,1,starter,23,1,R,L,186,73,1150,1,0,77950,false,false,,支配下,通常,0,0,,0,0,0,,,-0.0084037399292,0.4678394317627,0.66321170806885,-0.25745311737061,-0.19434089660645,-0.91546659469604,-0.50229001045227,-0.14994576454163,1.6,1.41566291809082,0.2797661113739,0.66493208885193,1.6,1.6,0.86048949241638,1.31696678161621,0.19528511047363,0.61065671920776,0.62320894241333,1.03908294677734,0.21958569526672,1.12049663543701,0.93738548278809,0.89515140533447,1.08606048583984,1.3225178527832,1.40349996566772,1.54025390625,0.54545643806458,0.808162152946,0.26381104040146,-0.62583290675282,1.67509482270479,1.30823069533706,0.01475562627614,1.077984190166,1.64272155660391,1.76159890890121,0.90572871303558,-0.44090951919556,1.01446228027344,-0.51206745147705,145,0,0,0,0,0,0,0,0,0,0,0,0,0,0,0,0,"{""draft_candidate"":true,""draft_candidate_id"":246,""draft_lottery"":true,""draft_method"":""lottery"",""draft_overall_pick"":4,""draft_round"":1,""draft_source"":""university"",""draft_year"":2055,""fa_nissuu"":0,""rookie_year"":true}"
77960,川鍋 弘克,10,1,reliever,22,1,L,R,173,97,1000,2,0,77960,false,false,,支配下,通常,0,0,,0,0,0,,,-0.56836280465126,-0.10956721305847,0.27980855941772,-1.2047553730011,-1.0767866230011,-0.04186611175537,-0.45694179296494,-0.21182786941528,-0.23995839834213,-0.18279772281647,0.82059942245483,0.45508413314819,1.38220248222351,0.33673866271973,0.28907705307007,0.67437905311584,-0.4821165561676,0.60265413284302,0.53234590530396,0.75529047012329,-0.28258501768112,-0.2996183860302,0.05112177848816,1.36911180496216,0.53594038963318,-0.05390825271606,0.44158527374268,1.19209344863892,0.59177458763123,0.54353191375732,-0.26605194568634,-0.03524577140808,0.25301090717316,0.1122167301178,0.13400555741787,0.54583591461182,1.32165600776672,1.03196893215179,0.6359857749939,0.33156427383423,-0.46927876472473,0.32318995475769,143,0,0,0,0,0,0,0,0,0,0,0,0,0,0,0,0,"{""draft_candidate"":true,""draft_candidate_id"":188,""draft_lottery"":false,""draft_method"":""cpu"",""draft_overall_pick"":14,""draft_round"":2,""draft_source"":""university"",""draft_year"":2055,""fa_nissuu"":0,""rookie_year"":true}"
77981,白木 頼之,10,9,fielder,19,1,L,L,192,84,900,3,0,77981,false,false,,支配下,通常,0,0,,0,0,0,,,1.07412897352874,0.46487644869089,1.02221345043182,1.38227456045151,-0.03871392013133,1.5923547565788,-0.56206887762621,-0.689467674613,-1.06906114578247,1.1546662902832,-0.37769622802734,0.76562656402588,-0.71874954223633,0.66557052612305,0.10971769332886,0.83559158325195,-0.30022689819336,0.91952239990234,-0.28713691711426,0.8410197365433,1.47170856809616,0.82689827493578,0.83994538235664,0.65646154516935,-1.12688571667671,-0.19799902796745,,,,,,,,,,,,,,0.36805858588219,0.97896474885941,-0.64999092823267,,0,52,0,72,91,0,0,0,0,52,0,72,91,0,0,0,"{""draft_candidate"":true,""draft_candidate_id"":60,""draft_lottery"":false,""draft_method"":""cpu"",""draft_overall_pick"":35,""draft_round"":3,""draft_source"":""high_school"",""draft_year"":2055,""fa_nissuu"":0,""rookie_year"":true}"
77984,千種 孝陸,10,9,fielder,22,1,R,R,184,70,825,4,0,77984,false,false,,支配下,通常,0,0,,0,0,0,,,-0.14651586484909,-0.0081891964674,1.25190407013893,2.17452861892581,-0.49917581880093,2.33058349659443,-0.14139720328152,-0.08201223397255,-0.51096837282181,-0.11108372688293,0.84767544746399,0.43925722122192,0.35933128356934,-0.356228723526,-0.31588546276093,0.42875245094299,-0.20067928314209,0.54935110092163,-0.06377031803131,0.7378290822506,-0.35268885409832,0.09582921524346,-0.79499125868082,0.93622543612681,0.09488750493526,-0.49146148884296,,,,,,,,,,,,,,-0.43911703228951,0.04411237846315,-0.30059154200554,,0,55,0,63,78,0,0,0,0,55,0,63,78,0,0,0,"{""draft_candidate"":true,""draft_candidate_id"":5,""draft_lottery"":false,""draft_method"":""cpu"",""draft_overall_pick"":38,""draft_round"":4,""draft_source"":""university"",""draft_year"":2055,""fa_nissuu"":0,""rookie_year"":true}"
78005,青木 豪則,10,9,fielder,21,1,R,R,183,71,780,5,0,78005,false,false,,支配下,通常,0,0,,0,0,0,,,-0.49932080753148,1.04830097731948,-0.41838390898705,2.06169997580051,1.33562179195881,1.70325879473686,-0.04275634650886,1.00988010722399,-0.11830722808838,1.36,0.61935905456543,1.17234313964844,-0.11957982063293,-0.51914600849152,0.70905918121338,-0.51476723670959,-0.5031213760376,0.44993675231934,-0.01833604812622,-0.08140700590611,1.36,0.93231724059582,1.21703004789352,-0.07837220090628,0.75984396249056,-0.2142627896443,,,,,,,,,,,,,,1.28165677940846,0.5731817612052,1.61341758495569,,0,59,56,71,83,0,0,0,0,59,56,71,83,0,0,0,"{""draft_candidate"":true,""draft_candidate_id"":101,""draft_lottery"":false,""draft_method"":""cpu"",""draft_overall_pick"":59,""draft_round"":5,""draft_source"":""independent"",""draft_year"":2055,""fa_nissuu"":0,""rookie_year"":true}"
78008,野元 圭二朗,10,1,reliever,25,1,R,R,172,76,760,6,0,78008,false,false,,支配下,通常,0,0,,0,0,0,,,0.47602369308472,-0.04957685470581,-1.25150537490845,-1.37832176685333,-1.30158877372742,-1.51183558702469,0.06229557037354,-1.12866548538208,-0.05109881401062,0.4420143699646,-0.17212652206421,0.22232238769531,-0.38270694255829,0.56447540283203,0.25811416625977,-0.42770234584808,0.27928157806396,-0.17737802505493,0.86819311141968,0.2568225479126,-0.08528226852417,0.08950489044189,-0.29066237449646,-0.5129651093483,-0.63564718902111,-0.31950868606567,0.41418983459473,0.6289461517334,0.48533424377441,0.85162997937202,0.67505828714371,0.67952082407475,0.27456122255325,0.09107293105125,-0.10802566432953,-0.05030200439692,0.40269274461269,0.68441980814934,1.00555214804411,-0.03956422805786,-0.27117929458618,-1.45539522171021,146,0,0,0,0,0,0,0,0,0,0,0,0,0,0,0,0,"{""draft_candidate"":true,""draft_candidate_id"":193,""draft_lottery"":false,""draft_method"":""cpu"",""draft_overall_pick"":62,""draft_round"":6,""draft_source"":""industrial"",""draft_year"":2055,""fa_nissuu"":0,""rookie_year"":true}"
78025,中林 伸美,10,9,fielder,23,1,R,R,180,90,740,7,0,78025,false,false,,支配下,通常,0,0,,0,0,0,,,0.14349456787109,0.65818977355957,-0.23539245271683,2.15213438873291,-0.70805744826794,2.23213438873291,-0.07587527263165,1.11940601348877,1.15289623260498,0.77577037811279,1.23312629699707,0.27791903495789,1.13105506896973,0.15213878631592,-0.27128837227821,0.04177328109741,0.25113653182983,-0.40015116691589,-0.03242440223694,0.79986456549168,-0.17310768914223,1.0401710319519,0.85787830352783,1.29025360107422,-0.36948923707008,1.19061332702637,,,,,,,,,,,,,,0.59146976470947,0.30644486451149,-0.04932307243347,,0,52,0,61,76,0,0,0,0,52,0,61,76,0,0,0,"{""draft_candidate"":true,""draft_candidate_id"":283,""draft_lottery"":false,""draft_method"":""cpu"",""draft_overall_pick"":79,""draft_round"":7,""draft_source"":""university"",""draft_year"":2055,""fa_nissuu"":0,""rookie_year"":true}"
78037,浦島 健勝,10,1,starter,22,1,L,R,182,80,710,1,0,78037,true,false,,育成,通常,0,0,,0,0,0,,,0.10035650253296,0.31110114097595,-0.09211078643799,-0.37647921562195,0.07639580726624,0.14750195503235,0.17824373245239,-1.37758993625641,0.26407262802124,-0.42469552755356,1.24861283302307,-0.41307504415512,-0.30063334465027,0.38970737457275,1.07074669837952,0.78554523468018,-0.01843954563141,0.40381268501282,-0.32733487844467,0.02307189464569,-0.00544234752655,-0.36339882612228,1.34143552780151,1.06364064216614,0.31230037212372,1.18738076210022,0.79658771514893,-0.29388646125793,1.1126654624939,1.40606540516019,0.74877023696899,0.65631019592285,1.27051435470581,0.9976407623291,-0.24072172880173,-0.25578768992424,-0.54326484423876,0.72399317741394,-0.26031559228897,-0.02164535522461,0.1821632194519,-1.03697454452515,140,0,0,0,0,0,0,0,0,0,0,0,0,0,0,0,0,"{""draft_candidate"":true,""draft_candidate_id"":18,""draft_lottery"":false,""draft_method"":""cpu"",""draft_overall_pick"":91,""draft_round"":1,""draft_source"":""university"",""draft_year"":2055,""fa_nissuu"":0,""rookie_year"":true}"
75274,戸上 昌尚,11,8,fielder,44,26,R,L,193,81,10122,5,0,75274,false,false,,支配下,通常,0,0,,0,0,0,,,-1.5347202033978,0.93971144266427,0.7957033688128,2.00513239262998,0.55968235196173,1.60379253676161,-1.24276755050384,-0.15776842550933,-0.11527751922607,1.06302291870117,-0.63769991874695,1.36,-0.15337268829346,0.18283821105957,0.08824481010437,0.91807052612305,0.43479179382324,0.96221649169922,0.76708923339844,2.00164060738124,1.75561651162803,2.02151533124503,1.16982451044768,-0.16390905603766,2.0876435430795,-0.14188377420604,,,,,,,,,,,,,,0.28972805987522,-1.3772450603094,-1.82484232944977,,0,95,0,100,83,0,0,53,0,95,0,100,83,0,0,53,"{""draft_candidate"":true,""draft_candidate_id"":40,""draft_lottery"":false,""draft_method"":""cpu"",""draft_overall_pick"":52,""draft_round"":5,""draft_source"":""high_school"",""draft_year"":2030,""fa_nissuu"":377,""rookie_year"":true}"
76106,菰田 現慈,11,4,fielder,36,18,L,R,187,70,8814,1,0,76106,false,false,,支配下,通常,0,0,,0,0,0,,,-0.26690548129007,1.31600065648556,1.7145979289636,1.3571112782062,1.10713926949352,2.08381934914887,0.52318890188076,1.39401341711357,0.96373413085937,0.37583717346191,0.79001647949219,-0.37316876411438,-0.06820190429688,2.84968785208464,3.308143794626,2.6399954508841,2.73073973757029,3.51189794099331,2.80730416142941,-0.01081184387207,0.38896957397461,0.76383796691895,1.36,-0.04603057861328,0.91317901611328,0.50906661987305,,,,,,,,,,,,,,1.77033310659528,1.43464563432857,-0.45537544917464,,0,0,100,61,72,86,88,90,0,0,100,61,72,86,88,90,"{""draft_candidate"":true,""draft_candidate_id"":146,""draft_lottery"":false,""draft_method"":""rebid_single"",""draft_overall_pick"":8,""draft_round"":1,""draft_source"":""high_school"",""draft_year"":2038,""fa_nissuu"":297,""rookie_year"":true}"
76203,峰松 国泰,11,1,reliever,35,17,R,R,190,71,9716,1,0,76203,false,false,,支配下,通常,0,0,,0,0,0,,,-0.49243414878845,-0.64621299743652,-0.90772472381592,-0.90600791931152,0.07200149536133,0.95674362182617,-0.91964887261391,-0.92669394493103,1.02960144042969,1.25185897827148,0.00090087890625,1.6,1.29914199829102,0.86623062133789,1.6,0.95248443603516,1.40970642089844,0.73632713317871,-0.36374547481537,1.58234237670898,1.00738143920898,0.55441424369812,1.6,0.81910011291504,1.6,1.6,1.6,1.47228778839111,1.6,0.24279747841507,2.62343236073852,1.17197827837477,1.9045564217791,2.44923854068518,0.72482459828258,2.04446896549314,3.20998234890401,2.72831927514635,2.2507291157037,1.17356048583984,0.29672180175781,-0.53368911743164,147,0,0,0,0,0,0,0,0,0,0,0,0,0,0,0,0,"{""draft_candidate"":true,""draft_candidate_id"":166,""draft_lottery"":false,""draft_method"":""rebid_single"",""draft_overall_pick"":8,""draft_round"":1,""draft_source"":""high_school"",""draft_year"":2039,""fa_nissuu"":265,""rookie_year"":true}"
76215,松宮 保利,11,1,reliever,35,17,R,R,188,79,12632,2,0,76215,false,false,,支配下,通常,0,0,,0,0,0,,,-0.58340417861938,-1.30659862518311,-0.79730201721191,-1.28885005950928,0.39331527709961,-0.25107055664063,-0.16729093551636,-1.20308952331543,0.68788619995117,1.01374481201172,0.0530298614502,1.33186922073364,0.14107795715332,1.30798675537109,0.24091588020325,-0.93208998918533,0.81504272460937,-0.23969268798828,0.98113494873047,0.10831398010254,-0.6880100440979,-0.18950578689575,-0.90178073406219,-0.59599884033203,1.338232421875,-0.8075784778595,-0.3332296705246,-0.78082919239998,-0.03938859939575,1.93435314305127,1.51647290640697,1.0419573051855,0.37696046838164,1.735262299788,1.19436130414903,1.86259895119071,1.89614039433934,2.52338368523121,0.53264516985873,0.57991439819336,0.98699645996094,0.39009246826172,148,0,0,0,0,0,0,0,0,0,0,0,0,0,0,0,0,"{""draft_candidate"":true,""draft_candidate_id"":178,""draft_lottery"":false,""draft_method"":""cpu"",""draft_overall_pick"":20,""draft_round"":2,""draft_source"":""high_school"",""draft_year"":2039,""fa_nissuu"":157,""rookie_year"":true}"
76239,利根川 康司,11,1,starter,35,17,R,R,173,96,10724,4,0,76239,false,false,,支配下,通常,0,0,,0,0,0,,,-0.06208934783936,0.62978042602539,-0.68234870910645,0.79445297241211,-0.36022125244141,0.02464691162109,0.0920138168335,0.08825761795044,-0.23735210418701,-0.34473640441895,0.43648330688477,0.67208145141602,0.38682609558105,1.51165084838867,1.6,-0.45057502508163,-0.33906290054321,1.6,1.08039566040039,1.22610122680664,1.46463226318359,0.20333157062531,1.6,0.04141418457031,-0.3214511680603,1.54354919433594,0.28795236587524,1.6,0.38673873901367,2.69300839829445,1.6085744343698,1.67463698678429,0.44557814216241,2.07310018170252,0.80332466328144,3.22599100676924,0.04110256747901,1.36759548222786,0.77406756876111,-0.45307228088379,0.58857818603516,0.88766204833984,148,0,0,0,0,0,0,0,0,0,0,0,0,0,0,0,0,"{""draft_candidate"":true,""draft_candidate_id"":218,""draft_lottery"":false,""draft_method"":""cpu"",""draft_overall_pick"":44,""draft_round"":4,""draft_source"":""high_school"",""draft_year"":2039,""fa_nissuu"":263,""rookie_year"":true}"
76305,古里 周史,11,1,starter,34,16,L,R,183,99,17001,1,0,76305,false,false,,支配下,通常,0,0,,0,0,0,,,0.75409320831299,-0.89134063720703,0.18361373901367,0.72294357299805,-0.31832084655762,-1.03891034126282,-0.54042200088501,0.33512096405029,0.83559616088867,1.6,1.49633758544922,1.10596042633057,1.19995681762695,1.6,1.57149644851685,1.32249710083008,1.50798645019531,1.6,0.9869157409668,0.73557121276855,1.35764526367188,0.2622761297226,1.6,1.6,1.48243057250977,0.43481342315674,1.6,1.6,0.34988631248474,2.07721593853235,1.86086400682628,0.0443383381851,1.30022341430187,2.73374041550383,1.20209507256746,1.50363413270563,0.88801736795604,2.8432264162004,1.17282755139712,-0.96968146324158,0.76000137329102,0.02232978820801,145,0,0,0,0,0,0,0,0,0,0,0,0,0,0,0,0,"{""draft_candidate"":true,""draft_candidate_id"":4,""draft_lottery"":true,""draft_method"":""lottery"",""draft_overall_pick"":4,""draft_round"":1,""draft_source"":""high_school"",""draft_year"":2040,""fa_nissuu"":268,""rookie_year"":true}"
76416,江本 忠五郎,11,1,starter,33,15,R,R,172,75,20649,1,0,76416,false,false,,支配下,通常,0,0,,0,0,0,,,-0.73354197978973,1.07767135620117,-1.23289916992188,-0.66903297424316,-1.31336987495422,0.87165100097656,-0.2860298538208,-0.68234827041626,1.18493041992188,-0.36823369979858,1.6,1.41486974716187,1.6,1.08525192260742,0.68091676712036,1.6,1.6,0.77798377990723,1.6,1.17206573486328,0.81153549194336,1.6,0.62890037536621,-0.34085224151611,-0.45810835123062,1.6,1.52952150344849,0.51639804840088,0.64403641700745,2.0858007247746,1.24333393205423,0.37556770080887,2.13282640161365,2.48846436551362,3.04548892201483,1.47638114492223,2.98602847806364,2.75299227973819,2.61731823278069,-1.03758460998535,0.64208023071289,-1.07187698364258,145,0,0,0,0,0,0,0,0,0,0,0,0,0,0,0,0,"{""draft_candidate"":true,""draft_candidate_id"":65,""draft_lottery"":true,""draft_method"":""lottery"",""draft_overall_pick"":5,""draft_round"":1,""draft_source"":""high_school"",""draft_year"":2041,""fa_nissuu"":269,""rookie_year"":true}"
76528,皆木 友純,11,6,fielder,32,14,R,L,186,82,6379,1,0,76528,false,false,,支配下,通常,0,0,,0,0,0,,,0.69558376796544,0.1151644179076,0.81281845402159,0.5149346734643,0.04606073896587,0.79632514410317,-0.66914067497011,0.75491044612229,-0.02998226165771,-0.49624150276184,0.78777954101562,-0.0948882818222,0.76588272094727,2.74659329339489,2.77737523949146,3.22431150247157,3.4354562754184,1.36804168673605,2.73922080358118,0.14657356262207,1.1254621887207,1.3295566368103,-0.40814672470093,-0.16248207092285,-0.43444734573364,0.21269683837891,,,,,,,,,,,,,,-0.5015131752193,1.54414013828337,-0.24626875417195,,0,0,70,0,0,67,83,72,0,0,70,0,0,67,83,72,"{""draft_candidate"":true,""draft_candidate_id"":109,""draft_lottery"":false,""draft_method"":""rebid_single"",""draft_overall_pick"":8,""draft_round"":1,""draft_source"":""high_school"",""draft_year"":2042,""fa_nissuu"":140,""rookie_year"":true}"
76672,藤戸 幸祈,11,7,fielder,35,13,R,L,187,83,5882,4,0,76672,false,false,,支配下,通常,0,0,,0,0,0,,,-0.28952336923778,1.30003676402569,1.36003473117948,1.86533425499797,1.61077205092087,1.63249222016633,-0.29490151120163,-0.13258818121254,-0.55592450141907,-0.65455788135529,-0.03283609390259,0.11523681640625,-0.5548300743103,0.98894832611084,0.77953001022339,-0.4139439201355,0.02141571044922,-0.57676367759705,-0.61207430839539,-1.11601498764753,-1.4429677600991,-0.58852617100999,-0.71438315422833,-1.07969841380417,-1.83903771167994,-0.89938888408989,,,,,,,,,,,,,,0.18578814783543,0.41590314965546,0.09387588121891,,0,40,0,88,73,0,0,0,0,40,0,88,73,0,0,0,"{""dev_demote_hold"":true,""draft_candidate"":true,""draft_candidate_id"":111,""draft_lottery"":false,""draft_method"":""cpu"",""draft_overall_pick"":40,""draft_round"":4,""draft_source"":""university"",""draft_year"":2043,""fa_nissuu"":174,""released_from_team"":12,""released_signed_year"":2055,""rookie_year"":true}"
76700,沖原 英訓,11,1,reliever,31,13,L,R,177,97,13724,6,0,76700,false,false,,支配下,通常,0,0,,0,0,0,,,-0.28727989196777,-0.95608810424805,-1.75875728607178,-0.06846755981445,-0.13435897827148,-1.91146842956543,0.22834465026855,-1.35719200134277,-0.82414497375488,0.31717834472656,1.07032638549805,1.00575679779053,0.75837905883789,-1.24793027639389,0.08428216934204,-0.66378311157227,0.7563606262207,0.17315887451172,-0.85465213775635,0.65613388061523,1.09917739868164,-0.56252081871033,0.74043426513672,-0.97778820037842,0.1483903503418,0.47396453857422,0.41076120376587,-0.40087292671204,0.18238254547119,2.48533625499308,2.55558064016104,1.40456529059261,-0.4008119983878,1.32286337269843,1.79113985333592,-0.15821959741414,1.98101408165842,1.66061182337999,1.99879149138927,-1.35727340698242,-0.62172973632813,-1.76303077697754,141,0,0,0,0,0,0,0,0,0,0,0,0,0,0,0,0,"{""draft_candidate"":true,""draft_candidate_id"":318,""draft_lottery"":false,""draft_method"":""cpu"",""draft_overall_pick"":68,""draft_round"":6,""draft_source"":""high_school"",""draft_year"":2043,""fa_nissuu"":196,""rookie_year"":true}"
76707,富山 雄一,11,9,fielder,31,13,R,R,178,75,14085,7,0,76707,false,false,,支配下,通常,0,0,,0,0,0,,,1.37350406442303,1.56360909470618,2.67909217690825,1.72320440553427,1.53239997441322,2.34497447937727,0.88930398503935,0.67375428056717,0.0289421081543,-1.15497241973877,0.30162643432617,-0.02110402107239,-0.55186485290527,-0.59724342346191,-0.31232397079468,-0.53771827697754,1.01367660522461,0.0722038269043,0.86321853637695,1.4285228632465,0.10480652478337,1.57268786610663,-0.37518026422523,0.57987924211472,1.2880055680275,-0.02864962238073,,,,,,,,,,,,,,0.05137124866247,1.59903133004904,2.42337325049751,,0,54,0,69,91,0,0,0,0,54,0,69,91,0,0,0,"{""draft_candidate"":true,""draft_candidate_id"":245,""draft_lottery"":false,""draft_method"":""cpu"",""draft_overall_pick"":75,""draft_round"":7,""draft_source"":""high_school"",""draft_year"":2043,""fa_nissuu"":172,""rookie_year"":true}"
76742,大坂 正太,11,1,reliever,37,12,R,R,180,95,9922,1,0,76742,false,false,,支配下,通常,0,0,,0,0,0,,,0.09791501998901,0.31891263961792,0.86949390411377,-0.45523512125015,0.83041023254395,-0.31810568332672,-0.34700029850006,0.70038063049316,1.22482128143311,1.19943962097168,0.48068337440491,1.23236831665039,0.49836049079895,0.84938850402832,0.98580619812012,1.6,1.6,1.6,1.6,1.17025394439697,0.79587156772614,0.60211969852448,0.61740951538086,0.41231978386641,1.6,1.41796979904175,1.6,1.6,1.09724994659424,1.81099082331359,1.66463713401556,0.53442240356468,1.57576104919612,1.12967633536905,0.75210787571967,0.48161549204588,1.85251632755995,1.51350930965506,0.22549888778329,0.90417922973633,-0.12189764738083,-0.3099098777771,143,0,0,0,0,0,0,0,0,0,0,0,0,0,0,0,0,"{""draft_candidate"":true,""draft_candidate_id"":218,""draft_lottery"":false,""draft_method"":""single_bid"",""draft_overall_pick"":4,""draft_round"":1,""draft_source"":""industrial"",""draft_year"":2044,""fa_nissuu"":144,""rookie_year"":true}"
76825,魚谷 剛宣,11,8,fielder,30,12,R,L,184,72,4531,1,0,76825,false,false,,支配下,通常,0,0,,0,0,0,,,1.14410530401114,0.36887941097189,1.25682101777196,0.49188845836222,2.76009509532154,0.91725697842836,0.67108717066795,0.24967612420022,1.36,0.13609169006348,0.70329254150391,0.01869570732117,-0.28142044067383,1.36,-0.18928635597229,1.0892546081543,0.59763595581055,0.37495025634766,-0.25363037109375,3.66383834560215,2.29601174992323,2.75658195654955,1.72666373167932,3.16884128686786,2.67941995799542,2.26365528446436,,,,,,,,,,,,,,0.90190744020566,2.06490017341971,2.1760891307801,,0,88,0,100,84,0,0,0,0,88,0,100,84,0,0,0,"{""draft_candidate"":true,""draft_candidate_id"":124,""draft_lottery"":false,""draft_method"":""cpu"",""draft_overall_pick"":87,""draft_round"":1,""draft_source"":""high_school"",""draft_year"":2044,""fa_nissuu"":1,""released_from_team"":9,""released_signed_year"":2053,""rookie_year"":true}"
76838,マカフリイ,11,5,fielder,36,12,L,R,198,94,11674,0,0,76838,false,true,,支配下,通常,0,0,,0,0,0,,,-0.18020638924465,2.20176524554938,1.83466944624484,1.67370900675654,1.64356307482719,1.38055226521939,-0.12263622005284,1.47487279623747,0.60500227928162,1.68331756591797,0.80017837524414,1.56693784713745,1.1861669921875,1.12127213925868,1.62915586187318,0.70217446577549,2.13567680186033,0.82110641828179,1.42043814688921,1.76817035675049,1.52515243530273,0.48990468502045,1.82043975830078,0.44790780067444,1.10057582855225,1.06598731994629,,,,,,,,,,,,,,1.29708934162855,1.8061481196776,1.23001469546985,,0,0,89,0,0,0,0,80,0,0,89,0,0,0,0,80,"{""fa_nissuu"":210,""foreign_scout"":true,""foreign_signed_year"":2044,""quality_tier"":""good""}"
76853,祖父江 敦寿,11,1,reliever,29,11,R,R,179,83,15338,1,0,76853,false,false,,支配下,通常,0,0,,0,0,0,,,0.34619018554687,0.85014984130859,1.53840255737305,1.34027801513672,0.21656044006348,0.15095932006836,0.48390815734863,1.38775424957275,1.6,1.6,1.6,0.74829310894012,1.6,1.6,0.2554677605629,1.41703018188477,1.39404434204102,1.6,1.6,1.0536124420166,1.0583455657959,1.58276651382446,1.38953369140625,1.6,1.6,1.25634063720703,1.6,1.6,1.22947177886963,3.0964439209491,2.07978064426184,0.64825528475642,2.4969237860404,1.72868473535031,1.57556367974728,1.97954139631987,2.15975983102024,2.42614201614633,1.2136592214182,-0.61640682220459,0.86690902709961,0.47905426025391,148,0,0,0,0,0,0,0,0,0,0,0,0,0,0,0,0,"{""draft_candidate"":true,""draft_candidate_id"":109,""draft_lottery"":false,""draft_method"":""rebid_single"",""draft_overall_pick"":10,""draft_round"":1,""draft_source"":""high_school"",""draft_year"":2045,""fa_nissuu"":87,""rookie_year"":true}"
76896,戸塚 將二朗,11,1,reliever,29,11,R,R,170,84,5017,5,0,76896,false,false,,支配下,通常,0,0,,0,0,0,,,0.94145484924316,-0.46015716552734,0.74704208374023,-1.21711296081543,0.02578704833984,0.16829696655273,-0.24805755615234,-0.24207666397095,1.00918426513672,-0.3462614440918,1.58954116821289,1.49926912307739,0.53294830322266,-0.62863246917725,0.44851837158203,1.24496475219727,1.25322326660156,1.27109024047852,1.0138102722168,0.15879035949707,-0.7208188867569,1.12498792648315,0.30950996398926,1.6,0.3909489440918,1.50182601928711,1.39661136627197,1.55068511962891,0.51931972503662,1.91298299928755,0.67087079203129,1.24385316231474,1.84928854048252,1.29199242956098,3.05247343352437,1.9052862155335,2.1167553229332,2.25641150813177,0.41445689943433,-0.2180419921875,0.16727966308594,-1.41928558349609,144,0,0,0,0,0,0,0,0,0,0,0,0,0,0,0,0,"{""draft_candidate"":true,""draft_candidate_id"":116,""draft_lottery"":false,""draft_method"":""cpu"",""draft_overall_pick"":53,""draft_round"":5,""draft_source"":""high_school"",""draft_year"":2045,""fa_nissuu"":167,""rookie_year"":true}"
76965,高原 正憲,11,2,fielder,32,10,L,R,189,95,14289,1,0,76965,false,false,,支配下,通常,0,0,,0,0,0,,,0.27039517825097,1.42265121693909,0.98291707382724,1.83282939150929,1.72077289041877,2.04114635594189,0.74152752812766,0.70255993163586,2.9323,1.8168,2.9323,3.62098051493615,2.3249,0.18752109766006,1.36,0.52574256896973,1.36,1.11296878814697,1.02771196365356,0.34226078987122,0.92014036178589,1.29312042236328,1.18984310150147,1.36,0.58132429122925,0.14848582267761,,,,,,,,,,,,,,1.65744188976437,2.12276654925719,2.45507141467854,,93,0,0,0,0,0,0,0,93,0,0,0,0,0,0,0,"{""draft_candidate"":true,""draft_candidate_id"":35,""draft_lottery"":false,""draft_method"":""rebid_single"",""draft_overall_pick"":11,""draft_round"":1,""draft_source"":""industrial"",""draft_year"":2046,""fa_nissuu"":179,""rookie_year"":true}"
76969,浜屋 空俊,11,1,reliever,28,10,R,L,171,87,6655,2,0,76969,false,false,,支配下,通常,0,0,,0,0,0,,,-0.86219600915909,-0.36350616455078,-1.50655517578125,0.16097427368164,-1.08916854858398,0.64622100830078,-0.41276023864746,-0.81861836433411,0.19133987426758,0.51245620727539,-0.57387754440308,1.27420709609985,1.14047134399414,-0.15162216186523,0.57952671051025,1.6,0.45634170532227,-0.7645538687706,0.50203216552734,0.60138534545898,-0.45653129577637,-0.49803546905518,-0.56644641876221,1.08928802490234,0.85951187133789,-0.46401218414307,0.55709415435791,0.76709468841553,-0.2854385471344,1.85996340861917,1.11527467629313,0.55991246977448,0.26448123682174,0.32325737944245,0.17464460605383,1.04662474986911,1.62626791065931,2.06141532001365,1.69973237429559,-0.33018447875977,0.43521560668945,0.69282852172852,144,0,0,0,0,0,0,0,0,0,0,0,0,0,0,0,0,"{""draft_candidate"":true,""draft_candidate_id"":106,""draft_lottery"":false,""draft_method"":""cpu"",""draft_overall_pick"":15,""draft_round"":2,""draft_source"":""high_school"",""draft_year"":2046,""fa_nissuu"":124,""rookie_year"":true}"
77061,エナス,11,9,fielder,34,10,L,L,199,93,33267,0,0,77061,false,true,,支配下,通常,0,0,,0,0,0,,,0.2860363693051,2.0605487664938,2.15913683927059,2.60220892488956,2.60030917991698,2.38888750681281,0.75167755302973,1.09395001471043,0.59840003967285,0.42719073295593,0.76528877258301,0.48572376489639,1.89916023254395,1.92,1.67074434280396,0.34904858589172,0.82144956588745,0.59148471832275,0.39410416126251,2.20459645970166,2.12626542530954,2.1497161157243,0.7074,2.04912490025163,2.3270,0.7793,,,,,,,,,,,,,,1.22647962493449,1.74277473681569,1.67644554537237,,0,0,0,0,97,0,0,0,0,0,0,0,97,0,0,0,"{""fa_nissuu"":195,""foreign_scout"":true,""foreign_signed_year"":2046,""quality_tier"":""good""}"
77074,向山 壮互,11,1,starter,27,9,R,R,180,88,15179,1,0,77074,false,false,,支配下,通常,0,0,,0,0,0,,,0.42458988189697,0.948125,-0.46914848327637,0.78331771850586,-0.03616561889648,0.73457000732422,-0.6747358417511,-0.60640477180481,0.46693138122559,0.452314453125,1.45838333129883,1.27118545532227,0.36972381591797,-0.37776684522629,1.6,1.07929840087891,1.6,1.6,1.6,1.6,0.14025688171387,0.2634729719162,1.6,1.6,0.57889427185059,1.16956130981445,-0.16438107132912,1.06039291381836,1.6,2.82516110932454,3.12779631303251,0.91414563599601,2.52422150880098,2.65499323146045,1.90388862425089,1.89168389081955,2.81111662440002,1.00241740515828,1.96399207006395,1.11293869018555,-0.80918241500854,0.73677001953125,145,0,0,0,0,0,0,0,0,0,0,0,0,0,0,0,0,"{""draft_candidate"":true,""draft_candidate_id"":108,""draft_lottery"":false,""draft_method"":""rebid_single"",""draft_overall_pick"":12,""draft_round"":1,""draft_source"":""high_school"",""draft_year"":2047,""fa_nissuu"":63,""rookie_year"":true}"
77111,込山 祥憲,11,6,fielder,27,9,R,R,193,83,2202,5,0,77111,false,false,,支配下,通常,0,0,,0,0,0,,,0.2168124127686,0.30292207438871,1.11533555755019,2.23071820988357,-0.08701565058529,1.45421638126522,0.36932831349364,0.72642985261232,0.10025024414063,0.8402262878418,0.91007522583008,1.09274002075195,1.21839294433594,1.64130179761909,3.01390984845907,3.5250487763267,2.63619812588394,2.78094657169282,3.93323254865408,0.8511653137207,1.36,0.96811513900757,-0.77845231056213,1.36,0.64558853149414,-0.42813201904297,,,,,,,,,,,,,,1.17593087550532,1.8209815120995,1.18997551818192,,0,67,64,0,0,97,84,0,0,67,64,0,0,97,84,0,"{""draft_candidate"":true,""draft_candidate_id"":161,""draft_lottery"":false,""draft_method"":""cpu"",""draft_overall_pick"":49,""draft_round"":5,""draft_source"":""high_school"",""draft_year"":2047,""fa_nissuu"":45,""rookie_year"":true}"
77176,井ノ上 卓魅,11,1,starter,26,8,R,R,189,87,12426,1,0,77176,false,false,,支配下,通常,0,0,,0,0,0,,,-0.39397510528564,0.25385070800781,0.32766311645508,1.27471145629883,-0.75245277404785,0.12365921020508,-0.86701483726501,-0.40928449630737,0.7795809173584,1.6,0.85729232788086,1.49202703475952,1.59296752929688,1.6,0.33518280029297,-0.16965498924255,0.27053974151611,1.43278747558594,0.95501686096191,0.5359171295166,1.6,1.48734762191772,0.48970397949219,0.99618186950684,1.16819686889648,1.31741271972656,0.49032253265381,0.33674435138702,0.06264316797256,1.82957851979136,2.33540150865912,0.18256553740427,2.13446726799011,2.13417623694241,2.38337513522804,1.36323716855049,1.98221016505361,0.36333996379375,2.43918122413754,-0.69030532836914,-0.4194987487793,-0.93350463867188,151,0,0,0,0,0,0,0,0,0,0,0,0,0,0,0,0,"{""draft_candidate"":true,""draft_candidate_id"":256,""draft_lottery"":true,""draft_method"":""lottery"",""draft_overall_pick"":11,""draft_round"":1,""draft_source"":""high_school"",""draft_year"":2048,""fa_nissuu"":109,""rookie_year"":true}"
77195,可知 英彦,11,2,fielder,31,8,R,R,178,96,2421,3,0,77195,false,false,,支配下,通常,0,0,,0,0,0,,,0.59392370039213,0.43908690824546,1.6571421880722,1.50811433605552,0.69030456856266,1.16595240361318,0.13895290180296,1.04170780444145,1.90856421679258,2.42709896282107,2.98837391585112,2.56621129264124,2.88096312695742,0.60435010910034,-0.0650101184845,0.46504680633545,-0.24946258306503,0.51359687805176,0.66004730224609,0.94011889457703,0.72253913879395,0.65686682701111,0.56502363204956,0.02288819313049,-0.07931401729584,0.18574820041657,,,,,,,,,,,,,,0.21695830715299,2.226185621126,-0.04933489327133,,85,0,0,0,0,0,0,0,85,0,0,0,0,0,0,0,"{""draft_candidate"":true,""draft_candidate_id"":218,""draft_lottery"":false,""draft_method"":""cpu"",""draft_overall_pick"":30,""draft_round"":3,""draft_source"":""industrial"",""draft_year"":2048,""fa_nissuu"":57,""rookie_year"":true}"
77208,木津 省互,11,1,starter,26,8,L,R,170,79,7516,4,0,77208,false,false,,支配下,通常,0,0,,0,0,0,,,0.21401184082031,-0.23658065795898,0.33594955444336,0.85848495483398,0.62239562988281,0.29748504638672,0.76781810760498,-0.33077855110168,-0.31287567138672,-0.36785009384155,0.26399826049805,1.40694625854492,1.45943954467773,-0.49384467124939,0.52304512023926,0.43867294311523,-0.29131858825684,0.21960784912109,0.81162887573242,-0.21135913848877,1.26919952392578,0.14291719436646,0.36353912353516,1.6,0.63392578125,0.17954475402832,1.47406021118164,0.11306364059448,0.34637839317322,1.86653291206062,0.85547772294201,0.34452284104249,1.82595988786221,0.96002490793541,2.30899683833122,2.04907251647115,0.85477341935039,2.42363342624903,1.49929194802046,-0.20990264892578,0.28346954345703,-1.12965381622314,147,0,0,0,0,0,0,0,0,0,0,0,0,0,0,0,0,"{""draft_candidate"":true,""draft_candidate_id"":113,""draft_lottery"":false,""draft_method"":""cpu"",""draft_overall_pick"":43,""draft_round"":4,""draft_source"":""high_school"",""draft_year"":2048,""fa_nissuu"":60,""rookie_year"":true}"
77213,浅井 藍久,11,7,fielder,26,8,L,R,187,71,5743,4,0,77213,false,false,,支配下,通常,0,0,,0,0,0,,,-0.16997510739416,0.92993008102477,0.16940275128186,2.06366224951744,1.34677404975146,1.53664884616137,-0.08638894084655,-0.00657134196162,1.20593200683594,1.01665054321289,0.88569732666016,-0.22072836875916,-0.64168811798096,1.04938949584961,0.09112756729126,-0.19136871337891,1.36,1.1905305480957,1.1921369934082,1.06963902457803,1.59529677851498,2.37473142849654,3.34588401371241,1.8959782486558,1.67923708802462,2.6851775239259,,,,,,,,,,,,,,2.09270589661598,1.43394271844625,1.54576209075749,,0,70,0,100,61,0,0,0,0,70,0,100,61,0,0,0,"{""draft_candidate"":true,""draft_candidate_id"":171,""draft_lottery"":false,""draft_method"":""cpu"",""draft_overall_pick"":48,""draft_round"":4,""draft_source"":""high_school"",""draft_year"":2048,""fa_nissuu"":1,""released_from_team"":2,""released_signed_year"":2054,""rookie_year"":true}"
77234,坂川 一祥,11,9,fielder,26,8,R,R,170,100,2285,6,0,77234,false,false,,支配下,通常,0,0,,0,0,0,,,1.00701686744811,3.03142420683801,2.27863230478764,-0.0256561057359,2.1697769221738,0.41755645752549,1.64948015217483,2.09714952774346,0.47342361450195,0.09614433288574,-0.16409007549286,1.36,0.47823783874512,0.08542827606201,1.36,1.36,0.4286701965332,1.36,1.36,0.77286592253111,-0.00126702251285,-0.44483136868849,0.59429631735384,0.56268565930426,0.44246693435311,0.66076850613952,,,,,,,,,,,,,,1.178541461505,1.52738177642226,1.79879010435939,,0,59,0,97,92,0,0,0,0,59,0,97,92,0,0,0,"{""draft_candidate"":true,""draft_candidate_id"":220,""draft_lottery"":false,""draft_method"":""cpu"",""draft_overall_pick"":69,""draft_round"":6,""draft_source"":""high_school"",""draft_year"":2048,""fa_nissuu"":0,""released_from_team"":10,""released_signed_year"":2055,""rookie_year"":true}"
77238,萩原 穣太郎,11,8,fielder,30,8,L,R,171,92,2285,7,0,77238,false,false,,支配下,通常,0,0,,0,0,0,,,-0.21244058414362,0.85167944860458,1.02067546917498,0.63285857626051,-0.02580230222642,0.51559057101607,0.42169600983337,0.25807147873193,-0.65194948196411,-0.17492294311523,-0.18281066894531,-0.28010020256042,-0.64521423339844,0.67036731719971,-0.76466720104218,-0.54243361473083,0.12572319030762,0.6145796585083,0.31319801330566,1.73945664402843,0.94437546860427,1.55578988794237,1.92328424972296,1.63808841587603,0.7414846765846,1.87667893528938,,,,,,,,,,,,,,-0.18767603329644,0.96085524980575,1.0016577098012,,0,78,0,72,74,0,0,0,0,78,0,72,74,0,0,0,"{""draft_candidate"":true,""draft_candidate_id"":253,""draft_lottery"":false,""draft_method"":""cpu"",""draft_overall_pick"":73,""draft_round"":7,""draft_source"":""university"",""draft_year"":2048,""fa_nissuu"":0,""released_from_team"":2,""released_signed_year"":2053,""rookie_year"":true}"
77241,和久井 星児,11,2,fielder,29,8,R,R,184,94,2285,7,0,77241,false,false,,支配下,通常,0,0,,0,0,0,,,1.34460743097961,1.1844435968101,0.70128999421,2.12389028873816,0.49441623996198,1.24123021303639,-0.03947014848143,1.17389913851023,2.05174280365556,2.75404316434264,2.78022893789411,2.09975189035066,2.26486186757684,0.97780421257019,-0.18533531904221,0.65445596694946,-0.24057388544083,0.09437634468079,0.69170852661133,0.49050022125244,0.42536880493164,-0.2459162735939,1.11147246360779,1.11656608581543,0.65016311645508,-0.49396784424782,,,,,,,,,,,,,,-0.14931268670857,2.09319193277657,1.56945084889308,,88,0,0,0,0,0,0,0,88,0,0,0,0,0,0,0,"{""draft_candidate"":true,""draft_candidate_id"":265,""draft_lottery"":false,""draft_method"":""cpu"",""draft_overall_pick"":76,""draft_round"":7,""draft_source"":""university"",""draft_year"":2048,""fa_nissuu"":1,""rookie_year"":true}"
77291,源田 望武,11,4,fielder,29,7,R,L,188,91,4669,1,0,77291,false,false,,支配下,通常,0,0,,0,0,0,,,0.72210080678202,0.90615465552174,1.42012915793061,1.24279291006923,1.15826970985532,0.71255371469259,0.50399093285203,0.39722837604582,1.06299152374268,0.8160018157959,1.30371570587158,1.29886703491211,0.0234530544281,2.73719669576175,2.72507450148463,1.93349778707325,2.71948613645136,3.2681541159451,3.4435613758862,1.10111305236816,0.69004648208618,0.62767558097839,1.09160724639893,0.84618537902832,0.98005378723145,-0.08363493442535,,,,,,,,,,,,,,0.32195055308342,1.74357085096836,1.06397610378265,,0,0,63,43,45,75,0,65,0,0,63,43,45,75,0,65,"{""draft_candidate"":true,""draft_candidate_id"":221,""draft_lottery"":false,""draft_method"":""rebid_single"",""draft_overall_pick"":12,""draft_round"":1,""draft_source"":""university"",""draft_year"":2049,""fa_nissuu"":110,""rookie_year"":true}"
77389,小原 行政,11,4,fielder,28,6,L,R,187,74,6179,1,0,77389,false,false,,支配下,通常,0,0,,0,0,0,,,0.73912992663682,0.76942201703787,1.52497601574659,1.87277726683915,1.26481252464652,1.51580371507406,0.14714748138189,0.51226359802485,-0.40495364427567,0.11267148971558,-0.15431960105896,0.64108379364014,0.48875301361084,2.64093391889334,2.78590952960402,2.5667615237385,3.01716722041368,3.41118690577149,1.64237142885011,0.48013813018799,0.46563995361328,-0.06067022800446,-0.28209882259369,-0.30742046356201,0.75770931243896,-0.00192332267761,,,,,,,,,,,,,,1.58843352988362,1.74482732519507,1.46555105681717,,0,0,63,50,50,82,0,58,0,0,63,50,50,82,0,58,"{""draft_candidate"":true,""draft_candidate_id"":134,""draft_lottery"":true,""draft_method"":""lottery"",""draft_overall_pick"":1,""draft_round"":1,""draft_source"":""university"",""draft_year"":2050,""fa_nissuu"":109,""rookie_year"":true}"
77422,鷹取 克亘,11,2,fielder,28,6,L,R,177,70,1845,3,0,77422,false,false,,支配下,通常,0,0,,0,0,0,,,-0.03304697979987,0.88308483608067,0.13051091421675,3.105236279127,1.38666303417087,2.6786938364625,0.91901352058537,0.12525523847342,2.2311,2.4625,2.1545,2.9732930470109,1.7233,0.8345397567749,0.41026327133179,0.12446601867676,1.19364677429199,0.95923446655273,0.78480407714844,-0.48683115959167,1.00445316314697,0.33530418395996,0.64679794311523,0.04279708862305,0.77529712677002,-0.0604616355896,,,,,,,,,,,,,,1.9116921852231,2.09935351789743,1.7679866065681,,92,0,0,0,0,0,0,0,92,0,0,0,0,0,0,0,"{""draft_candidate"":true,""draft_candidate_id"":205,""draft_lottery"":false,""draft_method"":""cpu"",""draft_overall_pick"":34,""draft_round"":3,""draft_source"":""university"",""draft_year"":2050,""fa_nissuu"":45,""rookie_year"":true}"
77427,深山 修史,11,3,fielder,24,6,L,R,182,78,1845,4,0,77427,false,false,,支配下,通常,0,0,,0,0,0,,,0.12404326245189,1.52369085019827,1.79242932830332,1.73445439386666,-0.95278277212381,1.75802264876962,1.00648980438709,0.79712093645334,-0.81479141235352,1.30908264160156,-0.6300707244873,1.04175165176392,-0.79354015350342,-1.38312470513582,-1.61457700045034,-1.79172266873717,-1.74566518691182,-1.67533760713041,-1.82503914999962,0.5478205871582,-0.64603336334229,0.51308908462524,-0.05724662780762,0.11097763061523,0.68291778564453,-0.94320837020874,,,,,,,,,,,,,,-0.25663242305815,-0.66829857137054,1.31316769555211,,0,0,93,0,0,0,0,0,0,0,93,0,0,0,0,0,"{""draft_candidate"":true,""draft_candidate_id"":138,""draft_lottery"":false,""draft_method"":""cpu"",""draft_overall_pick"":39,""draft_round"":4,""draft_source"":""high_school"",""draft_year"":2050,""fa_nissuu"":0,""rookie_year"":true}"
77446,会沢 東義,11,2,fielder,28,6,R,L,177,100,1845,5,0,77446,false,false,,支配下,通常,0,0,,0,0,0,,,-0.40646565549821,0.39483619473688,0.25920028124284,1.36490426018164,0.57602213963866,1.11493277163506,0.03400770876557,-0.1864157127738,2.94944649541378,2.85133940604562,3.1603590426892,2.64946964820474,2.86146814161539,0.7723653793335,0.42766881942749,1.36,0.20113279342651,-0.27411895275116,0.8734358215332,1.15987457275391,-0.26575493812561,1.08913837432861,1.33275611877441,1.06307186126709,1.14393718719482,-0.02352076530457,,,,,,,,,,,,,,1.46555021818727,1.79867016988993,0.84051078554988,,95,0,0,0,0,0,0,0,95,0,0,0,0,0,0,0,"{""draft_candidate"":true,""draft_candidate_id"":262,""draft_lottery"":false,""draft_method"":""cpu"",""draft_overall_pick"":58,""draft_round"":5,""draft_source"":""university"",""draft_year"":2050,""fa_nissuu"":0,""rookie_year"":true}"
77466,山尾 晃,11,3,fielder,24,6,L,R,180,86,1845,7,0,77466,false,false,,支配下,通常,0,0,,0,0,0,,,-0.20361853031628,0.73037645553946,1.20566680646837,0.81754426157177,0.37246715056896,0.62716636435986,1.56946830943599,1.35790936529636,-1.30015842437744,-1.21116184234619,-0.387509765625,-1.14531453132629,0.37134124755859,-2.04904247438908,-1.77864547245204,-1.41953350913525,-1.56555271786451,-1.7396693098247,-1.9312566511184,-0.25937545776367,0.56621490478516,-1.3476211977005,0.34521987915039,-1.51213882446289,0.38002868652344,0.43973114013672,,,,,,,,,,,,,,-0.7626487057209,1.47136412990093,0.40591557902098,,0,0,73,46,0,0,0,0,0,0,73,46,0,0,0,0,"{""draft_candidate"":true,""draft_candidate_id"":142,""draft_lottery"":false,""draft_method"":""cpu"",""draft_overall_pick"":78,""draft_round"":7,""draft_source"":""high_school"",""draft_year"":2050,""fa_nissuu"":0,""rookie_year"":true}"
77479,町 喜志雄,11,2,fielder,24,6,R,R,174,77,1845,1,0,77479,true,false,,育成,通常,0,0,,0,0,0,,,-0.0850204293374,-0.19450519186258,1.97897428363562,-0.12191179139018,0.39543454489112,-0.1188393873632,-0.04002066966891,1.63941652029753,1.88455699361861,3.49312381777167,2.54579384309053,2.49233445543423,2.30238153535128,0.89061706542969,0.96601898193359,-0.74000663757324,-0.02373497009277,-0.56228488922119,1.19661895751953,-0.34895362854004,1.36,0.61793224334717,-0.71864669799805,0.58384658813477,1.0181916809082,0.32182952880859,,,,,,,,,,,,,,0.94065014746785,1.12771203351021,0.62577134396136,,87,0,0,0,0,0,0,0,87,0,0,0,0,0,0,0,"{""draft_candidate"":true,""draft_candidate_id"":235,""draft_lottery"":false,""draft_method"":""cpu"",""draft_overall_pick"":91,""draft_round"":1,""draft_source"":""high_school"",""draft_year"":2050,""fa_nissuu"":0,""rookie_year"":true}"
77498,上垣 直駿,11,1,starter,23,5,R,R,192,96,7933,1,0,77498,false,false,,支配下,通常,0,0,,0,0,0,,,-0.05848068237305,-0.7990767288208,-1.15342946052551,-0.09104461669922,-1.11514966964722,0.51916809082031,0.91690498352051,-0.44957424163818,1.29642013549805,1.44132202148437,1.49778823852539,1.17132833480835,1.30163314819336,1.6,0.61218496322632,1.6,-0.13029169082642,0.7923819732666,1.6,1.6,1.6,1.6,0.43895004272461,1.11858261108398,1.35366287231445,1.6,0.60311392784119,0.0585138130188,1.6,1.88779159343243,1.77816468187387,0.40223512163758,0.39506003397703,0.20471390156448,2.03057772889733,1.71264585113525,1.40169146686792,1.08473169443011,2.25067007255554,0.30950698852539,0.1801895904541,0.05235992431641,142,0,0,0,0,0,0,0,0,0,0,0,0,0,0,0,0,"{""draft_candidate"":true,""draft_candidate_id"":64,""draft_lottery"":true,""draft_method"":""lottery"",""draft_overall_pick"":4,""draft_round"":1,""draft_source"":""high_school"",""draft_year"":2051,""fa_nissuu"":60,""rookie_year"":true}"
77514,曽我 善五郎,11,1,reliever,23,5,R,L,181,73,1625,2,0,77514,false,false,,支配下,通常,0,0,,0,0,0,,,-0.22571674346924,-0.66115570068359,-0.0380192565918,-1.45607963562012,-0.00437973022461,-0.76933990478516,-0.50351142883301,-0.61379880905151,0.7565885925293,0.14042350769043,-0.35790100097656,-0.79110057353973,-0.1198477935791,-0.50050426483154,-0.41906342029572,-0.8471901512146,-0.83676406860352,0.24959701538086,-0.46069534301758,0.69976486206055,-0.71185596466064,0.70178009033203,1.34009490966797,-0.09248504638672,0.21570724487305,-0.13413795471191,1.05661371231079,0.98546775817871,0.74808849334717,1.77535262236372,0.26586121352017,-0.35117938584089,0.35679708755016,0.34444147783518,0.26930124539137,1.06015044617653,1.39519318413734,1.43540157294273,1.2948099540472,0.01301849365234,-0.48107124328613,-0.70160537719727,141,0,0,0,0,0,0,0,0,0,0,0,0,0,0,0,0,"{""draft_candidate"":true,""draft_candidate_id"":292,""draft_lottery"":false,""draft_method"":""cpu"",""draft_overall_pick"":20,""draft_round"":2,""draft_source"":""high_school"",""draft_year"":2051,""fa_nissuu"":0,""rookie_year"":true}"
77523,国広 展宏,11,6,fielder,23,5,L,L,177,86,1625,3,0,77523,false,false,,支配下,通常,0,0,,0,0,0,,,1.05411265580356,0.73320287504047,-0.29529620590806,2.42176315936148,-0.53761236560345,1.42794890863895,0.18556759187579,-0.63394176879898,-0.46628814697266,1.33520385742188,1.05175262451172,0.60145557403564,0.47291839599609,1.59346896407008,3.54190189601854,2.51009499469399,3.37847404931486,3.07506221842766,2.52478815398365,-0.71395795822144,-0.79968288421631,0.7973130607605,0.41453430175781,0.51765289306641,-0.36554183959961,0.78331314086914,,,,,,,,,,,,,,0.09960753637552,2.29211789044738,0.68310489076376,,0,0,79,74,65,64,85,70,0,0,79,74,65,64,85,70,"{""draft_candidate"":true,""draft_candidate_id"":285,""draft_lottery"":false,""draft_method"":""cpu"",""draft_overall_pick"":29,""draft_round"":3,""draft_source"":""high_school"",""draft_year"":2051,""fa_nissuu"":0,""rookie_year"":true}"
77562,森江 亙星,11,8,fielder,23,5,R,R,179,84,1625,6,0,77562,false,false,,支配下,通常,0,0,,0,0,0,,,0.30578631775081,0.25779822358489,0.55146029961109,1.83285116639137,0.33026886644959,1.66245505723693,0.30981095762359,0.64287524440885,0.78796249389648,0.05152267456055,-0.33547580718994,-0.26541776657104,1.14413879394531,-0.46067253112793,0.20791696548462,1.36,0.91468978881836,1.36,-0.21136604309082,1.9861019390747,1.90421408300847,1.36353605131432,0.71692644107714,0.71132287436724,1.80262052243948,3.11969280776381,,,,,,,,,,,,,,0.95931686934829,1.71385903028399,2.12830257862806,,0,91,0,83,82,0,0,0,0,91,0,83,82,0,0,0,"{""draft_candidate"":true,""draft_candidate_id"":303,""draft_lottery"":false,""draft_method"":""cpu"",""draft_overall_pick"":68,""draft_round"":6,""draft_source"":""high_school"",""draft_year"":2051,""fa_nissuu"":0,""rookie_year"":true}"
77585,勝原 久詔,11,3,fielder,23,5,L,R,182,76,1625,1,0,77585,false,false,,支配下,通常,0,0,,0,0,0,,,1.36457962341607,1.71152567352355,0.60595015134849,1.66463749660254,-0.06377141048014,1.14515593982935,-0.27343375839293,-0.42793474385142,-0.10662986755371,1.36,-0.5812544631958,-0.17479454040527,-0.64242626190186,-0.56140069279075,-1.67646498630941,-1.13760520762205,-1.91259462869167,-1.66477531144023,-1.5564727041414,-0.44835651397705,0.91062408447266,1.13165819168091,-0.42220375061035,-0.28831268310547,0.64718063354492,0.40192932128906,,,,,,,,,,,,,,2.01998396954685,0.45998250156641,2.0743207116276,,0,0,98,0,0,0,0,0,0,0,98,0,0,0,0,0,"{""draft_candidate"":true,""draft_candidate_id"":258,""draft_lottery"":false,""draft_method"":""cpu"",""draft_overall_pick"":91,""draft_round"":1,""draft_source"":""high_school"",""draft_year"":2051,""fa_nissuu"":0,""rookie_year"":true}"
77603,ジャン,11,5,fielder,33,5,R,R,182,108,7158,0,0,77603,false,true,,支配下,通常,0,0,,0,0,0,,,0.27624016338214,0.38555858182907,1.82499380064011,1.5713511133492,1.1807013708353,1.53889523136616,0.19940164261311,1.0185860093832,1.49251022338867,1.92,0.28893846511841,0.33963327229023,0.53059880256653,0.18767733323574,0.8904439163208,1.87089699590206,0.79098238605261,0.76787383252382,1.57057369232178,1.34895771026611,1.33558917999268,1.18610994338989,0.84287462234497,1.92,1.92,1.3654077911377,,,,,,,,,,,,,,1.8801401802063,1.57921822447777,1.04833983923942,,0,0,99,0,0,0,0,80,0,0,99,0,0,0,0,80,"{""fa_nissuu"":16,""foreign_scout"":true,""foreign_signed_year"":2051,""quality_tier"":""good""}"
77617,赤羽根 達揮,11,1,starter,22,4,R,R,189,99,1663,1,0,77617,false,false,,支配下,通常,0,0,,0,0,0,,,-0.58664577484131,0.41946212768555,-1.50636817932129,0.37949340820312,-0.94889755249023,-1.36834266662598,0.0460814666748,-1.06270683288574,0.37594215393066,-0.24823734283447,-0.48047340393066,0.31992073059082,1.44956192016602,-0.07293922424316,1.19277101516724,0.89313598632812,1.21061370849609,1.5716096496582,1.0181462097168,0.21208740234375,1.46171966552734,0.49582635879517,-0.61383405685425,0.72863586425781,1.50875030517578,0.26968276977539,-0.15231611251831,1.38182847976685,0.14126697540283,1.46334350252152,1.22637166571617,0.77372052628174,0.67967647849023,1.8509880245328,0.8677200204134,1.13053236582503,0.45622126282752,1.54253769302368,1.95634490066767,-0.8517945098877,0.44596755981445,-1.66493263244629,146,0,0,0,0,0,0,0,0,0,0,0,0,0,0,0,0,"{""draft_candidate"":true,""draft_candidate_id"":178,""draft_lottery"":false,""draft_method"":""rebid_single"",""draft_overall_pick"":10,""draft_round"":1,""draft_source"":""high_school"",""draft_year"":2052,""fa_nissuu"":1,""rookie_year"":true}"
77626,松前 和至,11,1,starter,22,4,R,R,186,92,1407,2,0,77626,false,false,,支配下,通常,0,0,,0,0,0,,,0.81839733123779,-0.0063671875,0.7699382019043,-0.10177291870117,-1.10511764526367,-0.19197174072266,-0.71569450378418,-1.31191071152687,-0.220234375,0.10038040161133,1.6,-0.06247999668121,-0.55646985054016,0.03113555908203,-0.01594625473022,-0.44659259796143,0.72930053710938,0.75712768554688,0.40305656433105,1.46897048950195,1.1473095703125,0.40376775741577,0.74404525756836,1.47299743652344,-0.33654268264771,1.09633834838867,0.28282166481018,0.26724774360657,0.23532518386841,1.96482448747754,2.10150241279602,-0.6733200166449,0.83380040305853,1.80187766116858,1.54429936885834,2.0581919786334,-0.33765580323338,1.6609054248929,1.11597503495216,0.75953063964844,-0.00493156433105,-0.43561378479004,142,0,0,0,0,0,0,0,0,0,0,0,0,0,0,0,0,"{""draft_candidate"":true,""draft_candidate_id"":119,""draft_lottery"":false,""draft_method"":""cpu"",""draft_overall_pick"":19,""draft_round"":2,""draft_source"":""high_school"",""draft_year"":2052,""fa_nissuu"":0,""rookie_year"":true}"
77650,古宮 益太郎,11,1,starter,22,4,L,R,186,85,1406,4,0,77650,false,false,,支配下,通常,0,0,,0,0,0,,,-0.68320695877075,-1.00163101196289,-0.14969802856445,-0.6410347366333,0.1193669128418,1.20451843261719,-0.46041126251221,-0.98221350133419,0.05704236984253,1.08328918457031,1.31609298706055,0.92149808883667,1.6,0.77993667602539,0.80423686027527,1.43392211914063,1.6,-0.15593649864197,1.6,1.6,1.6,1.6,0.8254776763916,0.91061981201172,1.6,0.1121212387085,1.45685707092285,1.39231060028076,1.6,0.57402161258459,0.38960647964478,0.00483888293803,0.14903255987167,1.69536328828335,0.36956975029781,0.09809612745047,0.25943715021014,1.70987399747968,1.86372757675312,0.96548431396484,1.56329177856445,0.54938491821289,145,0,0,0,0,0,0,0,0,0,0,0,0,0,0,0,0,"{""draft_candidate"":true,""draft_candidate_id"":38,""draft_lottery"":false,""draft_method"":""cpu"",""draft_overall_pick"":43,""draft_round"":4,""draft_source"":""high_school"",""draft_year"":2052,""fa_nissuu"":0,""rookie_year"":true}"
77674,大河 知光,11,5,fielder,28,4,L,L,184,99,1405,6,0,77674,false,false,,支配下,通常,0,0,,0,0,0,,,0.490797409527,-0.0168877454102,0.67219374167919,1.12355973923206,1.17422290425003,0.93770084885508,-0.1478687042892,0.71459634304047,1.05229570388794,-0.21902904987335,0.8354333114624,0.41693260192871,0.72803880691528,0.43554277208447,0.2344342633076,0.65395809662342,1.05024966549873,1.02908326786757,1.1945395835042,0.3361865234375,0.92118751525879,0.93859046936035,0.91288997650147,0.93683483123779,0.84828102111816,0.26987721443176,,,,,,,,,,,,,,0.38758107018471,1.78261249379441,0.13796236658096,,0,0,0,0,68,0,0,93,0,0,0,0,68,0,0,93,"{""draft_candidate"":true,""draft_candidate_id"":299,""draft_lottery"":false,""draft_method"":""cpu"",""draft_overall_pick"":67,""draft_round"":6,""draft_source"":""industrial"",""draft_year"":2052,""fa_nissuu"":0,""rookie_year"":true}"
77692,小田川 光茂,11,1,reliever,24,4,R,R,174,76,1405,1,0,77692,false,false,,支配下,通常,0,0,,0,0,0,,,-0.35444989204407,-0.42046052932739,-0.69561182022095,-1.65830528259277,-2,-1.7379976940155,0.51999979019165,-2,-0.90287201404572,-0.6990362071991,-0.99335182189941,-0.84172073364258,-1.12861125946045,0.36970273971558,-0.60785888671875,-0.21277667999268,0.81624486923218,-0.15722747802734,0.52532112121582,0.49071926116943,-0.50767441749573,0.53521144866943,0.16843418121338,-1.01951527118683,-0.45239498138428,-1.11774594068527,-0.61421676635742,-0.53950401306152,0.55200496673584,0.59960434651375,-0.63588110876083,0.80105793691799,0.6191199362278,-0.54649630594254,1.16981325324625,1.32293202716112,1.58097477712482,0.48096572673321,-0.04537638579309,-1.37984550476074,-0.61929666519165,-1.56064183235168,149,0,0,0,0,0,0,0,0,0,0,0,0,0,0,0,0,"{""draft_candidate"":true,""draft_candidate_id"":104,""draft_lottery"":false,""draft_method"":""cpu"",""draft_overall_pick"":85,""draft_round"":1,""draft_source"":""independent"",""draft_year"":2052,""fa_nissuu"":1,""rookie_year"":true}"
77709,フェリーニ,11,5,fielder,35,4,L,R,181,106,15634,0,0,77709,false,true,,支配下,通常,0,0,,0,0,0,,,0.05213344033808,0.78350979435444,2.15485502581298,2.39149208962917,0.67604171636701,2.77183702779189,0.56391032842547,2.36973096603528,2.31421184539795,2.00995269775391,1.9663073348999,1.66486025810242,1.91115001678467,2.1935566432476,1.44380165632814,0.80190945020318,2.20006832575798,2.65630285429955,1.2031935441196,1.09124034881592,1.49432861328125,2.31422939300537,2.45698432922363,1.83325740814209,2.56,0.94031170368195,,,,,,,,,,,,,,1.86546470917165,1.66180263638198,2.28169439529479,,0,0,0,91,0,0,0,90,0,0,0,91,0,0,0,90,"{""fa_nissuu"":56,""foreign_scout"":true,""foreign_signed_year"":2052,""quality_tier"":""ace""}"
77725,庄田 総道,11,1,reliever,24,3,R,R,189,77,1209,1,0,77725,false,false,,支配下,通常,0,0,,0,0,0,,,-0.28873151779175,-0.51515204429626,-0.35056581020355,0.44786650657654,0.50717965126038,0.27146241188049,-0.68875869423151,-0.5589160656929,1.05741624832153,1.6,1.43790418624878,0.30438237428665,1.6,1.03891146659851,0.69223311901093,0.86072643280029,1.01427574157715,1.33140043258667,0.34424154043198,0.73914928913116,0.602805352211,0.83315336227417,-0.14893980368972,0.76740119457245,0.51997972011566,0.11143266201019,1.1057075214386,1.6,1.18813545227051,1.67193152264506,0.19525074964762,-0.22654038000107,1.37615419465303,1.01621900794515,1.06859065169096,1.59175666606426,0.68869092655182,1.27532062530518,0.26678115224838,-0.22476710319519,0.16635733604431,-0.30818652629852,144,0,0,0,0,0,0,0,0,0,0,0,0,0,0,0,0,"{""draft_candidate"":true,""draft_candidate_id"":249,""draft_lottery"":false,""draft_method"":""rebid_single"",""draft_overall_pick"":9,""draft_round"":1,""draft_source"":""university"",""draft_year"":2053,""fa_nissuu"":0,""rookie_year"":true}"
77738,住田 幸敏,11,1,reliever,22,3,R,R,182,88,1195,2,0,77738,false,false,,支配下,通常,0,0,,0,0,0,,,-0.68514656662941,-1.15810183465481,0.97017108917236,0.04409529685974,0.56533576965332,-1.05186771631241,-0.35066858768463,-0.62288695812225,1.6,1.00870812416077,1.53766592025757,0.80456610202789,1.06218479156494,0.66860831260681,0.8997144317627,1.25096424102783,0.5305348443985,0.22160687923431,0.11573744297028,0.17279067516327,-0.17407373905182,-0.00343180418015,-0.25971112072468,1.6,1.6,0.50895908355713,0.03206861019135,1.6,0.72553102493286,1.92699267470837,0.296773419559,0.82536628821399,1.31000797754526,1.65535108549893,1.0451701605916,0.38685300021991,0.39137553274631,1.56961359417439,0.19244987261295,-0.40119925022125,1.35625192642212,0.62941667556763,141,0,0,0,0,0,0,0,0,0,0,0,0,0,0,0,0,"{""draft_candidate"":true,""draft_candidate_id"":160,""draft_lottery"":false,""draft_method"":""cpu"",""draft_overall_pick"":22,""draft_round"":2,""draft_source"":""independent"",""draft_year"":2053,""fa_nissuu"":1,""rookie_year"":true}"
77743,亀谷 頼三,11,7,fielder,21,3,R,L,179,89,1191,3,0,77743,false,false,,支配下,通常,0,0,,0,0,0,,,0.21575466156006,-0.29913665771484,1.32597493338585,0.86077463200092,1.03281921386719,0.79725161316395,0.48838247045875,0.69981872649491,0.94959930419922,0.40532608032227,0.9211003112793,-0.15204653739929,-0.73496997833252,-0.23480812072754,-0.56076096534729,1.0594841003418,1.05017990112305,-0.48166213989258,0.86114379882812,-0.4040129525587,-0.39588009035587,-2.4,-2.31712930870056,-2.46204709804058,-2.25351894307137,-2.44190767613053,,,,,,,,,,,,,,0.653645249933,-0.21199897384644,0.09109121710062,,0,45,0,84,77,0,0,0,0,45,0,84,77,0,0,0,"{""draft_candidate"":true,""draft_candidate_id"":165,""draft_lottery"":false,""draft_method"":""cpu"",""draft_overall_pick"":27,""draft_round"":3,""draft_source"":""high_school"",""draft_year"":2053,""fa_nissuu"":0,""rookie_year"":true}"
77762,谷 理人,11,1,reliever,24,3,R,R,178,91,1188,4,0,77762,false,false,,支配下,通常,0,0,,0,0,0,,,-0.55043573498726,-1.2716092300415,-1.68131083011627,-0.11675161361694,-0.41279774665833,0.05467056274414,-0.55500357985497,-1.08546195983887,0.85643626213074,-0.58115045785904,-0.12621923446655,0.39398386001587,-0.7658661699295,-0.11697316646576,-0.00292087554932,-0.06178438663483,-0.3127735042572,1.03283254623413,-0.08058411121368,0.17193712234497,0.52579317092896,0.53820979118347,0.79443900108337,-0.86296208024025,0.31280252456665,-0.76020060777664,0.35612058639526,-0.59780390381813,0.45598883628845,1.32633779227734,-0.24694531045854,0.911991417557,-0.51041671145707,-0.50619940682501,1.55168732303381,0.78760127913952,0.44730433640629,1.43737358754873,0.6846257276088,-1.84274993002415,-0.42050559997559,-0.17946645736694,140,0,0,0,0,0,0,0,0,0,0,0,0,0,0,0,0,"{""draft_candidate"":true,""draft_candidate_id"":282,""draft_lottery"":false,""draft_method"":""cpu"",""draft_overall_pick"":46,""draft_round"":4,""draft_source"":""university"",""draft_year"":2053,""fa_nissuu"":0,""rookie_year"":true}"
77767,岩見 直岳,11,7,fielder,24,3,L,R,193,100,1186,5,0,77767,false,false,,支配下,通常,0,0,,0,0,0,,,0.18322990563512,-0.09348980379105,0.56391863662004,1.28341290937662,1.441925614357,1.307632167238,0.21729680648446,0.40889433005452,0.62669432640076,0.15680101394653,0.03099945545197,0.2057776594162,-0.58198803663254,0.51300780296326,1.19638468742371,0.22709535598755,1.01078592300415,0.13487296104431,0.50596364021301,-0.05767358124256,-1.43214214205742,-1.52053003849089,-1.17082765816897,-1.24366461914778,-0.88054897004366,-0.14602082341909,,,,,,,,,,,,,,1.20433697476983,1.39883224201202,1.35564803862572,,0,46,0,84,63,0,0,0,0,46,0,84,63,0,0,0,"{""draft_candidate"":true,""draft_candidate_id"":77,""draft_lottery"":false,""draft_method"":""cpu"",""draft_overall_pick"":51,""draft_round"":5,""draft_source"":""university"",""draft_year"":2053,""fa_nissuu"":0,""rookie_year"":true}"
77791,金丸 友造,11,9,fielder,24,3,R,L,187,91,1185,7,0,77791,false,false,,支配下,通常,0,0,,0,0,0,,,-0.12913939821348,-0.0498788177669,1.25228243640065,-0.08455622007847,1.14136020243168,0.53012230192721,0.66349208307266,0.22371821506321,1.13117572784424,1.13499535560608,1.15077498435974,0.11338978767395,-0.26297575950623,0.76901515960693,-0.54224008798599,-0.77484083354473,0.681490650177,-0.29426759719849,-0.26033701896667,-1.27692460915446,-1.39806233513355,-1.8610477106981,-0.72393658304214,-1.17449528414011,-0.93214564573765,-0.27121185684204,,,,,,,,,,,,,,0.91714250439405,1.26376649618149,0.00778546263836,,0,50,0,100,92,0,0,0,0,50,0,100,92,0,0,0,"{""draft_candidate"":true,""draft_candidate_id"":221,""draft_lottery"":false,""draft_method"":""cpu"",""draft_overall_pick"":75,""draft_round"":7,""draft_source"":""university"",""draft_year"":2053,""fa_nissuu"":0,""rookie_year"":true}"
77801,永松 春星,11,1,reliever,21,3,R,R,189,95,1185,8,0,77801,false,false,,支配下,通常,0,0,,0,0,0,,,0.31168212890625,-1.4163871383667,-0.18428161621094,-0.5081657409668,-0.5917790222168,0.06565704345703,0.91012310028076,-0.55493267059326,-0.05632270812988,-0.52128025054932,1.44820892333984,1.02542465209961,0.48512069702148,-0.01103965759277,1.03024412155151,0.714140625,1.35479843139648,1.14474090576172,-0.18863006591797,1.37464080810547,1.08975158691406,0.48115892410278,1.14033142089844,1.27243301391602,-0.88333342552185,1.48041397094727,0.5255184173584,0.56016059875488,0.48128936767578,0.6477646241188,0.32439309977926,-0.32703043827228,0.98374095880985,-0.01237951570749,-0.34774495375156,0.35964712381363,1.60135068880022,0.23240007960796,0.02551830942929,-0.09022201538086,-1.34787403106689,-0.31138534545898,142,0,0,0,0,0,0,0,0,0,0,0,0,0,0,0,0,"{""draft_candidate"":true,""draft_candidate_id"":139,""draft_lottery"":false,""draft_method"":""cpu"",""draft_overall_pick"":85,""draft_round"":8,""draft_source"":""high_school"",""draft_year"":2053,""fa_nissuu"":0,""rookie_year"":true}"
77805,野々山 勤郎,11,7,fielder,26,3,L,R,193,78,1184,1,0,77805,true,false,,育成,通常,0,0,,0,0,0,,,-0.35043556284904,-0.44640222072601,0.23792013370991,0.90333544068336,0.47530976104736,1.24794729988575,0.07737605445087,-0.17674582004547,-0.91679341435432,-1.10023149013519,0.2081386756897,0.21183634757996,0.09435667037964,-0.97066430449486,-0.8936222577095,-0.45412206172943,-0.88406836032867,0.20894255638123,-0.21580448150635,-2.32742763108015,-1.17399308204651,-1.7425866317749,-1.47995366096497,-2.34319486749172,-1.34233284902573,-1.94803320407867,,,,,,,,,,,,,,-0.20191561698914,-0.11394316673279,-0.63284770071507,,0,35,54,75,69,0,0,0,0,35,54,75,69,0,0,0,"{""draft_candidate"":true,""draft_candidate_id"":141,""draft_lottery"":false,""draft_method"":""cpu"",""draft_overall_pick"":89,""draft_round"":1,""draft_source"":""industrial"",""draft_year"":2053,""fa_nissuu"":0,""rookie_year"":true}"
77819,国田 佳徳,11,4,fielder,24,3,L,R,173,80,1184,2,0,77819,true,false,,育成,通常,0,0,,0,0,0,,,0.60241932535172,0.00396368479729,0.14249990272522,0.3218723747883,0.02064861154556,0.54481531176567,0.0882226087153,-0.09912152159214,0.67515486717224,0.46293908119202,-0.64029082775116,-0.49492396354675,0.35947538375854,2.23901768463105,1.17433989784122,0.93030818688869,0.46283409240842,1.59598142361641,0.81537270724773,-0.76501474142075,-0.30848488807678,-0.15410655975342,-0.47050218105316,-0.07095199584961,-0.01709895133972,-0.81028815984726,,,,,,,,,,,,,,-1.09921190366149,0.85329223216698,0.8348854534626,,0,0,64,49,45,80,0,66,0,0,64,49,45,80,0,66,"{""draft_candidate"":true,""draft_candidate_id"":47,""draft_lottery"":false,""draft_method"":""cpu"",""draft_overall_pick"":103,""draft_round"":2,""draft_source"":""university"",""draft_year"":2053,""fa_nissuu"":0,""rookie_year"":true}"
77839,出野 達啓,11,1,reliever,27,2,R,R,173,71,2828,1,0,77839,false,false,,支配下,通常,0,0,,0,0,0,,,0.00833793640137,-0.36019310712814,0.14674257278442,0.86667579650879,0.54783824920654,0.49807285308838,-0.23942899703979,0.56404640197754,0.75692307949066,1.37441368103027,1.27009782791138,0.62437665939331,1.44759101867676,1.6,0.75990867614746,0.84445123672485,0.9600917339325,1.6,1.6,1.54598751068115,1.30753898620605,1.4135424041748,1.34616374969482,0.43529744446278,1.6,1.02611584663391,0.59067403793335,1.08779319763184,1.39530708312988,1.16491403316706,1.45160020804405,-0.1584615172185,1.6327527718544,0.61387005273998,1.98371354079247,0.82538556316495,1.84652842992544,1.42096140789986,0.72268195915222,0.64213203430176,0.71638854980469,0.1657719039917,145,0,0,0,0,0,0,0,0,0,0,0,0,0,0,0,0,"{""draft_candidate"":true,""draft_candidate_id"":153,""draft_lottery"":false,""draft_method"":""rebid_single"",""draft_overall_pick"":9,""draft_round"":1,""draft_source"":""industrial"",""draft_year"":2054,""fa_nissuu"":0,""rookie_year"":true}"
77851,上岡 寿樹,11,1,reliever,20,2,L,L,181,80,1016,2,0,77851,false,false,,支配下,通常,0,0,,0,0,0,,,-0.25933656692505,-1.52212781906128,-1.71267884731293,-1.3942501449585,-0.7828157043457,-1.26688945770264,-0.63009819030762,0.53524433135986,-0.08913551330566,0.99448867797852,1.34785552978516,1.28550762176514,-0.03859977722168,0.77589477539063,0.80176303863525,1.6,1.52892501831055,1.26281265258789,0.44355590820312,-0.5723620223999,0.10633735656738,0.38900766372681,-0.52417892456055,-0.66734906196594,1.06908157348633,-0.5262619972229,0.23288680076599,0.90200178146362,1.16978481292725,1.65985880693793,0.71199052619934,1.00699352832139,1.429251403898,-0.26767381793261,1.76275798714161,-0.31581517440081,1.18319677937031,-0.24365737444162,0.35759208880365,-1.19621299743652,-1.34985586762428,-1.69928847789764,144,0,0,0,0,0,0,0,0,0,0,0,0,0,0,0,0,"{""draft_candidate"":true,""draft_candidate_id"":103,""draft_lottery"":false,""draft_method"":""cpu"",""draft_overall_pick"":21,""draft_round"":2,""draft_source"":""high_school"",""draft_year"":2054,""fa_nissuu"":0,""rookie_year"":true}"
77858,鍋倉 維之,11,1,starter,24,2,R,R,174,88,996,3,0,77858,false,false,,支配下,通常,0,0,,0,0,0,,,0.55636306762695,-0.84320528030396,-0.71926965713501,0.37479335784912,-0.13159637451172,0.21281517028809,-0.50973683357239,-0.24368034362793,0.17861335754395,-0.148520154953,-0.48362815380096,-0.14015443325043,0.02655199050903,0.39831199645996,0.7319206237793,0.52174293518066,0.41279071807861,1.30149505615234,0.22675247192383,0.44319538116455,0.6587926864624,-0.06882536411285,0.84689212799072,-0.36047379016876,-0.29090416908264,-0.2024961566925,0.51214723587036,0.19789123535156,0.12228140830994,1.67694877004623,-0.18315821433067,0.33316033473611,1.63406532263756,-0.32910205554962,-0.12445113326609,-0.25680993580818,-0.12887139034271,1.36918940758705,1.35098680371046,-1.13965260505676,-0.82857328414917,-1.00377275466919,143,0,0,0,0,0,0,0,0,0,0,0,0,0,0,0,0,"{""draft_candidate"":true,""draft_candidate_id"":37,""draft_lottery"":false,""draft_method"":""cpu"",""draft_overall_pick"":28,""draft_round"":3,""draft_source"":""university"",""draft_year"":2054,""fa_nissuu"":0,""rookie_year"":true}"
77875,張替 揚正,11,1,reliever,20,2,R,R,186,80,981,4,0,77875,false,false,,支配下,通常,0,0,,0,0,0,,,-0.07006387710571,-0.89175899505615,-1.23034088134766,-1.25147813796997,-1.26557447433472,0.86565399169922,0.23901454925537,-0.15668714523315,0.81267913818359,0.95109970092773,0.70287857055664,1.23102865219116,1.6,1.6,0.02892033100128,1.6,1.34050384521484,-0.27119165420532,0.76447998046875,0.72107330322266,0.12783241271973,1.19529365539551,0.87909713745117,0.57415992736816,1.6,0.85210052490234,-0.17423091411591,0.89590923309326,1.6,-0.0291479820013,0.78260497879982,0.43938617706299,-0.15541011810303,0.57945846557617,-0.52331058263779,0.08338455200195,1.21991430938244,0.0270438041687,-0.02165806138515,-1.26993970870972,-0.82565008163452,-0.47455978393555,144,0,0,0,0,0,0,0,0,0,0,0,0,0,0,0,0,"{""draft_candidate"":true,""draft_candidate_id"":4,""draft_lottery"":false,""draft_method"":""cpu"",""draft_overall_pick"":45,""draft_round"":4,""draft_source"":""high_school"",""draft_year"":2054,""fa_nissuu"":0,""rookie_year"":true}"
77882,神沢 雄達,11,1,reliever,24,2,R,R,179,96,972,5,0,77882,false,false,,支配下,通常,0,0,,0,0,0,,,-0.26420623779297,-0.06501438140869,-0.72959053039551,0.25917087554932,-0.61799919128418,-0.00989128112793,-0.41802555084229,-1.24894047021866,0.43635597229004,-0.11761692047119,0.92393321990967,0.72458383560181,0.24138698577881,-0.28757704734802,0.64068395614624,-0.30018523216248,0.80670875549316,-0.17541994094849,-0.3842879486084,0.85357391357422,-0.58560896754265,-0.46178985118866,1.16657382965088,0.48722553253174,-0.50305015563965,0.32653663635254,-0.01867506980896,0.92029134750366,1.06461355209351,1.05829039490223,0.4578573012054,0.44718157541752,0.58233468151093,-0.46277333773673,1.35068135684729,0.26371199703217,0.76538344818354,0.8531758980751,-0.48695914642513,0.25006595611572,-0.02321571350098,-1.38734705924988,142,0,0,0,0,0,0,0,0,0,0,0,0,0,0,0,0,"{""draft_candidate"":true,""draft_candidate_id"":225,""draft_lottery"":false,""draft_method"":""cpu"",""draft_overall_pick"":52,""draft_round"":5,""draft_source"":""university"",""draft_year"":2054,""fa_nissuu"":0,""rookie_year"":true}"
77899,萩田 尚典,11,1,reliever,24,2,L,L,175,70,968,6,0,77899,false,false,,支配下,通常,0,0,,0,0,0,,,0.05819427490234,0.04927085876465,-0.48752960205078,0.2200305557251,-0.31564037322998,-0.2707405090332,0.38405364990234,-0.04471574783325,0.5179275894165,0.62071350097656,-0.17282709121704,0.45250654220581,-0.29134385108948,1.08952140808105,0.77792234420776,0.55444362640381,0.09416912078857,1.10833515167236,-0.08966879844666,0.4760929107666,1.34500057220459,0.98501100540161,0.64499317169189,1.06625751495361,1.32920063018799,1.003362159729,0.00085129737854,0.60536975860596,-0.31373699307442,0.73838760375977,1.02285991668701,-0.22052295684814,0.89810395669937,0.25639070880413,0.75817317962646,-0.48731724905968,0.71069850921631,0.34262950897217,-0.23276214599609,-0.30126968383789,-0.96460007667542,-1.01732118606567,142,0,0,0,0,0,0,0,0,0,0,0,0,0,0,0,0,"{""draft_candidate"":true,""draft_candidate_id"":161,""draft_lottery"":false,""draft_method"":""cpu"",""draft_overall_pick"":69,""draft_round"":6,""draft_source"":""university"",""draft_year"":2054,""fa_nissuu"":0,""rookie_year"":true}"
77906,今村 高好,11,1,reliever,20,2,R,R,183,75,964,7,0,77906,false,false,,支配下,通常,0,0,,0,0,0,,,0.8740531539917,-1.13579921722412,-0.49869361877441,0.80732482910156,0.40447463989258,-0.79719833374023,0.00333057403564,-1.0476305770874,0.60105514526367,0.03555656433105,0.90275939941406,0.18927756309509,0.7034782409668,0.46372467041016,0.64407148361206,1.44029632568359,-0.33857604980469,-0.63878154754639,0.69138931274414,1.6,-0.16788269042969,-0.04560454845428,1.50638229370117,1.6,0.22354370117188,-0.28811477661133,1.38421672821045,0.68435478210449,1.4578165435791,-0.08905715334415,0.85411759197712,0.91578163146973,-0.12967290598154,1.6,0.3550415802002,-0.52395912802219,0.18811190235615,1.51903356444836,-0.24371511852741,0.6747038269043,0.61409454345703,-0.6493391418457,140,0,0,0,0,0,0,0,0,0,0,0,0,0,0,0,0,"{""draft_candidate"":true,""draft_candidate_id"":306,""draft_lottery"":false,""draft_method"":""cpu"",""draft_overall_pick"":76,""draft_round"":7,""draft_source"":""high_school"",""draft_year"":2054,""fa_nissuu"":0,""rookie_year"":true}"
77916,小森谷 克友,11,1,reliever,25,2,L,R,170,91,964,8,0,77916,false,false,,支配下,通常,0,0,,0,0,0,,,0.55188145637512,-1.35529834270477,-0.16994185447693,-0.71629937171936,-0.44278607368469,-1.48608784556389,0.13281872749329,-0.1638304901123,-0.0352708864212,-0.19989968299866,0.36084953308105,-0.08792580604553,0.6297554397583,0.74523364067078,-0.08574283123016,0.0604873752594,1.00352083206177,-0.64750370144844,-0.56411715626717,0.56095508575439,0.84843836784363,-0.22134725093842,0.538513879776,0.10201238155365,0.98689740180969,0.93570982933044,-0.23086420059204,0.15499628543854,-0.26812581300735,0.81031436054409,0.75488173145056,0.65131602275372,0.68179632632062,0.47692524755001,-0.2289006768167,0.80520606440306,0.47189979612827,1.24734637349844,1.00899292433262,-1.36254029750824,-1.12827075839043,-0.62218564033508,141,0,0,0,0,0,0,0,0,0,0,0,0,0,0,0,0,"{""draft_candidate"":true,""draft_candidate_id"":77,""draft_lottery"":false,""draft_method"":""cpu"",""draft_overall_pick"":86,""draft_round"":8,""draft_source"":""industrial"",""draft_year"":2054,""fa_nissuu"":0,""rookie_year"":true}"
77920,澄川 長大,11,8,fielder,23,2,R,R,170,75,958,1,0,77920,true,false,,育成,通常,0,0,,0,0,0,,,0.61478048361093,0.87863038283587,-0.8093929297924,1.36025316072106,0.87097730982304,1.2667622107029,0.64043439400848,-0.32721509584039,0.6278021812439,-0.1159117269516,0.49458533287048,0.81959790229797,-0.51504881858826,0.91785312652588,-0.15198428153992,-0.13597589969635,-0.53732642650604,1.11213740348816,0.51298919677734,1.14377757841721,1.63941978925467,2.20977126951516,1.75069932129979,0.67117910322547,1.28994425082207,1.00297472053766,,,,,,,,,,,,,,-0.14124016529322,1.63361716344953,0.95406435224414,,0,90,65,77,84,0,0,0,0,90,65,77,84,0,0,0,"{""draft_candidate"":true,""draft_candidate_id"":25,""draft_lottery"":false,""draft_method"":""cpu"",""draft_overall_pick"":90,""draft_round"":1,""draft_source"":""independent"",""draft_year"":2054,""fa_nissuu"":0,""rookie_year"":true}"
77932,砂田 威春,11,3,fielder,23,2,R,R,189,81,958,2,0,77932,true,false,,育成,通常,0,0,,0,0,0,,,0.26854909068346,0.67419788551331,0.50723063629866,-0.12379211652279,0.54820827591419,-0.35836226330698,-0.47008335991949,0.86094202375412,0.16770626068115,-0.58805297613144,-0.76794918060303,-0.06571189880371,-0.23002585411072,-2.29537885031104,-2.15912415343523,-1.38188028717041,-2.43475417909026,-1.42887795591354,-2.34388987720013,-0.49492266178131,0.40953634262085,0.42529146194458,-0.69955073595047,0.72914182662964,-0.76319459080696,0.13781623840332,,,,,,,,,,,,,,-0.3683295788765,0.505703592062,0.89569910690188,,0,0,78,0,0,0,0,0,0,0,78,0,0,0,0,0,"{""draft_candidate"":true,""draft_candidate_id"":10,""draft_lottery"":false,""draft_method"":""cpu"",""draft_overall_pick"":102,""draft_round"":2,""draft_source"":""university"",""draft_year"":2054,""fa_nissuu"":0,""rookie_year"":true}"
77949,荒関 雄地,11,6,fielder,19,1,R,R,179,81,1150,1,0,77949,false,false,,支配下,通常,0,0,,0,0,0,,,0.41026778671145,0.48527603799105,1.37009389722347,1.83753178524971,-0.61356608057022,1.82278752458096,0.40146464964934,1.17755066163093,-0.59967938423157,1.36,1.36,0.76866472244263,1.29285369873047,3.36919139122963,3.24635285379738,3.26868580576777,3.56880698657036,2.68221586021781,3.45521281278133,0.46621513366699,-0.3335901260376,0.41414212226868,0.22902816772461,-0.41817422866821,-0.54429012298584,-0.61948831558228,,,,,,,,,,,,,,-0.24878670471907,0.10906058132648,-0.32705291676521,,0,66,68,67,63,61,75,60,0,66,68,67,63,61,75,60,"{""draft_candidate"":true,""draft_candidate_id"":290,""draft_lottery"":true,""draft_method"":""lottery"",""draft_overall_pick"":3,""draft_round"":1,""draft_source"":""high_school"",""draft_year"":2055,""fa_nissuu"":0,""rookie_year"":true}"
77970,網代 魁士,11,4,fielder,19,1,R,R,182,70,1000,2,0,77970,false,false,,支配下,通常,0,0,,0,0,0,,,-0.18612182148546,1.32197318512201,-0.12511122202873,0.71401251658201,0.42187225341797,0.47432870390415,-0.8104284144938,0.34012725073099,0.60095779418945,0.33295745849609,1.36,-0.4620672762394,0.28485778808594,1.98205816650391,1.9174457244277,2.96907071089745,3.19202707982063,1.84450316047668,2.6695991601944,1.36,1.36,1.13913208007813,-0.21536308288574,0.68393432617188,1.18204391479492,1.36,,,,,,,,,,,,,,0.9469181933403,0.99047583258152,0.05935766040999,,0,60,55,51,58,81,63,0,0,60,55,51,58,81,63,0,"{""draft_candidate"":true,""draft_candidate_id"":176,""draft_lottery"":false,""draft_method"":""cpu"",""draft_overall_pick"":24,""draft_round"":2,""draft_source"":""high_school"",""draft_year"":2055,""fa_nissuu"":0,""rookie_year"":true}"
77971,矢部 秀出郁,11,1,starter,23,1,R,L,189,96,900,3,0,77971,false,false,,支配下,通常,0,0,,0,0,0,,,-0.08144599914551,-0.24306039810181,-0.70807438135147,-0.11273691177368,0.82287166595459,-0.55580376625061,-0.50408893585205,0.53361402511597,1.6,0.69290225982666,1.6,1.6,1.52407726287842,1.6,1.06463109970093,1.09223920822144,0.87293395996094,1.6,1.6,0.16256226621568,1.51345394134521,0.57140981674194,0.20671259760857,0.72667388916016,1.39166683197022,0.77790004730225,1.0645209980011,1.6,1.42365810394287,0.60721376419067,1.6,0.28991172790527,1.6,1.6,0.58951965332031,0.82050840377808,0.43698887825012,1.51167415618897,0.81923082989454,0.56331314086914,0.89609329223633,0.40360900878906,143,0,0,0,0,0,0,0,0,0,0,0,0,0,0,0,0,"{""draft_candidate"":true,""draft_candidate_id"":240,""draft_lottery"":false,""draft_method"":""cpu"",""draft_overall_pick"":25,""draft_round"":3,""draft_source"":""university"",""draft_year"":2055,""fa_nissuu"":0,""rookie_year"":true}"
77994,番匠 正寿,11,7,fielder,19,1,R,R,177,94,825,4,0,77994,false,false,,支配下,通常,0,0,,0,0,0,,,-0.08377042898163,1.83412089204788,1.00249481636286,2.64715612819195,1.13854717177153,2.10490086903572,0.43812938582897,1.40119527447224,-0.10443374633789,-0.3812189245224,1.02807388305664,-0.13437675476074,0.96354431152344,1.29373077392578,0.51087693214417,0.51246429443359,-0.16032634735107,1.36,0.52501922607422,-0.20930928897858,-0.04782299798727,-0.090914574489,-1.14822616577148,0.05014786815643,-0.61237847231328,-1.2554172642231,,,,,,,,,,,,,,1.16406511116028,1.51321309272945,1.30092244416475,,0,39,0,70,59,0,0,0,0,39,0,70,59,0,0,0,"{""draft_candidate"":true,""draft_candidate_id"":251,""draft_lottery"":false,""draft_method"":""cpu"",""draft_overall_pick"":48,""draft_round"":4,""draft_source"":""high_school"",""draft_year"":2055,""fa_nissuu"":0,""rookie_year"":true}"
77995,宇野 権史,11,1,starter,19,1,L,L,176,72,780,5,0,77995,false,false,,支配下,通常,0,0,,0,0,0,,,0.46826156616211,-1.43721256256104,-0.66218711853027,0.45473052978516,0.30826400756836,-1.35406879425049,-0.35976900100708,-1.33429583787918,-0.22399524688721,0.63595199584961,0.25398445129395,1.37196807861328,-0.02355094909668,-0.1099592590332,-0.04198824882507,-0.1801057434082,0.96085266113281,-0.78135913848877,-0.08219688415527,1.06858581542969,-0.44891487121582,1.29502626419067,-0.04017082214355,1.6,0.82374099731445,0.89107238769531,0.30682287216187,1.19949871063232,1.21219312667847,0.30068797600269,1.96545643305779,0.69769889420271,0.71315099455416,0.76806995344162,-0.67701904010773,0.30595660245419,0.34686502584815,0.44471935510635,1.38327163696289,0.65971572875977,0.09779327392578,0.33515182495117,141,0,0,0,0,0,0,0,0,0,0,0,0,0,0,0,0,"{""draft_candidate"":true,""draft_candidate_id"":15,""draft_lottery"":false,""draft_method"":""cpu"",""draft_overall_pick"":49,""draft_round"":5,""draft_source"":""high_school"",""draft_year"":2055,""fa_nissuu"":0,""rookie_year"":true}"
78018,楯 影一,11,7,fielder,23,1,R,R,175,94,760,6,0,78018,false,false,,支配下,通常,0,0,,0,0,0,,,-0.52819279670715,0.15650983810425,1.39332926386595,0.8956373336792,0.05257888793945,0.8544729285717,0.08232948303223,0.09885783195496,-0.42138570785522,-0.24554337501526,0.31777587890625,-0.06129833221436,0.11147054672241,0.48530857086182,0.32087539672852,0.53128566741943,0.00771898269653,0.89639442443848,-0.50996782779694,-0.5898119354248,-1.150541695714,-1.4766417093575,-2.16833075046539,-0.4811752269268,-0.62223922729492,-1.13057969164848,,,,,,,,,,,,,,0.07600681304932,0.55625696182251,-0.09343850672245,,0,49,0,92,83,0,0,0,0,49,0,92,83,0,0,0,"{""draft_candidate"":true,""draft_candidate_id"":128,""draft_lottery"":false,""draft_method"":""cpu"",""draft_overall_pick"":72,""draft_round"":6,""draft_source"":""university"",""draft_year"":2055,""fa_nissuu"":0,""rookie_year"":true}"
78029,宗形 豊広,11,7,fielder,19,1,L,L,170,100,710,1,0,78029,true,false,,育成,通常,0,0,,0,0,0,,,0.25965774536133,1.44953493249416,1.61511169433594,-0.85598028068542,1.0861897277832,-0.85598028068542,0.84597988128662,0.48177006152272,1.36,-0.1892170715332,0.6109504699707,-0.25195505142212,0.57862731933594,1.25274871826172,0.58501096725464,0.7580534362793,1.36,1.36,-0.99712811946869,-1.8573860168457,-2.00088733673096,-1.9507554769516,-1.99258995056152,-2.23030101776123,-2.4,-1.01959564208984,,,,,,,,,,,,,,1.22271179199219,0.57656364440918,1.14211792492867,,0,36,0,76,61,0,0,0,0,36,0,76,61,0,0,0,"{""draft_candidate"":true,""draft_candidate_id"":30,""draft_lottery"":false,""draft_method"":""cpu"",""draft_overall_pick"":83,""draft_round"":1,""draft_source"":""high_school"",""draft_year"":2055,""fa_nissuu"":0,""rookie_year"":true}"
78043,貴田 久詔,11,7,fielder,27,1,R,R,177,77,710,2,0,78043,true,false,,育成,通常,0,0,,0,0,0,,,-0.0471884277463,0.12211101934314,1.58841526508331,0.13144574779272,1.73570326024294,-0.11470975208282,-0.22733500134945,1.37587285286188,0.0764196228981,0.46270558357239,0.78417322158813,0.89598854064941,0.35770694732666,0.01913350939751,0.51720523834229,-0.01317564725876,1.11031982421875,1.36,0.91147253036499,-0.60357462176681,-0.52129579675198,-0.9420504686432,-0.6567999227047,-0.17056077337638,-0.6518333439827,-0.72425015580654,,,,,,,,,,,,,,0.35941712278128,1.72256821495295,1.72728192007542,,0,62,0,96,88,0,0,0,0,62,0,96,88,0,0,0,"{""draft_candidate"":true,""draft_candidate_id"":252,""draft_lottery"":false,""draft_method"":""cpu"",""draft_overall_pick"":97,""draft_round"":2,""draft_source"":""industrial"",""draft_year"":2055,""fa_nissuu"":0,""rookie_year"":true}"
78044,吉国 美千雄,11,1,starter,22,1,L,R,176,76,710,3,0,78044,true,false,,育成,通常,0,0,,0,0,0,,,0.08573541641235,-1.05010737895966,-0.17262690544128,-1.24619658470154,-1.61250130772591,-1.55273424983025,0.18217675209045,-0.5410781955719,0.88625408172607,-0.67045843750238,-0.20757770061493,0.77589035987854,0.89159169197083,-0.20522562742233,0.1158093214035,0.82914823532104,0.96798858642578,1.34268887519836,-0.25240492343903,1.30860481262207,-0.14685238838196,0.02383815288544,-0.1149018573761,0.26285751819611,0.73855279922485,1.27766519546509,0.10017671108246,-0.42387100577354,0.24814530849457,-0.01658030971885,1.03932787275314,0.63958907184005,0.69875047683716,-0.49178556156158,1.19881344473362,-0.0738012919426,1.37767061766982,-0.57374762073159,1.36910421079397,0.12204915046692,-0.95522824287415,-1.58341455996037,148,0,0,0,0,0,0,0,0,0,0,0,0,0,0,0,0,"{""draft_candidate"":true,""draft_candidate_id"":34,""draft_lottery"":false,""draft_method"":""cpu"",""draft_overall_pick"":98,""draft_round"":3,""draft_source"":""university"",""draft_year"":2055,""fa_nissuu"":0,""rookie_year"":true}"
76362,加藤木 朋夫,12,9,fielder,34,16,L,R,188,91,6548,6,0,76362,false,false,,支配下,通常,0,0,,0,0,0,,,0.09543409065809,0.92013830536604,2.17762770882994,2.0818050709554,-0.34971045136824,2.12311549316123,0.26088931585103,1.26014367163926,0.11000335693359,-0.31071075439453,-0.22648162841797,-1.23080206990242,0.39908966064453,0.80624633789063,-0.80001751899719,0.16406112670898,0.29506652832031,0.93327972412109,-0.27360321044922,-0.70001426026225,1.97013191196322,0.45715425529704,0.61034547498822,0.64431222593039,-0.19185543492436,1.27153210215407,,,,,,,,,,,,,,-0.05129487805367,0.79381113563851,0.62784209436774,,0,64,53,79,90,0,0,0,0,64,53,79,90,0,0,0,"{""draft_candidate"":true,""draft_candidate_id"":102,""draft_lottery"":false,""draft_method"":""cpu"",""draft_overall_pick"":61,""draft_round"":6,""draft_source"":""high_school"",""draft_year"":2040,""fa_nissuu"":168,""rookie_year"":true}"
76576,中神 英富,12,1,reliever,32,14,L,R,192,70,6706,5,0,76576,false,false,,支配下,通常,0,0,,0,0,0,,,-0.06716394424438,-0.51623672485352,-2,-1.91710220336914,-1.99244649887085,-0.37798248291016,-0.71721133232117,-1.4852331829071,0.19750518798828,-0.72737789154053,0.1032275390625,0.7566326713562,1.09014312744141,0.78922714233398,-1.02824894309044,-0.93750114440918,-0.58945594787598,-1.18849612236023,-0.92216846466064,-0.85473129272461,0.86057907104492,-0.6781777381897,0.02277481079102,0.42059463500977,0.79783386230469,0.05664855957031,-0.26990611076355,1.04045719146729,1.00179983139038,1.37995374386013,2.8870299943611,0.67400356240198,0.16826063129306,2.72741002073884,1.17254077707231,1.8380617255345,2.64771612069756,1.68309700345993,0.97530026454926,-1.9455065536499,0.65576110839844,-1.26595779418945,144,0,0,0,0,0,0,0,0,0,0,0,0,0,0,0,0,"{""draft_candidate"":true,""draft_candidate_id"":299,""draft_lottery"":false,""draft_method"":""cpu"",""draft_overall_pick"":56,""draft_round"":5,""draft_source"":""high_school"",""draft_year"":2042,""fa_nissuu"":95,""rookie_year"":true}"
76657,三国 尚紀,12,3,fielder,31,13,R,R,179,88,4947,3,0,76657,false,false,,支配下,通常,0,0,,0,0,0,,,-0.24575383131579,1.37618049306422,0.7401831892971,1.96291220246851,1.16495050814748,1.51553704128265,0.76227333651669,2.26505621144175,0.79699142456055,1.04824722290039,-0.34655246734619,-0.18722467899323,1.30352203369141,-1.86884039278887,-0.74805800573528,-2.18176882106066,-0.08295756322145,-1.85253088849783,-1.5480504603982,-0.52247053146362,1.04112426757813,0.34262366294861,1.18596176147461,-0.63251463890076,-0.71494305968285,-0.04849029541016,,,,,,,,,,,,,,1.33550002432168,1.00275373013318,1.6190706184268,,0,0,97,74,0,0,0,0,0,0,97,74,0,0,0,0,"{""draft_candidate"":true,""draft_candidate_id"":307,""draft_lottery"":false,""draft_method"":""cpu"",""draft_overall_pick"":25,""draft_round"":3,""draft_source"":""high_school"",""draft_year"":2043,""fa_nissuu"":158,""released_from_team"":4,""released_signed_year"":2053,""rookie_year"":true}"
76714,勝部 尊士,12,7,fielder,31,13,R,R,175,79,11516,8,0,76714,false,false,,支配下,通常,0,0,,0,0,0,,,1.34510732261091,1.5649770796448,2.50311685476825,1.07829313024096,2.08186055611819,1.91511475747228,0.29464970867056,2.21433599087596,1.36,-0.03216241836548,1.36,0.55861305713654,1.36,0.22637672424316,1.36,0.7452880859375,1.36,1.36,0.81069923400879,0.08951491516829,1.04396540560573,0.54558539781533,0.26564167928789,0.22972907434404,0.60488683799654,-0.31339152416587,,,,,,,,,,,,,,1.08954981752634,2.06163115458153,0.81473634765577,,0,53,0,100,81,0,0,0,0,53,0,100,81,0,0,0,"{""draft_candidate"":true,""draft_candidate_id"":155,""draft_lottery"":false,""draft_method"":""cpu"",""draft_overall_pick"":82,""draft_round"":8,""draft_source"":""high_school"",""draft_year"":2043,""fa_nissuu"":161,""rookie_year"":true}"
76750,興梠 久二,12,1,reliever,37,12,R,R,182,100,10512,1,0,76750,false,false,,支配下,通常,0,0,,0,0,0,,,-0.20394372940063,-0.81227080106735,-0.02603614807129,0.18620674133301,0.04171688079834,-0.12251379966736,-0.32794476985931,0.17933647155762,1.15350769042969,0.384714012146,0.14665204167366,0.59718273162842,0.30845087051392,0.94370420455933,0.76564624786377,1.32700155258179,0.59957864761353,0.38709569454193,1.03693912506104,1.11887853622437,1.07376020431519,0.8062336730957,1.0852227973938,0.96170833587646,1.06547010421753,0.96153629302979,1.48764953613281,1.06295852661133,0.96870552062988,1.70412941425387,0.60908618935943,0.69035675709695,1.04910913300514,1.42116790299043,0.55421368089318,1.35575950463116,1.98311548870802,1.72659748163819,0.74924160656333,0.1616600227356,-0.0347417640686,-0.65605662345886,144,0,0,0,0,0,0,0,0,0,0,0,0,0,0,0,0,"{""draft_candidate"":true,""draft_candidate_id"":275,""draft_lottery"":false,""draft_method"":""rebid_single"",""draft_overall_pick"":12,""draft_round"":1,""draft_source"":""industrial"",""draft_year"":2044,""fa_nissuu"":116,""rookie_year"":true}"
76772,小畠 文之,12,1,reliever,30,12,R,R,180,88,10557,3,0,76772,false,false,,支配下,通常,0,0,,0,0,0,,,0.94052043914795,-1.67589977264404,-1.4967414855957,-1.87666996002197,0.39738327026367,-0.61177688598633,-0.10198184967041,-1.81224579334259,0.73808822631836,1.34369079589844,0.63919082641602,0.65402696609497,0.65861465454102,0.1765584564209,0.99618753433228,1.41271774291992,1.06535690307617,1.49188827514648,0.89361175537109,1.24366989135742,0.33355758666992,-0.6436940073967,-0.98561337471008,1.51635177612305,0.31627639770508,1.43016967773438,0.63878135681152,0.88647260665894,0.27787803649902,0.618754726924,1.23768593451381,1.45680102149863,1.29248949079216,-0.50247947077453,0.4658014215529,2.21309374117851,2.23287020158023,2.28142631047964,1.75768828320503,0.04875366210938,-0.05395095825195,-1.17448249816895,151,0,0,0,0,0,0,0,0,0,0,0,0,0,0,0,0,"{""draft_candidate"":true,""draft_candidate_id"":211,""draft_lottery"":false,""draft_method"":""cpu"",""draft_overall_pick"":34,""draft_round"":3,""draft_source"":""high_school"",""draft_year"":2044,""fa_nissuu"":151,""rookie_year"":true}"
76855,森本 聡男,12,1,reliever,30,11,R,R,180,85,11795,1,0,76855,false,false,,支配下,通常,0,0,,0,0,0,,,-0.23694496154785,-0.96147925853729,-1.44002497196198,-1.35690504908562,-0.73598437309265,-0.55237472057343,-0.40319431781769,-0.05556402206421,0.1406615114212,-0.44768548846245,1.6,0.52460245609283,0.68069053649902,-0.22868814706802,-0.25020836591721,1.6,0.15848217964172,-0.09477696657181,1.6,1.03024974822998,-0.3631306374073,-0.15963936805725,0.46328283309937,1.38435984611511,0.14885662555695,1.6,0.44330565452576,0.68286458969116,0.32232850074768,1.59045747568607,1.45574357185215,1.01458449801803,2.51697650231421,1.05444235229492,2.04381559684873,2.1156228390038,2.60815858238339,2.18581555771828,1.75224630583823,-0.66117513179779,-0.00635704994202,-0.47530183792114,156,0,0,0,0,0,0,0,0,0,0,0,0,0,0,0,0,"{""draft_candidate"":true,""draft_candidate_id"":280,""draft_lottery"":false,""draft_method"":""rebid_single"",""draft_overall_pick"":12,""draft_round"":1,""draft_source"":""independent"",""draft_year"":2045,""fa_nissuu"":158,""rookie_year"":true}"
76874,森園 和重,12,1,reliever,29,11,L,R,179,81,9847,3,0,76874,false,false,,支配下,通常,0,0,,0,0,0,,,-0.62938694000244,-1.65436317443848,-1.52182327270508,-0.79125389099121,-1.6917813873291,-0.59779510498047,-0.74504063129425,-1.17053734779358,-0.25872512817383,0.45054794311523,0.18109565734863,0.90588653564453,0.85823059082031,1.37184204101563,-0.07222143173218,0.31815795898437,-0.35463050842285,-0.86866292953491,1.25678405761719,0.38125244140625,1.48244094848633,-0.0283260345459,-0.06608757019043,-0.63244415283203,0.83417175292969,0.10705360412598,1.06023372650147,0.49535524368286,0.09473879814148,1.43090334816277,0.38308551458269,1.05890939387307,2.62213279043511,1.42305121812224,0.81869019857049,0.56935597570241,1.95669390498102,1.83281592103653,1.64129063822329,-0.50789428710938,0.20693664550781,-1.49285526275635,150,0,0,0,0,0,0,0,0,0,0,0,0,0,0,0,0,"{""draft_candidate"":true,""draft_candidate_id"":138,""draft_lottery"":false,""draft_method"":""cpu"",""draft_overall_pick"":31,""draft_round"":3,""draft_source"":""high_school"",""draft_year"":2045,""fa_nissuu"":133,""rookie_year"":true}"
76885,白根 公児,12,1,starter,29,11,L,R,189,98,8232,4,0,76885,false,false,,支配下,通常,0,0,,0,0,0,,,-0.82957536220551,-1.2795947265625,-1.26268058776855,-0.92399391174316,-0.91627563476563,-0.63892486572266,0.93095420837402,-1.28660073280334,-0.6044079875946,1.48122665405273,1.6,0.73092086791992,1.6,-0.44864686965942,-0.23600206375122,-0.12451038360596,-0.63340392112732,0.66723587036133,0.17281753540039,1.27711364746094,-0.16140090942383,1.08655143737793,0.15085067749023,0.80820526123047,0.92716979980469,-0.1699186706543,-0.28950555801392,-0.2505587720871,-0.30828042030334,0.48666832879186,1.87058601114154,-0.2140026316829,1.41894585180283,1.14948730234802,0.91074929958582,1.05485445564985,2.43349534127116,1.26698128623515,1.27855481291004,0.43020278930664,-0.47446434020996,-1.38471405029297,145,0,0,0,0,0,0,0,0,0,0,0,0,0,0,0,0,"{""draft_candidate"":true,""draft_candidate_id"":202,""draft_lottery"":false,""draft_method"":""cpu"",""draft_overall_pick"":42,""draft_round"":4,""draft_source"":""high_school"",""draft_year"":2045,""fa_nissuu"":59,""rookie_year"":true}"
76961,関原 朋生,12,6,fielder,31,10,R,R,172,81,21054,1,0,76961,false,false,,支配下,通常,0,0,,0,0,0,,,0.21101407614537,1.05272501271963,1.13174895605445,2.32142892468572,1.4704806034565,1.67100768546611,0.01306117330492,0.15474534591287,-0.23792129635811,0.99693223953247,0.25565393447876,0.66944054603577,0.90946128845215,2.7406,2.62699321292713,2.6160,2.0766,3.6577,2.2088,1.02696557247639,1.13521349698305,0.88478806984425,1.58786279144883,1.05805634170771,1.17511297249794,-0.02334693548083,,,,,,,,,,,,,,1.02944388802573,0.43488123340905,0.91259239249527,,0,85,100,0,0,88,94,98,0,85,100,0,0,88,94,98,"{""draft_candidate"":true,""draft_candidate_id"":138,""draft_lottery"":false,""draft_method"":""rebid_single"",""draft_overall_pick"":7,""draft_round"":1,""draft_source"":""university"",""draft_year"":2046,""fa_nissuu"":158,""rookie_year"":true}"
76986,砂川 佑樹,12,1,reliever,28,10,R,R,171,76,6915,3,0,76986,false,false,,支配下,通常,0,0,,0,0,0,,,-0.70586646080017,0.46590408325195,-0.06669570922852,-1.51644290924072,0.13580505371094,-1.23442401885986,-0.00965354919434,-0.53263608932495,0.55231842041016,0.94530563354492,-0.19161231994629,0.96185438156128,-0.24567378997803,0.95633499145508,-0.17274802207947,-0.49324630737305,0.03061828613281,0.32244850158691,1.58230819702148,1.48222061157227,0.12946685791016,0.2241673374176,-0.5853667640686,1.28958435058594,-0.60245359420776,-0.33480354309082,-0.65079885005951,-0.24835088729858,-0.67800128757954,0.8087642840296,2.95015901084663,1.26683143138513,0.24239867955446,2.14240556164086,2.08032421860471,1.27157839734759,2.37635139997676,2.02332234862447,0.77040685376525,-0.22717163085938,-0.80833847045898,-0.40627960205078,155,0,0,0,0,0,0,0,0,0,0,0,0,0,0,0,0,"{""draft_candidate"":true,""draft_candidate_id"":203,""draft_lottery"":false,""draft_method"":""cpu"",""draft_overall_pick"":32,""draft_round"":3,""draft_source"":""high_school"",""draft_year"":2046,""fa_nissuu"":157,""rookie_year"":true}"
77049,岩越 卓海,12,3,fielder,28,10,R,R,192,75,2725,1,0,77049,false,false,,支配下,通常,0,0,,0,0,0,,,0.62627207346261,2.17876602002233,-0.04202835873514,0.51174856449962,1.52269707133435,1.17939971955419,0.36206143721938,0.7071045819819,-0.68960861206055,0.73736053466797,0.82473114013672,-0.64047372817993,0.78171310424805,-1.37345576804876,-1.32600458542258,-1.39312102781236,-0.46010898838192,-1.64274942722172,-1.49230113691091,0.37958465576172,0.38570739746094,0.86922718048096,0.20735916137695,0.33071975708008,0.28899398803711,-0.33207641601562,,,,,,,,,,,,,,0.46749491910264,1.79977038744092,1.56373727315012,,0,0,72,54,0,0,0,0,0,0,72,54,0,0,0,0,"{""draft_candidate"":true,""draft_candidate_id"":85,""draft_lottery"":false,""draft_method"":""cpu"",""draft_overall_pick"":95,""draft_round"":1,""draft_source"":""high_school"",""draft_year"":2046,""fa_nissuu"":0,""rookie_year"":true}"
77069,千村 圭三,12,8,fielder,31,9,L,R,186,83,11614,1,0,77069,false,false,,支配下,通常,0,0,,0,0,0,,,0.28500518513098,1.60789852315374,1.87973190397024,1.43294890125096,2.06265430026501,2.75624481204152,0.98989333727211,1.29651494243741,1.32400135040283,1.04456558227539,0.88792812347412,0.25258574485779,1.23203102111816,1.1018696975708,-0.19429640769959,1.14593494415283,1.30724353790283,0.35800086975098,1.07590888977051,2.11629195446894,2.78388978664577,1.31928700147755,2.3743,4,1.9584,2.4448,,,,,,,,,,,,,,0.76604375364035,1.9316181810569,1.67376670545191,,0,88,0,100,79,0,0,0,0,88,0,100,79,0,0,0,"{""draft_candidate"":true,""draft_candidate_id"":283,""draft_lottery"":true,""draft_method"":""lottery"",""draft_overall_pick"":7,""draft_round"":1,""draft_source"":""university"",""draft_year"":2047,""fa_nissuu"":154,""rookie_year"":true}"
77078,位田 希徳,12,8,fielder,27,9,L,L,190,80,3200,2,0,77078,false,false,,支配下,通常,0,0,,0,0,0,,,0.46815920110792,1.36324971748888,1.92140599009395,1.49842583267689,1.70072649445385,0.78803401129246,0.32941435240209,-0.02299373495579,1.33365097045898,1.36,-0.26263744354248,0.30547862052917,1.04436157226563,-0.38469509124756,1.02520530700684,0.5367211151123,-0.67730753898621,1.09523147583008,-0.36485000610352,1.81021327598393,2.91564185564965,1.08711819114862,2.38482585921139,1.90178384658694,1.34915644082427,2.01326159474254,,,,,,,,,,,,,,1.66831862019002,0.6669370495826,1.59424569736421,,0,73,54,63,71,0,0,0,0,73,54,63,71,0,0,0,"{""draft_candidate"":true,""draft_candidate_id"":277,""draft_lottery"":false,""draft_method"":""cpu"",""draft_overall_pick"":16,""draft_round"":2,""draft_source"":""high_school"",""draft_year"":2047,""fa_nissuu"":91,""rookie_year"":true}"
77095,満留 伶一,12,8,fielder,27,9,L,R,189,81,3925,3,0,77095,false,false,,支配下,通常,0,0,,0,0,0,,,0.21131777863903,1.84240043104626,2.20854175540805,1.27311092065275,0.50600170002878,1.13549956277013,1.54946900142822,0.24937007811666,1.36,1.36,0.32711097717285,0.32676740646362,0.96337905883789,0.54012748718262,0.52513042449951,1.36,1.18894790649414,0.78414978027344,1.1066845703125,2.81823984016478,2.82419520378113,3.11272041876614,2.6214290997982,1.7967375498414,1.53875002451241,3.28923483073711,,,,,,,,,,,,,,1.61364418709278,1.71029828640074,0.05056244197488,,0,78,0,67,67,0,0,0,0,78,0,67,67,0,0,0,"{""draft_candidate"":true,""draft_candidate_id"":10,""draft_lottery"":false,""draft_method"":""cpu"",""draft_overall_pick"":33,""draft_round"":3,""draft_source"":""high_school"",""draft_year"":2047,""fa_nissuu"":83,""rookie_year"":true}"
77166,浜 伸丈,12,2,fielder,26,8,L,R,178,88,13755,1,0,77166,false,false,,支配下,通常,0,0,,0,0,0,,,0.17039572516456,0.67530809432268,1.50534260049462,2.1399325617969,1.48226551504433,1.89028894610405,-0.31019046682119,1.06297747391462,2.52505786549859,3.99433825385571,1.99393340232223,3.81489043823071,2.27513623089693,1.36,1.17429161071777,1.36,-0.10668087005615,0.83997344970703,0.13907501220703,1.36,0.75411666870117,1.36,-0.01144218444824,0.18568252563477,1.36,1.36,,,,,,,,,,,,,,2.49323258272558,2.30898399367929,1.74330902391672,,100,0,0,0,0,0,0,0,100,0,0,0,0,0,0,0,"{""draft_candidate"":true,""draft_candidate_id"":11,""draft_lottery"":true,""draft_method"":""lottery"",""draft_overall_pick"":1,""draft_round"":1,""draft_source"":""high_school"",""draft_year"":2048,""fa_nissuu"":158,""rookie_year"":true}"
77178,国分 憲史,12,1,starter,28,8,R,R,170,85,9836,2,0,77178,false,false,,支配下,通常,0,0,,0,0,0,,,0.28765430450439,0.82679222106934,0.50282005310059,-0.64635254383087,0.96808704376221,0.64906625747681,0.37446546554565,0.16922424316406,0.37881340026855,1.14466577529907,-0.09156281113625,1.6,1.6,1.16722864151001,1.6,1.6,1.6,1.02300317764282,0.25007921218872,1.59167814254761,1.43546588897705,0.04063611745834,-0.12225902855396,1.6,1.6,0.76507237434387,0.36939903259277,0.83428281784058,0.68717044830322,2.29695092606545,2.67588818269968,-0.48368672415614,0.84145724737644,1.01194951821864,0.86767939361185,2.30431750166416,2.13974265290797,1.2097306329608,1.5936468937397,0.16201612472534,1.26348638534546,-1.03280809283257,143,0,0,0,0,0,0,0,0,0,0,0,0,0,0,0,0,"{""draft_candidate"":true,""draft_candidate_id"":238,""draft_lottery"":false,""draft_method"":""cpu"",""draft_overall_pick"":13,""draft_round"":2,""draft_source"":""independent"",""draft_year"":2048,""fa_nissuu"":115,""rookie_year"":true}"
77201,一瀬 将裕,12,1,reliever,26,8,R,R,180,100,6337,3,0,77201,false,false,,支配下,通常,0,0,,0,0,0,,,0.46171852111816,-0.44501037597656,-0.6806031036377,0.30297058105469,-0.86792831420898,-0.04159912109375,0.04999431610107,0.41915410995483,0.98577926635742,1.6,1.37091323852539,0.07232550144196,1.6,0.45709777832031,1.58098649978638,0.8173454284668,1.6,0.06936882019043,-0.46354124426842,0.54970863342285,-0.30146314620972,0.08671698570251,0.34428192138672,0.24559967041016,1.52793075561523,0.64442123413086,0.62892352104187,0.97895122528076,0.78645936965942,1.29819726858288,2.10664137593657,0.35053700522706,0.13089922261238,1.87562795490772,0.44206511725485,0.81880505910516,2.63360465143621,0.79484730336815,0.49259925046563,0.31453704833984,1.14432846069336,-0.08232437133789,150,0,0,0,0,0,0,0,0,0,0,0,0,0,0,0,0,"{""draft_candidate"":true,""draft_candidate_id"":53,""draft_lottery"":false,""draft_method"":""cpu"",""draft_overall_pick"":36,""draft_round"":3,""draft_source"":""high_school"",""draft_year"":2048,""fa_nissuu"":76,""rookie_year"":true}"
77202,鹿山 暉高,12,1,reliever,26,8,L,R,189,78,2285,4,0,77202,false,false,,支配下,通常,0,0,,0,0,0,,,0.09785373687744,-1.75487928390503,-1.33147178649902,-0.54844009399414,-0.11305053710937,-0.24856735229492,-0.72860090732574,0.1002045249939,0.76248565673828,1.37401382446289,0.74625061035156,0.65592691421509,-0.74763067245483,0.67925872802734,0.25532061576843,1.11069152832031,1.07558670043945,0.93507934570313,0.40317306518555,-0.55313369750977,0.13611389160156,1.31966039657593,-0.23283126831055,0.7881330871582,0.17497734069824,0.76085556030273,0.01766444206238,0.20707852363586,-0.24933759689331,0.3576973441244,1.89871482273936,0.94447303137928,0.64683288274705,1.18452314567566,0.66339667886496,0.38167838996649,1.58897090286016,1.42684300914267,0.44874758144096,0.59327209472656,0.01488784790039,-0.27703857421875,163,0,0,0,0,0,0,0,0,0,0,0,0,0,0,0,0,"{""draft_candidate"":true,""draft_candidate_id"":221,""draft_lottery"":false,""draft_method"":""cpu"",""draft_overall_pick"":37,""draft_round"":4,""draft_source"":""high_school"",""draft_year"":2048,""fa_nissuu"":108,""rookie_year"":true}"
77225,上垣 尚昭,12,7,fielder,26,8,R,R,181,77,2747,5,0,77225,false,false,,支配下,通常,0,0,,0,0,0,,,0.18216762199625,0.98760489718616,1.13633158755302,2.21159994449206,1.62452104051411,2.52994533516765,1.15178959970176,2.16140118815377,1.10630142211914,0.45951721191406,1.12670043945313,0.69886157035828,0.4652269744873,1.06031051635742,0.21457772254944,-0.41393785953522,1.36,-0.30873468399048,0.86815780639648,-0.55924300901592,0.24178455220163,0.51265315954224,-0.44845286992192,-0.05322581956536,0.20955427040532,0.13309445054829,,,,,,,,,,,,,,0.93638718467951,2.11923269458115,2.48304925326258,,0,40,0,73,61,0,0,0,0,40,0,73,61,0,0,0,"{""draft_candidate"":true,""draft_candidate_id"":59,""draft_lottery"":false,""draft_method"":""cpu"",""draft_overall_pick"":60,""draft_round"":5,""draft_source"":""high_school"",""draft_year"":2048,""fa_nissuu"":108,""rookie_year"":true}"
77247,石岡 理行,12,2,fielder,30,8,R,R,180,71,2285,8,0,77247,false,false,,支配下,通常,0,0,,0,0,0,,,-0.19905582603812,-0.0352825729847,-0.22817536869645,1.41244190112352,-0.03345863158256,1.29896922478676,0.79406679148972,0.50708814126253,1.44441674913466,2.81126131808758,2.39995625445247,1.34162440004945,2.01368426704407,0.42475582122803,-0.76409648656845,0.35511119842529,0.20226036071777,0.39294834136963,-0.49273335456848,0.50092403411865,0.48843029022217,0.55252504348755,0.56027904510498,-0.85288268566132,0.87583477020264,0.46068901062012,,,,,,,,,,,,,,-0.54167221942544,0.29449851276465,0.62172275719047,,78,0,0,0,0,0,0,0,78,0,0,0,0,0,0,0,"{""draft_candidate"":true,""draft_candidate_id"":222,""draft_lottery"":false,""draft_method"":""cpu"",""draft_overall_pick"":82,""draft_round"":8,""draft_source"":""university"",""draft_year"":2048,""fa_nissuu"":0,""rookie_year"":true}"
77289,山尾 貴勇,12,6,fielder,25,7,R,R,175,88,13088,1,0,77289,false,false,,支配下,通常,0,0,,0,0,0,,,0.51543153225817,2.23497223269939,1.48931334045529,1.89260664655864,1.48752617280185,1.78474522568882,0.67212644118117,2.21396525067091,0.60049858093262,-0.21408505439758,0.15216209411621,0.98455904006958,1.36,2.6011,3.16043971800967,2.4318,1.7901,1.9606,2.4478,0.83251884460449,1.36,0.07947926282883,1.3299299621582,-0.01641593933105,0.7458097076416,0.09324028015137,,,,,,,,,,,,,,1.8555793081224,0.52424463523924,2.49620815493166,,0,0,85,0,0,96,94,0,0,0,85,0,0,96,94,0,"{""draft_candidate"":true,""draft_candidate_id"":118,""draft_lottery"":false,""draft_method"":""rebid_single"",""draft_overall_pick"":10,""draft_round"":1,""draft_source"":""high_school"",""draft_year"":2049,""fa_nissuu"":129,""rookie_year"":true}"
77293,沢 岳信,12,6,fielder,25,7,R,R,190,99,3401,2,0,77293,false,false,,支配下,通常,0,0,,0,0,0,,,0.96860568889976,1.35100097000599,1.46665584124625,2.43237817181051,-0.6089363437742,1.22983531952798,0.51080411861837,0.80389644615352,0.09040618896484,1.36,-0.03022506713867,1.36,-0.57601692676544,2.33213634140044,3.71800547873601,3.5761488522538,2.37349982823618,2.75413045993447,3.39553996848688,0.67907836914063,1.34922073364258,-0.46939230144024,0.30491325378418,0.98010848999023,0.55859565734863,-0.55253789901733,,,,,,,,,,,,,,2.05301231429726,1.59307214593887,1.46963740622252,,0,0,84,0,0,86,91,100,0,0,84,0,0,86,91,100,"{""draft_candidate"":true,""draft_candidate_id"":209,""draft_lottery"":false,""draft_method"":""cpu"",""draft_overall_pick"":14,""draft_round"":2,""draft_source"":""high_school"",""draft_year"":2049,""fa_nissuu"":83,""rookie_year"":true}"
77314,坂谷 久仁明,12,6,fielder,25,7,R,R,189,73,2875,3,0,77314,false,false,,支配下,通常,0,0,,0,0,0,,,1.53418910503993,0.14539013553411,0.85518954856694,2.63465671591014,1.22838921691477,2.41918668507151,0.81768296921253,1.11804007925093,0.88273239135742,0.67767807006836,-0.52085411071777,0.06214000701904,0.71782669067383,3.88060358845443,2.18847712596785,3.8223204193972,1.90880464369059,2.74075831702352,1.50133707766235,1.19122497558594,0.43318725585938,0.70979261398315,0.8204833984375,0.80930114746094,-0.66165550231934,1.21285736083984,,,,,,,,,,,,,,0.08470059305243,1.23149800273776,-0.30861786228418,,0,75,94,78,0,0,98,77,0,75,94,78,0,0,98,77,"{""draft_candidate"":true,""draft_candidate_id"":268,""draft_lottery"":false,""draft_method"":""cpu"",""draft_overall_pick"":35,""draft_round"":3,""draft_source"":""high_school"",""draft_year"":2049,""fa_nissuu"":59,""rookie_year"":true}"
77317,古森 祈史,12,1,reliever,25,7,L,R,179,91,2065,4,0,77317,false,false,,支配下,通常,0,0,,0,0,0,,,-0.06997793197632,0.14207138061523,-0.59165512084961,-0.70729866027832,0.47116500854492,-0.47759918212891,0.03838405609131,-0.36227572441101,0.71161445617676,1.6,1.52649261474609,1.55882925033569,1.37960998535156,1.6,1.39994083404541,1.6,1.42657028198242,-0.22521944046021,1.49298553466797,-0.07679798126221,1.29208068847656,0.25850162506104,1.47007736206055,1.6,0.39135215759277,-0.24763303756714,0.07360226631165,1.59420562744141,-0.04385714769363,1.8912762144506,1.57328831976652,0.84235189066827,1.39551440984011,1.8558133276701,-0.02327564796805,2.65475471910834,0.8727777887471,1.59509064054489,0.90279128278047,-1.40071393489838,0.0348348236084,0.32195999145508,142,0,0,0,0,0,0,0,0,0,0,0,0,0,0,0,0,"{""draft_candidate"":true,""draft_candidate_id"":39,""draft_lottery"":false,""draft_method"":""cpu"",""draft_overall_pick"":38,""draft_round"":4,""draft_source"":""high_school"",""draft_year"":2049,""fa_nissuu"":0,""rookie_year"":true}"
77374,徳留 誠郎,12,1,starter,25,7,L,L,171,100,2065,2,0,77374,false,false,,支配下,通常,0,0,,0,0,0,,,-0.34577127456665,0.18076995849609,-1.25771186828613,-1.28400367736816,-0.02420516967773,-0.29301635742188,0.73932300567627,0.00652509689331,-0.16233543395996,0.30801452636719,0.90380096435547,0.84886566162109,-0.1529566192627,-0.1568627166748,0.64134315490723,-0.83375747680664,1.34112609863281,0.59798767089844,-0.50878402709961,0.18516143798828,-1.09060969352722,0.65845355987549,0.31918930053711,0.41385513305664,0.70972946166992,-1.02954685211182,1.19004062652588,0.40671588897705,0.73243068695068,1.35196939050406,0.13626639669389,1.54620875468105,1.58009476695955,2.48889778521657,-0.28540391721949,0.07973677742481,0.47277890195698,1.58626075308025,1.65298987063766,-0.02893890380859,0.4151887512207,-1.86827608108521,142,0,0,0,0,0,0,0,0,0,0,0,0,0,0,0,0,"{""draft_candidate"":true,""draft_candidate_id"":282,""draft_lottery"":false,""draft_method"":""cpu"",""draft_overall_pick"":95,""draft_round"":2,""draft_source"":""high_school"",""draft_year"":2049,""fa_nissuu"":0,""rookie_year"":true}"
77384,ボーグナイン,12,1,starter,32,7,L,R,182,93,12085,0,0,77384,false,true,,支配下,通常,0,0,,0,0,0,,,0.3818627166748,-0.26418539047241,0.78774848937988,0.97595962524414,0.12180013656616,0.83624237060547,0.06509765625,-0.15678190231323,1.15150718688965,1.28727256774902,0.65479578018188,1.01660243988037,1.18966487884521,0.92764043807983,1.58465816497803,1.5725271987915,1.389296875,0.57869225502014,0.43822695732117,0.4795725440979,1.68958148956299,0.49590013742447,1.78459995269775,0.89144884109497,0.3811776304245,1.17679851531982,1.18055727005005,1.81629745483398,1.05670358657837,2.50335522986949,2.97800279134512,-0.1120370933041,1.90717406770587,0.67302688717842,1.542421162799,2.22636392951012,1.90705910992622,1.77547958570719,2.30494520641118,-0.2834260559082,1.28463188171387,-0.56269465446472,147,0,0,0,0,0,0,0,0,0,0,0,0,0,0,0,0,"{""fa_nissuu"":58,""foreign_scout"":true,""foreign_signed_year"":2049,""quality_tier"":""good"",""released_from_team"":4,""released_signed_year"":2051}"
77395,田所 経範,12,1,starter,24,6,L,R,178,78,5685,1,0,77395,false,false,,支配下,通常,0,0,,0,0,0,,,0.40190608978271,0.06790374755859,-0.56876953125,0.91821060180664,0.96136093139648,-0.24948638916016,-0.80307555198669,0.30269277572632,1.6,1.6,1.6,1.51938249588013,1.5495100402832,1.08717742919922,1.09579309463501,1.28674942016602,0.9870703125,1.6,0.97655502319336,-0.10761072158813,1.58588882446289,1.0765435218811,0.84809783935547,0.74808258056641,-0.11158615112305,1.13557846069336,1.15386531829834,-0.14153719216585,1.5912088394165,2.05375742936134,1.18083089493588,0.88507837404404,0.01875749599934,0.70266795557737,0.47115582549572,0.38976621805131,0.63918012028933,2.13290421792865,1.10408484727144,1.11234725952148,-0.33336540222168,0.1868717956543,159,0,0,0,0,0,0,0,0,0,0,0,0,0,0,0,0,"{""draft_candidate"":true,""draft_candidate_id"":128,""draft_lottery"":true,""draft_method"":""lottery"",""draft_overall_pick"":7,""draft_round"":1,""draft_source"":""high_school"",""draft_year"":2050,""fa_nissuu"":69,""rookie_year"":true}"
77401,神崎 晋大,12,1,starter,31,6,R,R,177,87,8935,2,0,77401,false,false,,支配下,通常,0,0,,0,0,0,,,-0.06861413955688,0.45206617355347,-0.17891541481018,0.0176008605957,0.77310670852661,-0.20627311229706,-0.36265038013458,0.43014198303223,1.01390328407288,0.51376633644104,0.80774984359741,1.24217407226562,0.58877993822098,1.1079421043396,1.29838470458984,0.67346348762512,0.96152606010437,0.74607067108154,1.40054473876953,0.40651044249535,1.25818576812744,1.6,1.30171165466309,0.88239994049072,1.6,1.36995544433594,1.407060546875,1.16346157073975,0.68476012229919,1.58043516870737,0.99662193519771,0.48553582008183,1.70429161882401,1.09731912571192,0.48715331261232,1.88630940532684,1.21445997087061,2.63490816223621,1.7226335252393,0.80929016113281,-0.06640035867691,-0.19220372200012,151,0,0,0,0,0,0,0,0,0,0,0,0,0,0,0,0,"{""draft_candidate"":true,""draft_candidate_id"":292,""draft_lottery"":false,""draft_method"":""cpu"",""draft_overall_pick"":13,""draft_round"":2,""draft_source"":""industrial"",""draft_year"":2050,""fa_nissuu"":104,""rookie_year"":true}"
77403,江田 史也,12,3,fielder,28,6,R,L,173,76,1845,2,0,77403,false,false,,支配下,通常,0,0,,0,0,0,,,0.82835178889334,0.30788962944597,1.20704382093996,3.27760613972545,0.84936094838381,2.21703178200722,0.30942195403576,0.08579635819793,-0.1708821105957,1.06524127960205,0.87136211395264,-0.09435636997223,-0.08174688339233,-1.42544604957104,-1.44990447236598,-1.56777837650478,-1.37749149687588,-0.86629279846698,-2.31960785642266,0.97143623352051,0.64617683410645,0.59621696472168,1.33547485351563,0.52927040100098,0.07280849456787,-0.51585590004921,,,,,,,,,,,,,,1.30201400899887,0.09684655666351,0.26507889696211,,0,0,77,0,0,0,0,0,0,0,77,0,0,0,0,0,"{""draft_candidate"":true,""draft_candidate_id"":69,""draft_lottery"":false,""draft_method"":""cpu"",""draft_overall_pick"":15,""draft_round"":2,""draft_source"":""industrial"",""draft_year"":2050,""fa_nissuu"":0,""released_from_team"":11,""released_signed_year"":2054,""rookie_year"":true}"
77425,竹林 秀次郎,12,1,reliever,24,6,L,R,171,77,1845,4,0,77425,false,false,,支配下,通常,0,0,,0,0,0,,,-0.82907060623169,0.43684417724609,-0.66187171936035,-1.52712097167969,-1.50301494598389,-0.33702438354492,0.85330661773682,0.55831024169922,1.6,1.36256637573242,0.2848363494873,1.01213056564331,-0.10149940490723,-0.75746948242187,-0.46341912746429,-0.53334560394287,-0.60918769836426,1.37408798217773,-0.85831132411957,0.83979385375977,0.03576797485352,0.4827056312561,0.87367645263672,1.4440283203125,1.53658355712891,0.20743202209473,1.04389724731445,0.99060657501221,0.90334503173828,1.42779281061888,1.54953211286664,1.38687840512954,1.63684766237065,1.29455924406648,1.57821539324522,1.50939047628641,0.90461894519627,1.86314805322886,-0.40378136334405,-1.4882638168335,1.09710876464844,-0.37825408935547,142,0,0,0,0,0,0,0,0,0,0,0,0,0,0,0,0,"{""draft_candidate"":true,""draft_candidate_id"":186,""draft_lottery"":false,""draft_method"":""cpu"",""draft_overall_pick"":37,""draft_round"":4,""draft_source"":""high_school"",""draft_year"":2050,""fa_nissuu"":59,""rookie_year"":true}"
77448,森部 宏州,12,1,reliever,24,6,R,R,188,80,1845,5,0,77448,false,false,,支配下,通常,0,0,,0,0,0,,,-0.30253749847412,-2,-0.9359716796875,0.01918487548828,-2,-2,-0.65197431564331,-1.20504863739014,-0.2046866607666,0.14932540893555,0.82020538330078,-0.58232691764832,0.36413314819336,-0.67931694030762,-0.44450627326965,0.63991622924805,-0.58920967102051,-0.26527099609375,0.83471939086914,-0.1058332824707,-0.52006774902344,0.44063047409058,0.59414993286133,-0.99236881256104,0.29263854980469,-1.35188424944878,0.96418571472168,0.5918949508667,-0.13465492248535,0.38834271299094,1.33370394682884,0.01116285552084,0.84356269729137,-0.66676738619804,0.55735200172663,-0.02804476976395,0.79353285798803,0.80167881049961,-0.30741596952081,-1.50714378356934,-1.74080184936523,-1.56235458374023,145,0,0,0,0,0,0,0,0,0,0,0,0,0,0,0,0,"{""draft_candidate"":true,""draft_candidate_id"":297,""draft_lottery"":false,""draft_method"":""cpu"",""draft_overall_pick"":60,""draft_round"":5,""draft_source"":""high_school"",""draft_year"":2050,""fa_nissuu"":0,""rookie_year"":true}"
77469,野木 淳至,12,1,reliever,24,6,L,R,171,76,1845,8,0,77469,false,false,,支配下,通常,0,0,,0,0,0,,,-0.47732620239258,0.02436782836914,-1.6767974281311,0.32984130859375,0.24366836547852,-1.77010535717011,0.4285623550415,-1.43477247476578,1.3597119140625,-0.15546745300293,-0.29948024749756,-0.59553612828255,0.06011253356934,1.32180084228516,0.16106075286865,1.22460754394531,-0.25034484863281,0.47160186767578,-0.46176895141602,1.41649185180664,0.5702702331543,-0.39086486339569,1.04520111083984,-0.69838794708252,0.0067268371582,1.6,1.19386196136475,0.9897395324707,-0.33950300693512,1.68484135293961,0.52721814881265,0.46233181909472,1.38992385984957,1.88349073001742,1.60259768481297,0.18144566559792,0.76274453998357,1.36077935023978,0.38465380603075,-1.27361583709717,0.6081982421875,-1.82839081883431,150,0,0,0,0,0,0,0,0,0,0,0,0,0,0,0,0,"{""draft_candidate"":true,""draft_candidate_id"":216,""draft_lottery"":false,""draft_method"":""cpu"",""draft_overall_pick"":81,""draft_round"":8,""draft_source"":""high_school"",""draft_year"":2050,""fa_nissuu"":0,""rookie_year"":true}"
77481,北野 晶也,12,3,fielder,24,6,R,L,182,86,1845,1,0,77481,false,false,,支配下,通常,0,0,,0,0,0,,,0.84461394935846,0.11141141436994,1.95033662977815,1.42493189125061,0.79723226729035,1.7458253643021,1.56128878381848,1.33520642380416,0.85535659790039,0.53462326049805,-0.15682434082031,-1.08755939722061,0.56524429321289,-1.54523579343781,-1.72052902188152,-1.23002064013481,-1.55860101643205,-1.08865143938363,-1.82841098508984,1.05653915405273,-1.07465900421143,-1.2005928170681,1.01055236816406,-0.80600036621094,-0.03768585205078,-1.17487693786621,,,,,,,,,,,,,,-0.04749794629216,1.3088949379921,0.57130350542814,,0,0,94,0,0,0,0,0,0,0,94,0,0,0,0,0,"{""draft_candidate"":true,""draft_candidate_id"":65,""draft_lottery"":false,""draft_method"":""cpu"",""draft_overall_pick"":93,""draft_round"":1,""draft_source"":""high_school"",""draft_year"":2050,""fa_nissuu"":0,""rookie_year"":true}"
77495,安河内 将亨,12,1,reliever,23,5,R,R,178,80,9622,1,0,77495,false,false,,支配下,通常,0,0,,0,0,0,,,0.53533309936523,-0.42464309692383,0.19226928710937,-0.81058410644531,-0.13751434326172,-1.82392295837402,-0.89645801782608,0.06253957748413,-0.15705863952637,0.00693000793457,-0.07029914855957,0.25901222229004,1.01684555053711,-0.36390827178955,-0.22051530838013,-0.34369823455811,1.05987899780273,0.05566688537598,-0.27423309326172,0.27880233764648,-0.5112329864502,-0.40262972354889,0.75515151977539,-0.59084217071533,-0.44334144592285,-0.81591798782349,1.21317958831787,1.28405797958374,-0.73789722263813,2.43471269864589,2.06984573361278,1.50773440658301,1.90567819991708,1.87941929090768,-0.13266334861517,1.58049212917686,2.1430200478062,1.67407155317813,0.74706486625969,-0.88765007019043,-1.02691822052002,-0.02746826171875,146,0,0,0,0,0,0,0,0,0,0,0,0,0,0,0,0,"{""draft_candidate"":true,""draft_candidate_id"":209,""draft_lottery"":true,""draft_method"":""lottery"",""draft_overall_pick"":1,""draft_round"":1,""draft_source"":""high_school"",""draft_year"":2051,""fa_nissuu"":91,""rookie_year"":true}"
77508,玉岡 成器,12,1,reliever,26,5,L,R,170,80,1625,2,0,77508,false,false,,支配下,通常,0,0,,0,0,0,,,-0.12441312789917,-1.08709854841232,-0.1511897277832,-0.40717247962952,-0.03565866470337,-0.82492704868317,0.27005853652954,-0.67970935821533,0.81403903007507,0.64433406829834,-0.00729595899582,0.52192293167114,0.2131356716156,0.42060621261597,0.74778896331787,1.04923085212708,0.85686326980591,1.05230487823486,1.02523584365845,1.14587515830994,0.87746166229248,0.82120331764221,0.00110104799271,-0.23394920706749,1.59092409133911,1.15018474578857,0.6491580581665,-0.02052417755127,0.19858985424042,1.72855658066273,1.271626310369,0.066330815305,0.16845190310478,1.79541579437256,0.57956809577346,0.88171962575614,2.0656251502037,0.5936223949194,1.62137832456827,-0.40112013816833,-0.28169466495514,0.63478735923767,145,0,0,0,0,0,0,0,0,0,0,0,0,0,0,0,0,"{""draft_candidate"":true,""draft_candidate_id"":213,""draft_lottery"":false,""draft_method"":""cpu"",""draft_overall_pick"":14,""draft_round"":2,""draft_source"":""university"",""draft_year"":2051,""fa_nissuu"":0,""rookie_year"":true}"
77529,小室 蒼汰,12,5,fielder,23,5,R,R,174,91,1625,3,0,77529,false,false,,支配下,通常,0,0,,0,0,0,,,0.68001026943326,0.65406932508945,1.3678420996666,2.04938711158037,-1.00786121600866,2.04801199824214,0.31338103991747,1.50775949195027,-0.38492225646973,-1.43444008827209,0.20802459716797,0.46570550918579,-0.81881153106689,0.83174750778079,0.45117199646682,0.22380126175284,-0.30070623698831,-0.64425547084212,-0.68634643387795,-0.45238265991211,0.32486679077148,-0.00115324020386,-1.27910985946655,-1.15139162063599,-0.32705024719238,-0.22476928710937,,,,,,,,,,,,,,0.50395365774632,0.29971695471928,1.19443715769052,,0,0,0,0,67,0,0,94,0,0,0,0,67,0,0,94,"{""draft_candidate"":true,""draft_candidate_id"":124,""draft_lottery"":false,""draft_method"":""cpu"",""draft_overall_pick"":35,""draft_round"":3,""draft_source"":""high_school"",""draft_year"":2051,""fa_nissuu"":0,""rookie_year"":true}"
77590,門田 寿量,12,7,fielder,27,5,L,L,192,90,1625,1,0,77590,true,false,,育成,通常,0,0,,0,0,0,,,0.33531974682212,-0.3565866496563,0.4438869051002,1.7300156862855,0.37157463067025,1.74993536840081,0.24096191879362,0.17431625139713,0.49177967071533,0.56410850524902,0.01286823272705,0.37327234268188,-0.35226461410522,-0.5364386177063,0.63135787963867,0.30588962554932,0.69617973327637,0.06135021209717,0.53371505737305,-0.90658893370628,-2.1877527328385,-1.3620992680043,-2.30548186308146,-1.70835980808735,-0.99717661732435,-1.72912558034062,,,,,,,,,,,,,,-0.1941526286602,0.15144460967183,0.42549225783348,,0,53,0,87,74,0,0,0,0,53,0,87,74,0,0,0,"{""draft_candidate"":true,""draft_candidate_id"":144,""draft_lottery"":false,""draft_method"":""cpu"",""draft_overall_pick"":96,""draft_round"":1,""draft_source"":""university"",""draft_year"":2051,""fa_nissuu"":0,""rookie_year"":true}"
77608,増川 幹憲,12,4,fielder,22,4,R,R,172,76,1410,1,0,77608,false,false,,支配下,通常,0,0,,0,0,0,,,0.62659586281702,1.58081405138969,0.16420039731264,2.42451104371548,1.26516331991553,2.62106787957549,-0.66473177580693,-0.73598612514138,-0.66383773803711,0.91903350830078,1.2083805847168,-0.15286513328552,0.50651443481445,1.02605724680424,1.89135596570373,2.79153323867917,2.72450607800484,3.10082105600834,0.98399619945139,1.08469299316406,-0.96157455921173,-0.77048086285591,0.1643953704834,0.36100402832031,-0.27299865722656,1.02006744384766,,,,,,,,,,,,,,-0.15761222332716,-0.33731405197084,-0.04760702142492,,0,0,0,0,0,71,64,0,0,0,0,0,0,71,64,0,"{""draft_candidate"":true,""draft_candidate_id"":124,""draft_lottery"":false,""draft_method"":""single_bid"",""draft_overall_pick"":1,""draft_round"":1,""draft_source"":""high_school"",""draft_year"":2052,""fa_nissuu"":0,""rookie_year"":true}"
77620,田近 富美男,12,2,fielder,25,4,R,R,177,97,1407,2,0,77620,false,false,,支配下,通常,0,0,,0,0,0,,,0.16729599863291,0.48956432020664,1.18026250314713,1.40951158392429,-0.46709884029627,1.49237350064516,0.59935835013539,0.95345039659739,2.34940436317027,1.29309018719196,1.97661189746857,1.64267966008931,1.52766399812698,-0.61687866792083,0.12077000141144,0.32268517494202,0.00969464302063,1.11561257362366,0.17568139076233,-0.29692132949829,0.01697566509247,-0.18173978090286,-0.06142421245575,1.15691573143005,0.36937262058258,0.02255831718445,,,,,,,,,,,,,,0.32064023011923,0.91193421369791,0.49451188692451,,91,0,0,0,0,0,0,0,91,0,0,0,0,0,0,0,"{""draft_candidate"":true,""draft_candidate_id"":189,""draft_lottery"":false,""draft_method"":""cpu"",""draft_overall_pick"":13,""draft_round"":2,""draft_source"":""independent"",""draft_year"":2052,""fa_nissuu"":0,""rookie_year"":true}"
77643,井 素之,12,2,fielder,27,4,R,R,182,78,2027,3,0,77643,false,false,,支配下,通常,0,0,,0,0,0,,,0.05786459697783,0.62364570564032,1.39687062749267,1.14509371530414,1.2285676087141,0.22088202502728,0.85285090789571,1.02137904463336,2.86881023600698,2.34715627153218,3.15122202974558,2.3784445495382,1.62669156109914,0.98021271705627,-0.14191034436226,0.52349120140076,0.5647589302063,0.84742197036743,-0.2816975402832,0.57263282775879,1.15532705307007,0.11784611701965,0.0936411523819,0.65248158454895,0.96291779518127,0.18989482402802,,,,,,,,,,,,,,1.18159227657318,0.65711292132735,1.57680177952349,,84,0,0,0,0,0,0,0,84,0,0,0,0,0,0,0,"{""draft_candidate"":true,""draft_candidate_id"":176,""draft_lottery"":false,""draft_method"":""cpu"",""draft_overall_pick"":36,""draft_round"":3,""draft_source"":""industrial"",""draft_year"":2052,""fa_nissuu"":83,""rookie_year"":true}"
77667,細江 史門,12,9,fielder,29,4,R,L,190,76,1405,5,0,77667,false,false,,支配下,通常,0,0,,0,0,0,,,0.62436734048277,0.86120971590281,0.49618378925323,2.04369095671177,1.55111240530014,1.84968839347363,0.1596803644672,1.59745553249121,-0.24900354266167,1.05091293334961,-0.10335630893707,0.70773460388184,0.72151134490967,0.44971516609192,0.47370780944824,0.6354591178894,1.25890481948853,1.19754512786865,-0.03007032394409,0.60342617344856,1.51250251752138,0.6527674921006,0.42893711128831,1.33614381474257,1.64395490300655,0.78973498022556,,,,,,,,,,,,,,0.39697294947244,1.1241957198903,1.54143447067738,,0,51,0,74,84,0,0,51,0,51,0,74,84,0,0,51,"{""draft_candidate"":true,""draft_candidate_id"":207,""draft_lottery"":false,""draft_method"":""cpu"",""draft_overall_pick"":60,""draft_round"":5,""draft_source"":""industrial"",""draft_year"":2052,""fa_nissuu"":0,""rookie_year"":true}"
77668,小椋 裕騰,12,2,fielder,25,4,R,R,190,92,1323,6,0,77668,false,false,,支配下,通常,0,0,,0,0,0,,,0.74893409901112,0.99982788481563,1.97791628625989,0.98963141193688,0.12188196247816,0.90542011247277,0.66490387842245,-0.0147832492739,2.42763070863485,1.56379872250557,1.68295527458191,2.31272448154539,2.89251518505812,0.13174748420715,0.3939070892334,0.46811388015747,-0.3153215098381,1.18756567001343,-0.40812334537506,0.55709487915039,-0.50475671052933,-0.2158244562149,-0.02325000762939,-0.44133097887039,-0.05333641052246,-0.20331844806671,,,,,,,,,,,,,,1.87417118138075,0.83490194442868,1.33809361210465,,80,0,0,0,0,0,0,0,80,0,0,0,0,0,0,0,"{""draft_candidate"":true,""draft_candidate_id"":116,""draft_lottery"":false,""draft_method"":""cpu"",""draft_overall_pick"":61,""draft_round"":6,""draft_source"":""university"",""draft_year"":2052,""fa_nissuu"":24,""rookie_year"":true}"
77722,持田 元重,12,1,reliever,26,3,L,R,175,89,1209,1,0,77722,false,false,,支配下,通常,0,0,,0,0,0,,,-0.02491792678833,-0.29117128372192,0.46638424873352,0.22275898933411,-1.06563097000122,-0.36453853607178,-0.4863754761219,0.3849573135376,0.91804431915283,1.15090620040894,0.1671688747406,1.11188047409058,1.0044137096405,0.10771018505096,0.25035850048065,-0.23233228422701,0.79180053710938,0.20980974674225,0.24598348617554,1.38456619262695,-0.10885833382607,1.34014616012573,0.94653010368347,1.18774550437927,1.35108917236328,1.20286943435669,0.38429467201233,0.31722884654999,1.12155522346497,1.08746596119553,-0.11225737249851,-0.18400543048978,1.27561237561703,0.07618905079365,1.22230269861221,0.73688386514783,0.97502040857077,1.52401944767684,1.00547376002371,0.55985187530518,0.00091620445251,0.12696469306946,147,0,0,0,0,0,0,0,0,0,0,0,0,0,0,0,0,"{""draft_candidate"":true,""draft_candidate_id"":2,""draft_lottery"":false,""draft_method"":""rebid_single"",""draft_overall_pick"":6,""draft_round"":1,""draft_source"":""industrial"",""draft_year"":2053,""fa_nissuu"":0,""rookie_year"":true}"
77734,友永 仁晴,12,1,starter,21,3,R,R,176,87,1195,2,0,77734,false,false,,支配下,通常,0,0,,0,0,0,,,-0.43043294906616,0.7937370300293,-0.8443860244751,0.9043537902832,0.29455749511719,-0.15063201904297,-0.36787508010864,0.4096516418457,1.6,0.35113250732422,0.53312019348145,0.65824684143066,0.50367553710938,1.20360244750977,1.6,1.6,0.37999122619629,1.59235168457031,1.6,1.6,0.9403931427002,0.65354119300842,0.90627784729004,1.6,1.44177764892578,1.52901443481445,1.6,0.73232530593872,0.52549677371979,1.03703893059492,0.62932090295851,0.42770294588059,1.77210421288013,1.73170181980729,0.81152455711365,0.98802491366863,1.72033264631033,0.28402750259638,2.16617075753212,-0.16512107849121,1.36808181762695,0.23618103027344,143,0,0,0,0,0,0,0,0,0,0,0,0,0,0,0,0,"{""draft_candidate"":true,""draft_candidate_id"":26,""draft_lottery"":false,""draft_method"":""cpu"",""draft_overall_pick"":18,""draft_round"":2,""draft_source"":""high_school"",""draft_year"":2053,""fa_nissuu"":0,""rookie_year"":true}"
77747,多胡 聡太郎,12,1,reliever,21,3,R,R,192,91,1191,3,0,77747,false,false,,支配下,通常,0,0,,0,0,0,,,0.16814414978027,0.27728485107422,-0.94045783996582,0.48933822631836,1.06013977050781,-0.08145774841309,0.90244422912598,0.29241426467896,1.32526519775391,0.98319931030273,1.56360229492187,-0.1841231495142,1.6,0.32880729675293,1.52889375686646,1.6,1.6,0.93173797607422,1.6,0.94997756958008,1.33969467163086,1.067453956604,1.6,0.80299461364746,0.11629901885986,-0.05323348999023,1.6,0.82922220230103,0.5108281993866,1.38408266311884,1.80181224834919,1.21446579639614,1.48298798343539,1.61667522209883,0.99088759946823,1.49390026086569,0.84842311751842,-0.18987217238545,1.13083840730786,1.17285079956055,1.08951477050781,-0.44959075927734,145,0,0,0,0,0,0,0,0,0,0,0,0,0,0,0,0,"{""draft_candidate"":true,""draft_candidate_id"":146,""draft_lottery"":false,""draft_method"":""cpu"",""draft_overall_pick"":31,""draft_round"":3,""draft_source"":""high_school"",""draft_year"":2053,""fa_nissuu"":0,""rookie_year"":true}"
77758,森広 弘靖,12,1,reliever,21,3,R,R,172,90,1188,4,0,77758,false,false,,支配下,通常,0,0,,0,0,0,,,0.4103524017334,0.84236236572266,-0.39610466003418,0.24442810058594,0.44354446411133,-0.2940161895752,0.60105777740479,-0.48387046813965,1.50103240966797,1.32907485961914,0.56014373779297,0.05528295040131,-0.45096073150635,0.16321868896484,-0.00849874973297,-0.12464031219482,1.22897094726562,-0.52546387672424,0.36961166381836,-0.26207874298096,0.29104141235352,-0.16656653642654,0.97781463623047,1.35700103759766,-0.4178044128418,1.24831298828125,0.302262134552,0.48110835075378,1.6,0.88841936177015,0.22169928240776,-0.23145125564933,0.68720913863182,1.21765160953999,-0.29189584928751,1.93476419186592,1.60727418297529,0.44506734418869,-0.12055551196635,-0.73450126647949,0.59193878173828,-1.07185852050781,142,0,0,0,0,0,0,0,0,0,0,0,0,0,0,0,0,"{""draft_candidate"":true,""draft_candidate_id"":15,""draft_lottery"":false,""draft_method"":""cpu"",""draft_overall_pick"":42,""draft_round"":4,""draft_source"":""high_school"",""draft_year"":2053,""fa_nissuu"":0,""rookie_year"":true}"
77782,北井 伸智,12,1,reliever,24,3,R,R,177,95,1186,6,0,77782,false,false,,支配下,通常,0,0,,0,0,0,,,0.64556393623352,-0.97336117744446,-1.15682108879089,0.15070733070374,-0.86980362892151,-1.18799914598465,0.09137612342834,-1.40613388776779,0.04361982345581,0.94080623626709,0.27970025539398,-0.51083179682493,-0.02670247554779,-0.5650056540966,-0.54688390724361,0.46418577194214,1.0445804977417,1.32851029396057,0.97147297859192,0.52409785270691,-0.32097876548767,-0.16332440137863,1.07269962310791,1.28511092185974,-0.64591692388058,0.50256516456604,-0.37665813446045,0.55154942512512,0.3591019821167,0.37473721067607,-0.43996706536412,0.1963899300769,0.96372543138266,1.70561674116552,1.64804416465759,0.89235860908031,0.31619662117958,1.14579394429922,-0.54987755280733,-1.16169282197952,-0.88756309509277,-1.2083989572525,151,0,0,0,0,0,0,0,0,0,0,0,0,0,0,0,0,"{""draft_candidate"":true,""draft_candidate_id"":315,""draft_lottery"":false,""draft_method"":""cpu"",""draft_overall_pick"":66,""draft_round"":6,""draft_source"":""university"",""draft_year"":2053,""fa_nissuu"":0,""rookie_year"":true}"
77793,塚崎 範利,12,9,fielder,21,3,L,R,172,70,1185,7,0,77793,false,false,,支配下,通常,0,0,,0,0,0,,,0.46924610137939,-0.09025536644459,0.9090775706768,0.4304421577692,-0.18553981781006,0.5338900547266,-0.89464099645615,1.38166037161648,1.16813049316406,1.09242721557617,-0.11153816223145,0.08470977783203,0.09619667053223,0.16362380981445,1.36,1.27194900512695,1.15785018920898,-0.05992736816406,0.95383773803711,-0.39179519069195,-0.75467592716217,1.00618810176849,-0.18124634110928,0.8367333984375,1.39127817380428,1.36,,,,,,,,,,,,,,-0.5887052474618,1.48799379909039,-0.58370319442451,,0,50,0,69,90,0,0,56,0,50,0,69,90,0,0,56,"{""draft_candidate"":true,""draft_candidate_id"":183,""draft_lottery"":false,""draft_method"":""cpu"",""draft_overall_pick"":77,""draft_round"":7,""draft_source"":""high_school"",""draft_year"":2053,""fa_nissuu"":0,""rookie_year"":true}"
77808,城戸 承太郎,12,5,fielder,25,3,R,R,170,80,1184,1,0,77808,true,false,,育成,通常,0,0,,0,0,0,,,0.42178552203253,-1.07672072356939,0.53309259957075,1.54268208978325,0.50847524213791,0.60279163682461,0.58056299885362,0.23817764747143,-0.68834146499634,-1.08016623258591,0.06149436950684,-0.91127231359482,0.31110282897949,-0.12103806120157,-0.31883577170968,0.44585112163424,-0.69440057614446,-0.38190354305506,0.39374563542008,-0.53355445861816,-0.27973045349121,-0.71065858840942,-0.35522106170654,-0.3559287071228,-0.77856797218323,-0.96900941848755,,,,,,,,,,,,,,-0.49403990441561,-0.39415668153763,-0.48206009107828,,0,0,0,82,0,0,0,100,0,0,0,82,0,0,0,100,"{""draft_candidate"":true,""draft_candidate_id"":300,""draft_lottery"":false,""draft_method"":""cpu"",""draft_overall_pick"":92,""draft_round"":1,""draft_source"":""university"",""draft_year"":2053,""fa_nissuu"":0,""rookie_year"":true}"
77822,ヴァッシュ,12,7,fielder,30,3,L,L,192,91,6698,0,0,77822,false,true,,支配下,通常,0,0,,0,0,0,,,0.41563022184372,1.60813293004036,0.97250951620936,1.81275411748886,1.1189792124629,1.61920256829262,-0.1702335152626,1.25052188408375,1.78107738494873,1.75364669799805,1.72429563522339,1.07030343770981,1.88184902191162,0.82509384274483,1.6906839466095,1.87751010894775,1.53463350296021,0.83535307765007,2.25458583831787,1.60855308055878,2.13184660339355,1.8669899430275,1.42664360612631,0.88319048500061,1.12816675448418,1.3912278393507,,,,,,,,,,,,,,0.58791799783707,1.96818420317173,1.35080353093147,,0,0,0,100,0,0,0,0,0,0,0,100,0,0,0,0,"{""fa_nissuu"":76,""foreign_scout"":true,""foreign_signed_year"":2053,""quality_tier"":""ace""}"
77826,ウェクスラー,12,1,starter,29,3,L,R,191,99,18410,0,0,77826,false,true,,支配下,通常,0,0,,0,0,0,,,-0.51612971305847,1.45515308380127,0.83262710571289,0.09420206069946,1.31620864868164,0.02897480010986,0.25273345947266,0.37780430316925,1.34712160110474,1.43836917877197,0.813441452384,1.98436237335205,1.19381085395813,1.31915676116943,1.32947753429413,2.54847846984863,1.01387326717377,1.78773830413818,1.55894344329834,1.68834413528442,1.77832462310791,1.5404615020752,1.81260883331299,1.10199450492859,2.53516956329346,2.29651447296143,1.94055639266968,2.32163015365601,1.72364417076111,2.66137749934197,2.34979348158836,-0.12834008999914,2.36551052859426,2.8110688188374,1.71713503301144,1.91350724023581,1.86717416286469,1.19417209529877,1.84574595875666,0.22667368888855,1.82891223907471,-0.07998890399933,147,0,0,0,0,0,0,0,0,0,0,0,0,0,0,0,0,"{""fa_nissuu"":76,""foreign_scout"":true,""foreign_signed_year"":2053,""quality_tier"":""ace""}"
77837,松宮 宗治,12,1,starter,23,2,R,R,171,87,2932,1,0,77837,false,false,,支配下,通常,0,0,,0,0,0,,,-0.45861587762833,-1.0116494178772,0.23226432800293,0.19011465072632,-0.9034036231041,0.82224624633789,0.56602189064026,-0.70950584888458,1.30731758117676,-0.05726373076439,1.6,-0.00970120787621,0.71802076339722,0.68001807689667,0.41203168392181,0.81448195457459,1.6,0.04492518186569,1.42441510200501,0.91095951080322,1.0865816783905,0.12895976662636,1.6,0.08012247085571,0.85154953956604,0.48247783660889,1.41846990585327,0.32615355968475,1.6,1.29693063747883,1.68375317295641,0.34682544207573,0.64032030588388,0.95909523096681,1.17202056449652,1.52956703442335,0.9207355145365,1.84366253492236,1.79700504797697,-0.12419264793396,0.67399806022644,0.7878776550293,142,0,0,0,0,0,0,0,0,0,0,0,0,0,0,0,0,"{""draft_candidate"":true,""draft_candidate_id"":238,""draft_lottery"":true,""draft_method"":""lottery"",""draft_overall_pick"":7,""draft_round"":1,""draft_source"":""university"",""draft_year"":2054,""fa_nissuu"":59,""rookie_year"":true}"
77845,幸田 健樹,12,4,fielder,23,2,R,L,175,84,1016,2,0,77845,false,false,,支配下,通常,0,0,,0,0,0,,,0.22556085500121,0.69148401343822,0.79605829721689,2.07125865821913,-0.33189183188975,1.93908696224168,-0.08636351647228,0.42230419063568,0.72793939590454,1.05629522323608,0.27018721580505,0.32183526515961,1.23038167953491,0.2411552567482,0.42819121237099,0.8795124412179,1.85979072356224,1.22061031362414,1.39707982177287,1.20808665275574,0.2728006029129,0.02339188337326,0.4068864107132,1.03046063423157,1.36,1.30165668487549,,,,,,,,,,,,,,0.71326440727711,1.70362724745274,1.03628660310805,,0,0,0,0,55,86,0,75,0,0,0,0,55,86,0,75,"{""draft_candidate"":true,""draft_candidate_id"":171,""draft_lottery"":false,""draft_method"":""cpu"",""draft_overall_pick"":15,""draft_round"":2,""draft_source"":""independent"",""draft_year"":2054,""fa_nissuu"":0,""rookie_year"":true}"
77864,紅林 信久,12,5,fielder,20,2,R,R,176,88,996,3,0,77864,false,false,,支配下,通常,0,0,,0,0,0,,,0.78464547338337,1.19000509762764,0.63414932817221,1.04143695676923,0.21304135769606,0.92751119596362,0.83402699643373,1.64759022450447,1.01190872192383,-0.65347913742065,0.39236381530762,-0.34240960597992,1.36,1.55123530873656,-0.00883116090298,0.68599404835701,1.66736594080925,1.14319429200143,0.19588876111805,0.53087471008301,0.32473892211914,1.28320039749146,0.42560882568359,0.42757545471191,0.82877563476562,-0.53475734710693,,,,,,,,,,,,,,-0.00847919671237,1.69092552946508,1.63081743937731,,0,0,0,0,0,0,0,97,0,0,0,0,0,0,0,97,"{""draft_candidate"":true,""draft_candidate_id"":167,""draft_lottery"":false,""draft_method"":""cpu"",""draft_overall_pick"":34,""draft_round"":3,""draft_source"":""high_school"",""draft_year"":2054,""fa_nissuu"":0,""rookie_year"":true}"
77869,薗部 功武,12,4,fielder,27,2,R,L,184,96,981,4,0,77869,false,false,,支配下,通常,0,0,,0,0,0,,,-0.05550302364305,0.81566023659706,1.00883510314673,1.19555794519186,1.11776968751848,1.10853595751524,0.23702117863297,0.27670054110885,0.18725608825684,0.77211364746094,0.21012491226196,0.49831115722656,0.58165515899658,0.10744870120287,0.99216162343323,-0.00797121465206,0.09488696199656,1.2062557630837,-0.07958494925499,0.09989909172058,0.82113746643066,0.87461692810059,1.01449054718018,-0.43446731328964,0.88996480941772,-0.50538960456848,,,,,,,,,,,,,,0.93888807141781,0.52482340654731,0.01792342593521,,0,0,80,0,0,86,0,92,0,0,80,0,0,86,0,92,"{""draft_candidate"":true,""draft_candidate_id"":213,""draft_lottery"":false,""draft_method"":""cpu"",""draft_overall_pick"":39,""draft_round"":4,""draft_source"":""industrial"",""draft_year"":2054,""fa_nissuu"":0,""rookie_year"":true}"
77888,若杉 正全,12,2,fielder,28,2,R,L,171,85,972,5,0,77888,false,false,,支配下,通常,0,0,,0,0,0,,,0.09580439825356,1.32244892990589,1.42128133875132,0.58980555272102,0.4102870657444,0.65928563821316,-0.02689475333691,0.54335251052678,2.04094466462731,3.21638209360093,2.25525720834732,3.33971915182471,2.65347012427449,1.36,0.75370601654053,1.261220703125,0.28793220281601,0.19873435854912,1.36,1.22892318725586,1.36,0.9920125579834,0.7976145362854,0.52314015388489,0.59273310661316,0.27018264293671,,,,,,,,,,,,,,1.21492335045338,1.56246998870373,1.30855081582069,,94,0,0,0,0,0,0,0,94,0,0,0,0,0,0,0,"{""draft_candidate"":true,""draft_candidate_id"":264,""draft_lottery"":false,""draft_method"":""cpu"",""draft_overall_pick"":58,""draft_round"":5,""draft_source"":""independent"",""draft_year"":2054,""fa_nissuu"":0,""rookie_year"":true}"
77893,鳥居 映一郎,12,1,starter,20,2,R,R,172,73,968,6,0,77893,false,false,,支配下,通常,0,0,,0,0,0,,,0.24755561828613,-1.33456359863281,0.00855285644531,0.16731918334961,-0.82846153259277,-0.38833541870117,0.33514011383057,-0.50886749267578,0.62954986572266,-0.13047149658203,1.21107391357422,0.08695227622986,-0.34622379302979,1.02623382568359,1.21703161239624,-0.62774772644043,1.42483673095703,1.22594116210938,0.1236067199707,0.14791534423828,1.28893661499023,-0.42317545413971,0.84467880249023,-0.01478096008301,0.5286474609375,-0.71101446151733,0.22097617149353,-0.57429323196411,1.43415981292725,1.68676973640919,-0.10306292143464,0.43740633769333,0.19823071819544,0.79729890447855,0.81093157494068,1.74013890457153,-0.48405570089817,1.42778720808029,0.81630385524035,-0.95193870544434,-0.70120346069336,0.0818115234375,140,0,0,0,0,0,0,0,0,0,0,0,0,0,0,0,0,"{""draft_candidate"":true,""draft_candidate_id"":302,""draft_lottery"":false,""draft_method"":""cpu"",""draft_overall_pick"":63,""draft_round"":6,""draft_source"":""high_school"",""draft_year"":2054,""fa_nissuu"":0,""rookie_year"":true}"
77910,仁科 眞純,12,9,fielder,24,2,L,R,180,99,964,7,0,77910,false,false,,支配下,通常,0,0,,0,0,0,,,-0.34524037122726,0.55502691549063,-0.3862749786377,2.43750895169377,-0.13434913389385,3.06452134993672,0.71675386977941,0.93717870998383,-0.1838117313385,-0.42372366905212,0.18071529388428,0.19015111923218,-0.08511124610901,-0.48091041088104,1.18282060623169,0.65042831420898,1.23307403564453,1.26646926879883,0.99022754669189,0.69490801465511,1.24748374009132,0.59991734877415,1.05170490241051,-0.03754223145545,-0.17646178217977,1.17962486231327,,,,,,,,,,,,,,1.18893503129482,0.84817934046686,1.07314233326912,,0,55,0,78,96,0,0,0,0,55,0,78,96,0,0,0,"{""draft_candidate"":true,""draft_candidate_id"":58,""draft_lottery"":false,""draft_method"":""cpu"",""draft_overall_pick"":80,""draft_round"":7,""draft_source"":""university"",""draft_year"":2054,""fa_nissuu"":0,""rookie_year"":true}"
77913,井関 武大,12,1,reliever,23,2,R,R,186,97,964,8,0,77913,false,false,,支配下,通常,0,0,,0,0,0,,,-0.25876360416412,-0.14922004699707,-1.35189690113068,-1.19816202878952,-1.07219176769257,-0.73118866920471,0.53004415512085,-1.43519597649574,0.37555240631104,1.08727964401245,0.40667935371399,0.56771620750427,0.29712283611298,0.31379690170288,-0.05485120296478,0.07310499668121,0.24263440608978,-0.55078970909119,0.23549050331116,-0.60616896510124,1.2459565448761,0.58302823066711,0.56215775489807,-0.50073825359344,0.44447357177734,-0.69162923678756,1.03971670150757,0.5473837852478,0.91979654312134,0.4973048350215,0.76112166014314,0.44163768781722,1.40917155694962,0.44359571792185,-0.01767707441747,1.14560590478405,1.35340655100346,0.80755379122496,0.32759051860869,-0.71122318267822,0.23313855171204,-0.28098524093628,143,0,0,0,0,0,0,0,0,0,0,0,0,0,0,0,0,"{""draft_candidate"":true,""draft_candidate_id"":31,""draft_lottery"":false,""draft_method"":""cpu"",""draft_overall_pick"":83,""draft_round"":8,""draft_source"":""university"",""draft_year"":2054,""fa_nissuu"":0,""rookie_year"":true}"
77924,呉屋 択弥,12,9,fielder,24,2,R,R,186,84,958,1,0,77924,true,false,,育成,通常,0,0,,0,0,0,,,-0.58779895305634,-0.5611560562402,0.32258326685429,1.29650678977966,-0.37854640960693,0.97650678977966,-0.33796672859788,-0.64718424761295,0.45174945831299,-0.43082319259644,0.01952911376953,-0.11644128799438,0.0694164276123,-0.90092505455017,-0.51140250205994,-1.15756228208542,-0.28295877456665,-0.42003839492798,-1.00841051101685,0.60980323791504,-0.10989311653376,0.01736112594604,-0.83672204625607,0.30436054766178,0.57914588928223,-0.48819327700138,,,,,,,,,,,,,,-0.74601511955261,0.61707820892334,-0.41092613220215,,0,58,0,70,88,0,0,0,0,58,0,70,88,0,0,0,"{""draft_candidate"":true,""draft_candidate_id"":201,""draft_lottery"":false,""draft_method"":""cpu"",""draft_overall_pick"":94,""draft_round"":1,""draft_source"":""university"",""draft_year"":2054,""fa_nissuu"":0,""rookie_year"":true}"
77929,小佐野 薪人,12,1,reliever,20,2,L,L,182,74,958,2,0,77929,true,false,,育成,通常,0,0,,0,0,0,,,0.48984100341797,-2,-1.96984771728516,-2,-1.36688865661621,-0.07576110839844,-0.12356237411499,-0.80975715637207,-0.79184310913086,0.35719589233398,-1.26378255844116,-1.25962484717369,0.44308349609375,0.35386077880859,0.15448553085327,-0.21684692382812,-0.17951782226562,0.68855972290039,-0.88959407806396,0.21851501464844,-0.7607283782959,0.5123726272583,0.87376281738281,-0.78930221557617,-0.27610801696777,0.9322346496582,0.33516883850098,-0.95069049835205,0.22777666091919,0.51083987578005,0.33378647363186,0.27932878357172,0.74045704334974,-0.06149932861328,0.33371760988235,-0.97592461289465,0.980777520895,0.80093004074693,-1.55831103396416,-1.72358352661133,-1.17461547851563,-0.11363433837891,142,0,0,0,0,0,0,0,0,0,0,0,0,0,0,0,0,"{""draft_candidate"":true,""draft_candidate_id"":11,""draft_lottery"":false,""draft_method"":""cpu"",""draft_overall_pick"":99,""draft_round"":2,""draft_source"":""high_school"",""draft_year"":2054,""fa_nissuu"":0,""rookie_year"":true}"
77935,塚崎 保裕,12,1,starter,23,2,R,R,178,98,958,3,0,77935,true,false,,育成,通常,0,0,,0,0,0,,,0.36023320198059,-0.39431123733521,-1.09779898166657,0.3455632686615,-0.34381885528564,0.31429399490356,0.14372529029846,-0.84654315471649,-0.45886073827744,-0.05864147663116,1.12887030601501,0.16295325756073,1.1215080165863,0.9937864780426,0.80640635490417,0.74501687049866,-0.31884241342545,0.21528921127319,-0.51724617362022,0.30029263496399,0.05017018318176,0.73738014221191,-0.50302654027939,-0.25684564828873,1.15722362518311,0.46602200508118,-0.34534443497658,0.03357965946198,0.96934614181519,1.21460142874718,0.50893170136213,-0.21423501741886,1.42251211497188,1.36958323937655,-0.52787780936062,0.66687950581312,-0.33172099864483,1.05841107690334,0.91040692210197,0.19537276268005,-0.77385357379913,-0.43137212753296,140,0,0,0,0,0,0,0,0,0,0,0,0,0,0,0,0,"{""draft_candidate"":true,""draft_candidate_id"":143,""draft_lottery"":false,""draft_method"":""cpu"",""draft_overall_pick"":105,""draft_round"":3,""draft_source"":""university"",""draft_year"":2054,""fa_nissuu"":0,""rookie_year"":true}"
77956,三戸 信公,12,1,reliever,25,1,R,R,182,84,1150,1,0,77956,false,false,,支配下,通常,0,0,,0,0,0,,,0.05654829025269,0.18657470703125,-0.4538615489006,-0.41027153968811,0.90421796798706,-0.14970854759216,0.17510570526123,0.76541763305664,0.80027658462524,1.6,1.19509717941284,1.17798042297363,0.3524293076992,1.6,0.60718614578247,0.39030417323112,0.47297712087631,1.6,1.6,0.47030665397644,0.55444895744324,0.59217832565308,0.64414975166321,1.31631013870239,0.67449357032776,1.50823595046997,0.63964383125305,1.37347778320313,1.30263809204102,1.6,1.6,0.31904623939842,0.95050075137615,1.3234122467041,1.37502347946167,1.17811319351196,0.87480862018466,1.6,0.47915005207062,0.76934715270996,1.31272331237793,0.49761205673218,143,0,0,0,0,0,0,0,0,0,0,0,0,0,0,0,0,"{""draft_candidate"":true,""draft_candidate_id"":37,""draft_lottery"":true,""draft_method"":""lottery"",""draft_overall_pick"":10,""draft_round"":1,""draft_source"":""industrial"",""draft_year"":2055,""fa_nissuu"":0,""rookie_year"":true}"
77962,東野 景虎,12,1,starter,21,1,R,R,187,89,1000,2,0,77962,false,false,,支配下,通常,0,0,,0,0,0,,,0.21323766708374,-0.79748247146606,0.80531215667725,0.81665994644165,-0.73906875133514,1.04001392364502,-0.30308184623718,-0.43372215270996,0.28015182971954,1.00771884918213,1.54169595718384,1.36511775970459,0.91988900184631,-0.06465865731239,0.38673540115356,0.31290471553802,1.6,1.6,0.60826725006104,0.1873123884201,0.28439728736877,1.3458812713623,-0.0676479446888,0.15387357234955,0.81547299385071,-0.09808934986591,1.6,0.80508693695068,0.23825257301331,1.83740920862556,-0.05859112024307,-0.15801108288765,0.35678441596031,0.61842496490479,-0.07217681719363,0.40977541851997,0.74050685334206,0.90946179586649,1.35653960680962,-0.81879871368408,1.22253484725952,1.10625282287598,140,0,0,0,0,0,0,0,0,0,0,0,0,0,0,0,0,"{""draft_candidate"":true,""draft_candidate_id"":212,""draft_lottery"":false,""draft_method"":""cpu"",""draft_overall_pick"":16,""draft_round"":2,""draft_source"":""independent"",""draft_year"":2055,""fa_nissuu"":0,""rookie_year"":true}"
77979,桑畑 禎三郎,12,1,starter,23,1,R,R,188,80,900,3,0,77979,false,false,,支配下,通常,0,0,,0,0,0,,,0.37193473815918,-0.96695528507233,-0.76822855949402,-0.01219303131104,0.57455860137939,-0.31683710098267,0.10725814819336,0.56687530517578,1.44891410827637,0.03259209156036,1.50336647033691,1.49068002700806,0.12098180770874,1.08556201934814,1.13601551055908,1.6,1.06619449615479,0.6318630027771,1.6,1.6,0.69176549911499,0.13190454244614,0.5107532119751,0.62326671600342,1.5592106628418,0.81448112487793,0.26410579681396,1.07094793319702,0.78221759796143,1.14191272735596,1.1771036529541,-0.15826137542725,0.98953876495361,0.28542892628908,0.08587213516235,0.11028470039368,0.8673509979248,-0.15868211023509,1.32723194122314,-0.02074840545654,0.48889629364014,0.10216159820557,144,0,0,0,0,0,0,0,0,0,0,0,0,0,0,0,0,"{""draft_candidate"":true,""draft_candidate_id"":10,""draft_lottery"":false,""draft_method"":""cpu"",""draft_overall_pick"":33,""draft_round"":3,""draft_source"":""industrial"",""draft_year"":2055,""fa_nissuu"":0,""rookie_year"":true}"
77986,林 崇則,12,5,fielder,27,1,R,R,174,96,825,4,0,77986,false,false,,支配下,通常,0,0,,0,0,0,,,-0.00275782585144,0.24213284492493,1.07572978973389,1.05486911392212,0.00108388900757,1.05486911392212,0.32279414659739,0.99270111083984,1.27522701263428,0.34825552940369,0.65746778488159,0.01168999791145,0.86417736053467,1.23888505935669,0.78020497581363,0.03272978538275,0.16580677115917,0.90607640564442,0.23282948517799,0.16817976474762,1.06720708847046,0.44050495147705,0.28068360328674,1.35844911575317,0.86928428649902,0.13671573638916,,,,,,,,,,,,,,0.78336984634399,1.44,0.66329600334167,,0,0,0,0,0,0,0,91,0,0,0,0,0,0,0,91,"{""draft_candidate"":true,""draft_candidate_id"":256,""draft_lottery"":false,""draft_method"":""cpu"",""draft_overall_pick"":40,""draft_round"":4,""draft_source"":""independent"",""draft_year"":2055,""fa_nissuu"":0,""rookie_year"":true}"
78003,北岡 浩教,12,1,starter,26,1,R,R,179,95,780,5,0,78003,false,false,,支配下,通常,0,0,,0,0,0,,,0.46030511856079,0.54527374267578,0.15657974243164,-0.25372094154358,-0.97177264332771,-0.99311240255833,-0.00634520530701,-0.82473285675049,0.95616247177124,-0.03522031784058,0.69552313804626,0.36998571395874,0.78264162063599,0.94276191711426,0.54353523254395,0.59015910148621,0.54618551254272,1.1225276184082,0.99009811401367,-0.05121188342571,1.39763681411743,0.15939516067505,0.62338973999023,1.48732683181763,1.34079305648804,1.42772752761841,0.37264728546143,0.13235352516174,1.17474807739258,0.0495552021414,0.39109713554382,0.21495649337769,0.72535469055176,0.54411680221558,1.45867807388306,0.19193729186058,1.40687677383423,0.60018445217609,0.99755813598633,-0.30734671592712,0.13508306503296,0.36210285186768,145,0,0,0,0,0,0,0,0,0,0,0,0,0,0,0,0,"{""draft_candidate"":true,""draft_candidate_id"":108,""draft_lottery"":false,""draft_method"":""cpu"",""draft_overall_pick"":57,""draft_round"":5,""draft_source"":""industrial"",""draft_year"":2055,""fa_nissuu"":0,""rookie_year"":true}"
78010,小森谷 禎久,12,3,fielder,24,1,L,R,191,76,760,6,0,78010,false,false,,支配下,通常,0,0,,0,0,0,,,0.55770037931204,0.59050709456205,1.06899871849478,0.46102853603363,0.04529242094234,0.42756003184319,0.04875638407469,0.22327622032166,0.64274221420288,0.0136829662323,0.73647042274475,0.65162821769714,0.49617031097412,-1.91411323609948,-2.13441383081675,-1.77735073194094,-2.48485759699345,-2.20100388389826,-1.6334443192929,0.29825861930847,0.53187465667725,0.157170753479,-0.55104041337967,0.83694323539734,-0.77056321084499,0.41102924346924,,,,,,,,,,,,,,-0.29999669384956,1.33569591748714,0.79621263599396,,0,0,95,0,0,0,0,0,0,0,95,0,0,0,0,0,"{""draft_candidate"":true,""draft_candidate_id"":288,""draft_lottery"":false,""draft_method"":""cpu"",""draft_overall_pick"":64,""draft_round"":6,""draft_source"":""independent"",""draft_year"":2055,""fa_nissuu"":0,""rookie_year"":true}"
78023,渋谷 広士,12,8,fielder,23,1,R,L,184,96,740,7,0,78023,false,false,,支配下,通常,0,0,,0,0,0,,,-0.14822612762451,1.03686480176449,0.93256855010986,0.28353123488426,-0.58448188781738,0.14494427337646,-0.33723623275757,0.71018138885498,1.1259895324707,0.26412925720215,-0.36862985610962,-0.42157242774963,1.10039722442627,0.3752424621582,0.30774442672729,-0.2882768535614,1.12842746734619,0.09915758132935,-0.63064462035894,0.84468585014343,1.31587873458862,0.87142933368683,1.72253576219082,1.37716339111328,0.68201004947722,1.4368074798584,,,,,,,,,,,,,,0.6809009552002,0.42867923653126,1.30415077209473,,0,91,62,87,80,0,0,0,0,91,62,87,80,0,0,0,"{""draft_candidate"":true,""draft_candidate_id"":253,""draft_lottery"":false,""draft_method"":""cpu"",""draft_overall_pick"":77,""draft_round"":7,""draft_source"":""university"",""draft_year"":2055,""fa_nissuu"":0,""rookie_year"":true}"
78035,常見 成博,12,1,reliever,23,1,R,L,192,72,710,1,0,78035,true,false,,育成,通常,0,0,,0,0,0,,,-0.36743711471558,-0.1795743560791,-0.06682910919189,-0.49126277923584,-1.17017036437988,-0.92075588226318,-0.2910680770874,-1.40497732162476,1.01501396179199,0.66622997283936,0.98276245117188,0.82554088592529,0.80003795623779,0.76416816711426,-0.47300397396088,0.76572250366211,0.0531396484375,0.1707691192627,0.56713432312012,0.70731838226318,0.9616370010376,0.5937890625,0.22445484161377,-0.63362331867218,0.91763355255127,0.3275857925415,0.27662073135376,0.21442209243774,0.73689170837402,1.10676364898682,-0.51988940520585,-0.41063055038452,0.34387714385986,0.3402961730957,-0.06568058013916,-0.59585478305817,0.82824398040771,0.13169532775879,-0.28138277053833,-0.81095102310181,-0.95269278526306,-1.32378540992737,145,0,0,0,0,0,0,0,0,0,0,0,0,0,0,0,0,"{""draft_candidate"":true,""draft_candidate_id"":254,""draft_lottery"":false,""draft_method"":""cpu"",""draft_overall_pick"":89,""draft_round"":1,""draft_source"":""university"",""draft_year"":2055,""fa_nissuu"":0,""rookie_year"":true}"
78050,ミケンズ,12,5,fielder,31,1,R,L,189,106,6979,0,0,78050,false,true,,支配下,通常,0,0,,0,0,0,,,-0.4779520907402,1.83091435617208,0.54724350273609,1.2477386713624,1.86775693793222,0.36276673411392,-0.46777588519827,1.26457565701008,1.49179244995117,0.80946268081665,0.91179306030273,1.27313100814819,1.92,1.37637962281704,0.33843392726779,1.31974592208862,0.74214692305028,1.01613993310928,1.60555605649948,0.72820436477661,0.84498685836792,1.41455280303955,1.66532527923584,0.17688848972321,1.92,1.92,,,,,,,,,,,,,,0.69884521435946,1.38677641993389,1.5920851031132,,0,0,91,0,0,0,0,80,0,0,91,0,0,0,0,80,"{""fa_nissuu"":0,""foreign_scout"":true,""foreign_signed_year"":2055,""quality_tier"":""good""}"
