surname,佐藤
surname,鈴木
surname,高橋
surname,田中
surname,渡辺
surname,伊藤
surname,山本
surname,中村
surname,小林
surname,斎藤
surname,加藤
surname,吉田
surname,山田
surname,佐々木
surname,山口
surname,松本
surname,井上
surname,木村
surname,林
surname,清水
surname,山崎
surname,中島
surname,池田
surname,阿部
surname,橋本
surname,山下
surname,森
surname,石川
surname,前田
surname,小川
surname,藤田
surname,岡田
surname,後藤
surname,長谷川
surname,石井
surname,村上
surname,近藤
surname,坂本
surname,遠藤
surname,青木
surname,藤井
surname,西村
surname,福田
surname,太田
surname,三浦
surname,藤原
surname,岡本
surname,松田
surname,中川
surname,中野
surname,原田
surname,小野
surname,田村
surname,竹内
surname,金子
surname,和田
surname,中山
surname,石田
surname,上田
surname,森田
surname,小島
surname,柴田
surname,原
surname,宮崎
surname,酒井
surname,工藤
surname,横山
surname,宮本
surname,内田
surname,高木
surname,安藤
surname,島田
surname,谷口
surname,大野
surname,高田
surname,丸山
surname,今井
surname,河野
surname,藤本
surname,村田
surname,武田
surname,上野
surname,杉山
surname,増田
surname,小山
surname,大塚
surname,平野
surname,菅原
surname,久保
surname,松井
surname,千葉
surname,岩崎
surname,桜井
surname,木下
surname,野口
surname,松尾
surname,菊地
surname,野村
surname,新井
surname,渡部
surname,佐野
surname,杉本
surname,大西
surname,古川
surname,浜田
surname,市川
surname,小松
surname,高野
surname,水野
surname,吉川
surname,山内
surname,西田
surname,西川
surname,菊池
surname,北村
surname,五十嵐
surname,福島
surname,安田
surname,中田
surname,平田
surname,川口
surname,川崎
surname,飯田
surname,東
surname,本田
surname,沢田
surname,久保田
surname,吉村
surname,中西
surname,岩田
surname,服部
surname,辻
surname,関
surname,富田
surname,川上
surname,樋口
surname,永井
surname,松岡
surname,山中
surname,田口
surname,森本
surname,矢野
surname,秋山
surname,大島
surname,小沢
surname,広瀬
surname,土屋
surname,石原
surname,松下
surname,馬場
surname,大橋
surname,松浦
surname,吉岡
surname,荒木
surname,小池
surname,大久保
surname,浅野
surname,熊谷
surname,野田
surname,川村
surname,田辺
surname,星野
surname,大谷
surname,黒田
surname,尾崎
surname,永田
surname,松村
surname,望月
surname,内藤
surname,菅野
surname,西山
surname,堀
surname,岩本
surname,平井
surname,片山
surname,川島
surname,本間
surname,岡崎
surname,横田
surname,早川
surname,荒井
surname,鎌田
surname,小田
surname,成田
surname,宮田
surname,大石
surname,石橋
surname,篠原
surname,高山
surname,須藤
surname,萩原
surname,大沢
surname,小西
surname,栗原
surname,松原
surname,伊東
surname,三宅
surname,大森
surname,福井
surname,南
surname,奥村
surname,松永
surname,片岡
surname,桑原
surname,内山
surname,関口
surname,古賀
surname,奥田
surname,岡
surname,北川
surname,八木
surname,上原
surname,吉野
surname,白石
surname,今村
surname,中沢
surname,田島
surname,渋谷
surname,小泉
surname,上村
surname,中尾
surname,平山
surname,青山
surname,牧野
surname,岡村
surname,寺田
surname,坂口
surname,児玉
surname,大山
surname,河合
surname,多田
surname,竹田
surname,宮下
surname,小倉
surname,小野寺
surname,小笠原
surname,足立
surname,村山
surname,天野
surname,坂井
surname,杉浦
surname,西
surname,坂田
surname,小原
surname,豊田
surname,角田
surname,武藤
surname,河村
surname,根本
surname,関根
surname,水谷
surname,中井
surname,森下
surname,神田
surname,塚本
surname,佐久間
surname,植田
surname,飯塚
surname,安部
surname,前川
surname,山根
surname,浅井
surname,白井
surname,宮川
surname,岡部
surname,大川
surname,長田
surname,堀内
surname,松崎
surname,飯島
surname,榎本
surname,稲垣
surname,若林
surname,森山
surname,金沢
surname,江口
surname,神谷
surname,中谷
surname,畠山
surname,谷
surname,細川
surname,及川
surname,安達
surname,今野
surname,三上
surname,西尾
surname,田代
surname,石塚
surname,岸本
surname,津田
surname,荒川
surname,中原
surname,長尾
surname,戸田
surname,本多
surname,高島
surname,森川
surname,滝沢
surname,土井
surname,三好
surname,金井
surname,松山
surname,米田
surname,岡野
surname,稲葉
surname,村松
surname,甲斐
surname,西岡
surname,佐伯
surname,岩井
surname,星
surname,金田
surname,黒木
surname,野崎
surname,藤沢
surname,堤
surname,落合
surname,泉
surname,堀田
surname,広田
surname,西野
surname,町田
surname,吉沢
surname,古田
surname,宮沢
surname,徳永
surname,新田
surname,長島
surname,山岸
surname,富永
surname,柳沢
surname,黒川
surname,山川
surname,川田
surname,松島
surname,杉田
surname,奥山
surname,土田
surname,三木
surname,村井
surname,黒沢
surname,笠原
surname,須田
surname,梅田
surname,大竹
surname,野中
surname,堀江
surname,川端
surname,大村
surname,日高
surname,梶原
surname,岸
surname,西本
surname,井口
surname,大木
surname,長沢
surname,向井
surname,大場
surname,竹中
surname,藤川
surname,安井
surname,榊原
surname,川原
surname,吉本
surname,大内
surname,深沢
surname,竹下
surname,西沢
surname,吉原
surname,藤岡
surname,庄司
surname,福本
surname,塚田
surname,宮内
surname,小谷
surname,緒方
surname,谷川
surname,下田
surname,竹本
surname,相沢
surname,藤村
surname,奥野
surname,宇野
surname,窪田
surname,北野
surname,栗田
surname,石黒
surname,野沢
surname,亀井
surname,平川
surname,長野
surname,宮原
surname,山村
surname,藤野
surname,茂木
surname,島崎
surname,川本
surname,下村
surname,丹羽
surname,青柳
surname,竹村
surname,古谷
surname,三輪
surname,出口
surname,高井
surname,荻野
surname,大城
surname,田原
surname,高瀬
surname,小森
surname,稲田
surname,宮城
surname,筒井
surname,福岡
surname,矢島
surname,大原
surname,福永
surname,林田
surname,横井
surname,大平
surname,金城
surname,篠崎
surname,長岡
surname,溝口
surname,平松
surname,山岡
surname,浅田
surname,越智
surname,北原
surname,永野
surname,武井
surname,鶴田
surname,柳田
surname,北島
surname,入江
surname,大田
surname,浜口
surname,湯浅
surname,相馬
surname,園田
surname,高松
surname,二宮
surname,石山
surname,堀川
surname,手塚
surname,川野
surname,沼田
surname,石崎
surname,比嘉
surname,臼井
surname,宮島
surname,平岡
surname,浜崎
surname,池上
surname,花田
surname,谷本
surname,瀬戸
surname,西原
surname,小出
surname,篠田
surname,杉原
surname,志村
surname,根岸
surname,田畑
surname,浜野
surname,笠井
surname,寺島
surname,松沢
surname,三島
surname,大槻
surname,島村
surname,倉田
surname,福原
surname,片桐
surname,日野
surname,小坂
surname,菅
surname,堀口
surname,加納
surname,河原
surname,新谷
surname,千田
surname,松野
surname,徳田
surname,田上
surname,吉井
surname,森岡
surname,柏木
surname,村瀬
surname,内海
surname,白川
surname,畑中
surname,秋元
surname,大崎
surname,中本
surname,小柳
surname,岩瀬
surname,原口
surname,秋田
surname,三谷
surname,木原
surname,島
surname,大井
surname,川畑
surname,福山
surname,米山
surname,米沢
surname,植木
surname,岩下
surname,難波
surname,古沢
surname,今泉
surname,三井
surname,辻本
surname,芳賀
surname,坪井
surname,井手
surname,吉永
surname,河内
surname,畑
surname,磯部
surname,長井
surname,荻原
surname,大坪
surname,塩田
surname,真鍋
surname,岸田
surname,皆川
surname,細田
surname,大友
surname,細谷
surname,植村
surname,佐竹
surname,河田
surname,古屋
surname,相原
surname,若松
surname,三村
surname,遠山
surname,村岡
surname,橋口
surname,松川
surname,平林
surname,草野
surname,川瀬
surname,栗山
surname,橘
surname,有馬
surname,井出
surname,保坂
surname,早坂
surname,瀬川
surname,滝本
surname,志賀
surname,高岡
surname,奈良
surname,半田
surname,亀山
surname,高村
surname,堀井
surname,清野
surname,玉井
surname,神山
surname,朝倉
surname,富樫
surname,水口
surname,河本
surname,進藤
surname,富岡
surname,中里
surname,立石
surname,岩淵
surname,葛西
surname,豊島
surname,水上
surname,平沢
surname,藤森
surname,柳
surname,川合
surname,北沢
surname,亀田
surname,織田
surname,武内
surname,有田
surname,三原
surname,尾形
surname,高見
surname,狩野
surname,宮地
surname,大津
surname,寺本
surname,藤崎
surname,植松
surname,市村
surname,坂下
surname,平
surname,大江
surname,板垣
surname,毛利
surname,西島
surname,江藤
surname,曽根
surname,那須
surname,北山
surname,高柳
surname,下山
surname,高原
surname,大沼
surname,三橋
surname,立花
surname,浅見
surname,久野
surname,松木
surname,木内
surname,浜本
surname,野上
surname,田淵
surname,門脇
surname,手島
surname,滝口
surname,坂上
surname,土居
surname,中根
surname,平尾
surname,三沢
surname,牧
surname,岩佐
surname,田崎
surname,深谷
surname,石丸
surname,阪本
surname,市原
surname,小宮
surname,長谷
surname,今田
surname,守屋
surname,前原
surname,高尾
surname,内野
surname,柴崎
surname,岩永
surname,大倉
surname,富沢
surname,川井
surname,高崎
surname,関谷
surname,金山
surname,長瀬
surname,正木
surname,飯野
surname,矢部
surname,外山
surname,和泉
surname,山野
surname,金谷
surname,秦
surname,塚原
surname,海野
surname,鳥居
surname,西谷
surname,田川
surname,成瀬
surname,木田
surname,石垣
surname,大滝
surname,石本
surname,小寺
surname,坂元
surname,門田
surname,末永
surname,長谷部
surname,富山
surname,井田
surname,上山
surname,金森
surname,小畑
surname,菅谷
surname,永島
surname,奥
surname,乾
surname,宮脇
surname,江崎
surname,赤松
surname,相川
surname,梅沢
surname,江川
surname,板倉
surname,野本
surname,三田
surname,永山
surname,島津
surname,山上
surname,藤木
surname,杉村
surname,小杉
surname,小室
surname,宍戸
surname,香川
surname,沢井
surname,水島
surname,黒岩
surname,梅原
surname,小関
surname,松元
surname,平塚
surname,川辺
surname,喜多
surname,諏訪
surname,今西
surname,井川
surname,生田
surname,森谷
surname,並木
surname,宇佐美
surname,秋葉
surname,塩谷
surname,水田
surname,佐川
surname,下川
surname,細井
surname,石渡
surname,浦田
surname,布施
surname,金丸
surname,真田
surname,森脇
surname,染谷
surname,宮野
surname,北田
surname,風間
surname,新垣
surname,梅本
surname,山城
surname,中林
surname,大矢
surname,小椋
surname,西口
surname,玉城
surname,土橋
surname,高梨
surname,細野
surname,大庭
surname,山元
surname,浜
surname,都築
surname,長崎
surname,木本
surname,仲田
surname,阿久津
surname,小幡
surname,杉野
surname,寺沢
surname,麻生
surname,山形
surname,堀越
surname,依田
surname,小野田
surname,梅津
surname,羽田
surname,木戸
surname,野原
surname,赤木
surname,浅川
surname,椎名
surname,岩間
surname,日下
surname,寺尾
surname,仲村
surname,宇都宮
surname,矢田
surname,矢口
surname,大畑
surname,大和田
surname,波多野
surname,大熊
surname,前島
surname,児島
surname,目黒
surname,立川
surname,菅沼
surname,大貫
surname,高倉
surname,深田
surname,滝川
surname,池内
surname,石沢
surname,柳原
surname,岩城
surname,海老原
surname,倉持
surname,神崎
surname,雨宮
surname,影山
surname,岡島
surname,神野
surname,栗林
surname,橋爪
surname,石坂
surname,上杉
surname,結城
surname,青野
surname,川西
surname,小沼
surname,白鳥
surname,瀬尾
surname,赤坂
surname,板橋
surname,小玉
surname,首藤
surname,清田
surname,合田
surname,玉置
surname,丹野
surname,尾上
surname,角
surname,滝
surname,須賀
surname,竹原
surname,国分
surname,横尾
surname,井原
surname,坂野
surname,久米
surname,森口
surname,芦田
surname,宮坂
surname,沢
surname,藤島
surname,柏原
surname,三枝
surname,楠本
surname,妹尾
surname,脇田
surname,池本
surname,明石
surname,西脇
surname,大下
surname,北
surname,大和
surname,桜田
surname,勝又
surname,大林
surname,川越
surname,本村
surname,小久保
surname,小堀
surname,本橋
surname,野島
surname,有賀
surname,田端
surname,志田
surname,横川
surname,浦野
surname,柳川
surname,谷村
surname,春日
surname,今
surname,坂東
surname,飛田
surname,江原
surname,梅村
surname,内村
surname,会田
surname,熊沢
surname,岡山
surname,桑田
surname,楠
surname,角谷
surname,日比野
surname,砂川
surname,益田
surname,沢村
surname,安斎
surname,花岡
surname,笹川
surname,中塚
surname,勝田
surname,吉崎
surname,井沢
surname,島袋
surname,森永
surname,曽我
surname,浅沼
surname,白木
surname,平良
surname,小栗
surname,石倉
surname,田沢
surname,前野
surname,小菅
surname,高畑
surname,井本
surname,島本
surname,玉木
surname,高谷
surname,沖田
surname,倉本
surname,長浜
surname,沖
surname,鶴岡
surname,高沢
surname,大浦
surname,宇田川
surname,柴山
surname,本山
surname,黒崎
surname,城戸
surname,塩見
surname,岩谷
surname,北条
surname,畠中
surname,池谷
surname,大高
surname,広川
surname,熊田
surname,重松
surname,阪口
surname,野呂
surname,八田
surname,戸塚
surname,寺岡
surname,菅井
surname,末吉
surname,井村
surname,鹿島
surname,田尻
surname,石野
surname,川添
surname,塩沢
surname,田所
surname,古山
surname,伊沢
surname,南部
surname,岩沢
surname,矢沢
surname,神戸
surname,丸田
surname,福地
surname,笹原
surname,恩田
surname,平賀
surname,米倉
surname,森島
surname,増井
surname,村木
surname,福沢
surname,中
surname,五味
surname,峰
surname,日下部
surname,菊田
surname,森井
surname,湊
surname,秋本
surname,磯野
surname,寺西
surname,若山
surname,安永
surname,重田
surname,小峰
surname,新村
surname,上条
surname,長友
surname,小口
surname,今川
surname,滝田
surname,猪股
surname,深井
surname,百瀬
surname,紺野
surname,熊倉
surname,鬼頭
surname,中岡
surname,唐沢
surname,玉田
surname,氏家
surname,小高
surname,有村
surname,岩村
surname,小平
surname,赤羽
surname,境
surname,寺井
surname,河西
surname,土谷
surname,神原
surname,西浦
surname,照井
surname,西井
surname,牧田
surname,宮里
surname,相田
surname,松谷
surname,小田島
surname,藤山
surname,福士
surname,品川
surname,村中
surname,対馬
surname,伊達
surname,新保
surname,夏目
surname,柿沼
surname,芹沢
surname,西森
surname,持田
surname,石岡
surname,松橋
surname,辻村
surname,長坂
surname,梶田
surname,寺崎
surname,我妻
surname,大関
surname,長沼
surname,木島
surname,浦
surname,安川
surname,大越
surname,柳瀬
surname,土肥
surname,磯崎
surname,上島
surname,北岡
surname,牛島
surname,石村
surname,平原
surname,古市
surname,鵜飼
surname,的場
surname,野間
surname,大前
surname,倉橋
surname,寺内
surname,河崎
surname,真野
surname,古橋
surname,小村
surname,本郷
surname,河上
surname,住田
surname,柿崎
surname,船木
surname,船越
surname,竹沢
surname,鹿野
surname,二瓶
surname,伴
surname,野尻
surname,塩崎
surname,粕谷
surname,安東
surname,江頭
surname,東野
surname,藤谷
surname,加瀬
surname,津村
surname,湯川
surname,栗本
surname,中条
surname,安原
surname,迫田
surname,加賀
surname,平本
surname,小俣
surname,五島
surname,上岡
surname,浜中
surname,河口
surname,高坂
surname,大宮
surname,相良
surname,室井
surname,花井
surname,仲野
surname,新川
surname,江田
surname,赤井
surname,森崎
surname,坪田
surname,神保
surname,小暮
surname,小山田
surname,山脇
surname,鮫島
surname,坂
surname,梅木
surname,平島
surname,保田
surname,矢吹
surname,矢崎
surname,金野
surname,金
surname,塚越
surname,益子
surname,伏見
surname,中森
surname,金原
surname,水本
surname,垣内
surname,関本
surname,竹島
surname,赤沢
surname,増山
surname,郡司
surname,渥美
surname,谷内
surname,福元
surname,松林
surname,増子
surname,住吉
surname,淵上
surname,赤塚
surname,東山
surname,稲村
surname,谷田
surname,下野
surname,河井
surname,鳴海
surname,高津
surname,村越
surname,南雲
surname,中道
surname,大坂
surname,片野
surname,金本
surname,東条
surname,久田
surname,吉見
surname,斎木
surname,榊
surname,梶山
surname,杉崎
surname,柿本
surname,薄井
surname,堺
surname,玉川
surname,藤巻
surname,大河原
surname,長山
surname,大岩
surname,小竹
surname,小橋
surname,川内
surname,小浜
surname,神
surname,棚橋
surname,梶
surname,高森
surname,畑山
surname,湯本
surname,八巻
surname,小山内
surname,八幡
surname,須永
surname,桑野
surname,椿
surname,宇田
surname,緑川
surname,桜庭
surname,下地
surname,高須
surname,沢口
surname,衛藤
surname,永瀬
surname,米谷
surname,竹林
surname,芝田
surname,西崎
surname,伊勢
surname,丸岡
surname,向山
surname,人見
surname,国井
surname,安西
surname,末広
surname,知念
surname,大迫
surname,芝
surname,二村
surname,磯貝
surname,村本
surname,馬淵
surname,山浦
surname,木谷
surname,篠塚
surname,清原
surname,山谷
surname,浦川
surname,吉武
surname,高本
surname,福留
surname,植野
surname,小宮山
surname,安岡
surname,勝山
surname,飯村
surname,袴田
surname,青島
surname,高杉
surname,川名
surname,岩元
surname,平石
surname,尾関
surname,村尾
surname,岡林
surname,磯田
surname,広岡
surname,鶴見
surname,高林
surname,加茂
surname,宮村
surname,駒井
surname,小崎
surname,谷山
surname,桂
surname,関野
surname,岩橋
surname,仲
surname,竹山
surname,柳井
surname,船橋
surname,深川
surname,兵頭
surname,犬飼
surname,新山
surname,中平
surname,黒瀬
surname,疋田
surname,長屋
surname,辻井
surname,三瓶
surname,板谷
surname,早瀬
surname,半沢
surname,西垣
surname,熊野
surname,米村
surname,小熊
surname,若杉
surname,丸尾
surname,志水
surname,平間
surname,峰岸
surname,森野
surname,別府
surname,岩切
surname,大杉
surname,曽我部
surname,徳山
surname,赤堀
surname,館
surname,井戸
surname,高塚
surname,佃
surname,永松
surname,塩野
surname,西条
surname,広沢
surname,山路
surname,大上
surname,加賀谷
surname,城
surname,東海
surname,大屋
surname,塩川
surname,村川
surname,橋詰
surname,鎌倉
surname,川又
surname,鳥越
surname,生駒
surname,竹之内
surname,桧山
surname,湯沢
surname,保科
surname,松葉
surname,幸田
surname,八島
surname,山西
surname,成沢
surname,名倉
surname,庄子
surname,砂田
surname,羽鳥
surname,塙
surname,岩見
surname,猪俣
surname,大泉
surname,脇
surname,海老沢
surname,日向
surname,荒谷
surname,早田
surname,笹本
surname,柳沼
surname,猪狩
surname,熊本
surname,時田
surname,高久
surname,岩野
surname,桧垣
surname,添田
surname,桐山
surname,須貝
surname,柴
surname,上西
surname,上林
surname,原島
surname,飯沼
surname,清家
surname,新藤
surname,安本
surname,長
surname,副島
surname,藤
surname,土岐
surname,松坂
surname,名取
surname,藤江
surname,鬼塚
surname,長内
surname,直井
surname,深見
surname,関川
surname,安江
surname,梶谷
surname,大賀
surname,仲宗根
surname,新
surname,春田
surname,新美
surname,山地
surname,山県
surname,谷岡
surname,秋吉
surname,竹井
surname,萩野
surname,上地
surname,安倍
surname,平木
surname,竹谷
surname,大河内
surname,鷲見
surname,崎山
surname,東田
surname,平岩
surname,石上
surname,脇坂
surname,赤間
surname,瀬戸口
surname,水越
surname,塩原
surname,宮武
surname,河島
surname,大本
surname,一ノ瀬
surname,市橋
surname,神尾
surname,川尻
surname,長嶺
surname,島野
surname,近江
surname,有本
surname,二階堂
surname,宗像
surname,竹川
surname,越川
surname,高石
surname,石津
surname,星川
surname,園部
surname,照屋
surname,杉谷
surname,佐原
surname,池野
surname,前沢
surname,守田
surname,横溝
surname,元木
surname,藤枝
surname,館野
surname,猿渡
surname,田坂
surname,坪内
surname,小松崎
surname,赤石
surname,真下
surname,奥谷
surname,斎田
surname,大岡
surname,菊川
surname,友田
surname,長江
surname,沢野
surname,中園
surname,吉松
surname,須崎
surname,大堀
surname,大須賀
surname,宮尾
surname,堀尾
surname,姫野
surname,井坂
surname,有川
surname,小田切
surname,川北
surname,増淵
surname,小木曽
surname,横内
surname,片平
surname,米川
surname,小塚
surname,蛭田
surname,赤尾
surname,鳥羽
surname,亀谷
surname,広野
surname,芦沢
surname,吉成
surname,日置
surname,新居
surname,佐田
surname,多賀
surname,横沢
surname,鍋島
surname,鳥海
surname,若月
surname,河辺
surname,梶川
surname,大門
surname,有吉
surname,石島
surname,磯
surname,春山
surname,新里
surname,堀部
surname,真島
surname,東海林
surname,綿貫
surname,沖野
surname,武石
surname,橋田
surname,辻野
surname,吉良
surname,辰巳
surname,巽
surname,江本
surname,奥原
surname,田丸
surname,谷沢
surname,井関
surname,高垣
surname,北口
surname,吉富
surname,大脇
surname,江島
surname,中込
surname,磯村
surname,田井
surname,犬塚
surname,戸沢
surname,白浜
surname,八重樫
surname,柴原
surname,大里
surname,舟橋
surname,佐山
surname,今岡
surname,津島
surname,水沢
surname,須山
surname,一戸
surname,武山
surname,片倉
surname,国本
surname,矢作
surname,坂根
surname,岸野
surname,前山
surname,池永
surname,作田
surname,高宮
surname,中江
surname,江上
surname,辻田
surname,寺山
surname,古野
surname,伊原
surname,金川
surname,新城
surname,兼子
surname,若井
surname,朝日
surname,北浦
surname,戸谷
surname,野坂
surname,牟田
surname,浅利
surname,永沢
surname,間瀬
surname,大浜
surname,高畠
surname,城間
surname,河津
surname,高城
surname,景山
surname,末次
surname,船津
surname,笹田
surname,永吉
surname,田山
surname,梅野
surname,黒須
surname,末松
surname,笹岡
surname,中崎
surname,設楽
surname,永岡
surname,小松原
surname,真壁
surname,小田原
surname,藤倉
surname,船山
surname,泉谷
surname,下平
surname,湯田
surname,木山
surname,細見
surname,江尻
surname,藤間
surname,岩倉
surname,錦織
surname,永尾
surname,熊崎
surname,薮内
surname,隅田
surname,石毛
surname,戸村
surname,石神
surname,鳥山
surname,白田
surname,角野
surname,草間
surname,箕輪
surname,白岩
surname,速水
surname,大淵
surname,鷲尾
surname,赤嶺
surname,柳本
surname,日比
surname,西出
surname,久松
surname,北林
surname,村野
surname,新倉
surname,糸井
surname,品田
surname,山際
surname,深津
surname,若狭
surname,国吉
surname,高桑
surname,仁科
surname,君島
surname,本庄
surname,稲川
surname,尾田
surname,里見
surname,倉島
surname,木元
surname,飯尾
surname,大道
surname,上坂
surname,阿南
surname,福村
surname,矢内
surname,宮永
surname,杉江
surname,赤池
surname,桜木
surname,一色
surname,浜島
surname,能登
surname,野々村
surname,早野
surname,一瀬
surname,広井
surname,大月
surname,中元
surname,正田
surname,桝田
surname,仙波
surname,宮部
surname,宮岡
surname,立野
surname,森沢
surname,高浜
surname,堀之内
surname,香月
surname,宮前
surname,菅田
surname,井野
surname,羽賀
surname,中瀬
surname,古家
surname,岩上
surname,上川
surname,鳥井
surname,勝野
surname,伊賀
surname,水戸
surname,浜村
surname,迫
surname,間宮
surname,古瀬
surname,福富
surname,松倉
surname,赤川
surname,木場
surname,広島
surname,岸川
surname,阪田
surname,浦上
surname,桐生
surname,野瀬
surname,溝淵
surname,中橋
surname,柳谷
surname,田部
surname,逸見
surname,中垣
surname,山室
surname,白土
surname,池沢
surname,門馬
surname,諸岡
surname,山木
surname,安保
surname,小柴
surname,戸島
surname,溝上
surname,勝部
surname,岩尾
surname,立山
surname,新妻
surname,北尾
surname,小野塚
surname,別所
surname,榎
surname,戸川
surname,田野
surname,石森
surname,石谷
surname,栗栖
surname,剣持
surname,丹治
surname,竹野
surname,楠田
surname,内川
surname,山添
surname,金光
surname,大串
surname,白沢
surname,三角
surname,永谷
surname,深山
surname,笹井
surname,碓井
surname,猪野
surname,笹木
surname,山辺
surname,柏崎
surname,笠松
surname,椎葉
surname,池原
surname,津川
surname,二見
surname,桑山
surname,山名
surname,木暮
surname,山之内
surname,四方
surname,小黒
surname,岡安
surname,宮井
surname,柏
surname,大垣
surname,梅崎
surname,羽生
surname,奥井
surname,深瀬
surname,杉岡
surname,柚木
surname,伊丹
surname,青田
surname,遊佐
surname,猪瀬
surname,引地
surname,杉森
surname,島谷
surname,小牧
surname,八代
surname,向
surname,菱沼
surname,北本
surname,折原
surname,二木
surname,亀岡
surname,津久井
surname,川久保
surname,谷崎
surname,室田
surname,古館
surname,肥後
surname,真木
surname,中畑
surname,神林
surname,小野沢
surname,橋場
surname,入沢
surname,清川
surname,樋渡
surname,浜岡
surname,岡沢
surname,藤平
surname,木崎
surname,船田
surname,梶本
surname,兵藤
surname,薮田
surname,小河
surname,藤永
surname,桑名
surname,鵜沢
surname,野津
surname,根津
surname,諸橋
surname,浅岡
surname,安里
surname,伊波
surname,能勢
surname,東谷
surname,穂積
surname,津野
surname,板東
surname,青井
surname,宇都
surname,藤代
surname,中津
surname,嵯峨
surname,所
surname,小早川
surname,新野
surname,浦山
surname,朝比奈
surname,松藤
surname,岡元
surname,土方
surname,吉住
surname,大町
surname,栄
surname,原野
surname,中上
surname,田宮
surname,春名
surname,泉田
surname,下条
surname,喜田
surname,佐瀬
surname,和気
surname,ハンクス
surname,大黒
surname,東郷
surname,今津
surname,平出
surname,中屋
surname,堀本
surname,寺門
surname,中居
surname,武市
surname,高
surname,竹森
surname,森内
surname,南条
surname,門間
surname,坂巻
surname,仲川
surname,綾部
surname,奥平
surname,杉
surname,駒田
surname,増本
surname,宮口
surname,田頭
surname,高良
surname,仁木
surname,沖本
surname,木野
surname,粟野
surname,加地
surname,森元
surname,日吉
surname,加島
surname,道下
surname,涌井
surname,井内
surname,関戸
surname,助川
surname,西内
surname,露木
surname,古本
surname,木幡
surname,荒田
surname,陶山
surname,折田
surname,奥本
surname,守谷
surname,兼田
surname,大隅
surname,谷野
surname,常盤
surname,菱田
surname,田仲
surname,香取
surname,武本
surname,谷中
surname,茅野
surname,牛田
surname,佐々
surname,北井
surname,瓜生
surname,羽田野
surname,山越
surname,福間
surname,岩川
surname,櫛田
surname,浜谷
surname,久我
surname,松平
surname,坂内
surname,赤星
surname,尾島
surname,千原
surname,三国
surname,安野
surname,布川
surname,荒巻
surname,前
surname,大窪
surname,笹山
surname,中辻
surname,信田
surname,杉沢
surname,金崎
surname,米本
surname,飯山
surname,佐古
surname,新海
surname,福崎
surname,内堀
surname,川岸
surname,稲見
surname,牛山
surname,桐原
surname,綿引
surname,漆原
surname,伊佐
surname,小滝
surname,城田
surname,大東
surname,花房
surname,白崎
surname,永原
surname,熊木
surname,向田
surname,木曽
surname,川俣
surname,鈴村
surname,松丸
surname,長峰
surname,井藤
surname,豊岡
surname,阪上
surname,大藤
surname,徳丸
surname,田沼
surname,柳生
surname,大畠
surname,田岡
surname,桑島
surname,三野
surname,曽田
surname,三田村
surname,丸谷
surname,武村
surname,千野
surname,蜂谷
surname,米原
surname,臼田
surname,川中
surname,寺川
surname,大家
surname,川下
surname,島貫
surname,古木
surname,松宮
surname,安村
surname,正岡
surname,野元
surname,武智
surname,宮腰
surname,新開
surname,新家
surname,河端
surname,吉元
surname,中浜
surname,彦坂
surname,宮
surname,市野
surname,坂倉
surname,田部井
surname,大出
surname,市田
surname,沼沢
surname,大池
surname,池辺
surname,押田
surname,宮越
surname,板井
surname,丹下
surname,脇本
surname,遠田
surname,越田
surname,坂部
surname,中間
surname,魚住
surname,江村
surname,今枝
surname,肥田
surname,山森
surname,仁平
surname,小田桐
surname,森重
surname,盛田
surname,水落
surname,仲井
surname,宇佐見
surname,島岡
surname,田内
surname,最上
surname,中出
surname,宮木
surname,白坂
surname,甲田
surname,三戸
surname,川元
surname,牛尾
surname,白水
surname,加来
surname,表
surname,四宮
surname,又吉
surname,新宅
surname,木口
surname,小貫
surname,南野
surname,豊永
surname,寺村
surname,江沢
surname,安武
surname,右田
surname,新屋
surname,荒
surname,深野
surname,谷藤
surname,吉山
surname,権藤
surname,春木
surname,蝦名
surname,小岩
surname,藤尾
surname,宇井
surname,柏倉
surname,小路
surname,荒牧
surname,池
surname,三森
surname,長倉
surname,中内
surname,一条
surname,寺下
surname,上谷
surname,戸高
surname,柿原
surname,高安
surname,山沢
surname,南川
surname,権田
surname,秋月
surname,古林
surname,豊川
surname,古井
surname,住友
surname,植竹
surname,浜川
surname,山尾
surname,仲谷
surname,小笹
surname,古畑
surname,武部
surname,野地
surname,永江
surname,古閑
surname,芳野
surname,稲本
surname,蔵本
surname,沢木
surname,笠間
surname,新原
surname,峰村
surname,深町
surname,倉沢
surname,国枝
surname,笹島
surname,茨木
surname,畑野
surname,本木
surname,久富
surname,辺見
surname,一柳
surname,住谷
surname,大薮
surname,畑田
surname,石松
surname,槙
surname,金岡
surname,平沼
surname,大口
surname,仲本
surname,白戸
surname,新堀
surname,藤林
surname,蓮見
surname,辰己
surname,勝俣
surname,宇津木
surname,相場
surname,浅倉
surname,花村
surname,木藤
surname,丸
surname,弓削
surname,真崎
surname,小谷野
surname,松枝
surname,小野瀬
surname,両角
surname,尾山
surname,折笠
surname,新名
surname,草場
surname,久世
surname,箱崎
surname,衣川
surname,熊井
surname,仲山
surname,東川
surname,花沢
surname,阪井
surname,越野
surname,香西
surname,深尾
surname,柳下
surname,種田
surname,清
surname,笹野
surname,十河
surname,外川
surname,今中
surname,片田
surname,渡瀬
surname,藤城
surname,生方
surname,蔭山
surname,上松
surname,外崎
surname,成島
surname,兼松
surname,土本
surname,会沢
surname,富井
surname,清藤
surname,谷津
surname,樫村
surname,白倉
surname,武川
surname,宮西
surname,盛
surname,福森
surname,光田
surname,芝崎
surname,浅尾
surname,稗田
surname,佐賀
surname,大角
surname,広木
surname,新宮
surname,熊坂
surname,当山
surname,稲岡
surname,可児
surname,梶野
surname,吉留
surname,勝見
surname,室谷
surname,丹
surname,馬渡
surname,赤崎
surname,荻田
surname,寺坂
surname,北出
surname,蛯名
surname,小南
surname,花木
surname,三崎
surname,森村
surname,八木沢
surname,具志堅
surname,向後
surname,尾野
surname,岩木
surname,日浦
surname,尾藤
surname,祖父江
surname,三品
surname,郡
surname,富塚
surname,瀬谷
surname,瀬野
surname,徳重
surname,岸上
surname,松江
surname,谷脇
surname,池端
surname,浮田
surname,野川
surname,丸井
surname,横手
surname,浅香
surname,穴沢
surname,綱島
surname,小形
surname,富川
surname,鬼沢
surname,安孫子
surname,谷田部
surname,長塚
surname,福谷
surname,岩原
surname,小針
surname,薮
surname,轟
surname,浅原
surname,弘中
surname,軽部
surname,穴井
surname,上本
surname,生井
surname,仲間
surname,寒川
surname,渋沢
surname,本城
surname,成川
surname,押川
surname,磯谷
surname,南谷
surname,種村
surname,大北
surname,香山
surname,瀬田
surname,宇山
surname,清宮
surname,椎野
surname,水村
surname,小畠
surname,蒔田
surname,木津
surname,高見沢
surname,丸本
surname,油井
surname,増永
surname,関田
surname,根来
surname,原山
surname,永見
surname,薬師寺
surname,藤吉
surname,北谷
surname,荘司
surname,細江
surname,有沢
surname,井元
surname,河瀬
surname,瀬口
surname,竹尾
surname,東原
surname,武居
surname,中武
surname,鶴
surname,土山
surname,笹森
surname,掛川
surname,渡
surname,北見
surname,衣笠
surname,竹崎
surname,楢崎
surname,堀野
surname,井下
surname,堀切
surname,山家
surname,西畑
surname,柄沢
surname,西塚
surname,酒巻
surname,尾花
surname,当間
surname,浦崎
surname,平瀬
surname,菅沢
surname,仲西
surname,竜
surname,横江
surname,久保山
surname,古村
surname,徳本
surname,木全
surname,井筒
surname,深堀
surname,箕浦
surname,玉村
surname,葉山
surname,田浦
surname,吉江
surname,坂入
surname,柴野
surname,逢坂
surname,近田
surname,館山
surname,雑賀
surname,倉内
surname,福西
surname,藤堂
surname,野見山
surname,藤元
surname,矢萩
surname,金村
surname,古城
surname,陣内
surname,南出
surname,山北
surname,只野
surname,鴨志田
surname,市岡
surname,浜地
surname,須川
surname,名越
surname,串田
surname,滝野
surname,岩松
surname,羽山
surname,西坂
surname,奥川
surname,舟木
surname,稲毛
surname,鶴巻
surname,古庄
surname,諸星
surname,西中
surname,鷹野
surname,白神
surname,近野
surname,出井
surname,浜辺
surname,渡会
surname,横地
surname,倉林
surname,恒川
surname,久保木
surname,原沢
surname,俵
surname,武
surname,上間
surname,畠
surname,沢崎
surname,辻川
surname,名和
surname,船戸
surname,管野
surname,今関
surname,播磨
surname,番場
surname,赤津
surname,北崎
surname,熱田
surname,小磯
surname,竹岡
surname,沢本
surname,藤沼
surname,与那嶺
surname,水沼
surname,猪又
surname,田尾
surname,野々山
surname,宗
surname,神村
surname,生島
surname,生野
surname,各務
surname,猪原
surname,薮下
surname,松森
surname,中矢
surname,小河原
surname,田子
surname,岡井
surname,糟谷
surname,長橋
surname,古藤
surname,村島
surname,石飛
surname,猿田
surname,比留間
surname,越後
surname,光永
surname,谷井
surname,伴野
surname,仲里
surname,関山
surname,関沢
surname,室
surname,庄野
surname,成松
surname,川淵
surname,城野
surname,豊福
surname,里
surname,家田
surname,中越
surname,八木橋
surname,花島
surname,土門
surname,大塩
surname,黒坂
surname,佐治
surname,大室
surname,横谷
surname,若尾
surname,田平
surname,長原
surname,川勝
surname,東出
surname,伊井
surname,高岸
surname,前村
surname,岩根
surname,小向
surname,稲富
surname,藤波
surname,繁田
surname,由井
surname,戸崎
surname,朝田
surname,興梠
surname,小淵
surname,飯泉
surname,加古
surname,桃井
surname,新見
surname,増沢
surname,八尋
surname,国広
surname,大戸
surname,占部
surname,茶谷
surname,縄田
surname,戸部
surname,丸橋
surname,宍倉
surname,福家
surname,小園
surname,樋田
surname,一木
surname,奥津
surname,尾方
surname,徳留
surname,城山
surname,戸井田
surname,仮屋
surname,山梨
surname,三宮
surname,友野
surname,池尻
surname,鳥飼
surname,不破
surname,野木
surname,日暮
surname,笹谷
surname,稲吉
surname,峰田
surname,百田
surname,溝田
surname,矢代
surname,蓮沼
surname,新沼
surname,西元
surname,中丸
surname,梶浦
surname,君塚
surname,勝
surname,蒲生
surname,宮園
surname,西郷
surname,谷島
surname,下里
surname,泊
surname,蓑田
surname,武富
surname,橋村
surname,瀬下
surname,仙田
surname,橋野
surname,寒河江
surname,野辺
surname,御手洗
surname,西方
surname,黒柳
surname,村沢
surname,間島
surname,細木
surname,白山
surname,永峰
surname,山科
surname,大中
surname,中馬
surname,柿木
surname,松波
surname,天田
surname,与那覇
surname,出水
surname,新島
surname,森藤
surname,海老名
surname,沖山
surname,舟山
surname,世古
surname,土佐
surname,南波
surname,粟田
surname,永沼
surname,郷
surname,氏原
surname,木川
surname,市来
surname,外間
surname,柿沢
surname,丸野
surname,立松
surname,長南
surname,古内
surname,本宮
surname,打越
surname,大神
surname,池崎
surname,月岡
surname,利根川
surname,脇山
surname,夏井
surname,元田
surname,幸
surname,宝田
surname,築山
surname,榎田
surname,高藤
surname,赤田
surname,蒲原
surname,門倉
surname,伊奈
surname,吉谷
surname,井谷
surname,稲井
surname,久永
surname,一宮
surname,西部
surname,高根
surname,森木
surname,柳橋
surname,佐橋
surname,島川
surname,植原
surname,岩波
surname,江森
surname,籾山
surname,堀池
surname,網野
surname,葛原
surname,池島
surname,山
surname,岩月
surname,中神
surname,南沢
surname,下島
surname,米津
surname,旭
surname,鍛治
surname,本沢
surname,佐渡
surname,春原
surname,金内
surname,星山
surname,築地
surname,安楽
surname,円谷
surname,上妻
surname,美馬
surname,宇賀神
surname,今福
surname,細貝
surname,小石
surname,薗田
surname,瀬古
surname,郡山
surname,田谷
surname,光岡
surname,宮平
surname,立木
surname,永富
surname,川戸
surname,世良
surname,青沼
surname,花本
surname,広中
surname,南里
surname,萩尾
surname,友利
surname,牧原
surname,伊吹
surname,池口
surname,白根
surname,瀬崎
surname,猪口
surname,畔柳
surname,府川
surname,鴫原
surname,芥川
surname,小板橋
surname,安島
surname,崎田
surname,沢山
surname,辻岡
surname,若生
surname,八尾
surname,磯辺
surname,広畑
surname,財津
surname,浜名
surname,水間
surname,生田目
surname,本吉
surname,伊地知
surname,阿比留
surname,横瀬
surname,庄田
surname,大隈
surname,竹花
surname,源
surname,笹尾
surname,秋野
surname,沢辺
surname,滑川
surname,大館
surname,新井田
surname,西林
surname,早崎
surname,梅谷
surname,野末
surname,千賀
surname,山野井
surname,花輪
surname,竹口
surname,元山
surname,神宮
surname,沼倉
surname,五十川
surname,高下
surname,上井
surname,茂呂
surname,川津
surname,淡路
surname,砂原
surname,鏑木
surname,大蔵
surname,平子
surname,末田
surname,戸松
surname,若宮
surname,大園
surname,山藤
surname,棚田
surname,秦野
surname,滝井
surname,加川
surname,宮路
surname,池村
surname,蛯原
surname,兼平
surname,山部
surname,森上
surname,尾川
surname,宮森
surname,倉地
surname,福重
surname,安富
surname,喜納
surname,重村
surname,鶴谷
surname,干場
surname,駒形
surname,糸川
surname,小中
surname,登坂
surname,鴇田
surname,棟方
surname,吾妻
surname,今城
surname,水木
surname,矢倉
surname,有坂
surname,水津
surname,津山
surname,岩山
surname,中鉢
surname,草薙
surname,種市
surname,梅林
surname,島根
surname,稲生
surname,諌山
surname,奈須
surname,打田
surname,代田
surname,横倉
surname,久原
surname,笹倉
surname,川満
surname,楠木
surname,鏡
surname,杉尾
surname,沼尻
surname,馬越
surname,木沢
surname,上平
surname,本川
surname,浅海
surname,浦島
surname,香田
surname,村崎
surname,大曽根
surname,荒尾
surname,石見
surname,芝原
surname,入山
surname,中筋
surname,梅山
surname,楢原
surname,荒瀬
surname,若菜
surname,常田
surname,沢谷
surname,潮田
surname,板野
surname,広谷
surname,西海
surname,赤瀬
surname,新木
surname,高間
surname,川手
surname,徳原
surname,春日井
surname,川浪
surname,神沢
surname,島倉
surname,二川
surname,神藤
surname,仙石
surname,貝塚
surname,栗城
surname,蟹江
surname,菊谷
surname,小国
surname,本島
surname,万代
surname,国武
surname,梅川
surname,勝木
surname,湯原
surname,杉下
surname,安宅
surname,国松
surname,紙谷
surname,仲沢
surname,出村
surname,樺沢
surname,宮元
surname,今里
surname,峰松
surname,笹
surname,橘田
surname,公文
surname,下沢
surname,黒石
surname,大金
surname,与儀
surname,水原
surname,高屋
surname,重野
surname,入口
surname,笠島
surname,黒沼
surname,秋谷
surname,横堀
surname,渋川
surname,渋田
surname,道上
surname,横島
surname,小野里
surname,高取
surname,植草
surname,鍋田
surname,外村
surname,増川
surname,高口
surname,近
surname,中家
surname,亀川
surname,古里
surname,蔵田
surname,込山
surname,出原
surname,三石
surname,稲森
surname,横関
surname,秋庭
surname,杉井
surname,増野
surname,山道
surname,増岡
surname,磯山
surname,奥沢
surname,糸賀
surname,小浦
surname,猪飼
surname,伊田
surname,橋元
surname,立原
surname,笹沼
surname,守山
surname,上中
surname,谷垣
surname,萩谷
surname,若原
surname,西平
surname,下原
surname,川部
surname,美濃
surname,横塚
surname,室伏
surname,神代
surname,津崎
surname,上月
surname,末岡
surname,滝下
surname,近沢
surname,江戸
surname,酒匂
surname,島内
surname,楠原
surname,下岡
surname,座間
surname,石堂
surname,国田
surname,植山
surname,霜田
surname,仲島
surname,吉浦
surname,木部
surname,前畑
surname,満田
surname,市瀬
surname,堅田
surname,赤沼
surname,柏谷
surname,鴨川
surname,石戸
surname,立田
surname,間
surname,直江
surname,六車
surname,角井
surname,鹿内
surname,永石
surname,川路
surname,油谷
surname,安間
surname,玉野
surname,小阪
surname,魚谷
surname,新津
surname,片寄
surname,久下
surname,弘田
surname,赤城
surname,藤中
surname,張
surname,唐木
surname,三代
surname,小見山
surname,高部
surname,重本
surname,樽井
surname,湯山
surname,宮谷
surname,新庄
surname,船本
surname,浜松
surname,倉岡
surname,中口
surname,新納
surname,樫本
surname,細矢
surname,戸倉
surname,水元
surname,堀場
surname,間野
surname,喜多村
surname,有山
surname,岩堀
surname,昆
surname,大岳
surname,富安
surname,柿田
surname,弓場
surname,上園
surname,新岡
surname,五月
surname,八鍬
surname,十川
surname,舛田
surname,東島
surname,堂本
surname,粟津
surname,窪
surname,周藤
surname,蓬田
surname,井ノ口
surname,五藤
surname,津曲
surname,久慈
surname,柴垣
surname,牧山
surname,久住
surname,高平
surname,三吉
surname,富士
surname,竜田
surname,吉池
surname,隈元
surname,滝上
surname,白幡
surname,海藤
surname,桂川
surname,知久
surname,小城
surname,大八木
surname,森安
surname,張替
surname,飯岡
surname,金成
surname,山賀
surname,桶谷
surname,水井
surname,草刈
surname,大瀬
surname,毛塚
surname,花谷
surname,森園
surname,飯沢
surname,北爪
surname,上
surname,門
surname,高階
surname,国友
surname,江端
surname,四元
surname,梨本
surname,江幡
surname,加治
surname,苅谷
surname,田窪
surname,菅生
surname,八谷
surname,臼杵
surname,尾沢
surname,鮎川
surname,三塚
surname,室岡
surname,神長
surname,浅賀
surname,小枝
surname,森原
surname,関原
surname,沼尾
surname,水川
surname,先崎
surname,藤丸
surname,池下
surname,浦本
surname,岩岡
surname,寺口
surname,大地
surname,足達
surname,阿曽
surname,芦川
surname,黒野
surname,深水
surname,久本
surname,由良
surname,楠瀬
surname,樫原
surname,山原
surname,阿保
surname,郷原
surname,永友
surname,国島
surname,上出
surname,山里
surname,羽根
surname,浦部
surname,藤生
surname,藤浪
surname,長縄
surname,横野
surname,針谷
surname,大住
surname,長村
surname,吉森
surname,国沢
surname,城所
surname,下谷
surname,西堀
surname,嘉数
surname,上遠野
surname,綿谷
surname,京谷
surname,儀間
surname,菅家
surname,三富
surname,千代
surname,池山
surname,和久井
surname,広江
surname,中司
surname,喜屋武
surname,本谷
surname,有働
surname,万
surname,久島
surname,栗木
surname,江畑
surname,峠
surname,薦田
surname,吉尾
surname,宮林
surname,荒金
surname,出田
surname,入谷
surname,薮本
surname,寺地
surname,塩入
surname,明神
surname,丸茂
surname,折戸
surname,東本
surname,橘高
surname,重富
surname,瀬戸山
surname,横須賀
surname,松隈
surname,富松
surname,陳
surname,増尾
surname,丹波
surname,高須賀
surname,池戸
surname,円山
surname,東口
surname,市場
surname,芝野
surname,松居
surname,西上
surname,大類
surname,池川
surname,安食
surname,古島
surname,安河内
surname,小野崎
surname,塚崎
surname,浜砂
surname,椛島
surname,三本
surname,椎木
surname,鴨下
surname,門井
surname,有井
surname,戸井
surname,小尾
surname,倉谷
surname,井崎
surname,溝部
surname,多胡
surname,駒沢
surname,高月
surname,今林
surname,上甲
surname,花城
surname,川鍋
surname,天羽
surname,蜂須賀
surname,神津
surname,尾高
surname,纐纈
surname,刈谷
surname,大柳
surname,桝井
surname,川澄
surname,熊川
surname,黒島
surname,中務
surname,三尾
surname,峰尾
surname,森光
surname,箭内
surname,光山
surname,大松
surname,安沢
surname,嘉藤
surname,高江洲
surname,重岡
surname,井島
surname,江見
surname,小清水
surname,武政
surname,間中
surname,田巻
surname,有泉
surname,福川
surname,本岡
surname,桝谷
surname,鵜川
surname,安
surname,迎
surname,森正
surname,都筑
surname,徳岡
surname,豊原
surname,河原崎
surname,外園
surname,諸田
surname,出雲
surname,畔上
surname,小塩
surname,坂崎
surname,寺谷
surname,勝村
surname,城下
surname,進
surname,西宮
surname,石部
surname,竹元
surname,勝本
surname,日笠
surname,槙野
surname,桑村
surname,都丸
surname,園山
surname,大辻
surname,大嶺
surname,関屋
surname,上垣
surname,桃原
surname,内間
surname,野添
surname,門野
surname,塚野
surname,壱岐
surname,土江
surname,柏田
surname,堀篭
surname,若木
surname,甘利
surname,漆畑
surname,秋沢
surname,森屋
surname,吹田
surname,山井
surname,榛葉
surname,大日方
surname,穴田
surname,石河
surname,押切
surname,笠
surname,古河
surname,桜沢
surname,篠
surname,檀上
surname,刀根
surname,飯干
surname,友永
surname,市毛
surname,大重
surname,屋代
surname,桐谷
surname,建部
surname,村下
surname,大河
surname,名古屋
surname,上木
surname,黛
surname,秀島
surname,蓑島
surname,稲木
surname,藤瀬
surname,永森
surname,大川原
surname,二神
surname,沓沢
surname,池ケ谷
surname,鍋谷
surname,薄田
surname,鐘ケ江
surname,真部
surname,東村
surname,阿久沢
surname,志摩
surname,松久
surname,上野山
surname,重信
surname,羽柴
surname,照沼
surname,津留
surname,印南
surname,永淵
surname,花崎
surname,大羽
surname,反町
surname,伊礼
surname,久家
surname,三山
surname,勝亦
surname,下元
surname,国府田
surname,浜井
surname,岩島
surname,金尾
surname,深江
surname,碇
surname,尾本
surname,浅山
surname,平谷
surname,桝本
surname,知花
surname,長門
surname,安芸
surname,羽根田
surname,寺前
surname,清沢
surname,藤塚
surname,納谷
surname,三重野
surname,小見
surname,真弓
surname,井尻
surname,海老根
surname,吉水
surname,金木
surname,黒滝
surname,上里
surname,石関
surname,林原
surname,呉屋
surname,森戸
surname,翁長
surname,貝原
surname,堂園
surname,堂前
surname,堀米
surname,愛甲
surname,稲場
surname,阪野
surname,宮入
surname,花野
surname,広本
surname,棚原
surname,真柄
surname,西牧
surname,百武
surname,北畠
surname,丹沢
surname,遠矢
surname,森尾
surname,朴
surname,力石
surname,押野
surname,真砂
surname,西園
surname,三河
surname,宗形
surname,中台
surname,栃木
surname,斎
surname,川地
surname,嘉村
surname,広部
surname,西館
surname,川原田
surname,昆野
surname,大成
surname,箱田
surname,蛭川
surname,玉山
surname,勝間田
surname,松戸
surname,新崎
surname,久保寺
surname,紺谷
surname,信太
surname,岩館
surname,江連
surname,小瀬
surname,若槻
surname,紅林
surname,加賀美
surname,今橋
surname,安彦
surname,谷上
surname,金坂
surname,今本
surname,酒向
surname,糸山
surname,中前
surname,中倉
surname,庭野
surname,羽場
surname,戸張
surname,実川
surname,西藤
surname,海津
surname,川人
surname,泉川
surname,幡野
surname,里村
surname,糸数
surname,当真
surname,簗瀬
surname,貴志
surname,神吉
surname,小方
surname,安福
surname,中城
surname,天谷
surname,田久保
surname,富谷
surname,由利
surname,郷田
surname,駒場
surname,末武
surname,葛城
surname,壁谷
surname,角川
surname,初田
surname,針生
surname,江良
surname,高地
surname,小長谷
surname,元村
surname,山平
surname,蓮井
surname,南山
surname,帆足
surname,鎌形
surname,県
surname,篠木
surname,神部
surname,野宮
surname,花柳
surname,貝沼
surname,天川
surname,田之上
surname,藤内
surname,桜本
surname,池畑
surname,玉利
surname,貫井
surname,諏訪部
surname,土川
surname,後田
surname,小田部
surname,猪熊
surname,三川
surname,竜野
surname,沖村
surname,京極
surname,執行
surname,田本
surname,小木
surname,神永
surname,西城
surname,土師
surname,宇治
surname,降旗
surname,市丸
surname,大見
surname,浜元
surname,染矢
surname,光本
surname,米満
surname,片柳
surname,大武
surname,東浦
surname,鈴江
surname,根木
surname,中路
surname,宮浦
surname,寺脇
surname,川谷
surname,岡原
surname,柘植
surname,麻田
surname,木寺
surname,徳光
surname,貴島
surname,村石
surname,立岩
surname,戸上
surname,山戸
surname,山瀬
surname,豊崎
surname,藁谷
surname,古池
surname,三苫
surname,住本
surname,菰田
surname,西久保
surname,中下
surname,尾原
surname,館岡
surname,光井
surname,高比良
surname,三船
surname,大草
surname,永倉
surname,桂田
surname,小鹿
surname,澄川
surname,菱川
surname,宇高
surname,早乙女
surname,友松
surname,蓮池
surname,森中
surname,井手口
surname,梶村
surname,朝野
surname,輿石
surname,村林
surname,徳武
surname,横浜
surname,徳井
surname,片淵
surname,重森
surname,和知
surname,菊本
surname,青砥
surname,井浦
surname,南口
surname,石浜
surname,中安
surname,中藤
surname,亀沢
surname,三瀬
surname,倉知
surname,下坂
surname,宗田
surname,戸辺
surname,室屋
surname,芦原
surname,鴨田
surname,今吉
surname,上久保
surname,竹腰
surname,古宮
surname,相内
surname,藤下
surname,小野木
surname,長畑
surname,出野
surname,相楽
surname,酒本
surname,久木田
surname,狭間
surname,幸野
surname,国安
surname,坂爪
surname,蓑輪
surname,崎浜
surname,竹上
surname,市山
surname,九鬼
surname,当麻
surname,日原
surname,新地
surname,鳥谷部
surname,川副
surname,万谷
surname,櫛引
surname,小金沢
surname,平戸
surname,古関
surname,是枝
surname,相羽
surname,中北
surname,納富
surname,加治屋
surname,黒河
surname,新沢
surname,千島
surname,鶴崎
surname,陰山
surname,岡戸
surname,溝端
surname,高市
surname,井伊
surname,橋川
surname,交告
surname,樋上
surname,浜上
surname,牧村
surname,笠木
surname,出川
surname,貝瀬
surname,江間
surname,坪倉
surname,笛木
surname,洞口
surname,八百
surname,桑本
surname,上江洲
surname,島原
surname,鵜野
surname,榎並
surname,鹿田
surname,西江
surname,滝山
surname,梁瀬
surname,稲沢
surname,奥西
surname,篠宮
surname,小日向
surname,小湊
surname,上口
surname,飯高
surname,北中
surname,芦野
surname,村橋
surname,土生
surname,駒崎
surname,古郡
surname,酒見
surname,町野
surname,王
surname,岡庭
surname,釘宮
surname,奈良岡
surname,加山
surname,坂西
surname,南田
surname,矢田部
surname,古江
surname,諸井
surname,西浜
surname,東城
surname,安積
surname,桑畑
surname,刑部
surname,得能
surname,三須
surname,滝谷
surname,谷地
surname,金高
surname,大宅
surname,滝島
surname,湯口
surname,富高
surname,芳村
surname,新本
surname,中野渡
surname,福住
surname,栗崎
surname,鯨井
surname,子安
surname,倉光
surname,砂山
surname,有木
surname,横森
surname,屋敷
surname,泉山
surname,北垣
surname,興津
surname,寺戸
surname,永浜
surname,御園
surname,貴田
surname,樋川
surname,三根
surname,増村
surname,北脇
surname,吉中
surname,山端
surname,仲原
surname,原子
surname,中川原
surname,藁科
surname,渡井
surname,呉
surname,吉橋
surname,伊野
surname,永塚
surname,橋
surname,元吉
surname,上沢
surname,田路
surname,薗部
surname,岩坂
surname,三坂
surname,図師
surname,白谷
surname,志岐
surname,杉木
surname,泉沢
surname,和久田
surname,村元
surname,池松
surname,額賀
surname,入野
surname,阿久根
surname,川東
surname,増谷
surname,多和田
surname,萩田
surname,風見
surname,丸川
surname,今成
surname,足利
surname,角南
surname,秋場
surname,田添
surname,垣本
surname,射場
surname,倉重
surname,久山
surname,行方
surname,塩月
surname,笠谷
surname,俣野
surname,和島
surname,伊部
surname,川平
surname,原川
surname,黒井
surname,幸地
surname,古俣
surname,野畑
surname,延原
surname,宮良
surname,沼野
surname,新留
surname,中桐
surname,中曽根
surname,波多江
surname,白須
surname,薮崎
surname,井岡
surname,作山
surname,中津川
surname,徳島
surname,横道
surname,村口
surname,榎戸
surname,宮山
surname,綱川
surname,塩塚
surname,海田
surname,須原
surname,扇谷
surname,椛沢
surname,森部
surname,池部
surname,馬上
surname,矢木
surname,片瀬
surname,茂野
surname,奥島
surname,有岡
surname,河部
surname,山野辺
surname,国重
surname,袖山
surname,羽石
surname,橘川
surname,宮代
surname,薄
surname,光武
surname,飯森
surname,富島
surname,新関
surname,明田
surname,麓
surname,釜谷
surname,吉竹
surname,栗野
surname,目崎
surname,伊集院
surname,英
surname,坂梨
surname,森泉
surname,木佐貫
surname,羽原
surname,下西
surname,井
surname,吉木
surname,高萩
surname,清瀬
surname,生川
surname,和久
surname,芝本
surname,淵田
surname,安立
surname,永坂
surname,蒲田
surname,藤松
surname,槙原
surname,末光
surname,林崎
surname,稲山
surname,酒田
surname,池亀
surname,日向野
surname,八坂
surname,武者
surname,浦辺
surname,佐倉
surname,友部
surname,榎木
surname,下
surname,海老沼
surname,前橋
surname,天満
surname,安住
surname,上森
surname,福光
surname,牧島
surname,伊庭
surname,勝呂
surname,川
surname,星田
surname,仲地
surname,伝田
surname,藤戸
surname,半谷
surname,米良
surname,吾郷
surname,下園
surname,洲崎
surname,小須田
surname,野内
surname,那須野
surname,谷原
surname,高川
surname,松浪
surname,醍醐
surname,田熊
surname,楠元
surname,塩屋
surname,岡谷
surname,賀川
surname,角屋
surname,渡久地
surname,藤居
surname,礒部
surname,江草
surname,金指
surname,徳久
surname,武蔵
surname,岡松
surname,黒部
surname,乗松
surname,波田野
surname,出島
surname,有元
surname,梁川
surname,叶
surname,釜田
surname,松前
surname,網谷
surname,玉那覇
surname,仁田
surname,千代田
surname,椎原
surname,南方
surname,五木田
surname,中溝
surname,東江
surname,武笠
surname,乙部
surname,大鹿
surname,守
surname,重永
surname,尾畑
surname,和賀
surname,境田
surname,芝山
surname,常松
surname,萱野
surname,行田
surname,高砂
surname,小堺
surname,喜友名
surname,近森
surname,丸子
surname,国見
surname,染川
surname,軍司
surname,穴見
surname,植本
surname,坪根
surname,梶井
surname,時任
surname,竹永
surname,小此木
surname,多賀谷
surname,嵐
surname,虻川
surname,見上
surname,溝江
surname,有光
surname,仁藤
surname,山手
surname,小森谷
surname,染野
surname,木庭
surname,奥寺
surname,沼口
surname,是永
surname,藤橋
surname,富本
surname,槙田
surname,塩津
surname,森実
surname,井山
surname,鷲野
surname,永木
surname,小橋川
surname,朝井
surname,野下
surname,塩島
surname,坪川
surname,登
surname,安松
surname,船水
surname,鶴野
surname,笹部
surname,米井
surname,伊豆
surname,七海
surname,布目
surname,下出
surname,牛丸
surname,赤岩
surname,天本
surname,本
surname,境野
surname,江角
surname,赤平
surname,弥永
surname,三和
surname,勝浦
surname,内
surname,越前
surname,恒松
surname,桐野
surname,波多
surname,鈴川
surname,苅田
surname,松瀬
surname,百々
surname,引田
surname,七条
surname,入倉
surname,有松
surname,安中
surname,浦谷
surname,黒住
surname,重藤
surname,城本
surname,鬼木
surname,山畑
surname,萩本
surname,浪岡
surname,穐山
surname,鮎沢
surname,海老
surname,角本
surname,田場
surname,門口
surname,吉満
surname,江波戸
surname,菊島
surname,沼
surname,前谷
surname,谷合
surname,鷲田
surname,芹川
surname,北畑
surname,辛島
surname,萩
surname,岩脇
surname,五反田
surname,内木
surname,浦井
surname,花山
surname,升田
surname,須佐
surname,伊与田
surname,甲斐田
surname,伊崎
surname,茶木
surname,中浦
surname,来栖
surname,吉越
surname,坂尾
surname,曽根原
surname,板坂
surname,牧内
surname,高根沢
surname,瀬山
surname,二本柳
surname,柳楽
surname,伊勢田
surname,金島
surname,光安
surname,武沢
surname,北上
surname,小柳津
surname,池添
surname,恒吉
surname,作本
surname,倉科
surname,竹部
surname,倉
surname,樽見
surname,天沼
surname,徳野
surname,宇賀
surname,金杉
surname,秋永
surname,鷹取
surname,辰野
surname,長根
surname,岡川
surname,三神
surname,青戸
surname,矢川
surname,粟飯原
surname,玉谷
surname,指田
surname,持丸
surname,大国
surname,白尾
surname,新出
surname,穂坂
surname,御厨
surname,神成
surname,荻
surname,糸永
surname,河北
surname,亀崎
surname,古矢
surname,生沼
surname,鄭
surname,藤掛
surname,徳竹
surname,倉石
surname,保谷
surname,堀込
surname,礒野
surname,越
surname,元井
surname,晴山
surname,芳川
surname,沖津
surname,荻島
surname,蒲池
surname,勅使河原
surname,島中
surname,名嘉
surname,来田
surname,外岡
surname,仲尾
surname,下井
surname,広橋
surname,杉林
surname,波田
surname,崎原
surname,石綿
surname,扇
surname,前岡
surname,坪谷
surname,北郷
surname,卜部
surname,左近
surname,清永
surname,西河
surname,草川
surname,園
surname,樫山
surname,川向
surname,大峰
surname,羽野
surname,十文字
surname,利光
surname,蒲
surname,赤司
surname,大寺
surname,日隈
surname,茂田
surname,宇佐
surname,久保井
surname,児山
surname,松石
surname,赤穂
surname,末木
surname,苫米地
surname,二上
surname,隈部
surname,柴谷
surname,寺林
surname,屋良
surname,青谷
surname,町井
surname,友成
surname,森松
surname,星加
surname,泉水
surname,松見
surname,力丸
surname,勝間
surname,開
surname,坂中
surname,小屋
surname,堀岡
surname,立岡
surname,金平
surname,小田川
surname,安居
surname,塩山
surname,久高
surname,久村
surname,布田
surname,葛谷
surname,細山
surname,石元
surname,千明
surname,柳町
surname,黒羽
surname,寺原
surname,可知
surname,鍵山
surname,大元
surname,大川内
surname,茅根
surname,菊井
surname,城島
surname,尾下
surname,皆木
surname,石戸谷
surname,村谷
surname,伏木
surname,広
surname,上石
surname,成富
surname,大部
surname,田近
surname,田北
surname,米森
surname,篠沢
surname,進士
surname,朝山
surname,石尾
surname,犬伏
surname,鯉淵
surname,坂川
surname,芹田
surname,小野原
surname,朝長
surname,戸口
surname,松長
surname,沼崎
surname,八塚
surname,宮国
surname,山神
surname,川浦
surname,徳江
surname,網代
surname,立沢
surname,奥出
surname,鍵谷
surname,大根田
surname,福浦
surname,船井
surname,平手
surname,阿野
surname,垂水
surname,水流
surname,細淵
surname,渋井
surname,西巻
surname,石郷岡
surname,池浦
surname,白藤
surname,光野
surname,広崎
surname,師岡
surname,鹿毛
surname,仲松
surname,朝岡
surname,美濃部
surname,富
surname,柿内
surname,三留
surname,真子
surname,木俣
surname,庭山
surname,矢原
surname,四戸
surname,車田
surname,大曲
surname,二井
surname,並河
surname,輿水
surname,荒武
surname,高草木
surname,中町
surname,長堀
surname,牧瀬
surname,筧
surname,国谷
surname,黒江
surname,名村
surname,成岡
surname,大栗
surname,粉川
surname,網本
surname,木立
surname,野平
surname,鴻巣
surname,藤浦
surname,柳内
surname,岩戸
surname,城内
surname,丹生
surname,井之上
surname,稲福
surname,海江田
surname,小桧山
surname,楠見
surname,有野
surname,加田
surname,三ツ木
surname,白取
surname,野々垣
surname,下津
surname,江部
surname,川出
surname,北里
surname,阿武
surname,出羽
surname,政岡
surname,成毛
surname,内倉
surname,福丸
surname,宮垣
surname,功刀
surname,多々良
surname,峰島
surname,北園
surname,江坂
surname,柏村
surname,与田
surname,久光
surname,狩俣
surname,松延
surname,正村
surname,津本
surname,木南
surname,水内
surname,大柴
surname,浦口
surname,高辻
surname,今堀
surname,姉崎
surname,乗田
surname,宇根
surname,武島
surname,見目
surname,大丸
surname,田名部
surname,戎
surname,正井
surname,清岡
surname,後藤田
surname,重光
surname,清本
surname,門屋
surname,金津
surname,西端
surname,棚瀬
surname,峰崎
surname,近松
surname,山寺
surname,真辺
surname,西牟田
surname,駒村
surname,佐保
surname,杉元
surname,成清
surname,増原
surname,渡嘉敷
surname,茅原
surname,久留
surname,板津
surname,阿川
surname,寺園
surname,豊沢
surname,永川
surname,高波
surname,倉富
surname,藤坂
surname,武岡
surname,一井
surname,原崎
surname,室橋
surname,渋江
surname,竹之下
surname,番匠
surname,米岡
surname,黄
surname,関塚
surname,笹崎
surname,国光
surname,曽山
surname,奥富
surname,家村
surname,津金
surname,圷
surname,河原田
surname,鎌谷
surname,岩男
surname,西木
surname,椿原
surname,徳増
surname,本松
surname,江副
surname,坂場
surname,三条
surname,潮
surname,竹市
surname,鴨井
surname,向江
surname,降矢
surname,重久
surname,銭谷
surname,武末
surname,佐多
surname,成井
surname,霜鳥
surname,敦賀
surname,畠田
surname,牛込
surname,高岩
surname,沢登
surname,中坪
surname,鳥本
surname,渡口
surname,南原
surname,関矢
surname,細越
surname,鳥谷
surname,薮野
surname,久岡
surname,三隅
surname,七尾
surname,梅垣
surname,福江
surname,伊能
surname,小串
surname,浅間
surname,壷井
surname,金久保
surname,黒宮
surname,枝
surname,杉内
surname,勇
surname,古森
surname,小藤
surname,片上
surname,豊村
surname,稲熊
surname,瓜田
surname,竹松
surname,長部
surname,鈴鹿
surname,塩井
surname,我那覇
surname,桐田
surname,今尾
surname,平方
surname,椋本
surname,管
surname,大日向
surname,米野
surname,広重
surname,根間
surname,小佐野
surname,小又
surname,淵
surname,額田
surname,宗村
surname,松並
surname,大田原
surname,中河
surname,中泉
surname,吉丸
surname,逆井
surname,溝井
surname,跡部
surname,武知
surname,海保
surname,久木
surname,森広
surname,森高
surname,水崎
surname,池間
surname,尾中
surname,矢後
surname,城谷
surname,大内田
surname,武下
surname,脇谷
surname,杵淵
surname,富吉
surname,稲永
surname,鎌野
surname,若本
surname,十亀
surname,富士原
surname,門前
surname,矢ケ崎
surname,税所
surname,中地
surname,畑本
surname,岡内
surname,韮沢
surname,富野
surname,会津
surname,久間
surname,小薮
surname,長町
surname,殿村
surname,道端
surname,徳村
surname,尾西
surname,福吉
surname,武野
surname,井手上
surname,永易
surname,古泉
surname,広渡
surname,今坂
surname,坂井田
surname,長船
surname,平栗
surname,伊川
surname,下浦
surname,熊代
surname,馬田
surname,平柳
surname,北森
surname,永安
surname,円城寺
surname,崎村
surname,竹ノ内
surname,苅部
surname,在原
surname,幅
surname,本井
surname,友寄
surname,屋宜
surname,鹿又
surname,酒谷
surname,須沢
surname,千坂
surname,島尻
surname,蛭間
surname,伊佐治
surname,出崎
surname,新貝
surname,土手
surname,平泉
surname,名田
surname,作間
surname,鹿山
surname,小宅
surname,南場
surname,前中
surname,和智
surname,越山
surname,吉光
surname,間山
surname,江守
surname,真山
surname,尾池
surname,重山
surname,鯉沼
surname,中松
surname,本藤
surname,万田
surname,加々美
surname,阪下
surname,三矢
surname,水戸部
surname,水町
surname,則武
surname,宅間
surname,米丸
surname,右近
surname,押尾
surname,沖中
surname,蒲谷
surname,長久保
surname,中富
surname,藤根
surname,本名
surname,亀島
surname,柴本
surname,岩出
surname,三ツ井
surname,新堂
surname,真坂
surname,真板
surname,当銘
surname,広松
surname,山方
surname,瀬沼
surname,向原
surname,中東
surname,田和
surname,熱海
surname,能美
surname,牛木
surname,早津
surname,守安
surname,新実
surname,幕田
surname,小堤
surname,昼間
surname,野路
surname,犬童
surname,辻内
surname,田井中
surname,道家
surname,枝川
surname,舟越
surname,長森
surname,田倉
surname,飯坂
surname,細沼
surname,松中
surname,森一
surname,竹越
surname,徳富
surname,吉津
surname,山倉
surname,前崎
surname,源田
surname,三堀
surname,仁井
surname,大柿
surname,兼重
surname,秋田谷
surname,椙山
surname,前園
surname,村
surname,米島
surname,引間
surname,梯
surname,刀禰
surname,飯盛
surname,岩坪
surname,菊永
surname,中石
surname,渡慶次
surname,稲嶺
surname,久川
surname,玉岡
surname,小薗
surname,栄田
surname,狩谷
surname,諏佐
surname,赤羽根
surname,越村
surname,下薗
surname,下釜
surname,木塚
surname,橋谷
surname,沓掛
surname,壬生
surname,大仲
surname,豊泉
surname,阿波
surname,千種
surname,二ノ宮
surname,附田
surname,時岡
surname,米須
surname,宮寺
surname,国方
surname,津守
surname,里中
surname,寿
surname,炭谷
surname,尾辻
surname,布村
surname,平下
surname,木戸口
surname,奥崎
surname,粥川
surname,鬼丸
surname,嘉山
surname,丸林
surname,山出
surname,津波古
surname,岸下
surname,三室
surname,吉浜
surname,江成
surname,守本
surname,川角
surname,相坂
surname,竹前
surname,椎橋
surname,肥塚
surname,尾谷
surname,淵脇
surname,本堂
surname,温井
surname,小嶺
surname,千村
surname,大枝
surname,伊倉
surname,塩飽
surname,高羽
surname,小松田
surname,田鍋
surname,畑井
surname,浜畑
surname,友沢
surname,七戸
surname,楯
surname,小野山
surname,池淵
surname,河添
surname,粂
surname,小曽根
surname,折井
surname,硲
surname,苗村
surname,露崎
surname,河南
surname,久末
surname,上戸
surname,大海
surname,末沢
surname,根田
surname,赤峰
surname,力武
surname,御子柴
surname,松吉
surname,上羽
surname,浅水
surname,蓼沼
surname,阿蘇
surname,笹村
surname,西潟
surname,稲留
surname,笹生
surname,須郷
surname,飯倉
surname,飛沢
surname,樋山
surname,堀木
surname,礒田
surname,財部
surname,諸富
surname,小岩井
surname,合原
surname,時枝
surname,神本
surname,泉本
surname,平口
surname,羽藤
surname,奥間
surname,岡西
surname,若田
surname,小坂井
surname,親川
surname,積田
surname,庭田
surname,幸村
surname,七田
surname,小楠
surname,地引
surname,佐合
surname,才田
surname,小館
surname,小鷹
surname,大吉
surname,仲村渠
surname,二俣
surname,井垣
surname,角山
surname,畦地
surname,鍋倉
surname,伊神
surname,浅羽
surname,古謝
surname,広石
surname,酒寄
surname,倉井
surname,竹重
surname,長妻
surname,鶴丸
surname,田伏
surname,副田
surname,栗岡
surname,佐々野
surname,祝
surname,石内
surname,尾林
surname,浜西
surname,並川
surname,紀平
surname,広山
surname,山腰
surname,肥沼
surname,富原
surname,磯川
surname,後閑
surname,長谷山
surname,布野
surname,有富
surname,下司
surname,久場
surname,地主
surname,古口
surname,高場
surname,国定
surname,根上
surname,渋木
surname,小笠
surname,川窪
surname,中薗
surname,都
surname,湯谷
surname,匂坂
surname,牧口
surname,弓田
surname,佐貫
surname,坂谷
surname,勝井
surname,神垣
surname,草柳
surname,玉手
surname,向川
surname,是沢
surname,浅子
surname,大輪
surname,樽谷
surname,余田
surname,下山田
surname,鍵本
surname,川見
surname,能登谷
surname,平崎
surname,輪島
surname,井桁
surname,玉沢
surname,金塚
surname,高浦
surname,財前
surname,宿谷
surname,満留
surname,岡上
surname,山東
surname,松家
surname,船曳
surname,平見
surname,吉島
surname,朽木
surname,戸梶
surname,蔵元
surname,尾身
surname,臼倉
surname,原井
surname,三笠
surname,常見
surname,町
surname,内橋
surname,永末
surname,岸部
surname,港
surname,但馬
surname,竹迫
surname,長津
surname,一之瀬
surname,益山
surname,垣花
surname,館田
surname,秋間
surname,村西
surname,内原
surname,六本木
surname,磯島
surname,屋比久
surname,下川原
surname,具志
surname,古久保
surname,三藤
surname,淵野
surname,余語
surname,橘内
surname,本荘
surname,笠野
surname,吉国
surname,溝辺
surname,松重
surname,赤荻
surname,八木下
surname,穴吹
surname,絹川
surname,今沢
surname,庄
surname,富所
surname,矢尾
surname,位田
surname,枝松
surname,寺野
surname,竹石
surname,立崎
surname,芦谷
surname,榎原
surname,岡橋
surname,桶田
surname,下瀬
surname,江里口
surname,寺元
surname,倉野
surname,中牟田
surname,本部
surname,末富
surname,木之下
surname,竜崎
surname,塩尻
surname,渡壁
surname,片井
surname,早見
surname,鵜木
surname,塩路
surname,九島
surname,辻口
surname,田下
surname,徳元
surname,井戸川
surname,仙頭
surname,大多和
surname,萩野谷
surname,八角
surname,保井
surname,野山
surname,小金井
surname,石
surname,池之上
surname,釣
surname,鶴川
surname,良知
surname,高浪
surname,佐久川
surname,大路
surname,湯村
surname,日景
surname,井波
surname,三次
surname,小町
surname,上滝
surname,沢畑
surname,広兼
surname,手代木
surname,政木
surname,青池
surname,曽根田
surname,北浜
surname,有我
surname,重見
surname,西松
surname,坪
surname,磯本
surname,下中
surname,新屋敷
surname,津谷
surname,伊坂
surname,沖原
surname,近内
surname,寺師
surname,上屋
surname,増島
surname,木林
surname,友広
surname,露口
surname,永橋
surname,亀本
surname,勝原
surname,森江
surname,深作
surname,二口
surname,鷲津
surname,加部
surname,梶間
surname,吉開
surname,吉倉
surname,月田
surname,溝川
surname,荒関
surname,槙本
surname,和地
surname,金藤
surname,駒木
surname,小長井
surname,神里
surname,大渡
surname,藤牧
surname,馬込
surname,萩森
surname,奥脇
surname,花見
surname,伊関
surname,久貝
surname,荒山
surname,樽本
surname,中屋敷
surname,井ノ上
surname,滝村
surname,朝川
surname,天内
surname,畑沢
surname,北方
surname,茂手木
surname,稲津
surname,塩出
surname,押谷
surname,岩部
surname,小石川
surname,星原
surname,西里
surname,平元
surname,鳥沢
surname,浜屋
surname,嶺井
surname,鷲巣
surname,古西
surname,丹後
surname,藤咲
surname,二橋
surname,因幡
surname,館林
surname,古寺
surname,甲賀
surname,高屋敷
surname,坪山
surname,尾坂
surname,粟井
surname,国崎
surname,崎野
surname,須長
surname,鶴原
surname,芳田
surname,麻野
surname,久郷
surname,杉島
surname,星名
surname,折本
surname,太刀川
surname,福尾
surname,加藤木
surname,岩藤
surname,桂木
surname,黒谷
surname,小手川
surname,捧
surname,井戸田
surname,柿島
surname,宮迫
surname,早水
surname,椎谷
surname,白子
surname,浜端
surname,宇藤
surname,園原
surname,桑江
surname,行木
surname,轟木
surname,天笠
surname,綾
surname,笠川
surname,関岡
surname,寺町
surname,小迫
surname,菖蒲
surname,大向
surname,米内
surname,桐村
surname,今藤
surname,神園
surname,石間
surname,続木
surname,竹淵
surname,津波
surname,茂原
surname,永戸
surname,見城
surname,今崎
surname,四方田
surname,真栄城
surname,川岡
surname,船岡
surname,滝内
surname,谷畑
surname,宇都木
surname,越後谷
surname,下道
surname,御園生
surname,今江
surname,大桃
surname,富崎
surname,米盛
surname,北風
surname,治田
surname,鹿間
surname,竹添
surname,田
surname,保泉
surname,北河
surname,名波
surname,矢谷
surname,与座
surname,岩越
surname,菊原
surname,後
surname,今別府
surname,真保
surname,神宮司
surname,日野原
surname,平中
surname,立道
surname,永留
surname,原本
surname,今出
surname,鎗田
surname,片貝
surname,堀沢
surname,久保川
surname,池尾
surname,布谷
surname,今宮
surname,朝妻
surname,堀家
surname,井畑
surname,古岡
surname,山宮
surname,石口
surname,徳
surname,門川
surname,一丸
surname,出町
surname,小田倉
surname,中俣
surname,有薗
surname,蛯沢
surname,坂詰
surname,三部
surname,指宿
surname,上床
surname,貞方
surname,柏井
surname,浜尾
surname,侭田
surname,浪川
surname,笈川
surname,沓名
surname,松竹
surname,都甲
surname,栃原
surname,馬屋原
surname,飯室
surname,芳沢
surname,矢本
surname,萱沼
surname,駿河
surname,大久
surname,大洞
surname,馬野
surname,白砂
surname,有江
surname,岳
surname,古味
surname,舟田
surname,小田中
surname,蓮田
surname,伊勢谷
surname,井阪
surname,恵良
surname,高峰
surname,高嶺
surname,砂子
surname,盛岡
surname,折口
surname,川波
surname,道本
surname,牧本
surname,目時
surname,淀川
surname,家入
surname,広津
surname,坂木
surname,小越
surname,仁井田
surname,生沢
surname,倉永
surname,長本
surname,銘苅
surname,安元
surname,雨森
surname,瀬上
surname,成尾
surname,田形
surname,掛水
surname,山代
surname,其田
surname,長戸
surname,八戸
surname,嶺
surname,芦刈
surname,天間
surname,隈本
surname,室賀
surname,田鎖
surname,平光
surname,空閑
surname,熊切
surname,神前
given_name,翔太
given_name,蓮
given_name,翔
given_name,陸
given_name,颯太
given_name,悠斗
given_name,大翔
given_name,翼
given_name,樹
given_name,奏太
given_name,大和
given_name,大輝
given_name,悠
given_name,隼人
given_name,健太
given_name,大輔
given_name,駿
given_name,陽斗
given_name,優
given_name,陽
given_name,拓海
given_name,誠
given_name,悠人
given_name,仁
given_name,悠太
given_name,大地
given_name,悠真
given_name,遼
given_name,健
given_name,大樹
given_name,響
given_name,諒
given_name,太一
given_name,一郎
given_name,優斗
given_name,海斗
given_name,亮
given_name,颯
given_name,亮太
given_name,匠
given_name,航
given_name,陽太
given_name,瑛太
given_name,直樹
given_name,空
given_name,太郎
given_name,光
given_name,輝
given_name,一輝
given_name,蒼
given_name,剛
given_name,涼太
given_name,拓真
given_name,龍之介
given_name,潤
given_name,隼
given_name,達也
given_name,健太郎
given_name,葵
given_name,太陽
given_name,聡
given_name,悠生
given_name,雄大
given_name,奏
given_name,啓太
given_name,陽向
given_name,楓
given_name,一樹
given_name,涼
given_name,悠希
given_name,陸斗
given_name,勇人
given_name,拓哉
given_name,優希
given_name,虎太郎
given_name,蒼太
given_name,和也
given_name,淳
given_name,蒼空
given_name,渉
given_name,和真
given_name,拓也
given_name,新
given_name,優太
given_name,智也
given_name,歩
given_name,悠翔
given_name,伊織
given_name,優真
given_name,大智
given_name,直人
given_name,俊介
given_name,巧
given_name,司
given_name,晃
given_name,琉生
given_name,諒太
given_name,凌
given_name,碧
given_name,慧
given_name,大
given_name,一
given_name,優輝
given_name,聡太
given_name,真
given_name,一真
given_name,陽翔
given_name,日向
given_name,颯真
given_name,慶太
given_name,哲也
given_name,陽大
given_name,湊
given_name,凛
given_name,怜
given_name,漣
given_name,大貴
given_name,優人
given_name,海
given_name,拓実
given_name,雄太
given_name,優汰
given_name,陽仁
given_name,徹
given_name,学
given_name,凛太郎
given_name,幹太
given_name,颯汰
given_name,翔大
given_name,朝陽
given_name,遥斗
given_name,慶
given_name,龍
given_name,伊吹
given_name,心
given_name,颯人
given_name,大介
given_name,聖
given_name,晴
given_name,大雅
given_name,豊
given_name,航太
given_name,圭吾
given_name,和輝
given_name,俊輔
given_name,櫂
given_name,柊
given_name,健人
given_name,和樹
given_name,海翔
given_name,煌
given_name,琢磨
given_name,光希
given_name,陽生
given_name,歩夢
given_name,圭
given_name,健一
given_name,武
given_name,琥太郎
given_name,寛太
given_name,智
given_name,廉
given_name,俊
given_name,祐樹
given_name,大河
given_name,悠大
given_name,薫
given_name,光輝
given_name,春樹
given_name,航大
given_name,真人
given_name,隆
given_name,拓
given_name,修
given_name,裕太
given_name,陽介
given_name,康太
given_name,悠貴
given_name,圭太
given_name,大駕
given_name,陽人
given_name,陽希
given_name,陽輝
given_name,航平
given_name,翔真
given_name,遥
given_name,悠仁
given_name,大空
given_name,颯斗
given_name,勇太
given_name,隼斗
given_name,快
given_name,崇
given_name,優樹
given_name,悠樹
given_name,陸人
given_name,明
given_name,要
given_name,奏汰
given_name,玲
given_name,拓斗
given_name,大志
given_name,大悟
given_name,和希
given_name,拓人
given_name,瑛斗
given_name,遼太郎
given_name,瞬
given_name,颯大
given_name,雅人
given_name,遼太
given_name,昴
given_name,裕
given_name,涼介
given_name,勇
given_name,慎太郎
given_name,悟
given_name,優翔
given_name,康介
given_name,勇斗
given_name,智哉
given_name,健斗
given_name,瑞樹
given_name,蒼大
given_name,亮介
given_name,駿介
given_name,暁
given_name,優大
given_name,篤
given_name,和
given_name,稜
given_name,雅也
given_name,海人
given_name,悠介
given_name,駿太
given_name,拓磨
given_name,悠馬
given_name,創
given_name,啓
given_name,賢
given_name,秀樹
given_name,佑
given_name,理人
given_name,暖
given_name,悠輝
given_name,裕貴
given_name,寛
given_name,敦
given_name,祐介
given_name,敬太
given_name,元
given_name,寛人
given_name,亘
given_name,真一
given_name,蒼生
given_name,蒼真
given_name,旭
given_name,正樹
given_name,直輝
given_name,尊
given_name,佑樹
given_name,康平
given_name,直哉
given_name,舜
given_name,豪
given_name,大成
given_name,孝太郎
given_name,怜央
given_name,裕也
given_name,望
given_name,晴斗
given_name,純
given_name,勇輝
given_name,瑛
given_name,啓介
given_name,晴人
given_name,琉斗
given_name,結人
given_name,岳
given_name,祐太
given_name,直也
given_name,恵太
given_name,将太
given_name,彰
given_name,周
given_name,玲央
given_name,裕樹
given_name,直
given_name,稔
given_name,健吾
given_name,新太
given_name,凌太
given_name,創太
given_name,結斗
given_name,康生
given_name,友哉
given_name,青空
given_name,正人
given_name,佑真
given_name,祐
given_name,琥珀
given_name,然
given_name,翔太郎
given_name,竜也
given_name,陽樹
given_name,元気
given_name,瑛人
given_name,晴輝
given_name,武蔵
given_name,真也
given_name,旬
given_name,良太
given_name,哲
given_name,勝
given_name,瑛大
given_name,力
given_name,洋
given_name,快斗
given_name,斗真
given_name,朔
given_name,佑太
given_name,英樹
given_name,慎
given_name,琉
given_name,健介
given_name,実
given_name,瑞希
given_name,幸太郎
given_name,祐希
given_name,博
given_name,毅
given_name,浩
given_name,洋平
given_name,隆太
given_name,和哉
given_name,一朗
given_name,倫太郎
given_name,龍馬
given_name,遥人
given_name,暖人
given_name,耀
given_name,孝太
given_name,俊太
given_name,圭介
given_name,裕介
given_name,陽平
given_name,璃空
given_name,壮太
given_name,幸太
given_name,竜之介
given_name,優弥
given_name,卓也
given_name,煌大
given_name,拓馬
given_name,優也
given_name,充
given_name,奏大
given_name,未来
given_name,泰成
given_name,晴樹
given_name,千尋
given_name,航輝
given_name,温人
given_name,昊
given_name,圭佑
given_name,哲平
given_name,丈
given_name,貫太
given_name,洋介
given_name,優介
given_name,晃太
given_name,奏多
given_name,宙
given_name,猛
given_name,貴之
given_name,勇樹
given_name,圭祐
given_name,朔太郎
given_name,洸太
given_name,竜馬
given_name,智樹
given_name,陽一
given_name,奏真
given_name,雄一
given_name,恭平
given_name,晃大
given_name,爽太
given_name,健二
given_name,健司
given_name,礼
given_name,将
given_name,純平
given_name,琉聖
given_name,航太郎
given_name,大希
given_name,瑞貴
given_name,功
given_name,秀
given_name,雄介
given_name,一成
given_name,聖也
given_name,煌太
given_name,悠也
given_name,優生
given_name,玲音
given_name,優貴
given_name,孝
given_name,颯馬
given_name,進
given_name,奏人
given_name,修平
given_name,慎之介
given_name,一馬
given_name,駿斗
given_name,蒼介
given_name,天
given_name,莉玖
given_name,峻
given_name,翔馬
given_name,勇翔
given_name,類
given_name,楓太
given_name,寛大
given_name,魁
given_name,塁
given_name,和馬
given_name,洸
given_name,茂
given_name,篤志
given_name,海音
given_name,蓮斗
given_name,純一郎
given_name,宗一郎
given_name,陸翔
given_name,幸輝
given_name,慎也
given_name,泰生
given_name,太智
given_name,真大
given_name,拓巳
given_name,律
given_name,稜太
given_name,虎太朗
given_name,遥翔
given_name,唯人
given_name,颯介
given_name,祐輔
given_name,慎吾
given_name,大祐
given_name,祐輝
given_name,篤史
given_name,大夢
given_name,一希
given_name,祥太
given_name,誠人
given_name,悠雅
given_name,優心
given_name,一颯
given_name,一翔
given_name,春
given_name,純一
given_name,亨
given_name,壮真
given_name,春輝
given_name,拓弥
given_name,壮
given_name,湊太
given_name,泰雅
given_name,航希
given_name,和彦
given_name,正
given_name,浩二
given_name,大知
given_name,秀人
given_name,理
given_name,智之
given_name,小太郎
given_name,蒼汰
given_name,隆之介
given_name,達哉
given_name,悠太郎
given_name,昇
given_name,賢人
given_name,雄斗
given_name,宏
given_name,琉偉
given_name,温
given_name,凪
given_name,奏斗
given_name,龍太郎
given_name,睦
given_name,唯斗
given_name,優成
given_name,宏樹
given_name,賢一
given_name,成
given_name,裕人
given_name,智貴
given_name,尚
given_name,亮輔
given_name,博之
given_name,雅治
given_name,浩司
given_name,海里
given_name,風雅
given_name,優哉
given_name,翔吾
given_name,龍太
given_name,理玖
given_name,浩一
given_name,禅
given_name,瑛士
given_name,凛太朗
given_name,弘樹
given_name,忍
given_name,龍生
given_name,卓
given_name,和弥
given_name,勇気
given_name,天翔
given_name,勉
given_name,真吾
given_name,翔平
given_name,遼真
given_name,圭悟
given_name,雅
given_name,悠哉
given_name,誠也
given_name,開
given_name,航汰
given_name,翔汰
given_name,翔琉
given_name,智輝
given_name,愛斗
given_name,正宗
given_name,俊哉
given_name,雅之
given_name,大誠
given_name,遥輝
given_name,周平
given_name,陽貴
given_name,守
given_name,和人
given_name,拓未
given_name,譲
given_name,琥太朗
given_name,遼介
given_name,光太郎
given_name,永遠
given_name,祐斗
given_name,康太郎
given_name,匠真
given_name,裕之
given_name,一貴
given_name,航生
given_name,智大
given_name,裕斗
given_name,朝日
given_name,伶
given_name,奏音
given_name,晶
given_name,大晴
given_name,大斗
given_name,良平
given_name,連
given_name,泰知
given_name,理仁
given_name,蒼士
given_name,侑
given_name,蒼馬
given_name,和磨
given_name,佑斗
given_name,碧斗
given_name,龍一
given_name,将大
given_name,祐人
given_name,大吾
given_name,悠汰
given_name,希
given_name,英明
given_name,竜
given_name,朔也
given_name,修一
given_name,秀明
given_name,裕一
given_name,蓮太郎
given_name,柊斗
given_name,啓人
given_name,流星
given_name,広大
given_name,祐貴
given_name,太朗
given_name,晴太
given_name,爽
given_name,清
given_name,悠吾
given_name,敬
given_name,直希
given_name,京介
given_name,遼大
given_name,玄
given_name,優作
given_name,真翔
given_name,真輝
given_name,晴希
given_name,迅
given_name,晃生
given_name,弘
given_name,透
given_name,秀一
given_name,麟太郎
given_name,恭介
given_name,泰地
given_name,穣
given_name,祐真
given_name,馨
given_name,夏樹
given_name,拓己
given_name,優一
given_name,遥大
given_name,環
given_name,慶人
given_name,悠成
given_name,敦也
given_name,謙
given_name,樹生
given_name,瑛介
given_name,武琉
given_name,遙
given_name,理央
given_name,悠登
given_name,和志
given_name,賢治
given_name,陽真
given_name,悠陽
given_name,章
given_name,淳平
given_name,雄飛
given_name,幹大
given_name,龍斗
given_name,良
given_name,智紀
given_name,恵
given_name,涼太郎
given_name,祥
given_name,淳一
given_name,洋一
given_name,柊太
given_name,澪
given_name,友樹
given_name,璃久
given_name,和貴
given_name,秀太
given_name,春人
given_name,裕大
given_name,仁志
given_name,宇宙
given_name,諒真
given_name,遥希
given_name,啓吾
given_name,将人
given_name,友貴
given_name,佑介
given_name,悠月
given_name,凱
given_name,勇希
given_name,翔也
given_name,晴翔
given_name,八雲
given_name,慶介
given_name,竣
given_name,勇真
given_name,純也
given_name,柊真
given_name,貴史
given_name,陽登
given_name,凌大
given_name,涼平
given_name,真斗
given_name,快人
given_name,春斗
given_name,拓翔
given_name,碧生
given_name,理久
given_name,真生
given_name,正和
given_name,宗太
given_name,空良
given_name,俊太郎
given_name,武志
given_name,信
given_name,健一郎
given_name,肇
given_name,結太
given_name,善
given_name,悠輔
given_name,健心
given_name,莉久
given_name,楽
given_name,幸大
given_name,優雅
given_name,巧真
given_name,聖人
given_name,雅斗
given_name,惺
given_name,圭一
given_name,泰輝
given_name,大喜
given_name,優仁
given_name,浩太
given_name,悠聖
given_name,尚人
given_name,雄一郎
given_name,慶吾
given_name,秀斗
given_name,嶺
given_name,隆志
given_name,陵
given_name,謙信
given_name,孔明
given_name,慎一
given_name,楓真
given_name,瑞生
given_name,櫂斗
given_name,侑真
given_name,琉星
given_name,智史
given_name,怜音
given_name,賢太郎
given_name,剛志
given_name,駈
given_name,隼翔
given_name,晴貴
given_name,碧人
given_name,隆一
given_name,知樹
given_name,貴志
given_name,雅樹
given_name,勲
given_name,瑛汰
given_name,晴生
given_name,春希
given_name,隆史
given_name,誠一
given_name,友也
given_name,真之介
given_name,璃玖
given_name,涼真
given_name,貴大
given_name,雄貴
given_name,優志
given_name,秀喜
given_name,煌生
given_name,基
given_name,亮平
given_name,浩之
given_name,温大
given_name,晴大
given_name,真央
given_name,将吾
given_name,遙斗
given_name,遥太
given_name,満
given_name,賢太
given_name,稜真
given_name,正義
given_name,怜生
given_name,尚輝
given_name,結翔
given_name,謙太
given_name,夏輝
given_name,遙人
given_name,裕司
given_name,俊也
given_name,想
given_name,亮太郎
given_name,誉
given_name,凛空
given_name,晃輝
given_name,快晴
given_name,晃平
given_name,慎一郎
given_name,雄也
given_name,陽汰
given_name,息吹
given_name,聡介
given_name,尚樹
given_name,柊哉
given_name,一心
given_name,光一
given_name,恵介
given_name,詩音
given_name,響生
given_name,晴喜
given_name,勘太
given_name,湊人
given_name,健志
given_name,敦史
given_name,康弘
given_name,隼士
given_name,琉翔
given_name,祐一
given_name,竜太
given_name,蓮人
given_name,直弥
given_name,友希
given_name,聡志
given_name,瞭
given_name,羽琉
given_name,龍也
given_name,英寿
given_name,右京
given_name,真太郎
given_name,功樹
given_name,朗
given_name,凌空
given_name,真樹
given_name,健太朗
given_name,晴也
given_name,奏介
given_name,耕平
given_name,亮佑
given_name,隼太
given_name,省吾
given_name,祐也
given_name,慶一
given_name,瑠偉
given_name,裕真
given_name,剛史
given_name,拓夢
given_name,泰
given_name,聡一郎
given_name,風太
given_name,泰志
given_name,丞
given_name,央
given_name,隆司
given_name,蓮太
given_name,諒介
given_name,渚
given_name,佑哉
given_name,皓太
given_name,知輝
given_name,誠司
given_name,空翔
given_name,琉太
given_name,吏玖
given_name,友輝
given_name,泰樹
given_name,光樹
given_name,智仁
given_name,彰人
given_name,靖
given_name,蒼斗
given_name,翠
given_name,和幸
given_name,壮汰
given_name,悠弥
given_name,智久
given_name,穂高
given_name,湊斗
given_name,健治
given_name,隆太郎
given_name,龍星
given_name,優馬
given_name,真司
given_name,僚
given_name,貴文
given_name,有
given_name,雅貴
given_name,飛鳥
given_name,創大
given_name,徹平
given_name,武尊
given_name,拓郎
given_name,慧太
given_name,温斗
given_name,智希
given_name,太志
given_name,陽音
given_name,浩志
given_name,絆
given_name,一志
given_name,陽葵
given_name,悠矢
given_name,聡真
given_name,蓮音
given_name,大聖
given_name,寿
given_name,健悟
given_name,侑大
given_name,優太郎
given_name,飛翔
given_name,正太郎
given_name,晃一
given_name,一也
given_name,晃成
given_name,龍輝
given_name,鉄平
given_name,洸希
given_name,大生
given_name,秀真
given_name,幸樹
given_name,昂
given_name,幸之助
given_name,総
given_name,汰一
given_name,和弘
given_name,英雄
given_name,雄真
given_name,晃太郎
given_name,壮一郎
given_name,一平
given_name,正明
given_name,浩平
given_name,慶悟
given_name,義人
given_name,結
given_name,将也
given_name,惇
given_name,総司
given_name,晟
given_name,太
given_name,総一郎
given_name,隆之
given_name,佳祐
given_name,凛人
given_name,透真
given_name,克己
given_name,楓雅
given_name,修司
given_name,優吾
given_name,雅史
given_name,宗佑
given_name,秀和
given_name,凛太
given_name,翔斗
given_name,耀太
given_name,大我
given_name,魁斗
given_name,綾
given_name,遥登
given_name,諭
given_name,裕二
given_name,良介
given_name,光貴
given_name,英太
given_name,悠磨
given_name,隼也
given_name,琉空
given_name,錬
given_name,翔一
given_name,絢斗
given_name,信長
given_name,零
given_name,一磨
given_name,想太
given_name,柚希
given_name,新大
given_name,匡
given_name,泰智
given_name,悠平
given_name,広樹
given_name,健翔
given_name,悠紀
given_name,一太
given_name,陽紀
given_name,一哉
given_name,俊祐
given_name,晋
given_name,翔生
given_name,麗
given_name,健生
given_name,亮汰
given_name,慶次
given_name,知也
given_name,晃希
given_name,夏生
given_name,幸一
given_name,和宏
given_name,誠一郎
given_name,脩
given_name,魁人
given_name,駿平
given_name,裕紀
given_name,北斗
given_name,光太
given_name,伸
given_name,幹
given_name,裕翔
given_name,伸一
given_name,珀
given_name,琉希
given_name,悠悟
given_name,幸生
given_name,柊人
given_name,啓斗
given_name,昂大
given_name,颯太郎
given_name,康
foreign,スターク
foreign,ムシーナ
foreign,ヴァルデス
foreign,グロウカット
foreign,シンクレア
foreign,ジャロウ
foreign,オースチン
foreign,ハンター
foreign,ピータース
foreign,ボラン
foreign,ルブラン
foreign,カンケル
foreign,ショーン
foreign,ロイツマン
foreign,コーリー
foreign,チミノ
foreign,ドパルデュ
foreign,ニック
foreign,ガラン
foreign,マースデン
foreign,ハリソン
foreign,ウォーケン
foreign,マンザネラ
foreign,リコ
foreign,ボッタリコ
foreign,バードン
foreign,ディクソン
foreign,コリンズ
foreign,ファーロー
foreign,グリーコ
foreign,ボー
foreign,チャフィ
foreign,ゴーマン
foreign,ベイシンガ
foreign,キーラ
foreign,リスティ
foreign,モリー
foreign,バース
foreign,マレーネ
foreign,ヒギンズ
foreign,ピケット
foreign,バディム
foreign,グリフィン
foreign,ブリーデン
foreign,アステア
foreign,グッデン
foreign,ワイマン
foreign,チェビ
foreign,イップ
foreign,ブレッシング
foreign,シュワーズ
foreign,レニー
foreign,ギュラーム
foreign,アナキン
foreign,デンプシー
foreign,コスキー
foreign,グレッチ
foreign,コットン
foreign,シーゲル
foreign,ソリアーノ
foreign,カスティーヨ
foreign,ホッペン
foreign,バイ
foreign,レムリンガー
foreign,デラップ
foreign,ゴウサード
foreign,スパイク
foreign,ハンプトン
foreign,ジェイソン
foreign,クレイザ
foreign,ルービン
foreign,アスター
foreign,ダニーロ
foreign,ダンソン
foreign,トム
foreign,ガロイ
foreign,キャノン
foreign,イエーツ
foreign,フレイサ
foreign,ムーン
foreign,リクター
foreign,デューク
foreign,マッソ
foreign,テハダ
foreign,スピルバーグ
foreign,レイク
foreign,カストロ
foreign,シートン
foreign,ジェンマ
foreign,モラニス
foreign,ダグ
foreign,アロマー
foreign,ミンチー
foreign,バンプス
foreign,ウェールズ
foreign,ジーク
foreign,ビノシュ
foreign,シピン
foreign,ガルシア
foreign,バウアー
foreign,ガレアード
foreign,デュライ
foreign,バーゲン
foreign,レイアー
foreign,カリヤ
foreign,レッカ
foreign,オーシャン
foreign,ラトレル
foreign,スマイリー
foreign,マシソン
foreign,ジョゼッペ
foreign,マクナルティ
foreign,テイラー
foreign,リックス
foreign,ドナルドソン
foreign,フットレル
foreign,モーリス
foreign,ムトンボ
foreign,サンシャス
foreign,ブニュエル
foreign,サンダース
foreign,ロックネイン
foreign,ブラックマン
foreign,ギスラン
foreign,ホーナー
foreign,ボガード
foreign,リック
foreign,マイケル
foreign,ジョハンソン
foreign,デビッド
foreign,ポンティ
foreign,ラシーズ
foreign,モスビー
foreign,ルイ
foreign,アーノット
foreign,リズバーガー
foreign,シュミット
foreign,ツィンター
foreign,オーテンジオ
foreign,マクヴィー
foreign,テーラー
foreign,イグレシアス
foreign,ダニー
foreign,ブレッカー
foreign,ミューラ
foreign,カート
foreign,ジュリオ
foreign,ピアス
foreign,レーシッチ
foreign,キアヌ
foreign,ハミルトン
foreign,ハーベイ
foreign,スウェイジ
foreign,クレンナ
foreign,ジョゼ
foreign,サマー
foreign,リフィン
foreign,ゴーハン
foreign,ボワロー
foreign,ボニーヤ
foreign,ブルース
foreign,スティルス
foreign,バレッツァ
foreign,レイギュエラ
foreign,ケラー
foreign,ライアット
foreign,ピエトロ
foreign,ハムリク
foreign,トイスライ
foreign,ローガン
foreign,エルドレッド
foreign,バナザード
foreign,インボーデン
foreign,キャス
foreign,ウェイト
foreign,アッテンボロ
foreign,カーター
foreign,ワッツ
foreign,オジー
foreign,チャンス
foreign,テッドラント
foreign,ディアス
foreign,クルツマン
foreign,シュタイン
foreign,セルフ
foreign,バリモア
foreign,スノー
foreign,アデント
foreign,ベルモンド
foreign,レット
foreign,マイニエリ
foreign,ランダル
foreign,モンタルバン
foreign,リムリア
foreign,ロビン
foreign,ズボフ
foreign,オバノン
foreign,メイヒュ
foreign,パスコ
foreign,プロンガー
foreign,プラマ
foreign,シグレー
foreign,ウィリス
foreign,マネー
foreign,レオス
foreign,ポワロ
foreign,ハロウェイ
foreign,レルフ
foreign,ホール
foreign,シマック
foreign,サージェント
foreign,ホスキンス
foreign,テスタ
foreign,サンタナ
foreign,ヘイワース
foreign,バンプ
foreign,バーガー
foreign,エディン
foreign,ポレドウリス
foreign,モファト
foreign,マティソン
foreign,スピークス
foreign,オルコット
foreign,リッジリー
foreign,ボネット
foreign,リヴライアン
foreign,ウッズ
foreign,リナレス
foreign,マルチネス
foreign,ハモンズ
foreign,フレーベ
foreign,ジョー
foreign,ビング
foreign,フォグリオ
foreign,バクスター
foreign,チャップマン
foreign,リリト
foreign,ビグロ
foreign,テーズ
foreign,アイバー
foreign,バレイ
foreign,ヴァレンティ
foreign,ペキンパー
foreign,エイバリー
foreign,クールマン
foreign,バンチ
foreign,トレミノ
foreign,ダブニ
foreign,コンティ
foreign,ディカプリオ
foreign,プルマン
foreign,リン
foreign,ジャド
foreign,アリ
foreign,レイン
foreign,スタイガー
foreign,ハグラー
foreign,ブロンソン
foreign,シャーリー
foreign,リット
foreign,マッグロー
foreign,バスター
foreign,シェフ
foreign,ケネディ
foreign,ゼラズニイ
foreign,ルーウェン
foreign,アローヨ
foreign,アルカード
foreign,オケイセク
foreign,マシュ
foreign,アイボリー
foreign,ノーマン
foreign,ピルツスキー
foreign,キャラダイン
foreign,アンデルソン
foreign,マーズ
foreign,カービー
foreign,ヴィーニャ
foreign,ハインライン
foreign,マニュエル
foreign,ポゾ
foreign,ファーゴ
foreign,マッギー
foreign,スペクター
foreign,バート
foreign,レイット
foreign,ペニシリン
foreign,オドネル
foreign,ジョイス
foreign,マクラッケン
foreign,エオリア
foreign,ブラントリー
foreign,ドリュー
foreign,エイデア
foreign,ケメルマン
foreign,フレミング
foreign,ウイリアムス
foreign,ダール
foreign,マトリン
foreign,ラフレンツ
foreign,ビールズ
foreign,ベン
foreign,バイゼル
foreign,ノワレ
foreign,ウィリアム
foreign,バレンチノ
foreign,マラバー
foreign,カイリー
foreign,ハモンド
foreign,ジェイ
foreign,ディンフィオ
foreign,フォンテーン
foreign,リカルド
foreign,ロマーヌ
foreign,コミッター
foreign,コスタ
foreign,ボレス
foreign,シリーロ
foreign,ハドラー
foreign,ペレ
foreign,ユスチノフ
foreign,トルビー
foreign,ネストアール
foreign,バーケット
foreign,オズワルド
foreign,バーティスタ
foreign,ネリガン
foreign,アクロイド
foreign,ベック
foreign,ルノアール
foreign,シュマッチャ
foreign,ラップ
foreign,スウィフト
foreign,ヘルムス
foreign,バーデン
foreign,スティーブ
foreign,アドロン
foreign,ジャクソン
foreign,ブリットン
foreign,コーミー
foreign,ミセリ
foreign,ラジオ
foreign,イエジ
foreign,シャブロル
foreign,デューリー
foreign,エミルトン
foreign,ポートマン
foreign,アルレー
foreign,オットー
foreign,グルーム
foreign,リーチ
foreign,バロウズ
foreign,ビンセント
foreign,ファン
foreign,アッシャー
foreign,ゴダール
foreign,グロス
foreign,コステロ
foreign,ソルト
foreign,シュライト
foreign,テリー
foreign,ロドリゲス
foreign,シェーダ
foreign,ストラーロ
foreign,アレフ
foreign,ハーンズ
foreign,キメル
foreign,ウォルハイム
foreign,ドナー
foreign,マッカーシー
foreign,スペンサー
foreign,メルビン
foreign,ロビンスン
foreign,ルパート
foreign,ラセル
foreign,セロー
foreign,セレック
foreign,リーン
foreign,ネルソン
foreign,ジョーダン
foreign,パリロ
foreign,ベニテス
foreign,ペネロープ
foreign,デウィット
foreign,カンピオン
foreign,ブロハード
foreign,バートン
foreign,ウィア
foreign,ウェルチ
foreign,ヴォルマン
foreign,ウォルトン
foreign,サクソン
foreign,ロミー
foreign,シェーベルイ
foreign,ガリバー
foreign,アンブラー
foreign,ロトゥンノ
foreign,スペンス
foreign,ハイランド
foreign,フェニックス
foreign,ノリス
foreign,ドレヤ
foreign,ライス
foreign,フィッシャー
foreign,デイブ
foreign,ハスケル
foreign,マクベイン
foreign,コルブラン
foreign,アシム
foreign,ミューサー
foreign,ディーツ
foreign,エメリー
foreign,セルジュ
foreign,ランドール
foreign,セリオス
foreign,アイシャム
foreign,シポムリナ
foreign,シムジク
foreign,フライバーグ
foreign,サンチャゴ
foreign,シェル
foreign,デビッドソン
foreign,レインズ
foreign,ペパード
foreign,ブランド
foreign,オズモンド
foreign,リーブ
foreign,オッテロ
foreign,アダムスキー
foreign,キャトラル
foreign,ペイトン
foreign,ブッチ
foreign,ティベル
foreign,ヒル
foreign,ドモンジョ
foreign,クーリア
foreign,オスコロ
foreign,レンド
foreign,ウォーレン
foreign,ドーフスマン
foreign,ガービッツ
foreign,ミューア
foreign,ホーンスビー
foreign,ペイス
foreign,マンワリング
foreign,サルド
foreign,ケイジ
foreign,カウリスマキ
foreign,ルビル
foreign,バーニック
foreign,タルボット
foreign,エルマ
foreign,デントン
foreign,レオナルド
foreign,ノグラティ
foreign,ヘイズ
foreign,マッギン
foreign,アシュビー
foreign,バリー
foreign,オハラ
foreign,ジャミ
foreign,ガンダーソン
foreign,マクエルロイ
foreign,ファウラー
foreign,ディラン
foreign,セクストン
foreign,ストイック
foreign,クールスン
foreign,パンプトン
foreign,ガーネット
foreign,エッジ
foreign,エミール
foreign,タイドウェル
foreign,デービソン
foreign,カーマイン
foreign,ソレント
foreign,ウルフ
foreign,ゲイテス
foreign,カーク
foreign,ナナリー
foreign,ガー
foreign,トロムブリー
foreign,パウエル
foreign,カーロフ
foreign,ダーク
foreign,ドルフ
foreign,オマリー
foreign,レンフロ
foreign,ティムリン
foreign,サーティーズ
foreign,パリデス
foreign,ニルス
foreign,ケアリー
foreign,アジャーニ
foreign,ハドソン
foreign,李
foreign,モレイラ
foreign,リチャード
foreign,ドレイファス
foreign,バージェス
foreign,シャトナー
foreign,トラヴァース
foreign,アーネス
foreign,ライディ
foreign,カッツェー
foreign,キートン
foreign,キーオ
foreign,アーミテイジ
foreign,マクレモア
foreign,アスプロ
foreign,マレー
foreign,パルックス
foreign,ランスロット
foreign,クレーム
foreign,マッチオ
foreign,ユーセイビオ
foreign,トリート
foreign,コンクリン
foreign,デイエット
foreign,ライアス
foreign,マット
foreign,モンタン
foreign,ギルバート
foreign,ヒックス
foreign,シェンパート
foreign,バレット
foreign,ガドロー
foreign,オージェ
foreign,ダグラス
foreign,ハーシュ
foreign,マックス
foreign,アベル
foreign,アシュレー
foreign,ベッソン
foreign,バーン
foreign,カレラ
foreign,マンゼッタ
foreign,セラフィン
foreign,マナ
foreign,フラゼッタ
foreign,ハートマン
foreign,アルドリッチ
foreign,スタテン
foreign,エリック
foreign,ヤシック
foreign,カリツォ
foreign,ファース
foreign,トーピン
foreign,ジョベール
foreign,ヤング
foreign,チャーリー
foreign,ウィザース
foreign,メンテナー
foreign,パネイトウ
foreign,ウェス
foreign,ソロムコ
foreign,ケンデル
foreign,パーキンス
foreign,ベッツ
foreign,ヴァイ
foreign,リバー
foreign,チェラ
foreign,レイター
foreign,バルデス
foreign,ピンダー
foreign,ガリエナ
foreign,バーナード
foreign,デニー
foreign,ボーン
foreign,ベルタ
foreign,ユール
foreign,タウログ
foreign,サンズ
foreign,ホープ
foreign,シャンドン
foreign,サイモン
foreign,エベレット
foreign,フォックス
foreign,ステイン
foreign,ヒッチコック
foreign,ハルク
foreign,ライトマン
foreign,ギャバン
foreign,ルーク
foreign,サムソン
foreign,テッド
foreign,ライダー
foreign,カーゲ
foreign,クレスコ
foreign,サットン
foreign,テレンス
foreign,チブルスキー
foreign,メンゲス
foreign,ワーウィック
foreign,アズナブール
foreign,メルキイス
foreign,パークル
foreign,マニー
foreign,ルー
foreign,ディオ
foreign,モッカ
foreign,マクドウェル
foreign,イングラム
foreign,ウッドマン
foreign,コローン
foreign,マルケイ
foreign,レナート
foreign,リーバーマン
foreign,ユーイング
foreign,フラック
foreign,レノン
foreign,ウィリアムズ
foreign,ドナティ
foreign,トレーバー
foreign,オーエンス
foreign,エルツ
foreign,コルヴィン
foreign,ガビー
foreign,バチスタ
foreign,バルハド
foreign,メイ
foreign,リグレー
foreign,コード
foreign,ラティマー
foreign,ピアース
foreign,ダンカン
foreign,オズボーン
foreign,ロペス
foreign,ドレイ
foreign,ベンソン
foreign,リジオ
foreign,ティーク
foreign,パーカー
foreign,プライス
foreign,ホーナセック
foreign,ケラーマン
foreign,リーブレット
foreign,トーベ
foreign,ボンク
foreign,ワトソン
foreign,クライン
foreign,サンフォード
foreign,オークリー
foreign,コネリー
foreign,テュナム
foreign,カイム
foreign,テラス
foreign,ルーフレイン
foreign,ギッシュ
foreign,ヴォネガット
foreign,ミック
foreign,ローパ
foreign,ケリー
foreign,シーア
foreign,ビーン
foreign,シュナ
foreign,ダウニー
foreign,マーキー
foreign,ゴンザレス
foreign,ホーン
foreign,シェーン
foreign,ファッセーロ
foreign,オッセン
foreign,ベインズ
foreign,カーセル
foreign,フーパー
foreign,スピージオ
foreign,イングランド
foreign,ロットン
foreign,ウッテム
foreign,セイルズ
foreign,リム
foreign,セントラン
foreign,フリーゼン
foreign,ミドラー
foreign,スミッツ
foreign,ガイルズ
foreign,アルトマン
foreign,ハイアムズ
foreign,コルテーゼ
foreign,パクストン
foreign,ドーアティ
foreign,コクトー
foreign,ゲーブル
foreign,ルカサー
foreign,メシエ
foreign,マクノートン
foreign,ケニー
foreign,コルベール
foreign,サンドリッチ
foreign,ブルーノ
foreign,ファインズ
foreign,カミンスキー
foreign,スキャッグス
foreign,カール
foreign,ボリス
foreign,ベイジル
foreign,ゲンズブール
foreign,キース
foreign,マクリーン
foreign,マコーレ
foreign,リー
foreign,コクラン
foreign,スカッキ
foreign,トゥック
foreign,タンディ
foreign,ルグイン
foreign,マシュバーン
foreign,ジマー
foreign,ネグロン
foreign,フォッセ
foreign,スナイプス
foreign,フレッド
foreign,ウィット
foreign,カバーデイル
foreign,ウィースト
foreign,サスキア
foreign,ハイム
foreign,チャキーコ
foreign,セラニ
foreign,ケキッチ
foreign,クラウス
foreign,クリスチャン
foreign,ホリー
foreign,デレク
foreign,コッポラ
foreign,カザン
foreign,クレモンズ
foreign,フィリス
foreign,リントン
foreign,シルヴェイン
foreign,マクフィー
foreign,オブライエン
foreign,クイン
foreign,スクワイア
foreign,ボブ
foreign,ウェラー
foreign,スパーノ
foreign,メリット
foreign,アーキン
foreign,テラス
foreign,ギャレー
foreign,トーラジ
foreign,ハトリー
foreign,スモークス
foreign,グーラート
foreign,カミンズ
foreign,コギンス
foreign,パングボーン
foreign,ジョブソン
foreign,ブルックス
foreign,シンフォード
foreign,ビリー
foreign,プレイロック
foreign,シグラ
foreign,スピンラッド
foreign,ビュレル
foreign,デイヴィス
foreign,オリリア
foreign,ケビン
foreign,エステベス
foreign,フレデリック
foreign,バックラー
foreign,リオン
foreign,スプリンガー
foreign,フェルドマン
foreign,ムーカッシュ
foreign,ニーダム
foreign,スプレイグ
foreign,ミュート
foreign,ダイチ
foreign,アンリコ
foreign,エベール
foreign,リーミイ
foreign,エノア
foreign,ウイルヘルム
foreign,ポーター
foreign,ニフト
foreign,ランボー
foreign,ウェイン
foreign,ペンツ
foreign,ディートリヒ
foreign,ボウクレア
foreign,ナゼル
foreign,マクダイス
foreign,デップ
foreign,デループ
foreign,シーモア
foreign,マロッタ
foreign,ケネス
foreign,ズラウスキ
foreign,クレイバーグ
foreign,カルロス
foreign,メンドーサ
foreign,マガー
foreign,ヒューソン
foreign,カルネ
foreign,エイヴェン
foreign,ブッサン
foreign,キュリック
foreign,ダリル
foreign,ミロスラフ
foreign,リーヴェル
foreign,グルーシン
foreign,シャリフ
foreign,マーフィ
foreign,マーディン
foreign,ヤンドリー
foreign,フェッタース
foreign,ディーコン
foreign,ロックマン
foreign,ハリス
foreign,ピチャード
foreign,スミス
foreign,スレイター
foreign,ラス
foreign,ドットソン
foreign,キアロスタミ
foreign,シェパード
foreign,セルビー
foreign,バーガロン
foreign,バル
foreign,ワキウリ
foreign,ウィンタース
foreign,ウェイダー
foreign,コージー
foreign,イフタク
foreign,レオンス
foreign,ハッシ
foreign,ダンコ
foreign,ユリウス
foreign,シオラ
foreign,ブルーム
foreign,インカビリア
foreign,アスタシオ
foreign,キリアコス
foreign,ボーナム
foreign,リーン
foreign,ジェフ
foreign,ホルト
foreign,ブリュー
foreign,アンディ
foreign,バトル
foreign,マルーシェカ
foreign,サランドン
foreign,アロンゾ
foreign,ノースマン
foreign,アーサー
foreign,カリウタ
foreign,ロードン
foreign,ドレンツ
foreign,スペイセク
foreign,グスター
foreign,マーロン
foreign,レクター
foreign,デシンセイ
foreign,ワチャ
foreign,ローリー
foreign,パスカリーノ
foreign,ブライアン
foreign,サンダー
foreign,フライト
foreign,ラングレン
foreign,リドリー
foreign,コーチ
foreign,ジュールス
foreign,ブッシュ
foreign,ルチオ
foreign,レーニャ
foreign,トリスタン
foreign,ローマー
foreign,フェンダー
foreign,クインシー
foreign,ウィティカ
foreign,レンシア
foreign,ミランド
foreign,ジョセフ
foreign,ジャガー
foreign,マリーナ
foreign,ヤフェット
foreign,ヒュー
foreign,タイトルマン
foreign,マーチモント
foreign,サンペリ
foreign,ベンチュラ
foreign,フレッチャー
foreign,ドミー
foreign,リンゴ
foreign,ゲイナー
foreign,スタイプ
foreign,セギー
foreign,バック
foreign,ハービー
foreign,ダニエルズ
foreign,ボーグナイン
foreign,ガーシュイン
foreign,メジャース
foreign,リス
foreign,ブレ
foreign,ホッジソン
foreign,アッバス
foreign,ジャック
foreign,ジェネロ
foreign,カイン
foreign,デンバー
foreign,スピレイン
foreign,シュティフィ
foreign,マーレー
foreign,カイテル
foreign,アサンテ
foreign,マーベック
foreign,ラトリフ
foreign,ティモテ
foreign,オルソン
foreign,ソダーバーグ
foreign,ライクストラ
foreign,キースカー
foreign,マホームズ
foreign,バラー
foreign,カーシュナ
foreign,ホザック
foreign,アントネリ
foreign,イージス
foreign,ラッド
foreign,ポーク
foreign,フリーゼ
foreign,ブロスナン
foreign,マンツェッタ
foreign,ブロッサー
foreign,アッカーマン
foreign,マルコム
foreign,ペタジーニ
foreign,ラフィン
foreign,ロウ
foreign,ヒルズ
foreign,マディガン
foreign,ファーマー
foreign,マルーフ
foreign,マニエル
foreign,ライアル
foreign,プライヤ
foreign,ブリムリ
foreign,パラーゾ
foreign,メスト
foreign,レネ
foreign,ショー
foreign,ブリッテン
foreign,コップルマン
foreign,ヌネス
foreign,ピーター
foreign,コールズ
foreign,スナイダー
foreign,ブリッシュ
foreign,ポスト
foreign,ジョージ
foreign,エンディーク
foreign,キャロン
foreign,ウッドワード
foreign,リオッタ
foreign,セントクレア
foreign,エリコ
foreign,トーラン
foreign,チェン
foreign,トマソン
foreign,シニーズ
foreign,ベヴァン
foreign,シーディ
foreign,ランス
foreign,ロレイン
foreign,アルモドバル
foreign,サピロ
foreign,マイン
foreign,ベッカー
foreign,パリッシュ
foreign,デッドリー
foreign,イースラー
foreign,ロメール
foreign,タリア
foreign,ガーリー
foreign,チャズ
foreign,ジェンレッテ
foreign,シールタ
foreign,ウィンウッド
foreign,オバンドー
foreign,ゴディ
foreign,アイバーン
foreign,ガードナー
foreign,リニー
foreign,ライノット
foreign,アレス
foreign,トニー
foreign,メーン
foreign,スウィニー
foreign,ランド
foreign,ティフィーネ
foreign,マルソー
foreign,メア
foreign,ブキャナン
foreign,ドジャー
foreign,ミラー
foreign,モード
foreign,ジュールダン
foreign,フォローズ
foreign,ボジオ
foreign,ハッカミー
foreign,ニーブン
foreign,ブロック
foreign,ドロージャー
foreign,クリース
foreign,ダルトン
foreign,マラベ
foreign,ディズニー
foreign,ロドリゲス
foreign,ダウド
foreign,オリー
foreign,ウェブ
foreign,ウェルド
foreign,キング
foreign,ファネル
foreign,ドーネン
foreign,メリル
foreign,バースティン
foreign,トラックス
foreign,ワイズマン
foreign,チャック
foreign,デストラーデ
foreign,クリスティー
foreign,センベロ
foreign,レンスター
foreign,キー
foreign,ジャーマン
foreign,ペイチ
foreign,ガーランド
foreign,ファインダー
foreign,ロリッチ
foreign,キャンベル
foreign,ガフィ
foreign,キッドマン
foreign,オリン
foreign,ボンドラ
foreign,ゴフィン
foreign,カラーラ
foreign,ゲイス
foreign,キャプラ
foreign,フィリオ
foreign,シーリー
foreign,タフト
foreign,キルマー
foreign,カルキン
foreign,コナイン
foreign,マグナンテ
foreign,オークィスト
foreign,ドテル
foreign,セレス
foreign,アルト
foreign,マッケリー
foreign,ハロルド
foreign,ハイド
foreign,マーキュリオ
foreign,シェード
foreign,カーシー
foreign,マードック
foreign,ニコルソン
foreign,ヴェルサン
foreign,マクラフリン
foreign,ポワチエ
foreign,レノ
foreign,セバーグ
foreign,ゴドレーシュ
foreign,エステナード
foreign,シェイザー
foreign,レム
foreign,マルサリス
foreign,ベイリー
foreign,マドロック
foreign,ケンリック
foreign,クレイブン
foreign,リアダン
foreign,コーサラ
foreign,マンシーニ
foreign,バデット
foreign,ウェンデル
foreign,マクレーン
foreign,オルト
foreign,ウィル
foreign,シーガー
foreign,ミッチェル
foreign,バンクス
foreign,クロウチ
foreign,フレイリー
foreign,ゴーメッツ
foreign,シーマー
foreign,キューザック
foreign,レクカニック
foreign,ロング
foreign,コーマン
foreign,ロベルト
foreign,フェイスフル
foreign,ニジンスキー
foreign,ゴードン
foreign,ゲインズ
foreign,ベンジャミン
foreign,セジウィック
foreign,フラウド
foreign,ラングストン
foreign,ノップラー
foreign,デラクルーズ
foreign,ベルイマン
foreign,ナイランダー
foreign,コリン
foreign,マクマホン
foreign,アグリー
foreign,ギブソン
foreign,シェリンガム
foreign,ギブ
foreign,ガスリー
foreign,カイト
foreign,アンダーソン
foreign,パーキンソン
foreign,ブコビッチ
foreign,イアラ
foreign,シザース
foreign,デネヒ
foreign,ファブレガス
foreign,ドン
foreign,エリスン
foreign,レスリー
foreign,ジョエル
foreign,ヘルマン
foreign,モーラ
foreign,ブラッグス
foreign,アヴェージ
foreign,アルビオレ
foreign,トーランド
foreign,メイスン
foreign,ペルドモ
foreign,リケッツ
foreign,ワイルド
foreign,フレーリア
foreign,ホリンズ
foreign,ビッティ
foreign,ウエスリー
foreign,ニュイッテン
foreign,ベルサイエス
foreign,レッシュ
foreign,セルゲイ
foreign,テータム
foreign,グレアム
foreign,マーカンド
foreign,バーキン
foreign,ジョン
foreign,クリント
foreign,フューレイ
foreign,ランディス
foreign,カリム
foreign,デュリア
foreign,ファビラス
foreign,バークス
foreign,ショア
foreign,ライナード
foreign,マシソン
foreign,ツーレ
foreign,ローランド
foreign,ペン
foreign,ライバー
foreign,ケイン
foreign,クルーター
foreign,ジョシュ
foreign,クールボー
foreign,タターリア
foreign,マイスター
foreign,スコット
foreign,クェイフ
foreign,ショニレ
foreign,タウンゼンド
foreign,アルジェント
foreign,ウィンガー
foreign,ディアルト
foreign,ドビンス
foreign,クーパー
foreign,プレスリー
foreign,キャッシュ
foreign,ライヴィーネ
foreign,ボワース
foreign,ジラン
foreign,パーマー
foreign,ガンブリル
foreign,ジェンキンス
foreign,ブロデリック
foreign,バルビエリ
foreign,ワット
foreign,ホフマン
foreign,ペドロサ
foreign,ローワン
foreign,ギリアム
foreign,クエンティン
foreign,チャールトン
foreign,ポローニア
foreign,ディック
foreign,トラックシル
foreign,リンドバーグ
foreign,コックス
foreign,キラ
foreign,フレイストラ
foreign,パーソン
foreign,ルドルフ
foreign,マローン
foreign,シリング
foreign,パラ
foreign,ヒューイ
foreign,バートサス
foreign,アルー
foreign,レスカーノ
foreign,セージ
foreign,マッキニス
foreign,ダナウェイ
foreign,ラインホルト
foreign,ハリー
foreign,フィニー
foreign,ジェフリー
foreign,ジョナサン
foreign,スタントン
foreign,アヤラ
foreign,シグペン
foreign,ビスコンティ
foreign,ボンナ
foreign,ダリオ
foreign,オスカー
foreign,カンバータ
foreign,ローゼンマン
foreign,ヘストン
foreign,アンジェロ
foreign,バレリオ
foreign,ルイス
foreign,ハンフリー
foreign,リッチー
foreign,ウェイクマン
foreign,ニーム
foreign,グールド
foreign,ハガード
foreign,マー
foreign,ギャレット
foreign,アイアランド
foreign,ミルフィ
foreign,フランコ
foreign,ホールドマン
foreign,コスナー
foreign,モロー
foreign,コルレオーネ
foreign,ボデ
foreign,ニコラス
foreign,クルーズ
foreign,シャウス
foreign,ウィルソン
foreign,ウェッブ
foreign,ランカスター
foreign,ローデス
foreign,カッチェ
foreign,ロビンソン
foreign,ビュフォード
foreign,ペドロ
foreign,シェリス
foreign,ポサダ
foreign,ニクソン
foreign,エクバーグ
foreign,トラル
foreign,ナッシュ
foreign,レモン
foreign,リプリー
foreign,ブラックモア
foreign,チャド
foreign,ハーナー
foreign,スワラ
foreign,バリシニコフ
foreign,クレバー
foreign,ヤノット
foreign,マイル
foreign,キッド
foreign,テレル
foreign,ハーパー
foreign,カステヤーノ
foreign,ダンスト
foreign,ダゴファー
foreign,レデスマ
foreign,マックィーン
foreign,ルポール
foreign,クノックス
foreign,ギュネイ
foreign,マイクス
foreign,アダムソン
foreign,カイナー
foreign,レイトナー
foreign,カーソン
foreign,ベニング
foreign,チェイス
foreign,ブランドン
foreign,バリンジャー
foreign,ペイジ
foreign,ホッジ
foreign,イーストン
foreign,ドルリュー
foreign,クロマティ
foreign,グッドマン
foreign,スチュアート
foreign,ワシントン
foreign,ジェレミー
foreign,バンサン
foreign,ルミナス
foreign,オースホフ
foreign,カット
foreign,ゴセージ
foreign,ビシェット
foreign,シュワルツ
foreign,レドモン
foreign,タイゲイニー
foreign,ダッシュ
foreign,フェイゲン
foreign,ニールセン
foreign,クレス
foreign,コレット
foreign,コーエン
foreign,ウエスト
foreign,ローウェル
foreign,ジャン
foreign,サンチェス
foreign,ブロス
foreign,クリフト
foreign,ハビアー
foreign,アルカン
foreign,ヤーブロー
foreign,タイロン
foreign,ネロ
foreign,マッカラム
foreign,マーリー
foreign,スタンリー
foreign,アラン
foreign,アントニオ
foreign,コンウェイ
foreign,リンカーン
foreign,コトー
foreign,ブリトー
foreign,コロンバス
foreign,マドセン
foreign,セラフィーニ
foreign,キーファ
foreign,クロッパー
foreign,ジョニ
foreign,ゴメス
foreign,ドビー
foreign,ハウア
foreign,カーランテ
foreign,ネスビー
foreign,ブロディ
foreign,ジャミソン
foreign,アローホ
foreign,ライマー
foreign,キーズ
foreign,ポーカロ
foreign,ジュイソン
foreign,パチーノ
foreign,ルーカス
foreign,ヘイゼルマン
foreign,ランベール
foreign,ヴェラス
foreign,フリードキン
foreign,スピナー
foreign,デートメルス
foreign,アピアー
foreign,ハドリ
foreign,アイアンズ
foreign,レオ
foreign,ワイラー
foreign,フェドロフ
foreign,グラッデン
foreign,クワイン
foreign,キャラベロ
foreign,ウィートン
foreign,トレント
foreign,マイク
foreign,ヘザー
foreign,ジャンビーヤ
foreign,プロフェット
foreign,スロート
foreign,フランシス
foreign,ウェットン
foreign,メイヤ
foreign,ワイダ
foreign,ティリ
foreign,ハイアット
foreign,ノール
foreign,ミリアス
foreign,トーマス
foreign,バーティー
foreign,スカリー
foreign,グリフィス
foreign,ヤーロウ
foreign,レックス
foreign,サディナ
foreign,エナス
foreign,ベール
foreign,シーツ
foreign,コープランド
foreign,ピール
foreign,チンモイ
foreign,ブランディス
foreign,エスコバール
foreign,カーライル
foreign,サミュエル
foreign,カールトン
foreign,ガルベス
foreign,グリーマン
foreign,フォード
foreign,ラヒーム
foreign,イラス
foreign,チャップリン
foreign,チルトン
foreign,アダムス
foreign,クーダー
foreign,ネヴィル
foreign,ヘンダーソン
foreign,ミリア
foreign,ベリグリン
foreign,シミター
foreign,ストックトン
foreign,トラボルタ
foreign,ワン
foreign,ラマール
foreign,スローカム
foreign,ラルフ
foreign,グードロー
foreign,マシューズ
foreign,サクストン
foreign,ハース
foreign,ハレルソン
foreign,ピエール
foreign,ピット
foreign,コスカレリ
foreign,ロフグレン
foreign,ウォーラー
foreign,ルーファス
foreign,フリーマン
foreign,メル
foreign,シモンズ
foreign,アリセア
foreign,バコール
foreign,ユーロファ
foreign,ベントン
foreign,アレン
foreign,ハラマ
foreign,グリーン
foreign,オーモンド
foreign,ロジャース
foreign,アリエス
foreign,デイカス
foreign,バーニー
foreign,ダイアモンド
foreign,スパイクス
foreign,ルール
foreign,プランク
foreign,パパラルディ
foreign,ロビー
foreign,アボット
foreign,バレル
foreign,ドイル
foreign,アーロン
foreign,マクガイア
foreign,ロギンス
foreign,ジンネマン
foreign,ラブ
foreign,ハンクス
foreign,カー
foreign,ハーロー
foreign,タトーロ
foreign,リッチモンド
foreign,ウィドマーク
foreign,ポンセ
foreign,マーソネック
foreign,スターン
foreign,ダン
foreign,アヴィス
foreign,ロン
foreign,ベリ
foreign,トレーシー
foreign,グラシカ
foreign,グロズバード
foreign,キージー
foreign,ラファエル
foreign,アイダン
foreign,コニック
foreign,フィレオン
foreign,バッキー
foreign,ベル
foreign,マチャド
foreign,ルメット
foreign,ロリー
foreign,ヒレガス
foreign,ラビン
foreign,ランドン
foreign,ニール
foreign,カースティ
foreign,ラッシュ
foreign,ダーレス
foreign,ライトル
foreign,シャクナー
foreign,ボワイエ
foreign,ウォード
foreign,シトラス
foreign,ミラルカ
foreign,ロベール
foreign,スキナード
foreign,ゴゼット
foreign,バーンサイド
foreign,ステアーズ
foreign,ティモシー
foreign,オーダス
foreign,タイム
foreign,アシュトン
foreign,フレア
foreign,アーナム
foreign,クラムスキ
foreign,ブリッグス
foreign,ストリープ
foreign,ウィンディ
foreign,デンスモア
foreign,オチョア
foreign,クレイトン
foreign,トビー
foreign,レイノルズ
foreign,デュラン
foreign,ペンドルトン
foreign,フィアリー
foreign,ビーズリー
foreign,オルセン
foreign,ペルツ
foreign,ジャーディン
foreign,シャイダー
foreign,アブドゥール
foreign,タッカー
foreign,ライト
foreign,ゴールド
foreign,ハーシー
foreign,パンコウ
foreign,ヌードセン
foreign,ロネ
foreign,ハード
foreign,アークス
foreign,クォルス
foreign,フォリア
foreign,ロイ
foreign,ジーター
foreign,ルーサー
foreign,ダーニング
foreign,ギルモア
foreign,フライアー
foreign,ロブソン
foreign,グレッグ
foreign,パチョレック
foreign,カーネル
foreign,ポール
foreign,クレイグ
foreign,ジェリコ
foreign,ベスト
foreign,ニルソン
foreign,ガーツ
foreign,クルーガー
foreign,フィンク
foreign,エーカー
foreign,モンロー
foreign,イーサン
foreign,ルルーシュ
foreign,ノートン
foreign,アギラ
foreign,パトリック
foreign,マービン
foreign,グロスマン
foreign,ビク
foreign,パーシー
foreign,プリアム
foreign,ググリオッタ
foreign,ラロ
foreign,デイ
foreign,ダルク
foreign,ジャッジ
foreign,チェンバレン
foreign,レスター
foreign,バニスター
foreign,スワンソン
foreign,ジャンセン
foreign,オールドマン
foreign,ワグナー
foreign,エラートン
foreign,ムーディ
foreign,ベスター
foreign,サザーランド
foreign,ハンゲイト
foreign,モンゴメリ
foreign,バッカロ
foreign,ルネ
foreign,グリンベック
foreign,スタローン
foreign,ゴドノフ
foreign,ポラック
foreign,オレラーノ
foreign,ビショップ
foreign,ハキム
foreign,オードラン
foreign,プッパ
foreign,グライヤー
foreign,ロナルド
foreign,フィムナー
foreign,ピート
foreign,ボーランジェ
foreign,ジャコビー
foreign,リーアム
foreign,ゼイン
foreign,アステド
foreign,ライアン
foreign,アキーノ
foreign,ギーエン
foreign,ブロンド
foreign,フレディ
foreign,グリッター
foreign,ブローリン
foreign,カツール
foreign,クエイド
foreign,ブレア
foreign,ホーランド
foreign,ラーソン
foreign,リトル
foreign,ラティオ
foreign,モルダー
foreign,モリセイ
foreign,ロード
foreign,ユペール
foreign,スコセッシ
foreign,ペピトーン
foreign,カタラノット
foreign,ブレット
foreign,ロム
foreign,シュー
foreign,カーバ
foreign,ウィットモア
foreign,デュバル
foreign,フラナガン
foreign,ディロン
foreign,ユルマズ
foreign,コルトレーン
foreign,アーゼル
foreign,シュルツ
foreign,マザースキ
foreign,ジョベス
foreign,クロスビー
foreign,マーキュリー
foreign,パル
foreign,デュノー
foreign,トレイトン
foreign,モトリー
foreign,トリアー
foreign,トメイ
foreign,リスゴ
foreign,ノルティ
foreign,メセニー
foreign,ギャリティ
foreign,マリサ
foreign,バーネット
foreign,オービソン
foreign,デッガー
foreign,ウディ
foreign,カバーニ
foreign,エーブリー
foreign,サウザー
foreign,フォレスト
foreign,ジェントリー
foreign,ブレンダン
foreign,ボーンズ
foreign,ジンジャー
foreign,キルスティン
foreign,シナトラ
foreign,ジョボビッチ
foreign,ブラッコ
foreign,ケイル
foreign,クレリア
foreign,キャラン
foreign,ホーガン
foreign,シュナイダ
foreign,デイハー
foreign,ガイラ
foreign,モントーニャ
foreign,レードン
foreign,バレンタイン
foreign,ジャイルス
foreign,クラスカ
foreign,ボーダース
foreign,バルボン
foreign,クイヴィ
foreign,ドルーリ
foreign,オニール
foreign,ザッカ
foreign,ザッパ
foreign,エンゲル
foreign,オーウェン
foreign,キャリオン
foreign,グレゴリー
foreign,サンプル
foreign,アルダン
foreign,グローバー
foreign,マルコビッチ
foreign,マリエル
foreign,ロッラー
foreign,ガブリエル
foreign,ヘインズ
foreign,ガーナー
foreign,ヘルム
foreign,セラーズ
foreign,メッシーナ
foreign,マイズナー
foreign,ブルーベック
foreign,ファロ
foreign,ミリウム
foreign,ワヒド
foreign,シフリン
foreign,ケン
foreign,ホールデン
foreign,ユーソフ
foreign,キャメロン
foreign,ルーセント
foreign,カラックス
foreign,ベレンジャー
foreign,メンケン
foreign,ユーレカ
foreign,ラッセル
foreign,ボーグル
foreign,ピーターソン
foreign,レイエフ
foreign,ミゲル
foreign,ロイヒル
foreign,ワロンカー
foreign,クラーキー
foreign,オルフェ
foreign,ストゥーキー
foreign,ラベリア
foreign,シークリスト
foreign,ボニー
foreign,ブリナ
foreign,マッケオン
foreign,ザムノフ
foreign,ディケンズ
foreign,オリビエ
foreign,フォレ
foreign,ギブンス
foreign,ハディ
foreign,ムートン
foreign,カムストック
foreign,ラスティ
foreign,ブラッドリー
foreign,リファナード
foreign,モディン
foreign,ユベロ
foreign,スメリア
foreign,チェリオス
foreign,パルミンテリ
foreign,マルティーニ
foreign,レオン
foreign,キンバリ
foreign,モリソン
foreign,ニコルズ
foreign,レジナルド
foreign,ブレイン
foreign,ディジオス
foreign,フェリー
foreign,ボルマン
foreign,キブン
foreign,カーステアズ
foreign,ハスキー
foreign,ハインズ
foreign,ヒューナー
foreign,フッド
foreign,マクナリー
foreign,ダイアス
foreign,ベイツ
foreign,アウドロー
foreign,ドルネス
foreign,シーン
foreign,ジャスティス
foreign,リュカオン
foreign,ジェンク
foreign,ムアコック
foreign,ヘイスバート
foreign,エットーレ
foreign,ハケット
foreign,マシューソン
foreign,ゴーディー
foreign,サンマルチノ
foreign,フォティオ
foreign,モーガン
foreign,ルーズベルト
foreign,ヒューゴ
foreign,カプリスキ
foreign,ブーケ
foreign,シュセット
foreign,イアン
foreign,ウエッソン
foreign,オコーナー
foreign,ラミレス
foreign,クラッカス
foreign,ハックマン
foreign,クリスコーラ
foreign,アイザーマン
foreign,ポーチュガル
foreign,ダシュク
foreign,チューズディ
foreign,コスタリカ
foreign,カウォーク
foreign,ダニエル
foreign,ハーモン
foreign,ホプキンス
foreign,コルト
foreign,ボルトン
foreign,ナイマン
foreign,サンチェ
foreign,サキック
foreign,ザックス
foreign,スレッジ
foreign,アイルズ
foreign,レイニー
foreign,トンプソン
foreign,デュプリー
foreign,スタージョン
foreign,コスモ
foreign,ニーソン
foreign,ラリー
foreign,ムニョス
foreign,ヒルトン
foreign,ナヴァーロ
foreign,リチラース
foreign,ソーレル
foreign,マイヤー
foreign,ニューカム
foreign,パジャム
foreign,ユーグ
foreign,マリアム
foreign,ユーマ
foreign,ビンス
foreign,ロッジア
foreign,ワジーム
foreign,カストール
foreign,ブレイディー
foreign,ベイカー
foreign,テンプルマン
foreign,コーン
foreign,モートン
foreign,ランディ
foreign,ジョーンズ
foreign,ウィニンガム
foreign,アッシュ
foreign,フィリップ
foreign,ボーヴァ
foreign,ミア
foreign,ライター
foreign,ガルボ
foreign,ガーナード
foreign,サバラス
foreign,ズルリーニ
foreign,ホーキンス
foreign,シャンパート
foreign,フィリー
foreign,スプラドリン
foreign,ブーン
foreign,アリアス
foreign,ハンセル
foreign,スタークス
foreign,ミド
foreign,コバーン
foreign,パーシス
foreign,チューリン
foreign,ピネラ
foreign,リノ
foreign,マーチ
foreign,デード
foreign,バイエガ
foreign,ネトルス
foreign,ピノト
foreign,カールソン
foreign,トーメ
foreign,マッコーネン
foreign,マスディア
foreign,ベアール
foreign,オールダム
foreign,ヘイワード
foreign,マント
foreign,カルバー
foreign,ミルサップ
foreign,ビクター
foreign,シルバー
foreign,ディサ
foreign,ケンプ
foreign,ダーギー
foreign,バージェロン
foreign,ペパートン
foreign,エイケン
foreign,ズーニガ
foreign,ハート
foreign,シャルル
foreign,ロースン
foreign,モラーツ
foreign,コネーサ
foreign,ブラウザー
foreign,デービス
foreign,アセヴェド
foreign,マルセル
foreign,ブローケル
foreign,リフカス
foreign,キャブレラ
foreign,ラビ
foreign,リュック
foreign,ロバートソン
foreign,マッキンレー
foreign,ウインダム
foreign,カーン
foreign,ロッジ
foreign,ジョンソン
foreign,フォーク
foreign,マルシアノ
foreign,ドーウェル
foreign,ビル
foreign,ローズ
foreign,ガームス
foreign,ドゲット
foreign,ダビドビッチ
foreign,アプテッド
foreign,メンデス
foreign,ヘイニー
foreign,ルトガ
foreign,ケッセル
foreign,モリス
foreign,ダッシン
foreign,ティーグ
foreign,フービ
foreign,サムナー
foreign,シーズ
foreign,クリーク
foreign,パットナム
foreign,スタイナー
foreign,コットー
foreign,クローズ
foreign,リューリル
foreign,クルス
foreign,ニクラウス
foreign,ルッソ
foreign,ルグラン
foreign,セラノ
foreign,ジュリアン
foreign,ケルトナー
foreign,オリヴァレス
foreign,ギリンガム
foreign,バンクロフト
foreign,サマーズ
foreign,プラット
foreign,ガリクソン
foreign,ポランスキ
foreign,デニス
foreign,ヘイウッド
foreign,レッドマン
foreign,カスティーヤ
foreign,レイクルス
foreign,スコラ
foreign,ウェーバー
foreign,アリオ
foreign,モーニング
foreign,ブリッジス
foreign,ファーンドン
foreign,カサベテス
foreign,ハウエル
foreign,バンデス
foreign,レッツェル
foreign,ギア
foreign,パニレイ
foreign,グリン
foreign,デルガド
foreign,ウィン
foreign,エディ
foreign,レイノソ
foreign,マン
foreign,クロード
foreign,バーグマン
foreign,ベルーシ
foreign,シアーズ
foreign,ウインター
foreign,ストルツ
foreign,フォルカ
foreign,ネーゲル
foreign,アイリス
foreign,メイオール
foreign,オルルド
foreign,ウィッグス
foreign,サラグッド
foreign,ウェクスラー
foreign,ダンウッディ
foreign,アンバーソン
foreign,ネルーダ
foreign,オーベルト
foreign,バンボ
foreign,クレール
foreign,オウイングス
foreign,ホース
foreign,クリーター
foreign,マーグレット
foreign,アピス
foreign,フィルモア
foreign,ボーデック
foreign,ボーク
foreign,スリック
foreign,マイア
foreign,セイモア
foreign,ホルム
foreign,ソーホー
foreign,バダム
foreign,ジョバンニ
foreign,ウェルズ
foreign,ヴィティーロ
foreign,オグリビー
foreign,ヒメネス
foreign,フィンリー
foreign,ルバイル
foreign,クラーク
foreign,ウォルシュ
foreign,ゲーリー
foreign,キングスレー
foreign,シャーリス
foreign,カイル
foreign,ギラン
foreign,ベネス
foreign,ロック
foreign,コルテス
foreign,ウィーバ
foreign,モイラ
foreign,エレニアク
foreign,ジョール
foreign,バレンティン
foreign,セアネス
foreign,スタージェス
foreign,アースティン
foreign,ウォーターズ
foreign,ストー
foreign,マッカーナン
foreign,ロブ
foreign,ペック
foreign,ベデリア
foreign,ドゥール
foreign,ミーガン
foreign,シャイア
foreign,マデリン
foreign,フッカー
foreign,リヴァース
foreign,ヘーゼルマン
foreign,フランク
foreign,ハーマン
foreign,エリオット
foreign,シャムロイ
foreign,エスメラ
foreign,ブロワーズ
foreign,エルメス
foreign,モラレス
foreign,ウォーホル
foreign,ペニントン
foreign,ウィリー
foreign,アハーン
foreign,アービング
foreign,ウッド
foreign,ウェイツ
foreign,ブレイク
foreign,ターナー
foreign,ニモイ
foreign,ウォルター
foreign,フェニス
foreign,トッシュ
foreign,エマーソン
foreign,キンスキー
foreign,パラザイダー
foreign,バンエクセル
foreign,フォーセット
foreign,エナック
foreign,シンパー
foreign,パターソン
foreign,シュレイダ
foreign,オジェイ
foreign,リベット
foreign,マセニー
foreign,トーク
foreign,ジェナス
foreign,スケピシ
foreign,ジラルディ
foreign,ショグレン
foreign,ボッグス
foreign,ミネリ
foreign,ヒルマン
foreign,ダボ
foreign,ビュジョルド
foreign,ルーリア
foreign,フォース
foreign,エルフマン
foreign,トリュフォー
foreign,トロワー
foreign,フォスター
foreign,ストローター
foreign,ボトムス
foreign,オールマン
foreign,ゲドリック
foreign,ジョプリン
foreign,イートン
foreign,バリン
foreign,キャグニー
foreign,ハシェク
foreign,アスティン
foreign,キア
foreign,ハル
foreign,ダスティン
foreign,リンド
foreign,ポリー
foreign,スタウト
foreign,ムーア
foreign,マーブリー
foreign,イシュリング
foreign,ローランズ
foreign,シドニー
foreign,コールマン
foreign,カメリーニ
foreign,フェン
foreign,キューカー
foreign,バセット
foreign,ドラクリアス
foreign,ハンセン
foreign,シェークリー
foreign,サリバン
foreign,フィニガン
foreign,フィーラ
foreign,ライムス
foreign,リンチ
foreign,ホージー
foreign,ドナルド
foreign,ブラウンソン
foreign,ハマースミス
foreign,クルフ
foreign,ラング
foreign,ヒューム
foreign,ハムリッシュ
foreign,ロジャー
foreign,ボネール
foreign,ロッセリーニ
foreign,オマー
foreign,カチャック
foreign,デウカリオン
foreign,ポインター
foreign,マクギリス
foreign,モンテ
foreign,フリード
foreign,フィガ
foreign,ウォールス
foreign,アイエロ
foreign,ジール
foreign,ミレウス
foreign,アドラー
foreign,ケイツ
foreign,ボイヤー
foreign,マクラーレン
foreign,クリオス
foreign,ヴィンセント
foreign,カイヤット
foreign,パリス
foreign,セイナ
foreign,セントジョン
foreign,ゴッチ
foreign,ネストール
foreign,コバックス
foreign,タケット
foreign,リノット
foreign,ディラック
foreign,ノース
foreign,コナファ
foreign,マッケンジー
foreign,カコヤニス
foreign,ドロン
foreign,ラーサー
foreign,ランバート
foreign,ホッジス
foreign,ナイト
foreign,キム
foreign,スマイト
foreign,アリンガム
foreign,テイプトリー
foreign,ダル
foreign,レイ
foreign,シュニー
foreign,ロザリオ
foreign,オールディス
foreign,クローニン
foreign,ディレーニ
foreign,マシーナ
foreign,ランスティア
foreign,ピンカード
foreign,ラフィーバー
foreign,トテリア
foreign,マーチン
foreign,アンジェイ
foreign,グールドマン
foreign,クライントン
foreign,ジョイナー
foreign,ミルズ
foreign,トークン
foreign,アノー
foreign,コッチェフ
foreign,セーガン
foreign,ゲイル
foreign,キャンプ
foreign,エルディラン
foreign,ルーディッツ
foreign,デイバード
foreign,ドリスキル
foreign,ボーリン
foreign,ウルマン
foreign,ハーレイ
foreign,ブロデューア
foreign,ミラッキ
foreign,クレイマ
foreign,ワーハス
foreign,ループ
foreign,バラード
foreign,ペレス
foreign,サーリング
foreign,ヘリング
foreign,ティト
foreign,サワーベック
foreign,トルナトーレ
foreign,コッチ
foreign,ハーディング
foreign,マクドナルド
foreign,ドーフ
foreign,オーソン
foreign,シャルファ
foreign,グットイン
foreign,イースト
foreign,ジェラール
foreign,スタン
foreign,グルン
foreign,アヴリア
foreign,ネヴィソン
foreign,ハーバート
foreign,ディバッツ
foreign,クロケ
foreign,アルバート
foreign,ダンバー
foreign,ラインバック
foreign,ニュートン
foreign,チェコ
foreign,シルビ
foreign,スウェイム
foreign,ベラ
foreign,デビート
foreign,ライカート
foreign,オロスコ
foreign,コンドウ
foreign,クレセント
foreign,ケベイド
foreign,ガン
foreign,クロンツ
foreign,ベルトイヤ
foreign,カスダン
foreign,フォンダ
foreign,ジム
foreign,ジャーミー
foreign,オールサッフ
foreign,ホーク
foreign,ラモーン
foreign,ノルフィ
foreign,マーリン
foreign,カッツ
foreign,ノバク
foreign,ラービー
foreign,ニーリー
foreign,ボーリック
foreign,ジェリー
foreign,カートライト
foreign,スケリット
foreign,リセラ
foreign,フランクリン
foreign,マリオット
foreign,ヴァッシュ
foreign,モギルニー
foreign,マーク
foreign,ロックレア
foreign,ボイル
foreign,レンテリア
foreign,ソレイタ
foreign,ダンテ
foreign,フライ
foreign,アブレイユ
foreign,ワイアット
foreign,コーチマー
foreign,ロバーツ
foreign,バルタン
foreign,ブーマー
foreign,バンスロー
foreign,ボトラ
foreign,スペディング
foreign,フリース
foreign,グラッサム
foreign,スタンカ
foreign,エルデン
foreign,ドージー
foreign,メドウズ
foreign,ゴドウィン
foreign,エバンズ
foreign,レディング
foreign,レヴィン
foreign,シールズ
foreign,ダーバンヒル
foreign,ヒューストン
foreign,ヘドレン
foreign,マイヤーズ
foreign,ティルダ
foreign,スタンプ
foreign,レイエス
foreign,トルーマン
foreign,ラコック
foreign,パーネル
foreign,ヘルナンデス
foreign,リード
foreign,ストーン
foreign,ロディ
foreign,フランク
foreign,ブロシェ
foreign,ファラスカ
foreign,ゲイ
foreign,パラディ
foreign,カーツ
foreign,ペーターゼン
foreign,ルクレア
foreign,ロイド
foreign,マステロート
foreign,マクガバン
foreign,ザック
foreign,サルバトーレ
foreign,サーマン
foreign,キンボール
foreign,ワイズ
foreign,フィンチ
foreign,グラント
foreign,リベラ
foreign,ビタン
foreign,キャレラ
foreign,オリバー
foreign,リアン
foreign,トライトン
foreign,エイバー
foreign,アイウォルス
foreign,マーグレフ
foreign,ヨハンソン
foreign,ローマン
foreign,マック
foreign,マルツバーグ
foreign,イーノ
foreign,ロッド
foreign,ペリー
foreign,アルフレッド
foreign,スローター
foreign,ビセット
foreign,バスビイ
foreign,ジョンストン
foreign,オフュルス
foreign,オドマク
foreign,ケイ
foreign,ブレッソン
foreign,コッカー
foreign,ブラウン
foreign,シルベスター
foreign,ライナス
foreign,フランプトン
foreign,ギラーミン
foreign,ヘントゲン
foreign,ベーコン
foreign,パークス
foreign,リーブス
foreign,ボーンステル
foreign,ガイ
foreign,ロルフ
foreign,マルテッリ
foreign,バークレー
foreign,マーセデス
foreign,カーティス
foreign,ワーナー
foreign,ソーサ
foreign,ギャント
foreign,ヴァンドロス
foreign,ハンコック
foreign,タブ
foreign,オクトーン
foreign,クリューガー
foreign,ディー
foreign,カーショー
foreign,バトラー
foreign,ヴァンス
foreign,ウィギンス
foreign,マニング
foreign,ケプラー
foreign,フィルキンス
foreign,オイル
foreign,バッシー
foreign,マル
foreign,エド
foreign,トラクスラー
foreign,クリントン
foreign,ローン
foreign,プリンプトン
foreign,ミュウ
foreign,ワイルダー
foreign,マクグロウン
foreign,タベルニエ
foreign,バカラック
foreign,ベアトリス
foreign,ストレイト
foreign,クロショー
foreign,クレッブ
foreign,ジャニー
foreign,グラッツァー
foreign,マリオ
foreign,ライク
foreign,フォーサイス
foreign,ブレイザー
foreign,アブリル
foreign,カミニッキー
foreign,バルドー
foreign,アーノルド
foreign,ポラン
foreign,キャラハン
foreign,プラント
foreign,クライヤ
foreign,フリフォード
foreign,バンス
foreign,ルーディ
foreign,フルマー
foreign,エスタレーラ
foreign,オーウェル
foreign,パーム
foreign,ゼフィレッリ
foreign,アントニー
foreign,バエズ
foreign,ミザ
foreign,ベット
foreign,モーリン
foreign,スピアマン
foreign,アモンテ
foreign,ラガー
foreign,グレイドン
foreign,パンシン
foreign,ニュード
foreign,アライアス
foreign,ヘンリー
foreign,チャキリス
foreign,ロマノワ
foreign,ビューレン
foreign,ビビー
foreign,グレン
foreign,ブラナー
foreign,ティエル
foreign,クロマー
foreign,リトナー
foreign,バークレオ
foreign,フラー
foreign,ドカエ
foreign,シェーファ
foreign,ガイガー
foreign,キアラ
foreign,ラザフォード
foreign,ブラッドレー
foreign,バークペック
foreign,コーコウネン
foreign,シド
foreign,モリッシー
foreign,セデーニョ
foreign,タバレス
foreign,クタール
foreign,エドワーズ
foreign,ハミル
foreign,アダム
foreign,ダベンポート
foreign,ジャコブ
foreign,アシモフ
foreign,エルウェス
foreign,メディーナ
foreign,パランス
foreign,アルフ
foreign,キャパルディ
foreign,ジェームズ
foreign,カゼデタス
foreign,ビルモス
foreign,フォガティ
foreign,ファーロング
foreign,エイリー
foreign,ニューベリー
foreign,アドゥチ
foreign,チャールズ
foreign,リーエル
foreign,ミラージ
foreign,カザンジアン
foreign,ボニチ
foreign,ミケンズ
foreign,リュミナ
foreign,チェンバース
foreign,パット
foreign,シガロ
foreign,オラジュワン
foreign,ファイファ
foreign,ラム
foreign,ベイス
foreign,ネイビアー
foreign,ラスター
foreign,ジャドキンス
foreign,フーデック
foreign,オルツィ
foreign,フォクストン
foreign,カウフマン
foreign,プレシェット
foreign,オーティス
foreign,カーチス
foreign,グレイブス
foreign,ボーボン
foreign,ボレル
foreign,カゼッリ
foreign,チャイルド
foreign,ヴィトー
foreign,ビアンキ
foreign,ジハド
foreign,ブランコ
foreign,レスパーヴァ
foreign,マカフリイ
foreign,ウィルビィ
foreign,オーツ
foreign,フロイド
foreign,ソニー
foreign,ショート
foreign,エステス
foreign,ネスミス
foreign,ハイスミス
foreign,エリア
foreign,ソロフ
foreign,ブリューワ
foreign,ラズロ
foreign,カッシング
foreign,ミヤーン
foreign,ディッシュ
foreign,マヒナス
foreign,フェリーニ
foreign,バングサンド
foreign,ブラッド
foreign,ホッダー
foreign,キャサディ
foreign,ミレール
foreign,ウィネット
foreign,ロワ
foreign,カーペンター
foreign,ヴァレンス
foreign,クロス
foreign,レポーズ
foreign,ヤーガー
foreign,ニッチェ
foreign,ローレンス
foreign,ウォーンズ
foreign,ヒューズ
foreign,マットソン
foreign,シンガー
foreign,タネル
foreign,ハワード
foreign,ルロイ
foreign,マーシャル
foreign,アマーン
foreign,ベリンダー
foreign,ウォーカー
foreign,ジグモンド
foreign,フォイタック
foreign,カリョ
foreign,リンドロス
foreign,ベルナルド
foreign,ニーマン
foreign,ロメロ
foreign,ライデル
foreign,エルビス
foreign,クシシュトフ
foreign,バンディ
foreign,アルフォンソ
foreign,ブアマン
foreign,アンドレ
foreign,サービス
foreign,セバスチャン
foreign,ダドリ
foreign,ホリディ
foreign,ベルトラン
foreign,フェラー
foreign,ロッキー
foreign,グラム
foreign,ミューレン
foreign,バビー
foreign,セテラ
foreign,サーク
foreign,バルハウス
foreign,モンデシー
foreign,バルボア
foreign,シオン
foreign,リーフェ
foreign,シュルジー
foreign,ロス
foreign,ハンキンス
foreign,グラハム
foreign,ボトラ
foreign,ジラルド
foreign,ドースン
foreign,ティム
foreign,ジムタイル
foreign,アゼリア
foreign,ダットサン
foreign,アイザック
foreign,ミハイル
foreign,マケーブ
foreign,ジョルジュ
foreign,ヴァンホーン
foreign,パレニイ
foreign,デルピ
foreign,ヨーク
foreign,アグウィリー
foreign,タイラー
foreign,ルト
foreign,クロフツ
foreign,アンソニー
foreign,マンザレク
foreign,ヘンゲル
foreign,フィル
foreign,ボウイ
foreign,ジン
foreign,ツラッカート
foreign,ディポト
foreign,フリッツ
foreign,カイーノ
foreign,バッキンガム
foreign,テリーリー
foreign,フォンタナ
foreign,ダンストン
foreign,クラプトン
foreign,イヴェンティ
foreign,ヘイレン
foreign,ウィレム
foreign,ハットン
foreign,バー
foreign,ガルテン
foreign,ローダン
foreign,ヌージェント
foreign,グズマン
foreign,ドハティ
foreign,マーカー
foreign,ビリュー
foreign,フランビル
foreign,キャプショ
foreign,カダイン
foreign,マルカーノ
foreign,ゴメルスキー
foreign,フルチ
foreign,ギャリベイ
foreign,マティス
foreign,コルデロ
foreign,チャイルズ
foreign,ブラニガン
foreign,サイオー
foreign,ムーニー
foreign,ローク
foreign,ロウワー
foreign,ドキャンプ
foreign,ウィッシュ
foreign,ラーカー
foreign,ヒラー
foreign,ラクーン
foreign,アレックス
foreign,ライミス
foreign,ブライアント
foreign,リンドレイ
foreign,グラサー
foreign,セシア
foreign,ハッシアン
foreign,ニューマン
foreign,カプラー
foreign,グティエレス
foreign,ケージ
foreign,ジョフィ
foreign,マッケナ
foreign,ゴドレイ
foreign,チャンドラー
foreign,ビクトル
foreign,ペインター
foreign,ドルビー
foreign,ライナ
foreign,ディーン
foreign,ジオ
foreign,エプスタイン
foreign,テンプル
foreign,バンデラス
foreign,ネクテル
foreign,ギネス
foreign,ベルトルッチ
foreign,ビオレット
foreign,ランプリング
foreign,スプリングス
foreign,コルドヴァ
foreign,パーソンズ
foreign,ジェスター
foreign,ラドラ
foreign,ペイン
foreign,ゾーン
foreign,ネイション
foreign,アップショー
foreign,フォアマン
foreign,ロバート
foreign,バードソング
foreign,ラピダス
foreign,ベンフォート
foreign,ハインド
foreign,ワード
foreign,メイビア
foreign,カリー
foreign,サイクス
foreign,ボイト
foreign,ガンス
foreign,マイス
foreign,エストラーダ
foreign,シェリ
foreign,ホワイト
foreign,パワー
foreign,マッケイ
foreign,カークランド
foreign,ポムリー
foreign,スターキー
foreign,クリス
foreign,スウィントン
foreign,アイルランド
foreign,ゴールウェイ
foreign,ディキンソン
foreign,エドガー
foreign,ホッパー
foreign,ホセ
foreign,サム
foreign,ラオール
foreign,ドーティー
foreign,ヘプバーン
foreign,リューク
foreign,ディアー
foreign,デフォ
foreign,バルサム
foreign,コックレル
foreign,エミリオ
foreign,ブリュノ
foreign,ハーラン
foreign,マコーミック
foreign,アーガス
foreign,アメチ
foreign,ダルトリー
foreign,ダウンズ
foreign,ダーン
foreign,パレ
foreign,クレメンツ
foreign,グレイ
foreign,マシス
foreign,ミレン
foreign,ヤノフスキー
foreign,ハーダウェイ
foreign,チェッキ
foreign,ミッチャム
foreign,フライシャー
foreign,ヘイガー
foreign,ウォルデン
foreign,グリスマン
foreign,クーリッジ
foreign,サウラ
foreign,クロフォード
foreign,マクドネル
foreign,ハバード
foreign,ガイエティ
foreign,オートゥイユ
foreign,レーガン
foreign,ゲフィン
foreign,ヴァンザント
foreign,カントナー
foreign,バーホーベン
foreign,クリステル
foreign,ハルス
foreign,サベージ
foreign,ストレンジ
foreign,アークエッド
foreign,ゼメキス
foreign,シェイヴ
foreign,シルグ
foreign,ハウ
foreign,クライザー
foreign,ニード
foreign,セイガー
foreign,ザナック
foreign,ハザウェイ
foreign,フェルダー
foreign,レリオス
foreign,スニード
foreign,ロビンス
foreign,シュタール
foreign,アングラード
given_name,亜々人
given_name,藍
given_name,愛一
given_name,藍一
given_name,愛一朗
given_name,愛一郎
given_name,亜伊雅
given_name,相吉
given_name,愛作
given_name,愛策
given_name,愛史
given_name,愛士
given_name,愛志
given_name,愛司
given_name,愛嗣
given_name,愛児
given_name,愛次
given_name,愛治
given_name,愛二
given_name,愛慈郎
given_name,愛二郎
given_name,愛水
given_name,愛介
given_name,愛助
given_name,愛輔
given_name,愛正
given_name,愛生
given_name,愛三
given_name,愛象
given_name,愛蔵
given_name,愛造
given_name,相達
given_name,愛太郎
given_name,愛智朗
given_name,愛徒
given_name,愛和
given_name,藍人
given_name,愛童
given_name,愛成
given_name,愛之助
given_name,愛彦
given_name,彰久
given_name,愛弼
given_name,愛夢
given_name,愛矢
given_name,愛之
given_name,亜伊朗
given_name,蒼輝
given_name,碧樹
given_name,藍久
given_name,仰
given_name,青
given_name,蒼
given_name,雄飛
given_name,青空
given_name,碧仁
given_name,碧斗
given_name,青洋
given_name,青松
given_name,青野
given_name,赤城
given_name,赫
given_name,朱史
given_name,朱志
given_name,証
given_name,証史
given_name,証志
given_name,丹
given_name,丹史
given_name,灯
given_name,明
given_name,明史
given_name,明士
given_name,明志
given_name,明石
given_name,證
given_name,縣
given_name,暁
given_name,曉
given_name,吾雅人
given_name,彩加人
given_name,赤彦
given_name,赤人
given_name,崇
given_name,明
given_name,秋偉
given_name,明勲
given_name,明一
given_name,央海
given_name,暁海
given_name,明海
given_name,亜喜央
given_name,亜喜夫
given_name,亜希生
given_name,亜希夫
given_name,亜希雄
given_name,亜希郎
given_name,亜季生
given_name,亜紀生
given_name,亜紀夫
given_name,亜紀雄
given_name,亜規生
given_name,亜規夫
given_name,亜記夫
given_name,亜貴雄
given_name,亜樹夫
given_name,亜木男
given_name,旭緒
given_name,旭生
given_name,旭男
given_name,安岐雄
given_name,安貴夫
given_name,安輝朗
given_name,安騎夫
given_name,安芸夫
given_name,安芸雄
given_name,安樹男
given_name,映生
given_name,映雄
given_name,瑛生
given_name,央雄
given_name,覚男
given_name,輝雄
given_name,亨夫
given_name,暁
given_name,暁央
given_name,暁星
given_name,暁生
given_name,暁男
given_name,暁夫
given_name,暁甫
given_name,暁雄
given_name,暁朗
given_name,暁郎
given_name,啓雄
given_name,謙雄
given_name,顕央
given_name,顕生
given_name,顕男
given_name,顕夫
given_name,顕雄
given_name,顕郎
given_name,光巨
given_name,光男
given_name,光郎
given_name,晃園
given_name,晃央
given_name,晃希男
given_name,晃士
given_name,晃緒
given_name,晃生
given_name,晃大
given_name,晃男
given_name,晃夫
given_name,晃雄
given_name,晃朗
given_name,晃郎
given_name,嗣夫
given_name,秋生
given_name,秋男
given_name,秋夫
given_name,秋穂
given_name,秋雄
given_name,秋郎
given_name,商生
given_name,彰緒
given_name,彰織
given_name,彰人
given_name,彰生
given_name,彰大
given_name,彰男
given_name,彰夫
given_name,彰勇
given_name,彰雄
given_name,彰朗
given_name,彰郎
given_name,招夫
given_name,昌央
given_name,昌夫
given_name,昭央
given_name,昭生
given_name,昭男
given_name,昭夫
given_name,昭雄
given_name,昭陽
given_name,昭朗
given_name,昭郎
given_name,晶生
given_name,晶男
given_name,晶夫
given_name,晶雄
given_name,晶朗
given_name,晶郎
given_name,照郎
given_name,祥夫
given_name,祥雄
given_name,章央
given_name,章翁
given_name,章史
given_name,章緒
given_name,章臣
given_name,章生
given_name,章男
given_name,章夫
given_name,章雄
given_name,章朗
given_name,章郎
given_name,紹央
given_name,紹夫
given_name,聡央
given_name,聡男
given_name,聡伯
given_name,聡夫
given_name,聡明
given_name,知雄
given_name,聴郎
given_name,哲央
given_name,哲生
given_name,哲男
given_name,哲夫
given_name,哲扶
given_name,哲雄
given_name,彬夫
given_name,彬雄
given_name,彬朗
given_name,風雅
given_name,朋夫
given_name,明央
given_name,明欧
given_name,明王
given_name,明乙
given_name,明官
given_name,明喜央
given_name,明季雄
given_name,明紀夫
given_name,明輝雄
given_name,明巨
given_name,明士
given_name,明植
given_name,明生
given_name,明大
given_name,明男
given_name,明百
given_name,明夫
given_name,明穂
given_name,明雄
given_name,明朗
given_name,明郎
given_name,揚夫
given_name,曜生
given_name,陽生
given_name,陽男
given_name,陽夫
given_name,陽郎
given_name,亮央
given_name,亮生
given_name,亮男
given_name,亮夫
given_name,亮雄
given_name,亮郎
given_name,量夫
given_name,玲央
given_name,玲雄
given_name,礼郎
given_name,朗央
given_name,朗王
given_name,朗生
given_name,朗男
given_name,朗夫
given_name,朗雄
given_name,曉生
given_name,聰夫
given_name,聰郎
given_name,韶夫
given_name,章央
given_name,章王
given_name,明應
given_name,亜希臣
given_name,亜樹臣
given_name,顕臣
given_name,晃臣
given_name,昭臣
given_name,章臣
given_name,明臣
given_name,亮臣
given_name,明織
given_name,暁一
given_name,暁万
given_name,暁和
given_name,顕一
given_name,晃和
given_name,秋千
given_name,彰一
given_name,昭一
given_name,昭和
given_name,章一
given_name,章和
given_name,聡一
given_name,明一
given_name,明和
given_name,陽和
given_name,哲豊
given_name,昭勝
given_name,明克
given_name,朗清
given_name,啓邦
given_name,晃邦
given_name,彰邦
given_name,昭訓
given_name,昭邦
given_name,明國
given_name,晃禎
given_name,彰貞
given_name,明貞
given_name,亮定
given_name,晃聡
given_name,晃里
given_name,彰聡
given_name,昭郷
given_name,章里
given_name,明聖
given_name,明聡
given_name,明伶
given_name,晃之
given_name,全志
given_name,明志
given_name,亜樹治
given_name,安芸路
given_name,暁児
given_name,秋治
given_name,彰士
given_name,昌二
given_name,昭二
given_name,章司
given_name,章二
given_name,明司
given_name,明史
given_name,明嗣
given_name,明士
given_name,明二
given_name,安樹繁
given_name,秋成
given_name,彰重
given_name,彰繁
given_name,成臣
given_name,聡重
given_name,明成
given_name,明繁
given_name,璋重
given_name,哲樹
given_name,晃章
given_name,彰城
given_name,明城
given_name,暁次朗
given_name,暁典
given_name,暁祐
given_name,晃典
given_name,昭輔
given_name,萌輔
given_name,璃祐
given_name,顯亮
given_name,明純
given_name,章純
given_name,誠純
given_name,明純
given_name,秋造
given_name,旻燮
given_name,亜紀孝
given_name,旭臣
given_name,亨岳
given_name,暁宜
given_name,暁崇
given_name,暁生
given_name,暁万
given_name,空高
given_name,顕貴
given_name,顕恭
given_name,顕敬
given_name,顕孝
given_name,晃及
given_name,晃孝
given_name,晃崇
given_name,晃隆
given_name,秋孝
given_name,彰貴
given_name,彰教
given_name,彰孝
given_name,彰高
given_name,彰隆
given_name,昭毅
given_name,昭貴
given_name,昭孝
given_name,昭高
given_name,昭崇
given_name,昭隆
given_name,章貴
given_name,章敬
given_name,章孝
given_name,章高
given_name,章隆
given_name,聡宮
given_name,彬孝
given_name,文貴
given_name,明貴
given_name,明敬
given_name,明孝
given_name,明高
given_name,明隆
given_name,銘教
given_name,陽崇
given_name,陽豊
given_name,亮乙
given_name,亮尚
given_name,朗孝
given_name,暁威
given_name,暁岳
given_name,暁丈
given_name,秋武
given_name,彰威
given_name,昭丈
given_name,陽武
given_name,顕忠
given_name,彰但
given_name,紹土
given_name,明忠
given_name,亮允
given_name,亮忠
given_name,秋龍
given_name,昭達
given_name,明達
given_name,亜吉
given_name,秋親
given_name,彰近
given_name,晶親
given_name,章愛
given_name,章近
given_name,翠允
given_name,明史
given_name,亮親
given_name,秋津
given_name,昭津
given_name,輝丞
given_name,顕嗣
given_name,光嗣
given_name,晃亜
given_name,晃継
given_name,晃嗣
given_name,晃次
given_name,淳世
given_name,彰貢
given_name,彰二
given_name,昭継
given_name,昭嗣
given_name,昭次
given_name,章継
given_name,章告
given_name,章嗣
given_name,章次
given_name,明継
given_name,明嗣
given_name,明次
given_name,明二
given_name,亮嗣
given_name,亮次
given_name,秋綱
given_name,明綱
given_name,彰恒
given_name,明恒
given_name,明哲
given_name,暁晃
given_name,暁照
given_name,顕央
given_name,顕輝
given_name,晃輝
given_name,晃照
given_name,彰輝
given_name,彰晃
given_name,章輝
given_name,章照
given_name,聡顕
given_name,明輝
given_name,明晃
given_name,明照
given_name,曉輝
given_name,亜希人
given_name,亜希斗
given_name,亜紀人
given_name,亜紀斗
given_name,亜貴斗
given_name,亜輝人
given_name,阿規人
given_name,阿樹人
given_name,旭人
given_name,旭土
given_name,映仁
given_name,瑛人
given_name,瑛斗
given_name,鑑人
given_name,亨和
given_name,郷人
given_name,暁士
given_name,暁人
given_name,暁大
given_name,暁斗
given_name,暁登
given_name,暁到
given_name,啓人
given_name,慶二
given_name,顕人
given_name,現人
given_name,光人
given_name,晃人
given_name,晃斗
given_name,晃土
given_name,豪人
given_name,秋人
given_name,彰人
given_name,彰仁
given_name,彰斗
given_name,昌人
given_name,昭十
given_name,昭人
given_name,昭仁
given_name,昭斗
given_name,昭登
given_name,晶人
given_name,晶仁
given_name,照人
given_name,章人
given_name,章仁
given_name,章斗
given_name,章登
given_name,章門
given_name,紹人
given_name,成人
given_name,壮人
given_name,爽人
given_name,聡人
given_name,哲人
given_name,発達
given_name,彬人
given_name,彬斗
given_name,明希人
given_name,明人
given_name,明仁
given_name,明水
given_name,明斗
given_name,明登
given_name,明都
given_name,明東
given_name,陽人
given_name,陽登
given_name,亮人
given_name,亮斗
given_name,亮登
given_name,諒人
given_name,晟人
given_name,曉人
given_name,彰時
given_name,旭寿
given_name,央賢
given_name,暁俊
given_name,顕寿
given_name,顕俊
given_name,顕年
given_name,晃寿
given_name,晃俊
given_name,晃年
given_name,晃敏
given_name,晃利
given_name,晃壽
given_name,士福
given_name,秋寿
given_name,秋利
given_name,彰俊
given_name,彰年
given_name,彰敏
given_name,彰利
given_name,昭紀
given_name,昭寿
given_name,昭充
given_name,昭俊
given_name,昭年
given_name,昭敏
given_name,昭稔
given_name,昭利
given_name,晶俊
given_name,晶年
given_name,晶敏
given_name,章寿
given_name,章年
given_name,章敏
given_name,章稔
given_name,章利
given_name,成章
given_name,壮健
given_name,哲淑
given_name,哲俊
given_name,哲智
given_name,哲年
given_name,日俊
given_name,彬淑
given_name,明紀
given_name,明憲
given_name,明寿
given_name,明俊
given_name,明聡
given_name,明敏
given_name,明稔
given_name,明要
given_name,明利
given_name,陽俊
given_name,陽稔
given_name,璃斉
given_name,亮寿
given_name,亮俊
given_name,亮年
given_name,亮齢
given_name,朗利
given_name,晃富
given_name,章富
given_name,旭伴
given_name,暁友
given_name,啓誠
given_name,顕知
given_name,顕友
given_name,晃丈
given_name,秋智
given_name,秋朝
given_name,秋友
given_name,昭知
given_name,昭智
given_name,昭倫
given_name,祥智
given_name,章智
given_name,章友
given_name,紹智
given_name,信義
given_name,聡伯
given_name,明共
given_name,明丈
given_name,明知
given_name,明智
given_name,明倫
given_name,陽智
given_name,亮朋
given_name,亮友
given_name,朗智
given_name,昭豊
given_name,映有
given_name,昂直
given_name,晃巨
given_name,昭直
given_name,明尚
given_name,明直
given_name,亮直
given_name,諒直
given_name,顕永
given_name,光永
given_name,晃永
given_name,彰長
given_name,章永
given_name,哲永
given_name,明永
given_name,明長
given_name,陽永
given_name,瞭永
given_name,郷成
given_name,暁就
given_name,暁誠
given_name,顕成
given_name,顕生
given_name,現成
given_name,晃成
given_name,晃誠
given_name,秋成
given_name,秋也
given_name,彰也
given_name,昭成
given_name,昭也
given_name,晶成
given_name,晶也
given_name,章成
given_name,章也
given_name,哲也
given_name,明成
given_name,明稔
given_name,明也
given_name,揚也
given_name,陽哉
given_name,陽成
given_name,陽誠
given_name,亮宜
given_name,亮成
given_name,朗誠
given_name,朗也
given_name,明愛
given_name,聰之輔
given_name,旭将
given_name,旭庸
given_name,映信
given_name,瑛信
given_name,監之
given_name,鑑頌
given_name,亨暢
given_name,暁延
given_name,暁喜
given_name,暁経
given_name,暁信
given_name,暁進
given_name,暁宣
given_name,啓修
given_name,健生
given_name,謙信
given_name,顕伸
given_name,顕信
given_name,顕正
given_name,晃延
given_name,晃伸
given_name,晃申
given_name,晃宣
given_name,晃暢
given_name,秋順
given_name,秋信
given_name,秋宣
given_name,淳允
given_name,淳伸
given_name,彰延
given_name,彰修
given_name,彰伸
given_name,彰信
given_name,彰宣
given_name,彰展
given_name,彰布
given_name,昌修
given_name,昭允
given_name,昭延
given_name,昭伸
given_name,昭信
given_name,昭宣
given_name,昭暢
given_name,昭展
given_name,昭亘
given_name,晶伸
given_name,晶信
given_name,晶宣
given_name,晶房
given_name,照展
given_name,章修
given_name,章伸
given_name,章信
given_name,章申
given_name,章暢
given_name,章展
given_name,章敦
given_name,章亘
given_name,聡寿
given_name,聡将
given_name,聡伸
given_name,聡信
given_name,聡申
given_name,聡之
given_name,哲信
given_name,彬修
given_name,彬伸
given_name,彬宣
given_name,明延
given_name,明史
given_name,明修
given_name,明将
given_name,明伸
given_name,明信
given_name,明晋
given_name,明宣
given_name,明布
given_name,明庸
given_name,曜宣
given_name,陽進
given_name,陽展
given_name,陽之
given_name,亮伸
given_name,亮信
given_name,亮暢
given_name,亮敦
given_name,朗伸
given_name,晟伸
given_name,亜貴憲
given_name,旭紀
given_name,旭規
given_name,旭度
given_name,映憲
given_name,映典
given_name,瑛基
given_name,益功
given_name,海里
given_name,覚範
given_name,幹勲
given_name,希典
given_name,輝紀
given_name,輝典
given_name,輝徳
given_name,享範
given_name,暁紀
given_name,暁規
given_name,暁教
given_name,暁憲
given_name,暁功
given_name,暁昇
given_name,暁成
given_name,暁生
given_name,暁宣
given_name,暁則
given_name,暁典
given_name,暁徳
given_name,暁倫
given_name,啓紀
given_name,啓規
given_name,啓訓
given_name,啓徳
given_name,顕紀
given_name,顕規
given_name,顕教
given_name,顕矩
given_name,顕功
given_name,顕則
given_name,顕智
given_name,顕徳
given_name,顕範
given_name,顕陛
given_name,顕法
given_name,顕明
given_name,公範
given_name,晃永
given_name,晃雅
given_name,晃紀
given_name,晃規
given_name,晃教
given_name,晃敬
given_name,晃憲
given_name,晃功
given_name,晃康
given_name,晃式
given_name,晃順
given_name,晃昇
given_name,晃章
given_name,晃成
given_name,晃則
given_name,晃典
given_name,晃道
given_name,晃徳
given_name,晃範
given_name,晃律
given_name,晃礼
given_name,秋紀
given_name,秋教
given_name,秋則
given_name,秋典
given_name,秋徳
given_name,秋範
given_name,彰威
given_name,彰基
given_name,彰紀
given_name,彰規
given_name,彰記
given_name,彰儀
given_name,彰議
given_name,彰教
given_name,彰訓
given_name,彰慶
given_name,彰敬
given_name,彰経
given_name,彰憲
given_name,彰孝
given_name,彰康
given_name,彰臣
given_name,彰仁
given_name,彰宣
given_name,彰則
given_name,彰典
given_name,彰徳
given_name,彰範
given_name,彰法
given_name,彰理
given_name,彰律
given_name,彰倫
given_name,彰礼
given_name,昌則
given_name,昌徳
given_name,昌伯
given_name,昭紀
given_name,昭規
given_name,昭教
given_name,昭慶
given_name,昭憲
given_name,昭謙
given_name,昭考
given_name,昭史
given_name,昭成
given_name,昭宣
given_name,昭則
given_name,昭智
given_name,昭典
given_name,昭徳
given_name,昭範
given_name,昭法
given_name,昭稔
given_name,晶紀
given_name,晶規
given_name,晶敬
given_name,晶憲
given_name,晶則
given_name,晶徳
given_name,晶範
given_name,晶律
given_name,晶倫
given_name,照宣
given_name,照哲
given_name,祥則
given_name,祥伯
given_name,章雅
given_name,章介
given_name,章寛
given_name,章紀
given_name,章記
given_name,章教
given_name,章矩
given_name,章訓
given_name,章敬
given_name,章憲
given_name,章功
given_name,章史
given_name,章寿
given_name,章則
given_name,章代
given_name,章智
given_name,章哲
given_name,章典
given_name,章登
given_name,章統
given_name,章徳
given_name,章之
given_name,章範
given_name,章文
given_name,章律
given_name,章倫
given_name,章鉉
given_name,紹恭
given_name,詔範
given_name,信憲
given_name,晋玄
given_name,成列
given_name,誠寛
given_name,誠礼
given_name,宣徳
given_name,聡紀
given_name,聡規
given_name,聡教
given_name,聡孝
given_name,聡仁
given_name,聡則
given_name,聡典
given_name,聡里
given_name,哲毅
given_name,哲紀
given_name,哲規
given_name,哲宜
given_name,哲功
given_name,哲宗
given_name,哲章
given_name,哲政
given_name,哲宣
given_name,哲典
given_name,哲徳
given_name,哲範
given_name,哲律
given_name,徹訓
given_name,彬紀
given_name,彬憲
given_name,朋仙
given_name,明賀
given_name,明寛
given_name,明紀
given_name,明記
given_name,明軌
given_name,明教
given_name,明矩
given_name,明訓
given_name,明慶
given_name,明憲
given_name,明謙
given_name,明功
given_name,明孝
given_name,明周
given_name,明昇
given_name,明績
given_name,明宣
given_name,明則
given_name,明忠
given_name,明哲
given_name,明典
given_name,明道
given_name,明徳
given_name,明伯
given_name,明範
given_name,明文
given_name,明法
given_name,明誉
given_name,明律
given_name,明倫
given_name,曜土
given_name,陽規
given_name,陽周
given_name,陽則
given_name,陽方
given_name,了紀
given_name,亮紀
given_name,亮規
given_name,亮宜
given_name,亮憲
given_name,亮考
given_name,亮至
given_name,亮宗
given_name,亮舟
given_name,亮章
given_name,亮肖
given_name,亮則
given_name,亮智
given_name,亮典
given_name,亮徳
given_name,亮範
given_name,玲規
given_name,玲典
given_name,朗紀
given_name,朗記
given_name,朗慎
given_name,朗成
given_name,朗典
given_name,朗徳
given_name,朗法
given_name,晟徳
given_name,晟範
given_name,暉規
given_name,曉典
given_name,陽映
given_name,暁治
given_name,晃治
given_name,秋春
given_name,昭治
given_name,昭春
given_name,昭晴
given_name,章治
given_name,章晴
given_name,明治
given_name,明晴
given_name,明大
given_name,陽開
given_name,亮治
given_name,亮晴
given_name,映日
given_name,亜希彦
given_name,亜紀彦
given_name,亜規彦
given_name,亜輝彦
given_name,亜樹彦
given_name,旭比古
given_name,旭彦
given_name,安喜彦
given_name,安紀彦
given_name,安芸彦
given_name,映彦
given_name,瑛彦
given_name,暁光
given_name,暁比古
given_name,暁彦
given_name,顕光
given_name,顕彦
given_name,昂彦
given_name,晃彦
given_name,秋彦
given_name,彰彦
given_name,招彦
given_name,昌彦
given_name,昭比古
given_name,昭彦
given_name,晶彦
given_name,章光
given_name,章孫
given_name,章彦
given_name,成彦
given_name,清彦
given_name,精彦
given_name,爽彦
given_name,聡比古
given_name,聡彦
given_name,哲彦
given_name,彬彦
given_name,朋彦
given_name,明光
given_name,明比古
given_name,明彦
given_name,有希彦
given_name,陽彦
given_name,亮彦
given_name,玲彦
given_name,礼彦
given_name,朗彦
given_name,亜生久
given_name,安希央
given_name,安希久
given_name,安紀久
given_name,映寿
given_name,瑛久
given_name,覚久
given_name,鎌倉
given_name,輝久
given_name,暁永
given_name,暁央
given_name,暁久
given_name,暁寿
given_name,啓久
given_name,啓尚
given_name,敬久
given_name,顕久
given_name,光久
given_name,昂久
given_name,晃永
given_name,晃央
given_name,晃久
given_name,晃史
given_name,晃尚
given_name,秋久
given_name,秋寿
given_name,彰久
given_name,彰寿
given_name,彰尚
given_name,昌久
given_name,昭久
given_name,昭寿
given_name,昭尚
given_name,昭仙
given_name,昭壽
given_name,晶久
given_name,照久
given_name,祥久
given_name,章央
given_name,章久
given_name,章寿
given_name,章尚
given_name,章之
given_name,紹久
given_name,成寿
given_name,精寿
given_name,聡央
given_name,聡久
given_name,聡尚
given_name,聡之
given_name,哲学
given_name,哲久
given_name,哲寿
given_name,彬央
given_name,明永
given_name,明央
given_name,明久
given_name,明寿
given_name,明尚
given_name,陽久
given_name,亮久
given_name,亮寿
given_name,亮尚
given_name,亮壽
given_name,朗久
given_name,阿輝英
given_name,映秀
given_name,紀秀
given_name,顕栄
given_name,顕秀
given_name,晃栄
given_name,晃英
given_name,晃央
given_name,晃豪
given_name,晃秀
given_name,晃任
given_name,嗣豪
given_name,秋英
given_name,秋秀
given_name,彰英
given_name,彰秀
given_name,昭英
given_name,昭秀
given_name,晶英
given_name,照英
given_name,章栄
given_name,章英
given_name,章秀
given_name,聡英
given_name,聡秀
given_name,聴英
given_name,哲英
given_name,哲秀
given_name,明映
given_name,明栄
given_name,明英
given_name,明秀
given_name,陽英
given_name,亮栄
given_name,亮英
given_name,亮秀
given_name,玲秀
given_name,朗英
given_name,朗豪
given_name,亜基人
given_name,亜希仁
given_name,亜季人
given_name,旭人
given_name,旭仁
given_name,映人
given_name,映仁
given_name,瑛一
given_name,瑛仁
given_name,覚人
given_name,鑑人
given_name,輝人
given_name,輝仁
given_name,義人
given_name,亨仁
given_name,享仁
given_name,暁寛
given_name,暁史
given_name,暁人
given_name,暁仁
given_name,啓人
given_name,啓仁
given_name,敬人
given_name,研史
given_name,顕史
given_name,顕人
given_name,晃史
given_name,晃士
given_name,晃人
given_name,晃仁
given_name,秋一
given_name,秋人
given_name,秋仁
given_name,淳史
given_name,彰一
given_name,彰史
given_name,彰士
given_name,彰人
given_name,彰仁
given_name,昌人
given_name,昭一
given_name,昭史
given_name,昭儒
given_name,昭人
given_name,昭仁
given_name,昭等
given_name,昭民
given_name,晶士
given_name,晶人
given_name,晶仁
given_name,照人
given_name,祥史
given_name,祥士
given_name,祥仁
given_name,章公
given_name,章史
given_name,章人
given_name,章仁
given_name,信比人
given_name,成仁
given_name,誠士
given_name,誠人
given_name,壮史
given_name,壮人
given_name,聡人
given_name,聡仁
given_name,哲史
given_name,哲士
given_name,哲人
given_name,哲仁
given_name,彬史
given_name,彬人
given_name,彬仁
given_name,文人
given_name,明一
given_name,明史
given_name,明士
given_name,明人
given_name,明仁
given_name,明兵
given_name,盟人
given_name,裕人
given_name,揚人
given_name,陽人
given_name,陽仁
given_name,亮史
given_name,亮人
given_name,亮仁
given_name,諒人
given_name,玲史
given_name,玲人
given_name,朗史
given_name,朗人
given_name,朗仁
given_name,曉人
given_name,皓人
given_name,彰平
given_name,亜紀弘
given_name,亜貴弘
given_name,旭寛
given_name,旭宏
given_name,旭弘
given_name,旭浩
given_name,旭紘
given_name,旭博
given_name,旭洋
given_name,右裕
given_name,映博
given_name,瑛寛
given_name,瑛宏
given_name,瑛弘
given_name,瑛太
given_name,瑛大
given_name,瑛雄
given_name,瑛皓
given_name,央尋
given_name,旺裕
given_name,開拓
given_name,覚博
given_name,紀広
given_name,輝弘
given_name,輝大
given_name,輝裕
given_name,輝洋
given_name,亨浩
given_name,享宏
given_name,享泰
given_name,尭宏
given_name,尭大
given_name,尭宙
given_name,暁央
given_name,暁拡
given_name,暁寛
given_name,暁宏
given_name,暁広
given_name,暁弘
given_name,暁浩
given_name,暁泰
given_name,暁大
given_name,暁博
given_name,暁豊
given_name,暁裕
given_name,暁洋
given_name,啓央
given_name,啓宏
given_name,啓広
given_name,啓紘
given_name,啓大
given_name,啓宙
given_name,啓博
given_name,啓裕
given_name,研裕
given_name,謙宏
given_name,謙佑
given_name,顕啓
given_name,顕宏
given_name,顕広
given_name,顕弘
given_name,顕浩
given_name,顕紘
given_name,顕尋
given_name,顕博
given_name,顕祐
given_name,顕裕
given_name,顕洋
given_name,吾紀明
given_name,光洋
given_name,晃央
given_name,晃寛
given_name,晃啓
given_name,晃敬
given_name,晃宏
given_name,晃広
given_name,晃弘
given_name,晃浩
given_name,晃紘
given_name,晃周
given_name,晃大
given_name,晃展
given_name,晃博
given_name,晃平
given_name,晃弥
given_name,晃裕
given_name,晃洋
given_name,秋寛
given_name,秋宏
given_name,秋広
given_name,秋弘
given_name,秋浩
given_name,秋尋
given_name,秋拓
given_name,秋博
given_name,秋裕
given_name,秋洋
given_name,秋廣
given_name,淳紘
given_name,将洋
given_name,彰寛
given_name,彰啓
given_name,彰敬
given_name,彰宏
given_name,彰広
given_name,彰弘
given_name,彰浩
given_name,彰紘
given_name,彰泰
given_name,彰大
given_name,彰博
given_name,彰比呂
given_name,彰弥
given_name,彰祐
given_name,彰裕
given_name,彰洋
given_name,彰廣
given_name,招完
given_name,昌宏
given_name,昌広
given_name,昌弘
given_name,昌浩
given_name,昌大
given_name,昌裕
given_name,昭嘉
given_name,昭寛
given_name,昭啓
given_name,昭光
given_name,昭宏
given_name,昭広
given_name,昭弘
given_name,昭浩
given_name,昭紘
given_name,昭祥
given_name,昭仁
given_name,昭尋
given_name,昭大
given_name,昭博
given_name,昭彦
given_name,昭祐
given_name,昭裕
given_name,昭洋
given_name,昭廣
given_name,晶寛
given_name,晶啓
given_name,晶宏
given_name,晶広
given_name,晶弘
given_name,晶浩
given_name,晶太
given_name,晶大
given_name,晶博
given_name,晶悠
given_name,晶裕
given_name,晶洋
given_name,照浩
given_name,照大
given_name,照裕
given_name,祥寛
given_name,祥宏
given_name,祥博
given_name,章央
given_name,章寛
given_name,章啓
given_name,章敬
given_name,章公
given_name,章宏
given_name,章広
given_name,章弘
given_name,章浩
given_name,章紘
given_name,章仁
given_name,章尋
given_name,章泰
given_name,章大
given_name,章展
given_name,章博
given_name,章祐
given_name,章裕
given_name,章洋
given_name,章廣
given_name,紹寛
given_name,紹弘
given_name,穣大
given_name,晋啓
given_name,晋弘
given_name,晋大
given_name,成敬
given_name,成弘
given_name,成泰
given_name,成宙
given_name,成博
given_name,成裕
given_name,成洋
given_name,精浩
given_name,誠広
given_name,斉弘
given_name,壮広
given_name,聡啓
given_name,聡宏
given_name,聡浩
given_name,聡大
given_name,聡彦
given_name,聡裕
given_name,聡洋
given_name,知弥
given_name,知裕
given_name,哲寛
given_name,哲宏
given_name,哲広
given_name,哲弘
given_name,哲浩
given_name,哲大
given_name,哲博
given_name,哲裕
given_name,哲洋
given_name,彬寛
given_name,彬弘
given_name,彬浩
given_name,彬大
given_name,彬博
given_name,彬裕
given_name,彬廣
given_name,文浩
given_name,文博
given_name,朋弘
given_name,明央
given_name,明完
given_name,明寛
given_name,明啓
given_name,明慶
given_name,明宏
given_name,明広
given_name,明弘
given_name,明浩
given_name,明紘
given_name,明丈
given_name,明尋
given_name,明大
given_name,明拓
given_name,明典
given_name,明博
given_name,明彦
given_name,明凡
given_name,明裕
given_name,明洋
given_name,明廣
given_name,明煕
given_name,野間
given_name,曜宏
given_name,洋彰
given_name,陽啓
given_name,陽宏
given_name,陽広
given_name,陽弘
given_name,陽浩
given_name,陽太
given_name,陽大
given_name,陽博
given_name,陽洋
given_name,了浩
given_name,亮寛
given_name,亮宏
given_name,亮広
given_name,亮弘
given_name,亮浩
given_name,亮紘
given_name,亮大
given_name,亮博
given_name,亮明
given_name,亮弥
given_name,亮裕
given_name,亮洋
given_name,玲洋
given_name,露裕
given_name,朗啓
given_name,朗広
given_name,朗弘
given_name,朗浩
given_name,朗大
given_name,朗博
given_name,朗裕
given_name,壯洋
given_name,暉大
given_name,曉泰
given_name,曉洋
given_name,滉大
given_name,皓広
given_name,皓博
given_name,翔大
given_name,聰浩
given_name,聰亘
given_name,聽宏
given_name,晃房
given_name,朱房
given_name,彰亮
given_name,昭成
given_name,章房
given_name,明房
given_name,亮英
given_name,亜希文
given_name,旭史
given_name,映史
given_name,映文
given_name,瑛史
given_name,覚章
given_name,輝史
given_name,暁史
given_name,暁文
given_name,顕史
given_name,晃史
given_name,晃文
given_name,秋史
given_name,秋文
given_name,将文
given_name,彰史
given_name,彰章
given_name,彰文
given_name,彰良
given_name,昌史
given_name,昭史
given_name,昭文
given_name,晶史
given_name,晶章
given_name,晶文
given_name,照史
given_name,祥文
given_name,章史
given_name,章文
given_name,紹文
given_name,詔文
given_name,信文
given_name,成史
given_name,聡史
given_name,聡文
given_name,哲史
given_name,哲章
given_name,哲文
given_name,彬史
given_name,彬文
given_name,明史
given_name,明典
given_name,明文
given_name,諭史
given_name,揚史
given_name,陽史
given_name,陽文
given_name,亮史
given_name,亮文
given_name,朗史
given_name,暉文
given_name,曉文
given_name,諒馬
given_name,鏡仁
given_name,暁修
given_name,暁昌
given_name,暁正
given_name,啓正
given_name,顕匡
given_name,顕正
given_name,晃雅
given_name,晃匡
given_name,晃将
given_name,晃昌
given_name,晃正
given_name,晃聖
given_name,晃誠
given_name,彰允
given_name,彰雅
given_name,彰昌
given_name,彰正
given_name,彰優
given_name,昭昌
given_name,昭政
given_name,昭正
given_name,章雅
given_name,章巨
given_name,章匡
given_name,章公
given_name,章将
given_name,章昌
given_name,章真
given_name,章政
given_name,章正
given_name,章督
given_name,成匡
given_name,壮優
given_name,哲正
given_name,哲斉
given_name,明将
given_name,明昌
given_name,明真
given_name,明政
given_name,明正
given_name,明稚
given_name,明優
given_name,陽正
given_name,亮成
given_name,亮正
given_name,暉昌
given_name,曉昌
given_name,明磨
given_name,昌巳
given_name,章巳
given_name,陽充
given_name,映道
given_name,顕真
given_name,顕道
given_name,晃充
given_name,晃道
given_name,秋道
given_name,彰道
given_name,彰路
given_name,昭道
given_name,章成
given_name,章達
given_name,章通
given_name,章道
given_name,哲理
given_name,哲路
given_name,明道
given_name,明倫
given_name,亮径
given_name,亮道
given_name,映光
given_name,輝三
given_name,暁光
given_name,暁充
given_name,顕光
given_name,顕充
given_name,晃光
given_name,晃三
given_name,晃充
given_name,秋光
given_name,秋実
given_name,秋満
given_name,彰充
given_name,昌光
given_name,昭光
given_name,昭泉
given_name,昭満
given_name,晶光
given_name,晶充
given_name,章允
given_name,章光
given_name,章充
given_name,章満
given_name,聴充
given_name,哲光
given_name,彬光
given_name,彬充
given_name,明光
given_name,明三
given_name,明盛
given_name,明満
given_name,陽光
given_name,亮光
given_name,亮実
given_name,朗光
given_name,朗充
given_name,秋嶺
given_name,明峰
given_name,暁夢
given_name,秋宗
given_name,明宗
given_name,秋村
given_name,晃基
given_name,秋元
given_name,彰基
given_name,章元
given_name,明基
given_name,秋守
given_name,昭守
given_name,明盛
given_name,明杜
given_name,亜希也
given_name,旭哉
given_name,暁哉
given_name,暁也
given_name,光哉
given_name,晃也
given_name,秋弥
given_name,彰也
given_name,昭哉
given_name,昭也
given_name,晶也
given_name,祥也
given_name,章也
given_name,詳也
given_name,誠也
given_name,哲哉
given_name,彬也
given_name,明季哉
given_name,明哉
given_name,明也
given_name,明弥
given_name,朗也
given_name,晟矢
given_name,暁康
given_name,晃康
given_name,晃保
given_name,晃靖
given_name,彰恭
given_name,彰康
given_name,彰泰
given_name,彰保
given_name,晶康
given_name,章安
given_name,彬秦
given_name,明恭
given_name,明康
given_name,明保
given_name,陽安
given_name,炳康
given_name,映幸
given_name,映行
given_name,輝之
given_name,暁介
given_name,暁之
given_name,顕行
given_name,顕至
given_name,顕之
given_name,晃幸
given_name,晃征
given_name,晃之
given_name,秋幸
given_name,彰幸
given_name,彰行
given_name,彰志
given_name,彰之
given_name,昭幸
given_name,昭行
given_name,昭志
given_name,昭如
given_name,昭之
given_name,晶幸
given_name,晶行
given_name,晶之
given_name,祥之
given_name,章行
given_name,章之
given_name,誠之
given_name,聡之
given_name,哲之
given_name,彬之
given_name,明幸
given_name,明行
given_name,明志
given_name,明之
given_name,揚行
given_name,陽之
given_name,亮行
given_name,亮之
given_name,朗幸
given_name,曉幸
given_name,亜紀義
given_name,旭克
given_name,旭芳
given_name,瑛芳
given_name,輝吉
given_name,暁快
given_name,暁義
given_name,暁慶
given_name,暁好
given_name,暁宣
given_name,暁良
given_name,顕愛
given_name,顕佳
given_name,顕嘉
given_name,顕貴
given_name,顕義
given_name,顕能
given_name,光由
given_name,晃佳
given_name,晃可
given_name,晃幹
given_name,晃喜
given_name,晃義
given_name,晃吉
given_name,晃圭
given_name,晃慶
given_name,晃功
given_name,晃好
given_name,晃幸
given_name,晃祥
given_name,晃詳
given_name,晃整
given_name,晃美
given_name,晃芳
given_name,晃由
given_name,晃良
given_name,晃令
given_name,在奎
given_name,秋義
given_name,秋吉
given_name,秋善
given_name,秋良
given_name,彰佳
given_name,彰義
given_name,彰慶
given_name,彰剛
given_name,彰克
given_name,彰時
given_name,彰祥
given_name,彰代史
given_name,彰美
given_name,彰芳
given_name,彰良
given_name,昌良
given_name,昭悦
given_name,昭佳
given_name,昭嘉
given_name,昭介
given_name,昭喜
given_name,昭宜
given_name,昭義
given_name,昭吉
given_name,昭慶
given_name,昭好
given_name,昭孔
given_name,昭剛
given_name,昭克
given_name,昭省
given_name,昭祥
given_name,昭善
given_name,昭全
given_name,昭辰
given_name,昭徳
given_name,昭美
given_name,昭彦
given_name,昭芳
given_name,昭良
given_name,晶允
given_name,晶祥
given_name,晶詳
given_name,晶由
given_name,照宜
given_name,照剛
given_name,章伊
given_name,章佳
given_name,章嘉
given_name,章介
given_name,章喜
given_name,章宜
given_name,章義
given_name,章吉
given_name,章圭
given_name,章慶
given_name,章賢
given_name,章功
given_name,章好
given_name,章孔
given_name,章充
given_name,章純
given_name,章祥
given_name,章善
given_name,章之
given_name,章能
given_name,章由
given_name,章良
given_name,晋伊
given_name,成祥
given_name,聡剛
given_name,旦佳
given_name,哲佳
given_name,哲義
given_name,哲慶
given_name,哲純
given_name,哲良
given_name,徹佳
given_name,文啓
given_name,文誉
given_name,明佳
given_name,明可
given_name,明嘉
given_name,明快
given_name,明幹
given_name,明喜
given_name,明宜
given_name,明義
given_name,明吉
given_name,明啓
given_name,明慶
given_name,明敬
given_name,明好
given_name,明克
given_name,明住
given_name,明昌
given_name,明世司
given_name,明善
given_name,明禎
given_name,明美
given_name,明芳
given_name,明由
given_name,明良
given_name,耀義
given_name,陽吉
given_name,陽芳
given_name,陽稔
given_name,陽良
given_name,了義
given_name,亮佳
given_name,亮嘉
given_name,亮介
given_name,亮吉
given_name,亮良
given_name,亮林
given_name,諒佳
given_name,朗吉
given_name,朗好
given_name,朗昌
given_name,暁世利
given_name,彰偉
given_name,信頼
given_name,聡由
given_name,陽和
given_name,アキラ
given_name,亜喜良
given_name,亜希良
given_name,亜紀良
given_name,亜貴良
given_name,亜輝羅
given_name,旭
given_name,旭良
given_name,威
given_name,叡
given_name,映
given_name,映良
given_name,瑛
given_name,英
given_name,央
given_name,旺
given_name,可徳
given_name,果
given_name,確
given_name,覚
given_name,監
given_name,鑑
given_name,輝
given_name,亨
given_name,享
given_name,卿
given_name,興
given_name,鏡
given_name,尭
given_name,暁
given_name,暁良
given_name,啓
given_name,慧
given_name,敬
given_name,景
given_name,憲
given_name,見
given_name,顕
given_name,顕晃
given_name,顕彰
given_name,顕良
given_name,現
given_name,光
given_name,公
given_name,昂
given_name,晃
given_name,晃良
given_name,講
given_name,高
given_name,在
given_name,賛
given_name,爾
given_name,秋良
given_name,淳
given_name,将
given_name,彰
given_name,彰夫
given_name,彰良
given_name,昌
given_name,昭
given_name,昭良
given_name,昭郎
given_name,晶
given_name,晶良
given_name,照
given_name,祥
given_name,祥良
given_name,章
given_name,章良
given_name,詔
given_name,詳
given_name,信
given_name,審
given_name,新
given_name,晋
given_name,翠
given_name,成
given_name,正
given_name,清明
given_name,清朗
given_name,精
given_name,聖
given_name,聖夜
given_name,誠
given_name,宣
given_name,詮
given_name,鮮
given_name,全
given_name,壮
given_name,爽
given_name,聡
given_name,聡良
given_name,存
given_name,丹
given_name,旦
given_name,智
given_name,暢
given_name,聴
given_name,直加
given_name,哲
given_name,哲良
given_name,徹
given_name,東
given_name,頭良
given_name,瞳
given_name,徳
given_name,日明
given_name,肇
given_name,発
given_name,彬
given_name,文
given_name,文彬
given_name,命
given_name,明
given_name,明貴良
given_name,明神
given_name,明生
given_name,明頼
given_name,明良
given_name,明朗
given_name,盟
given_name,靖
given_name,諭
given_name,有季羅
given_name,融
given_name,曜
given_name,耀
given_name,陽
given_name,翌
given_name,了
given_name,亮
given_name,亮生
given_name,亮良
given_name,亮朗
given_name,僚
given_name,瞭
given_name,良
given_name,諒
given_name,玲
given_name,礼
given_name,麗
given_name,烈
given_name,露
given_name,朗
given_name,倬
given_name,敞
given_name,晁
given_name,晨
given_name,晨等
given_name,晟
given_name,晢
given_name,暉
given_name,曉
given_name,洸来
given_name,滉
given_name,璋
given_name,皎
given_name,皓
given_name,翔
given_name,聰
given_name,顯
given_name,黎
given_name,輝郎
given_name,暁郎
given_name,晃朗
given_name,秋朗
given_name,彰朗
given_name,昭朗
given_name,昭郎
given_name,晶郎
given_name,明朗
given_name,明郎
given_name,朗緒
given_name,亜久登
given_name,亜久利
given_name,亜久里
given_name,阿久利
given_name,琢真
given_name,挙
given_name,暁生
given_name,暁男
given_name,暁夫
given_name,暁雄
given_name,曙夫
given_name,明生
given_name,明朗
given_name,曙邦
given_name,明司
given_name,明嗣
given_name,明志
given_name,明治郎
given_name,曙人
given_name,明人
given_name,明昇
given_name,明彦
given_name,朱久
given_name,明秀
given_name,陽大
given_name,曙光
given_name,明光
given_name,曙行
given_name,朱芳
given_name,曙義
given_name,明義
given_name,暁
given_name,朝一
given_name,亜佐夫
given_name,浅男
given_name,浅夫
given_name,浅雄
given_name,朝生
given_name,朝男
given_name,朝夫
given_name,朝雄
given_name,朝郎
given_name,麻生
given_name,麻男
given_name,麻夫
given_name,麻雄
given_name,晨夫
given_name,朝一
given_name,朝和
given_name,阿佐樹
given_name,浅輝
given_name,大知
given_name,朝喜
given_name,朝希
given_name,朝紀
given_name,朝記
given_name,朝輝
given_name,朝樹
given_name,麻樹
given_name,朝吉
given_name,朝士
given_name,麻志
given_name,朝治
given_name,麻司
given_name,麻太
given_name,朝太郎
given_name,麻太郎
given_name,朝輝
given_name,亜郷
given_name,亜佐人
given_name,亜沙人
given_name,亜聡
given_name,阿里
given_name,安里
given_name,元人
given_name,晃人
given_name,浅人
given_name,朝人
given_name,日人
given_name,麻人
given_name,麻斗
given_name,麻登
given_name,朝斗志
given_name,朝尚
given_name,朝成
given_name,朝薫
given_name,朝信
given_name,麻記
given_name,朝春
given_name,阿佐飛
given_name,阿沙陽
given_name,旭
given_name,朝飛
given_name,阿佐彦
given_name,浅彦
given_name,朝彦
given_name,麻比古
given_name,麻比児
given_name,晁彦
given_name,朝仁
given_name,麻弘
given_name,麻大
given_name,朝史
given_name,麻夢
given_name,朝也
given_name,麻哉
given_name,麻矢
given_name,葦夫
given_name,晨
given_name,亜州男
given_name,明日希
given_name,明日樹
given_name,梓
given_name,明日太
given_name,明日人
given_name,明日成
given_name,泰史
given_name,智大
given_name,吾寸磨
given_name,東篤
given_name,亜世
given_name,亜成
given_name,亜星
given_name,亜生
given_name,亜精
given_name,亜聖
given_name,亜誠
given_name,阿聖
given_name,与
given_name,亜啓
given_name,允
given_name,央
given_name,充
given_name,充健
given_name,中
given_name,当
given_name,陽
given_name,亜弾
given_name,厚哲
given_name,篤一
given_name,厚衛
given_name,亜津夫
given_name,圧雄
given_name,温生
given_name,温男
given_name,温夫
given_name,温雄
given_name,温朗
given_name,貴生
given_name,功雄
given_name,厚生
given_name,厚男
given_name,厚夫
given_name,厚保
given_name,厚雄
given_name,厚朗
given_name,実雄
given_name,充生
given_name,充穂
given_name,充雄
given_name,淳士
given_name,淳生
given_name,淳男
given_name,淳夫
given_name,淳雄
given_name,淳郎
given_name,昌生
given_name,崇雄
given_name,篤央
given_name,篤臣
given_name,篤生
given_name,篤男
given_name,篤夫
given_name,篤雄
given_name,篤朗
given_name,篤郎
given_name,惇夫
given_name,惇雄
given_name,敦央
given_name,敦乙
given_name,敦重
given_name,敦緒
given_name,敦生
given_name,敦男
given_name,敦夫
given_name,敦勇
given_name,敦雄
given_name,敦朗
given_name,敦郎
given_name,熱生
given_name,篤興
given_name,貴臣
given_name,厚臣
given_name,淳臣
given_name,篤翔
given_name,温紀
given_name,幹樹
given_name,貴記
given_name,暁希
given_name,功起
given_name,厚基
given_name,厚紀
given_name,厚輝
given_name,厚樹
given_name,充紀
given_name,充記
given_name,充輝
given_name,淳喜
given_name,淳基
given_name,淳希
given_name,淳揮
given_name,淳毅
given_name,淳紀
given_name,淳記
given_name,淳貴
given_name,淳輝
given_name,淳樹
given_name,純輝
given_name,純樹
given_name,昌樹
given_name,忠貴
given_name,徳毅
given_name,篤磯
given_name,篤喜
given_name,篤基
given_name,篤希
given_name,篤毅
given_name,篤紀
given_name,篤貴
given_name,篤輝
given_name,篤宜
given_name,篤己
given_name,篤樹
given_name,篤生
given_name,惇起
given_name,惇輝
given_name,敦磯
given_name,敦喜
given_name,敦基
given_name,敦岐
given_name,敦希
given_name,敦揮
given_name,敦紀
given_name,敦規
given_name,敦記
given_name,敦貴
given_name,敦己
given_name,敦哉
given_name,敦樹
given_name,敦生
given_name,熱気
given_name,豊己
given_name,有継
given_name,陸貴
given_name,惇行
given_name,篤邦
given_name,敦邦
given_name,敦吾
given_name,亜津司
given_name,亜津志
given_name,亜通志
given_name,亜都志
given_name,握
given_name,渥
given_name,渥司
given_name,渥史
given_name,渥士
given_name,安通志
given_name,逸
given_name,温
given_name,温司
given_name,温史
given_name,温士
given_name,温志
given_name,温思
given_name,温資
given_name,幹志
given_name,毅
given_name,貴司
given_name,貴史
given_name,貴士
given_name,貴志
given_name,享志
given_name,京史
given_name,京士
given_name,京志
given_name,京之
given_name,暁司
given_name,敬史
given_name,敬士
given_name,功司
given_name,功史
given_name,功嗣
given_name,功士
given_name,功次
given_name,厚
given_name,厚使
given_name,厚司
given_name,厚史
given_name,厚嗣
given_name,厚士
given_name,厚志
given_name,厚至
given_name,厚視
given_name,厚次
given_name,厚匠
given_name,厚仁
given_name,厚生
given_name,厚之
given_name,厚吏
given_name,孝司
given_name,孝史
given_name,孝嗣
given_name,孝志
given_name,宏志
given_name,皇史
given_name,剛史
given_name,充司
given_name,充史
given_name,充士
given_name,充志
given_name,充至
given_name,充俊
given_name,充之
given_name,重志
given_name,春史
given_name,春男
given_name,淳
given_name,淳司
given_name,淳史
given_name,淳嗣
given_name,淳士
given_name,淳始
given_name,淳志
given_name,淳至
given_name,淳視
given_name,淳詞
given_name,淳詩
given_name,淳慈
given_name,淳仁
given_name,淳之
given_name,淳巳
given_name,淳矢
given_name,純
given_name,純史
given_name,純士
given_name,醇
given_name,昌司
given_name,昌史
given_name,昌嗣
given_name,昌士
given_name,昌市
given_name,昌志
given_name,真司
given_name,真史
given_name,真志
given_name,専
given_name,暖
given_name,忠
given_name,忠司
given_name,衷志
given_name,展
given_name,徳
given_name,徳志
given_name,徳之
given_name,督
given_name,篤
given_name,篤伺
given_name,篤司
given_name,篤史
given_name,篤嗣
given_name,篤士
given_name,篤志
given_name,篤思
given_name,篤支
given_name,篤祉
given_name,篤至
given_name,篤詞
given_name,篤諮
given_name,篤賜
given_name,篤次
given_name,篤示
given_name,篤識
given_name,篤誠
given_name,篤積
given_name,篤之
given_name,篤吏
given_name,惇
given_name,惇司
given_name,惇史
given_name,惇嗣
given_name,惇士
given_name,惇志
given_name,惇之
given_name,敦
given_name,敦央
given_name,敦司
given_name,敦史
given_name,敦嗣
given_name,敦士
given_name,敦市
given_name,敦志
given_name,敦施
given_name,敦氏
given_name,敦至
given_name,敦視
given_name,敦詞
given_name,敦詩
given_name,敦誌
given_name,敦資
given_name,敦賜
given_name,敦只
given_name,敦之
given_name,敦睦
given_name,敦巳
given_name,敦吏
given_name,熱
given_name,熱志
given_name,濃
given_name,農
given_name,農史
given_name,農之
given_name,法司
given_name,豊司
given_name,豊史
given_name,睦
given_name,睦史
given_name,睦志
given_name,明津司
given_name,有志
given_name,陸
given_name,陸史
given_name,陸志
given_name,亮
given_name,亮志
given_name,和
given_name,亘
given_name,侑史
given_name,眞史
given_name,諄
given_name,温司
given_name,温次
given_name,厚ニ
given_name,厚司
given_name,充治
given_name,篤志
given_name,篤次
given_name,篤二
given_name,敦嗣
given_name,敦二
given_name,淳成
given_name,淳繁
given_name,忠薫
given_name,篤重
given_name,篤茂
given_name,敦成
given_name,淳次朗
given_name,敦太
given_name,厚隆
given_name,淳孝
given_name,淳尚
given_name,淳誉
given_name,淳隆
given_name,篤敬
given_name,篤孝
given_name,敦貴
given_name,敦孝
given_name,敦誉
given_name,敦隆
given_name,豊貴
given_name,敦忠
given_name,篤民
given_name,篤太郎
given_name,敦太郎
given_name,篤恒
given_name,享輝
given_name,厚輝
given_name,敦央
given_name,敦輝
given_name,厚人
given_name,充人
given_name,淳人
given_name,督人
given_name,篤人
given_name,篤努
given_name,惇人
given_name,敦乙
given_name,敦人
given_name,温敏
given_name,貴紀
given_name,貴智
given_name,厚寿
given_name,厚俊
given_name,厚敏
given_name,厚利
given_name,孝俊
given_name,充俊
given_name,重毅
given_name,淳智
given_name,淳敏
given_name,淳利
given_name,篤俊
given_name,篤敏
given_name,篤利
given_name,惇俊
given_name,敦俊
given_name,敦利
given_name,厚友
given_name,敦智
given_name,敦朋
given_name,敦友
given_name,陸文
given_name,温直
given_name,厚尚
given_name,篤直
given_name,敦尚
given_name,淳永
given_name,貴誠
given_name,功成
given_name,厚成
given_name,淳成
given_name,昌成
given_name,篤成
given_name,敦也
given_name,篤乃
given_name,温信
given_name,厚伸
given_name,厚信
given_name,充伸
given_name,充展
given_name,淳伸
given_name,淳信
given_name,淳展
given_name,中庸
given_name,篤延
given_name,篤伸
given_name,篤信
given_name,篤宣
given_name,敦信
given_name,敦暢
given_name,敦之
given_name,敦庸
given_name,陸照
given_name,温教
given_name,温則
given_name,貴考
given_name,京律
given_name,功憲
given_name,功徳
given_name,厚紀
given_name,厚憲
given_name,厚宣
given_name,厚則
given_name,厚典
given_name,厚徳
given_name,厚範
given_name,宏宗
given_name,充紀
given_name,充教
given_name,充敬
given_name,充功
given_name,充宣
given_name,充則
given_name,充範
given_name,充律
given_name,充倫
given_name,淳紀
given_name,淳教
given_name,淳矩
given_name,淳考
given_name,淳仁
given_name,淳則
given_name,淳智
given_name,淳徳
given_name,淳範
given_name,淳文
given_name,昌憲
given_name,中庸
given_name,篤紀
given_name,篤宜
given_name,篤慶
given_name,篤憲
given_name,篤功
given_name,篤識
given_name,篤宣
given_name,篤則
given_name,篤典
given_name,篤徳
given_name,篤伯
given_name,篤範
given_name,篤法
given_name,篤礼
given_name,敦位
given_name,敦紀
given_name,敦規
given_name,敦敬
given_name,敦憲
given_name,敦功
given_name,敦史
given_name,敦慎
given_name,敦宣
given_name,敦則
given_name,敦智
given_name,敦典
given_name,敦統
given_name,敦徳
given_name,敦範
given_name,圧治
given_name,安津彦
given_name,貴彦
given_name,厚彦
given_name,充彦
given_name,重光
given_name,淳光
given_name,淳比古
given_name,淳彦
given_name,純彦
given_name,昌彦
given_name,暖彦
given_name,篤彦
given_name,敦比古
given_name,敦彦
given_name,睦彦
given_name,温久
given_name,貴文
given_name,厚寿
given_name,宏寿
given_name,淳久
given_name,淳寿
given_name,篤寿
given_name,敦久
given_name,富久
given_name,淳英
given_name,篤英
given_name,篤秀
given_name,敦秀
given_name,厚人
given_name,厚仁
given_name,充人
given_name,重人
given_name,淳人
given_name,淳仁
given_name,昌士
given_name,篤一
given_name,篤史
given_name,篤人
given_name,篤仁
given_name,敦一
given_name,敦人
given_name,敦仁
given_name,豊人
given_name,睦人
given_name,睦仁
given_name,温広
given_name,貴裕
given_name,京宏
given_name,京洋
given_name,敬洋
given_name,厚宏
given_name,厚広
given_name,厚弘
given_name,厚浩
given_name,厚仁
given_name,厚博
given_name,厚裕
given_name,厚洋
given_name,厚廣
given_name,充寛
given_name,充宏
given_name,充弘
given_name,淳寛
given_name,淳啓
given_name,淳公
given_name,淳宏
given_name,淳広
given_name,淳弘
given_name,淳浩
given_name,淳博
given_name,淳裕
given_name,淳洋
given_name,純寛
given_name,昌啓
given_name,昌広
given_name,昌弘
given_name,徳弘
given_name,篤寛
given_name,篤啓
given_name,篤敬
given_name,篤宏
given_name,篤広
given_name,篤弘
given_name,篤浩
given_name,篤大
given_name,篤博
given_name,篤弥
given_name,篤裕
given_name,篤洋
given_name,篤廣
given_name,惇弘
given_name,惇大
given_name,惇洋
given_name,敦寛
given_name,敦啓
given_name,敦宏
given_name,敦広
given_name,敦弘
given_name,敦浩
given_name,敦紘
given_name,敦太
given_name,敦大
given_name,敦博
given_name,敦裕
given_name,敦洋
given_name,敦廣
given_name,睦裕
given_name,充史
given_name,充文
given_name,淳史
given_name,淳文
given_name,篤史
given_name,篤文
given_name,惇記
given_name,敦郁
given_name,敦史
given_name,敦士
given_name,敦章
given_name,敦文
given_name,篤史
given_name,温真
given_name,篤真
given_name,篤麿
given_name,温雅
given_name,厚雅
given_name,厚真
given_name,充政
given_name,淳雅
given_name,淳真
given_name,篤将
given_name,篤昌
given_name,篤政
given_name,篤正
given_name,篤誠
given_name,篤優
given_name,敦雅
given_name,敦理
given_name,豊昌
given_name,貴麿
given_name,重麿
given_name,温実
given_name,敬省
given_name,厚見
given_name,厚己
given_name,厚臣
given_name,充仁
given_name,淳雅
given_name,淳己
given_name,淳視
given_name,淳実
given_name,淳親
given_name,淳巳
given_name,尚
given_name,篤三
given_name,篤実
given_name,篤巳
given_name,敦海
given_name,敦己
given_name,敦実
given_name,敦充
given_name,敦生
given_name,敦巳
given_name,豊実
given_name,愛積
given_name,安積
given_name,敦道
given_name,亜摘
given_name,華
given_name,集
given_name,崇
given_name,積
given_name,総
given_name,侑
given_name,篤宗
given_name,敦守
given_name,敦盛
given_name,亜津也
given_name,温也
given_name,貴哉
given_name,貴也
given_name,厚哉
given_name,厚也
given_name,厚弥
given_name,淳哉
given_name,淳也
given_name,純也
given_name,昌也
given_name,暖也
given_name,篤哉
given_name,篤也
given_name,篤弥
given_name,惇也
given_name,惇弥
given_name,敦哉
given_name,敦也
given_name,敦弥
given_name,睦哉
given_name,篤靖
given_name,温幸
given_name,貴之
given_name,京是
given_name,厚幸
given_name,厚行
given_name,厚之
given_name,宏介
given_name,充行
given_name,春薫
given_name,淳幸
given_name,淳行
given_name,淳之
given_name,忠幸
given_name,篤幸
given_name,篤行
given_name,篤之
given_name,敦幸
given_name,敦行
given_name,敦章
given_name,敦如
given_name,敦之
given_name,貴佳
given_name,厚喜
given_name,厚義
given_name,厚善
given_name,孝佳
given_name,宏成
given_name,充佳
given_name,淳佳
given_name,淳嘉
given_name,淳幹
given_name,淳喜
given_name,淳義
given_name,淳仁
given_name,淳善
given_name,淳禎
given_name,淳芳
given_name,淳与志
given_name,督益
given_name,篤佳
given_name,篤義
given_name,篤慶
given_name,篤好
given_name,篤斉
given_name,篤靖
given_name,篤良
given_name,惇由
given_name,敦伊
given_name,敦嘉
given_name,敦喜
given_name,敦義
given_name,敦好
given_name,敦孔
given_name,敦省
given_name,敦宣
given_name,敦由
given_name,敦良
given_name,穆義
given_name,貴之
given_name,温朗
given_name,厚朗
given_name,厚郎
given_name,充朗
given_name,充郎
given_name,淳朗
given_name,淳郎
given_name,篤朗
given_name,篤郎
given_name,惇郎
given_name,敦朗
given_name,敦郎
given_name,亜土
given_name,愛土
given_name,亜都生
given_name,亜斗武
given_name,亜斗夢
given_name,亜杜武
given_name,亜登武
given_name,亜登夢
given_name,亜土夢
given_name,亜富
given_name,吾吐夢
given_name,吾渡夢
given_name,跡夢
given_name,与夢
given_name,悟
given_name,亜任太
given_name,亜羽人
given_name,章博
given_name,亜彦
given_name,有人
given_name,亜武
given_name,天人
given_name,天仁
given_name,周
given_name,周布
given_name,普
given_name,遍
given_name,天彦
given_name,亜夢斗
given_name,亜門
given_name,綾一郎
given_name,絢雄
given_name,綾夫
given_name,綾雄
given_name,彩夫
given_name,章夫
given_name,礼夫
given_name,礼朗
given_name,綾一
given_name,英千
given_name,綾己
given_name,彩樹
given_name,文喜
given_name,文紀
given_name,文貴
given_name,文樹
given_name,理己
given_name,理樹
given_name,綺基
given_name,絢士
given_name,綾士郎
given_name,文太
given_name,綾貴
given_name,彩貴
given_name,文隆
given_name,文胤
given_name,礼太郎
given_name,亜耶人
given_name,絢人
given_name,絢斗
given_name,綾人
given_name,綾斗
given_name,郁人
given_name,彩人
given_name,彩仁
given_name,史人
given_name,文人
given_name,文登
given_name,理人
given_name,礼人
given_name,礼門
given_name,礼尚
given_name,絢則
given_name,綾則
given_name,郁恭
given_name,恵徳
given_name,文紀
given_name,文教
given_name,文憲
given_name,理教
given_name,理仁
given_name,礼智
given_name,礼徳
given_name,綾彦
given_name,文彦
given_name,礼彦
given_name,礼尚
given_name,英仁
given_name,彩仁
given_name,文人
given_name,文博
given_name,礼博
given_name,礼文
given_name,鮎夫
given_name,歩史
given_name,鮎太
given_name,歩太
given_name,亜由智
given_name,愛由知
given_name,鮎人
given_name,歩人
given_name,亜由彦
given_name,鮎彦
given_name,歩史
given_name,歩真
given_name,渉
given_name,歩
given_name,鮎夢
given_name,渉
given_name,道
given_name,歩
given_name,歩生
given_name,歩夢
given_name,鮎郎
given_name,新生
given_name,新輝
given_name,新樹
given_name,荒矢
given_name,嵐
given_name,嵐士
given_name,亜羅多
given_name,改
given_name,革
given_name,更
given_name,荒太
given_name,新
given_name,新太
given_name,新大
given_name,新朝
given_name,歩
given_name,荒地
given_name,荒人
given_name,新人
given_name,新都
given_name,新人
given_name,荒野
given_name,亜嵐
given_name,亜蘭
given_name,阿蘭
given_name,有明
given_name,有淳
given_name,有生
given_name,有夫
given_name,有勝
given_name,有国
given_name,有滋
given_name,有重
given_name,有成
given_name,有純
given_name,在隆
given_name,有貴
given_name,有孝
given_name,有隆
given_name,有立
given_name,有哉
given_name,有史
given_name,有誓
given_name,有恒
given_name,愛利人
given_name,作都
given_name,有人
given_name,有登
given_name,有途
given_name,有都
given_name,有俊
given_name,有年
given_name,有敏
given_name,有利
given_name,有智
given_name,有朝
given_name,有朋
given_name,有倫
given_name,有伸
given_name,有信
given_name,有展
given_name,有則
given_name,有徳
given_name,有礼
given_name,存彦
given_name,有彦
given_name,有秀
given_name,存人
given_name,也仁
given_name,有人
given_name,有仁
given_name,在浩
given_name,照大
given_name,存弘
given_name,存理
given_name,有玄
given_name,有宏
given_name,有広
given_name,有弘
given_name,有浩
given_name,有紘
given_name,有尋
given_name,有泰
given_name,有博
given_name,有洋
given_name,存史
given_name,有史
given_name,有穂
given_name,在真
given_name,在昌
given_name,在正
given_name,有雅
given_name,有将
given_name,有晶
given_name,有真
given_name,有政
given_name,有正
given_name,有理
given_name,有己
given_name,在道
given_name,茂倫
given_name,有道
given_name,有倫
given_name,在光
given_name,有光
given_name,有充
given_name,有望
given_name,在源
given_name,有基
given_name,在康
given_name,有保
given_name,存之
given_name,有之
given_name,在仁
given_name,有巧
given_name,有善
given_name,有良
given_name,有天
given_name,亜留人
given_name,春希
given_name,有人
given_name,有斗
given_name,有留斗
given_name,在弘
given_name,亜留馬
given_name,歩真
given_name,有馬
given_name,淡
given_name,安吾
given_name,晏伍
given_name,安治
given_name,柊太
given_name,安哉
given_name,偉一
given_name,威一
given_name,亥一
given_name,伊一郎
given_name,威一朗
given_name,威一郎
given_name,維一郎
given_name,亥一郎
given_name,家明
given_name,宇雄
given_name,家茂
given_name,家直
given_name,家永
given_name,家長
given_name,家典
given_name,家範
given_name,家久
given_name,家人
given_name,家浩
given_name,家昌
given_name,家正
given_name,家康
given_name,依於二
given_name,五百助
given_name,維音
given_name,伊臣
given_name,伊織
given_name,意識
given_name,衣音
given_name,壱岐夫
given_name,育
given_name,郁
given_name,行
given_name,育栄
given_name,郁栄
given_name,郁英
given_name,以久男
given_name,伊久夫
given_name,伊久雄
given_name,伊功雄
given_name,威久雄
given_name,為久雄
given_name,亥久男
given_name,育央
given_name,育生
given_name,育造
given_name,育男
given_name,育夫
given_name,育雄
given_name,育朗
given_name,育郎
given_name,郁央
given_name,郁生
given_name,郁男
given_name,郁夫
given_name,郁扶
given_name,郁穂
given_name,郁雄
given_name,郁朗
given_name,郁郎
given_name,郁應
given_name,幾男
given_name,幾夫
given_name,幾雄
given_name,幾朗
given_name,幾郎
given_name,功夫
given_name,行生
given_name,行夫
given_name,行雄
given_name,行郎
given_name,征生
given_name,征男
given_name,征夫
given_name,征郎
given_name,生翁
given_name,生緒
given_name,生男
given_name,生夫
given_name,生雄
given_name,郁雅
given_name,育司
given_name,育史
given_name,育祉
given_name,郁志
given_name,行司
given_name,生史
given_name,育次
given_name,育二
given_name,郁治
given_name,郁二
given_name,郁之
given_name,育茂
given_name,育亮
given_name,育三
given_name,郁三
given_name,幾三
given_name,幾蔵
given_name,育太
given_name,育大
given_name,生太
given_name,育大
given_name,育孝
given_name,郁孝
given_name,郁高
given_name,幾武
given_name,生忠
given_name,育太朗
given_name,育太郎
given_name,郁太郎
given_name,幾太郎
given_name,育嗣
given_name,育輝
given_name,育人
given_name,育土
given_name,郁人
given_name,行人
given_name,征人
given_name,生人
given_name,生仁
given_name,生登
given_name,郁敏
given_name,郁智
given_name,郁之介
given_name,育伸
given_name,育憲
given_name,育典
given_name,育徳
given_name,育範
given_name,郁徳
given_name,生憲
given_name,生則
given_name,生典
given_name,育治
given_name,郁治
given_name,郁晴
given_name,伊久彦
given_name,育彦
given_name,郁彦
given_name,育央
given_name,育久
given_name,郁久
given_name,幾久
given_name,生久
given_name,育英
given_name,育秀
given_name,郁英
given_name,郁秀
given_name,育士
given_name,育人
given_name,郁仁
given_name,育宏
given_name,育広
given_name,育弘
given_name,育大
given_name,育洋
given_name,郁宏
given_name,郁広
given_name,郁大
given_name,郁博
given_name,郁洋
given_name,粥寛
given_name,幾大
given_name,行宏
given_name,征宏
given_name,生広
given_name,生洋
given_name,育史
given_name,育文
given_name,郁文
given_name,育平
given_name,郁平
given_name,育歩
given_name,以久馬
given_name,伊久真
given_name,伊久磨
given_name,伊久麻
given_name,偉久真
given_name,威久馬
given_name,惟久磨
given_name,維久磨
given_name,育真
given_name,育馬
given_name,育磨
given_name,郁真
given_name,郁馬
given_name,郁摩
given_name,郁磨
given_name,郁麻
given_name,郁万
given_name,幾久真
given_name,幾馬
given_name,行馬
given_name,生真
given_name,生馬
given_name,生磨
given_name,生麻
given_name,生麿
given_name,育将
given_name,育正
given_name,生麿
given_name,育海
given_name,育己
given_name,育湖
given_name,育三
given_name,育実
given_name,育生
given_name,育巳
given_name,育弥
given_name,育良
given_name,郁己
given_name,郁后
given_name,郁水
given_name,郁生
given_name,郁未
given_name,郁巳
given_name,郁弥
given_name,活実
given_name,幾実
given_name,行実
given_name,行未
given_name,生海
given_name,生実
given_name,生民
given_name,戦巳
given_name,郁光
given_name,郁充
given_name,郁満
given_name,育夢
given_name,育哉
given_name,育也
given_name,育弥
given_name,育矢
given_name,育朗
given_name,郁哉
given_name,郁也
given_name,郁冶
given_name,郁弥
given_name,郁矢
given_name,幾哉
given_name,幾也
given_name,行哉
given_name,征也
given_name,生哉
given_name,生也
given_name,侑八
given_name,郁康
given_name,育義
given_name,生芳
given_name,育良
given_name,郁李
given_name,郁里
given_name,郁留
given_name,生瑠
given_name,伊久郎
given_name,育朗
given_name,育郎
given_name,郁朗
given_name,郁郎
given_name,活郎
given_name,幾朗
given_name,幾郎
given_name,生朗
given_name,生郎
given_name,育男
given_name,池五郎
given_name,偉剛
given_name,以佐
given_name,以左
given_name,威佐
given_name,衣佐
given_name,以佐男
given_name,伊佐央
given_name,伊佐緒
given_name,伊佐男
given_name,伊佐夫
given_name,伊佐雄
given_name,伊佐郎
given_name,伊左央
given_name,伊左生
given_name,伊左雄
given_name,伊三男
given_name,伊三夫
given_name,伊三雄
given_name,偉佐夫
given_name,偉佐雄
given_name,威佐夫
given_name,慰佐男
given_name,維左夫
given_name,亥佐雄
given_name,亥三雄
given_name,亥早夫
given_name,一三大
given_name,魁夫
given_name,勲
given_name,勲央
given_name,勲生
given_name,勲男
given_name,勲夫
given_name,勲勇
given_name,勲雄
given_name,軍雄
given_name,厳央
given_name,公保
given_name,功
given_name,功翁
given_name,功生
given_name,功男
given_name,功夫
given_name,功扶
given_name,功雄
given_name,功朗
given_name,功郎
given_name,効
given_name,巧
given_name,祥男
given_name,績
given_name,績雄
given_name,猪佐雄
given_name,勇
given_name,勇翁
given_name,勇臣
given_name,勇人
given_name,勇生
given_name,勇男
given_name,勇夫
given_name,勇雄
given_name,勇郎
given_name,有功
given_name,力
given_name,力男
given_name,烈
given_name,錬男
given_name,勳
given_name,功樹
given_name,伊佐久
given_name,伊作
given_name,威佐久
given_name,威佐司
given_name,威策
given_name,維作
given_name,維策
given_name,衣左士
given_name,功至
given_name,尚
given_name,功次
given_name,勲人
given_name,功人
given_name,勇人
given_name,勇魚
given_name,功成
given_name,勇信
given_name,勇彦
given_name,伊三郎
given_name,伊佐海
given_name,伊佐実
given_name,伊佐美
given_name,伊佐未
given_name,伊差美
given_name,伊三美
given_name,伊早巳
given_name,委佐美
given_name,敢充
given_name,勲視
given_name,功
given_name,功実
given_name,功望
given_name,勇
given_name,勇深
given_name,勇美
given_name,勇巳
given_name,功光
given_name,偉
given_name,威佐武
given_name,一支武
given_name,敢
given_name,勲
given_name,勲武
given_name,勲夢
given_name,五三六
given_name,功
given_name,功武
given_name,豪
given_name,証
given_name,戦
given_name,猪佐武
given_name,武
given_name,諭
given_name,勇
given_name,勇武
given_name,勇務
given_name,雄
given_name,力
given_name,伊佐也
given_name,潔也
given_name,功也
given_name,勇哉
given_name,勇也
given_name,勇矢
given_name,伊佐也
given_name,勲矢
given_name,尉佐義
given_name,功幸
given_name,功
given_name,功雄
given_name,石蔵
given_name,維新
given_name,伊助
given_name,伊佑
given_name,維介
given_name,亥祐
given_name,出帆
given_name,出穂
given_name,絢了巳
given_name,伊純
given_name,委清
given_name,泉
given_name,和泉
given_name,出
given_name,伊盛
given_name,伊勢夫
given_name,伊勢郎
given_name,伊勢治
given_name,伊勢三
given_name,伊然
given_name,偉三
given_name,猪三
given_name,磯夫
given_name,五十雄
given_name,礒男
given_name,五十一
given_name,磯吉
given_name,五十吉
given_name,礒吉
given_name,五十二
given_name,磯二郎
given_name,磯太
given_name,五十洋
given_name,磯平
given_name,勤道
given_name,五八
given_name,五十誉
given_name,五十六
given_name,至
given_name,格
given_name,行
given_name,至
given_name,至格
given_name,周
given_name,造
given_name,達
given_name,達暢
given_name,致
given_name,暢
given_name,徹
given_name,到
given_name,迪
given_name,以知
given_name,以智
given_name,偉千
given_name,一
given_name,壱
given_name,一彬
given_name,一明
given_name,一威
given_name,一宇
given_name,市衛
given_name,一生
given_name,一男
given_name,一帆
given_name,一雄
given_name,壱水
given_name,市雄
given_name,一貴
given_name,一樹
given_name,市記
given_name,一義
given_name,一護
given_name,市三郎
given_name,一司
given_name,一志
given_name,一次
given_name,市次
given_name,一樹
given_name,一助
given_name,一三
given_name,一造
given_name,市造
given_name,伊智太
given_name,一太
given_name,一貴
given_name,一太朗
given_name,一太郎
given_name,市太郎
given_name,一貫
given_name,一成
given_name,一ノ進
given_name,壱治
given_name,一彦
given_name,市彦
given_name,委千弘
given_name,一寛
given_name,一弘
given_name,市松
given_name,伊知哉
given_name,一也
given_name,一弥
given_name,一矢
given_name,一彌
given_name,市弥
given_name,一右
given_name,一悠
given_name,以知朗
given_name,以知郎
given_name,伊千郎
given_name,伊知朗
given_name,伊知郎
given_name,伊智朗
given_name,伊智郎
given_name,偉知朗
given_name,偉智朗
given_name,威知郎
given_name,威智郎
given_name,意知朗
given_name,意知郎
given_name,維知郎
given_name,一朗
given_name,一郎
given_name,壱朗
given_name,逸郎
given_name,市朗
given_name,市牢
given_name,市郎
given_name,一郎太
given_name,伊津夫
given_name,威津雄
given_name,郁男
given_name,一緒
given_name,一生
given_name,一雄
given_name,壱雄
given_name,溢夫
given_name,逸央
given_name,逸生
given_name,逸男
given_name,逸夫
given_name,逸穂
given_name,逸雄
given_name,逸朗
given_name,逸郎
given_name,乙生
given_name,厳雄
given_name,五月生
given_name,五月男
given_name,五男
given_name,五津雄
given_name,五夫
given_name,五雄
given_name,勉雄
given_name,逸臣
given_name,一寛
given_name,一旭
given_name,一希
given_name,一旗
given_name,一毅
given_name,一気
given_name,一紀
given_name,一貴
given_name,一起
given_name,一軌
given_name,一輝
given_name,一樹
given_name,一城
given_name,壱生
given_name,逸樹
given_name,伊津貴
given_name,伊都貴
given_name,委津希
given_name,一葵
given_name,一喜
given_name,一希
given_name,一稀
given_name,一紀
given_name,一記
given_name,一輝
given_name,一騎
given_name,一桔
given_name,一月
given_name,一主
given_name,一樹
given_name,一槻
given_name,一来
given_name,壱輝
given_name,逸岐
given_name,逸記
given_name,逸貴
given_name,逸樹
given_name,逸城
given_name,逸生
given_name,逸氣
given_name,乙幾
given_name,乙記
given_name,乙生
given_name,乙妃
given_name,乙姫
given_name,五希
given_name,五紀
given_name,五月
given_name,五樹
given_name,五城
given_name,五木
given_name,伍樹
given_name,斎樹
given_name,樹
given_name,樹希
given_name,樹貴
given_name,樹木
given_name,伊月
given_name,一慶
given_name,一敬
given_name,一桂
given_name,一興
given_name,一光
given_name,一公
given_name,一功
given_name,一向
given_name,一孔
given_name,一孝
given_name,一宏
given_name,一幸
given_name,一広
given_name,一弘
given_name,一晃
given_name,一浩
given_name,一紅
given_name,一耕
given_name,一考
given_name,一行
given_name,一高
given_name,一剛
given_name,逸巧
given_name,逸航
given_name,逸高
given_name,逸鴻
given_name,乙功
given_name,一幸
given_name,一鴻
given_name,一穀
given_name,一作
given_name,一索
given_name,逸三朗
given_name,一司
given_name,一師
given_name,一志
given_name,逸司
given_name,逸史
given_name,逸志
given_name,厳史
given_name,五司
given_name,逸二
given_name,一秀
given_name,一秋
given_name,一舟
given_name,一照
given_name,一省
given_name,五介
given_name,一斎
given_name,一勢
given_name,一征
given_name,一成
given_name,一政
given_name,一星
given_name,一晴
given_name,一正
given_name,一清
given_name,一生
given_name,一盛
given_name,一精
given_name,一聖
given_name,一声
given_name,一誠
given_name,一誓
given_name,一静
given_name,一斉
given_name,一晟
given_name,壱成
given_name,壱晟
given_name,逸世
given_name,逸成
given_name,逸政
given_name,逸星
given_name,逸生
given_name,奕成
given_name,一成
given_name,逸勢
given_name,逸生
given_name,一石
given_name,一聡
given_name,鎰造
given_name,一太
given_name,一哲
given_name,一徹
given_name,逸人
given_name,一刀
given_name,一統
given_name,一徳
given_name,逸成
given_name,慈信
given_name,逸彦
given_name,五彦
given_name,逸英
given_name,泉人
given_name,逸弘
given_name,逸洋
given_name,五博
given_name,慈大
given_name,一史
given_name,逸文
given_name,一兵
given_name,一平
given_name,壱平
given_name,逸平
given_name,一平太
given_name,一歩
given_name,一輔
given_name,逸馬
given_name,五夢
given_name,逸哉
given_name,逸也
given_name,乙也
given_name,逸朗
given_name,逸郎
given_name,厳朗
given_name,聿朗
given_name,五夫
given_name,出哉
given_name,伊輝
given_name,糸貴
given_name,糸吉
given_name,弦彦
given_name,挑
given_name,伊奈夫
given_name,稲生
given_name,射之吉
given_name,伊之佑
given_name,伊之祐
given_name,威之介
given_name,祈
given_name,伊吹
given_name,伊富岐
given_name,伊芙樹
given_name,伊武季
given_name,伊武樹
given_name,依吹
given_name,威吹
given_name,芽吹
given_name,伊平
given_name,伊兵衛
given_name,伊穂也
given_name,伊万夫
given_name,今雄
given_name,今輔
given_name,今英
given_name,容夫
given_name,伊利矢
given_name,伊理也
given_name,入鹿
given_name,以和夫
given_name,伊和男
given_name,伊和夫
given_name,意和雄
given_name,巌
given_name,巌生
given_name,巌夫
given_name,巌雄
given_name,岩
given_name,岩生
given_name,岩男
given_name,岩夫
given_name,岩雄
given_name,厳
given_name,厳夫
given_name,磐雄
given_name,巖
given_name,巖央
given_name,巖男
given_name,巌興
given_name,以和貴
given_name,巌城
given_name,岩吉
given_name,岩太
given_name,巌登
given_name,岩人
given_name,巌根
given_name,岩仁
given_name,岩松
given_name,岩丸
given_name,磐郎
given_name,宇意
given_name,宇一
given_name,宇市
given_name,羽壱
given_name,卯一
given_name,宇一郎
given_name,卵一郎
given_name,宇意人
given_name,宇為也
given_name,宇意理
given_name,卯吉
given_name,右京
given_name,右恭
given_name,宇敬
given_name,右近
given_name,卯作
given_name,宇佐司
given_name,卯三郎
given_name,氏暁
given_name,潮
given_name,潮生
given_name,有志生
given_name,氏忠
given_name,氏年
given_name,丑之助
given_name,氏経
given_name,氏秀
given_name,氏房
given_name,潮
given_name,氏雅
given_name,氏也
given_name,氏康
given_name,宇翔
given_name,宇津彦
given_name,雅楽
given_name,唄司
given_name,歌治郎
given_name,宇太朗
given_name,宇宙
given_name,器
given_name,宇都
given_name,宇土
given_name,采男
given_name,宇平
given_name,宇兵衛
given_name,馬太郎
given_name,海
given_name,海生
given_name,海男
given_name,海夫
given_name,海太
given_name,海太郎
given_name,海人
given_name,海春
given_name,海彦
given_name,海人
given_name,海仁
given_name,梅男
given_name,梅夫
given_name,梅雄
given_name,梅吉
given_name,梅次
given_name,梅次郎
given_name,梅造
given_name,梅三
given_name,梅嗣
given_name,梅文
given_name,梅松
given_name,右文
given_name,右門
given_name,浦彦
given_name,映
given_name,瑛
given_name,衛
given_name,詠
given_name,鋭
given_name,叡一
given_name,影一
given_name,映一
given_name,栄一
given_name,栄市
given_name,永一
given_name,永市
given_name,瑛一
given_name,英一
given_name,英壱
given_name,英市
given_name,衛一
given_name,衛市
given_name,詠一
given_name,鋭以知
given_name,鋭一
given_name,榮一
given_name,映一朗
given_name,映一郎
given_name,栄一朗
given_name,栄一郎
given_name,栄壱郎
given_name,永一郎
given_name,瑛一郎
given_name,英一朗
given_name,英一郎
given_name,衛一良
given_name,詠一朗
given_name,詠一郎
given_name,鋭一郎
given_name,恵一朗
given_name,榮一郎
given_name,映樹
given_name,栄樹
given_name,永起
given_name,永輝
given_name,永樹
given_name,瑛貴
given_name,英気
given_name,鋭気
given_name,映吉
given_name,栄吉
given_name,永吉
given_name,英吉
given_name,英拳
given_name,叡吾
given_name,栄吾
given_name,栄悟
given_name,永伍
given_name,永吾
given_name,永悟
given_name,瑛吾
given_name,英伍
given_name,英吾
given_name,英悟
given_name,詠吾
given_name,詠悟
given_name,栄光
given_name,栄孝
given_name,栄耕
given_name,英公
given_name,英浩
given_name,英考
given_name,英行
given_name,英洸
given_name,栄剛
given_name,英剛
given_name,栄吾郎
given_name,英五郎
given_name,栄作
given_name,栄策
given_name,永作
given_name,英作
given_name,英策
given_name,鋭策
given_name,栄三郎
given_name,瑛三朗
given_name,英三郎
given_name,栄司
given_name,栄史
given_name,栄四
given_name,栄士
given_name,栄志
given_name,栄氏
given_name,永司
given_name,瑛詞
given_name,穎志
given_name,英司
given_name,英史
given_name,英嗣
given_name,英士
given_name,英志
given_name,英詩
given_name,英仁
given_name,英之
given_name,詠詩
given_name,詠之
given_name,鋭史
given_name,鋭士
given_name,鋭矢
given_name,央士
given_name,叡司
given_name,叡治
given_name,映司
given_name,映士
given_name,映志
given_name,映至
given_name,映次
given_name,映治
given_name,映自
given_name,映二
given_name,映路
given_name,栄伺
given_name,栄司
given_name,栄史
given_name,栄嗣
given_name,栄士
given_name,栄師
given_name,栄志
given_name,栄児
given_name,栄次
given_name,栄滋
given_name,栄治
given_name,栄爾
given_name,栄自
given_name,栄樹
given_name,栄二
given_name,栄路
given_name,永意士
given_name,永司
given_name,永嗣
given_name,永志
given_name,永児
given_name,永慈
given_name,永次
given_name,永滋
given_name,永治
given_name,永智
given_name,永二
given_name,永路
given_name,瑛司
given_name,瑛史
given_name,瑛士
given_name,瑛志
given_name,瑛詞
given_name,瑛児
given_name,瑛次
given_name,瑛治
given_name,瑛二
given_name,英ニ
given_name,英伺
given_name,英司
given_name,英史
given_name,英嗣
given_name,英士
given_name,英師
given_name,英志
given_name,英詞
given_name,英資
given_name,英侍
given_name,英児
given_name,英慈
given_name,英次
given_name,英滋
given_name,英治
given_name,英爾
given_name,英寿
given_name,英樹
given_name,英仁
given_name,英知
given_name,英智
given_name,英二
given_name,英之
given_name,英冶
given_name,英吏
given_name,英路
given_name,衛司
given_name,衛史
given_name,衛詩
given_name,衛治
given_name,衛二
given_name,詠司
given_name,詠史
given_name,詠嗣
given_name,詠士
given_name,詠至
given_name,詠慈
given_name,詠治
given_name,詠自
given_name,詠二
given_name,鋭司
given_name,鋭視
given_name,鋭児
given_name,鋭滋
given_name,鋭治
given_name,鋭寿
given_name,鋭仁
given_name,鋭二
given_name,榮司
given_name,榮治
given_name,栄七
given_name,英勝
given_name,英生
given_name,栄司郎
given_name,英司郎
given_name,英四郎
given_name,英士朗
given_name,英志郎
given_name,鋭司郎
given_name,鋭志郎
given_name,衞士郎
given_name,映次郎
given_name,映二郎
given_name,栄次朗
given_name,栄次郎
given_name,栄治朗
given_name,栄治郎
given_name,栄二郎
given_name,永次郎
given_name,永二朗
given_name,永二郎
given_name,瑛士郎
given_name,瑛次郎
given_name,瑛治郎
given_name,瑛二郎
given_name,英史郎
given_name,英士郎
given_name,英次朗
given_name,英次郎
given_name,英治朗
given_name,英治郎
given_name,英仁郎
given_name,英二朗
given_name,英二郎
given_name,鋭二郎
given_name,映介
given_name,映輔
given_name,栄介
given_name,栄助
given_name,栄典
given_name,栄弼
given_name,栄輔
given_name,栄佑
given_name,栄祐
given_name,栄亮
given_name,永介
given_name,永助
given_name,永典
given_name,永如
given_name,永輔
given_name,永祐
given_name,瑛介
given_name,瑛輔
given_name,瑛佑
given_name,瑛祐
given_name,瑛亮
given_name,英右
given_name,英介
given_name,英佐
given_name,英資
given_name,英助
given_name,英典
given_name,英補
given_name,英輔
given_name,英佑
given_name,英祐
given_name,英亮
given_name,衛介
given_name,衛資
given_name,衛輔
given_name,衛亮
given_name,鋭介
given_name,鋭祐
given_name,央補
given_name,慧輔
given_name,英世
given_name,英誠
given_name,衛青
given_name,営三
given_name,栄三
given_name,栄蔵
given_name,栄造
given_name,栄藏
given_name,永三
given_name,永造
given_name,英三
given_name,英蔵
given_name,英造
given_name,暎三
given_name,栄太
given_name,永大
given_name,瑛多
given_name,瑛太
given_name,瑛汰
given_name,瑛大
given_name,頴太
given_name,英多
given_name,英太
given_name,詠太
given_name,鋭太
given_name,栄達
given_name,英幸
given_name,叡太郎
given_name,栄太朗
given_name,栄太郎
given_name,永太郎
given_name,瑛太朗
given_name,瑛太郎
given_name,英太朗
given_name,英太郎
given_name,詠太郎
given_name,叡智
given_name,英知
given_name,映人
given_name,栄人
given_name,栄翔
given_name,永人
given_name,永斗
given_name,泳人
given_name,瑛人
given_name,瑛登
given_name,英偉人
given_name,英人
given_name,英仁
given_name,英斗
given_name,英渡
given_name,英度
given_name,詠土
given_name,鋭人
given_name,永徳
given_name,英徳
given_name,映之輔
given_name,栄之介
given_name,栄之助
given_name,栄之輔
given_name,永之介
given_name,永之助
given_name,英之輔
given_name,英之亮
given_name,栄馬
given_name,鋭馬
given_name,英也
given_name,鋭矢
given_name,詠有
given_name,英朗
given_name,益久
given_name,江雄
given_name,江差治
given_name,越
given_name,悦章
given_name,偉男
given_name,悦央
given_name,悦王
given_name,悦生
given_name,悦男
given_name,悦夫
given_name,悦雄
given_name,悦朗
given_name,悦郎
given_name,越生
given_name,越夫
given_name,越雄
given_name,恵津男
given_name,恵朗
given_name,江津雄
given_name,民生
given_name,和由
given_name,悦央
given_name,悦三郎
given_name,悦司
given_name,悦史
given_name,悦士
given_name,悦志
given_name,悦資
given_name,越史
given_name,税司
given_name,悦司
given_name,悦史
given_name,悦嗣
given_name,悦志
given_name,悦資
given_name,悦時
given_name,悦次
given_name,悦治
given_name,悦爾
given_name,悦示
given_name,悦二
given_name,越司
given_name,閲次
given_name,悦二郎
given_name,悦三
given_name,悦造
given_name,悦太
given_name,悦太郎
given_name,悦従
given_name,悦人
given_name,越人
given_name,悦稔
given_name,越暢
given_name,悦教
given_name,悦典
given_name,悦治
given_name,越晴
given_name,悦彦
given_name,悦久
given_name,越英
given_name,越仁
given_name,悦啓
given_name,悦宏
given_name,悦広
given_name,悦弘
given_name,悦博
given_name,悦規
given_name,悦己
given_name,悦実
given_name,栄津也
given_name,悦哉
given_name,悦也
given_name,江津也
given_name,悦幸
given_name,悦義
given_name,逸朗
given_name,逸郎
given_name,悦朗
given_name,悦郎
given_name,越郎
given_name,恵津朗
given_name,偉哲
given_name,英土
given_name,恵弥
given_name,英利生
given_name,英利雄
given_name,瑛里嗣
given_name,英里斗
given_name,絵里都
given_name,衿人
given_name,江里都
given_name,英利也
given_name,恵史也
given_name,恵理也
given_name,江里也
given_name,領哉
given_name,領弥
given_name,円治
given_name,円二
given_name,延次
given_name,延治
given_name,演治
given_name,燕士
given_name,延祐
given_name,円造
given_name,焔太
given_name,円太郎
given_name,延哉
given_name,演弥
given_name,央
given_name,旺
given_name,欧
given_name,鷹
given_name,墺
given_name,央一
given_name,欧一
given_name,央一郎
given_name,応一郎
given_name,旺一郎
given_name,王河
given_name,央紀
given_name,央貴
given_name,央騎
given_name,央己
given_name,央樹
given_name,央生
given_name,応治
given_name,応樹
given_name,欧樹
given_name,王樹
given_name,往吉
given_name,欧来
given_name,央士
given_name,旺司
given_name,旺児
given_name,旺治
given_name,欧ニ
given_name,王二
given_name,応次郎
given_name,央介
given_name,央典
given_name,央輔
given_name,央祐
given_name,往介
given_name,応輔
given_name,旺甫
given_name,旺輔
given_name,欧介
given_name,欧輔
given_name,王介
given_name,王治朗
given_name,汪助
given_name,欧太郎
given_name,欧人
given_name,欧彦
given_name,欧也
given_name,央基
given_name,央樹
given_name,巨樹
given_name,大己
given_name,大樹
given_name,央士
given_name,欧志
given_name,央士
given_name,央児
given_name,央輔
given_name,欧介
given_name,大介
given_name,陸生
given_name,興男
given_name,興和
given_name,興介
given_name,興隆
given_name,興辰
given_name,興央
given_name,起世
given_name,興綱
given_name,興人
given_name,宙人
given_name,興伸
given_name,興信
given_name,超宣
given_name,興紀
given_name,興徳
given_name,興晴
given_name,興史
given_name,興正
given_name,沖道
given_name,起道
given_name,興幸
given_name,億人
given_name,雄久人
given_name,億彦
given_name,興彦
given_name,修夫
given_name,統夫
given_name,長臣
given_name,雄一
given_name,長禎
given_name,長人
given_name,長成
given_name,長伸
given_name,修徳
given_name,長紀
given_name,長規
given_name,長則
given_name,理範
given_name,修彦
given_name,長彦
given_name,雄彦
given_name,修己
given_name,修実
given_name,修臣
given_name,修身
given_name,修水
given_name,修巳
given_name,長己
given_name,長史
given_name,長巳
given_name,修充
given_name,王佐夢
given_name,完
given_name,紀
given_name,経
given_name,経武
given_name,憲
given_name,己
given_name,耕
given_name,克
given_name,宰
given_name,司
given_name,資
given_name,治
given_name,治虫
given_name,治武
given_name,治夢
given_name,守
given_name,収
given_name,宗
given_name,修
given_name,修武
given_name,修矛
given_name,習
given_name,順
given_name,将
given_name,穣
given_name,伸
given_name,成
given_name,整
given_name,斉
given_name,税
given_name,摂
given_name,惣
given_name,総
given_name,蔵
given_name,大
given_name,調
given_name,長
given_name,長生
given_name,長武
given_name,鎮
given_name,徹
given_name,統
given_name,董
given_name,導
given_name,道
given_name,督
given_name,敦
given_name,乃
given_name,納
given_name,平
given_name,磨
given_name,靖
given_name,吏
given_name,理
given_name,理武
given_name,律
given_name,領
given_name,倫
given_name,廉
given_name,論
given_name,辨
given_name,攝
given_name,收
given_name,脩
given_name,脩武
given_name,藏
given_name,齊
given_name,修幸
given_name,統之
given_name,欧州路
given_name,乙朗
given_name,央渡
given_name,乙一
given_name,音夫
given_name,己雄
given_name,乙一
given_name,音一
given_name,音和
given_name,音樹
given_name,音吉
given_name,乙史
given_name,音次
given_name,音治
given_name,乙次郎
given_name,音三
given_name,乙晴
given_name,音晴
given_name,乙彦
given_name,音彦
given_name,音大
given_name,乙丸
given_name,乙麿
given_name,音哉
given_name,音弥
given_name,男也
given_name,音羽
given_name,斧吉
given_name,思
given_name,思孝
given_name,織衛
given_name,折次
given_name,織人
given_name,織部
given_name,織光
given_name,織之
given_name,佳怡
given_name,塊
given_name,快
given_name,改
given_name,魁
given_name,海
given_name,界
given_name,開
given_name,甲斐
given_name,帆
given_name,雅意
given_name,雅亥
given_name,凱
given_name,涯
given_name,貝怡
given_name,魁一
given_name,海一
given_name,絵一郎
given_name,魁栄
given_name,海英
given_name,海燕
given_name,海王
given_name,開紀
given_name,開輝
given_name,魁梧
given_name,開悟
given_name,魁宏
given_name,海光
given_name,魁作
given_name,海作
given_name,開作
given_name,魁士
given_name,海士
given_name,海市
given_name,海志
given_name,開士
given_name,快児
given_name,快治
given_name,魁司
given_name,海司
given_name,海士
given_name,開司
given_name,凱士
given_name,外士
given_name,魁州
given_name,海舟
given_name,海俊
given_name,海翔
given_name,快二郎
given_name,海次郎
given_name,快輔
given_name,海介
given_name,開輔
given_name,開裕
given_name,快晴
given_name,魁星
given_name,塊太
given_name,快太
given_name,海太
given_name,開太
given_name,海太朗
given_name,海太郎
given_name,嘉一
given_name,華一
given_name,賀一
given_name,佳一郎
given_name,嘉一郎
given_name,賀一郎
given_name,快人
given_name,快斗
given_name,魁人
given_name,魁斗
given_name,海音
given_name,海人
given_name,海仁
given_name,海全
given_name,海斗
given_name,海杜
given_name,海都
given_name,海土
given_name,海翔
given_name,界人
given_name,界斗
given_name,皆斗
given_name,開人
given_name,開登
given_name,開土
given_name,凱人
given_name,凱登
given_name,凱人
given_name,凱登
given_name,海道
given_name,海之助
given_name,魁平
given_name,海平
given_name,界平
given_name,開平
given_name,凱平
given_name,開夢
given_name,魁也
given_name,海也
given_name,開野
given_name,海洋
given_name,海陽
given_name,魁理
given_name,海龍
given_name,開路
given_name,海郎
given_name,開郎
given_name,嘉衛門
given_name,加於須
given_name,馨
given_name,薫
given_name,芳
given_name,拡
given_name,格
given_name,確
given_name,鶴
given_name,画句
given_name,賀久
given_name,雅久
given_name,雅句
given_name,覚
given_name,学
given_name,岳
given_name,岳久
given_name,楽
given_name,豪
given_name,學
given_name,峩休
given_name,格一
given_name,角栄
given_name,赫英
given_name,鶴泳
given_name,学英
given_name,岳永
given_name,額栄
given_name,嘉久男
given_name,拡夫
given_name,格生
given_name,格夫
given_name,覚男
given_name,覚夫
given_name,角雄
given_name,茅久生
given_name,学男
given_name,格紀
given_name,学機
given_name,格司
given_name,格司
given_name,格次
given_name,覚司
given_name,覚爾
given_name,覚二
given_name,角治
given_name,角二
given_name,学史
given_name,学志
given_name,岳司
given_name,岳史
given_name,岳士
given_name,岳志
given_name,学司
given_name,学志
given_name,学爾
given_name,学自
given_name,学二
given_name,学之
given_name,岳司
given_name,岳児
given_name,岳次
given_name,岳治
given_name,岳二
given_name,学修
given_name,覚淳
given_name,覚介
given_name,角輔
given_name,角造
given_name,格太郎
given_name,覚太郎
given_name,学哲
given_name,格人
given_name,学人
given_name,学登
given_name,岳十
given_name,岳人
given_name,岳斗
given_name,角成
given_name,格之紳
given_name,格之助
given_name,覚信
given_name,角典
given_name,閣則
given_name,覚治
given_name,格彦
given_name,学彦
given_name,拡久
given_name,覚仁
given_name,岳史
given_name,角洋
given_name,岳平
given_name,格哉
given_name,格也
given_name,覚也
given_name,伽夜
given_name,加久矢
given_name,学也
given_name,学弥
given_name,岳也
given_name,岳陽
given_name,格朗
given_name,格郎
given_name,確郎
given_name,覚朗
given_name,覚郎
given_name,角朗
given_name,岳郎
given_name,景昭
given_name,景章
given_name,夏景
given_name,景雄
given_name,景樹
given_name,景邦
given_name,景重
given_name,景隆
given_name,景行
given_name,景人
given_name,景利
given_name,景智
given_name,景虎
given_name,景永
given_name,影伸
given_name,景紀
given_name,景憲
given_name,景則
given_name,景範
given_name,景央
given_name,景厚
given_name,景広
given_name,景裕
given_name,景史
given_name,景雅
given_name,景正
given_name,景方
given_name,景理
given_name,影丸
given_name,景康
given_name,景泰
given_name,景幸
given_name,景行
given_name,景之
given_name,駆
given_name,駈
given_name,走
given_name,翔
given_name,翔琉
given_name,楓士
given_name,風人
given_name,嘉七
given_name,嘉二郎
given_name,茄二郎
given_name,蛾次郎
given_name,可士和
given_name,和
given_name,和明
given_name,一亜樹
given_name,一旭
given_name,一瑛
given_name,一覚
given_name,一鑑
given_name,一輝
given_name,一暁
given_name,一啓
given_name,一顕
given_name,一光
given_name,一晃
given_name,一秋
given_name,一彰
given_name,一昌
given_name,一昭
given_name,一晶
given_name,一焼
given_name,一祥
given_name,一章
given_name,一成
given_name,一精
given_name,一聡
given_name,一聴
given_name,一哲
given_name,一徹
given_name,一弁
given_name,一明
given_name,一揚
given_name,一陽
given_name,一了
given_name,一亮
given_name,一朗
given_name,一曉
given_name,一翔
given_name,一堯
given_name,壱昭
given_name,員章
given_name,員明
given_name,嘉津昭
given_name,紀明
given_name,敬晃
given_name,計彰
given_name,計明
given_name,憲輝
given_name,憲昌
given_name,憲明
given_name,航陽
given_name,算章
given_name,主晶
given_name,寿旭
given_name,寿昭
given_name,寿明
given_name,寿朗
given_name,重成
given_name,数輝
given_name,数晃
given_name,数昭
given_name,数章
given_name,数明
given_name,千晃
given_name,千彰
given_name,千晶
given_name,千聡
given_name,千明
given_name,知明
given_name,知朗
given_name,万晶
given_name,万明
given_name,利彰
given_name,利章
given_name,和愛
given_name,和旭
given_name,和映
given_name,和瑛
given_name,和暁
given_name,和顕
given_name,和晃
given_name,和秋
given_name,和彰
given_name,和昇
given_name,和昌
given_name,和昭
given_name,和晶
given_name,和照
given_name,和章
given_name,和聡
given_name,和旦
given_name,和哲
given_name,和彬
given_name,和朋
given_name,和明
given_name,和陽
given_name,和亮
given_name,和諒
given_name,和朗
given_name,和皓
given_name,和暁
given_name,和晃
given_name,一有
given_name,主在
given_name,和存
given_name,和有
given_name,一市
given_name,寿一
given_name,数一
given_name,和一
given_name,和壱
given_name,和市
given_name,員一郎
given_name,一宇
given_name,一海
given_name,和海
given_name,一衛
given_name,一央
given_name,一応
given_name,一乙
given_name,一匡
given_name,一臣
given_name,一生
given_name,一大
given_name,一男
given_name,一帆
given_name,一夫
given_name,一穂
given_name,一峰
given_name,一雄
given_name,一朗
given_name,一郎
given_name,伽寿生
given_name,佳津男
given_name,佳津雄
given_name,佳都男
given_name,加寿夫
given_name,加寿勇
given_name,加寿雄
given_name,加寿郎
given_name,嘉寿男
given_name,夏寿雄
given_name,賀寿夫
given_name,賀津夫
given_name,賀津雄
given_name,紀夫
given_name,教郎
given_name,計夫
given_name,計雄
given_name,三夫
given_name,主雄
given_name,数生
given_name,数男
given_name,数夫
given_name,数雄
given_name,千雄
given_name,量巨
given_name,量生
given_name,量雄
given_name,和央
given_name,和王
given_name,和音
given_name,和人
given_name,和生
given_name,和男
given_name,和津雄
given_name,和夫
given_name,和穂
given_name,和明
given_name,和雄
given_name,和良
given_name,和朗
given_name,和郎
given_name,一起
given_name,一興
given_name,和興
given_name,一臣
given_name,寿臣
given_name,和臣
given_name,和堅
given_name,一勝
given_name,一葵
given_name,一旭
given_name,一磯
given_name,一幹
given_name,一喜
given_name,一器
given_name,一基
given_name,一岐
given_name,一希
given_name,一幾
given_name,一揮
given_name,一旗
given_name,一期
given_name,一機
given_name,一毅
given_name,一気
given_name,一祈
given_name,一季
given_name,一紀
given_name,一規
given_name,一記
given_name,一貴
given_name,一起
given_name,一軌
given_name,一輝
given_name,一騎
given_name,一戯
given_name,一月
given_name,一冴
given_name,一樹
given_name,一城
given_name,一生
given_name,一宣
given_name,一妃
given_name,一姫
given_name,一木
given_name,一来
given_name,一綺
given_name,壱紀
given_name,佳寿紀
given_name,加寿己
given_name,加津紀
given_name,嘉己
given_name,花朱季
given_name,紀希
given_name,紀樹
given_name,計樹
given_name,憲季
given_name,憲樹
given_name,香月
given_name,香子希
given_name,香寿紀
given_name,主幹
given_name,主基
given_name,主樹
given_name,寿岐
given_name,寿記
given_name,寿輝
given_name,寿樹
given_name,収紀
given_name,十希
given_name,重樹
given_name,順己
given_name,数基
given_name,数紀
given_name,数規
given_name,数記
given_name,千喜
given_name,千紀
given_name,千記
given_name,千貴
given_name,千起
given_name,千輝
given_name,千騎
given_name,知毅
given_name,知樹
given_name,知生
given_name,万喜
given_name,万貴
given_name,万輝
given_name,万樹
given_name,利紀
given_name,利樹
given_name,良記
given_name,良樹
given_name,量基
given_name,量揮
given_name,量規
given_name,量樹
given_name,量暉
given_name,和幹
given_name,和喜
given_name,和基
given_name,和岐
given_name,和希
given_name,和揮
given_name,和機
given_name,和毅
given_name,和気
given_name,和季
given_name,和紀
given_name,和規
given_name,和記
given_name,和貴
given_name,和起
given_name,和軌
given_name,和輝
given_name,和騎
given_name,和宜
given_name,和久
given_name,和欣
given_name,和己
given_name,和樹
given_name,和城
given_name,和粋
given_name,和生
given_name,和巳
given_name,和来
given_name,和暉
given_name,一吉
given_name,一潔
given_name,一清
given_name,一皖
given_name,和清
given_name,一訓
given_name,一国
given_name,一邦
given_name,一國
given_name,和邦
given_name,加介
given_name,嘉介
given_name,和貞
given_name,和郷
given_name,和実
given_name,一司
given_name,一史
given_name,一嗣
given_name,一士
given_name,一市
given_name,一志
given_name,一至
given_name,一詩
given_name,一滋
given_name,一心
given_name,一清
given_name,一之
given_name,員司
given_name,佳崇司
given_name,教史
given_name,教詞
given_name,計志
given_name,寿士
given_name,寿志
given_name,数史
given_name,知史
given_name,知嗣
given_name,篤史
given_name,法志
given_name,万志
given_name,量史
given_name,和司
given_name,和史
given_name,和嗣
given_name,和士
given_name,和子
given_name,和志
given_name,和至
given_name,和視
given_name,和之
given_name,一路
given_name,和次
given_name,一滋
given_name,一樹
given_name,一重
given_name,一成
given_name,一誠
given_name,一篤
given_name,一繁
given_name,一茂
given_name,壱重
given_name,紀成
given_name,圭成
given_name,憲成
given_name,数成
given_name,良重
given_name,良鎮
given_name,和以
given_name,和栄
given_name,和薫
given_name,和恵
given_name,和滋
given_name,和樹
given_name,和重
given_name,和成
given_name,和誠
given_name,和繁
given_name,和茂
given_name,和誉
given_name,一城
given_name,和城
given_name,一季
given_name,一輔
given_name,一祐
given_name,師輔
given_name,和介
given_name,和輔
given_name,一純
given_name,和三
given_name,一太
given_name,賀寿多
given_name,和太
given_name,和隆
given_name,一栄
given_name,一毅
given_name,一貴
given_name,一巨
given_name,一喬
given_name,一敬
given_name,一賢
given_name,一孝
given_name,一高
given_name,一剛
given_name,一爵
given_name,一峻
given_name,一崇
given_name,一生
given_name,一尊
given_name,一太
given_name,一鷹
given_name,一琢
given_name,一登
given_name,一峰
given_name,一祐
given_name,一誉
given_name,一隆
given_name,壱崇
given_name,計孝
given_name,主臣
given_name,寿崇
given_name,順貴
given_name,千貴
given_name,千恵
given_name,知剛
given_name,百敬
given_name,万尚
given_name,雄貴
given_name,陸翔
given_name,量崇
given_name,量隆
given_name,和乙
given_name,和岳
given_name,和貴
given_name,和丘
given_name,和教
given_name,和啓
given_name,和敬
given_name,和孝
given_name,和香
given_name,和高
given_name,和剛
given_name,和資
given_name,和峻
given_name,和親
given_name,和崇
given_name,和嵩
given_name,和生
given_name,和尊
given_name,和卓
given_name,和堂
given_name,和誉
given_name,和隆
given_name,萬隆
given_name,一岳
given_name,一剛
given_name,一武
given_name,和威
given_name,和剛
given_name,和丈
given_name,和武
given_name,和孝
given_name,一匡
given_name,一忠
given_name,和正
given_name,和忠
given_name,計胤
given_name,和種
given_name,一民
given_name,一央
given_name,一慶
given_name,一哉
given_name,一親
given_name,一睦
given_name,一力
given_name,千睦
given_name,和愛
given_name,和允
given_name,和恭
given_name,和近
given_name,和真
given_name,和親
given_name,和睦
given_name,一千代
given_name,一次
given_name,和継
given_name,和嗣
given_name,一経
given_name,和恒
given_name,一央
given_name,一輝
given_name,一光
given_name,一晃
given_name,一昭
given_name,一照
given_name,数輝
given_name,万輝
given_name,和輝
given_name,和晃
given_name,和照
given_name,一人
given_name,一仁
given_name,一澄
given_name,一達
given_name,一徹
given_name,一兎
given_name,一斗
given_name,一渡
given_name,一登
given_name,一途
given_name,一都
given_name,一冬
given_name,一刀
given_name,一東
given_name,一桃
given_name,一統
given_name,一如
given_name,一任
given_name,一翔
given_name,壱和
given_name,員人
given_name,応百
given_name,加寿人
given_name,嘉寿人
given_name,起生
given_name,計寿人
given_name,計人
given_name,憲人
given_name,司都
given_name,寿人
given_name,宗人
given_name,小高
given_name,数人
given_name,数斗
given_name,万人
given_name,麗人
given_name,和外
given_name,和絃
given_name,和士
given_name,和人
given_name,和仁
given_name,和澄
given_name,和斗
given_name,和登
given_name,和都
given_name,和土
given_name,和門
given_name,壽人
given_name,一刀
given_name,一任
given_name,和時
given_name,一敬
given_name,一豪
given_name,一寿
given_name,一十四
given_name,一十士
given_name,一俊
given_name,一駿
given_name,一人之
given_name,一迅
given_name,一世
given_name,一聡
given_name,一智
given_name,一年
given_name,一敏
given_name,一平
given_name,一甫
given_name,一稔
given_name,一利
given_name,一壽
given_name,嘉利
given_name,起季
given_name,計年
given_name,計利
given_name,憲記
given_name,憲俊
given_name,航哉
given_name,数繁
given_name,千稔
given_name,量俊
given_name,和憲
given_name,和哉
given_name,和歳
given_name,和寿
given_name,和宗
given_name,和秀
given_name,和俊
given_name,和聡
given_name,和智
given_name,和徒使
given_name,和年
given_name,和敏
given_name,和稔
given_name,和勇
given_name,和利
given_name,和齢
given_name,和壽
given_name,和聰
given_name,一臣
given_name,一富
given_name,三富
given_name,万富
given_name,和臣
given_name,和富
given_name,一寛
given_name,一公
given_name,一衡
given_name,一十百
given_name,一真
given_name,一知
given_name,一智
given_name,一朝
given_name,一朋
given_name,一友
given_name,一僚
given_name,一倫
given_name,計友
given_name,万知
given_name,万朝
given_name,利友
given_name,量智
given_name,和知
given_name,和智
given_name,和同
given_name,和伴
given_name,和朋
given_name,和友
given_name,和倫
given_name,一豊
given_name,教豊
given_name,寿豊
given_name,数豊
given_name,和豊
given_name,一虎
given_name,和虎
given_name,一直
given_name,上直
given_name,和尚
given_name,和直
given_name,一永
given_name,一修
given_name,一長
given_name,計永
given_name,和永
given_name,一功
given_name,一済
given_name,一周
given_name,一就
given_name,一尚
given_name,一成
given_name,一生
given_name,一誠
given_name,一斉
given_name,一鳴
given_name,一也
given_name,一有
given_name,員成
given_name,加津也
given_name,九成
given_name,計成
given_name,憲成
given_name,寿成
given_name,数成
given_name,倭徳
given_name,和雅
given_name,和貴
given_name,和功
given_name,和孝
given_name,和作
given_name,和就
given_name,和順
given_name,和尚
given_name,和成
given_name,和生
given_name,和誠
given_name,和斉
given_name,和績
given_name,和平
given_name,和也
given_name,壽成
given_name,一成
given_name,主峰
given_name,一允
given_name,一喜
given_name,一薫
given_name,一史
given_name,一修
given_name,一将
given_name,一伸
given_name,一信
given_name,一進
given_name,一誠
given_name,一宣
given_name,一暢
given_name,一展
given_name,憲信
given_name,千信
given_name,千暢
given_name,万布
given_name,良暢
given_name,和延
given_name,和史
given_name,和伸
given_name,和信
given_name,和申
given_name,和宣
given_name,和暢
given_name,和展
given_name,和敦
given_name,弌信
given_name,一賀
given_name,一学
given_name,一基
given_name,一紀
given_name,一規
given_name,一記
given_name,一騎
given_name,一儀
given_name,一議
given_name,一教
given_name,一矩
given_name,一訓
given_name,一圭
given_name,一慶
given_name,一憲
given_name,一謙
given_name,一公
given_name,一功
given_name,一孔
given_name,一行
given_name,一至
given_name,一詞
given_name,一式
given_name,一舟
given_name,一祝
given_name,一祥
given_name,一紹
given_name,一乗
given_name,一成
given_name,一宣
given_name,一則
given_name,一智
given_name,一哲
given_name,一典
given_name,一登
given_name,一統
given_name,一徳
given_name,一納
given_name,一伯
given_name,一範
given_name,一文
given_name,一陛
given_name,一法
given_name,一了
given_name,一倫
given_name,一路
given_name,壱訓
given_name,起則
given_name,慶教
given_name,計徳
given_name,憲昇
given_name,憲法
given_name,憲令
given_name,主典
given_name,寿紀
given_name,寿典
given_name,寿徳
given_name,寿誉
given_name,宗士
given_name,宗徳
given_name,重謙
given_name,重典
given_name,人範
given_name,仁法
given_name,数憲
given_name,数則
given_name,数典
given_name,数徳
given_name,千義
given_name,千典
given_name,千礼
given_name,知学
given_name,知典
given_name,知徳
given_name,法徳
given_name,豊規
given_name,万展
given_name,利成
given_name,利典
given_name,良典
given_name,量統
given_name,和以
given_name,和位
given_name,和永
given_name,和寛
given_name,和紀
given_name,和規
given_name,和記
given_name,和儀
given_name,和宜
given_name,和義
given_name,和教
given_name,和矩
given_name,和訓
given_name,和慶
given_name,和敬
given_name,和経
given_name,和憲
given_name,和謙
given_name,和賢
given_name,和功
given_name,和孝
given_name,和告
given_name,和載
given_name,和史
given_name,和至
given_name,和宗
given_name,和準
given_name,和慎
given_name,和生
given_name,和仙
given_name,和宣
given_name,和則
given_name,和智
given_name,和哲
given_name,和典
given_name,和徳
given_name,和納
given_name,和伯
given_name,和範
given_name,和文
given_name,和法
given_name,和稔
given_name,和祐
given_name,和誉
given_name,和里
given_name,和律
given_name,和倫
given_name,和礼
given_name,數知
given_name,一治
given_name,一春
given_name,一晴
given_name,一陽
given_name,寿治
given_name,数春
given_name,多明
given_name,和治
given_name,和春
given_name,和晴
given_name,和陽
given_name,一妃
given_name,一飛
given_name,一陽
given_name,和陽
given_name,和広
given_name,一比古
given_name,一彦
given_name,員彦
given_name,加寿彦
given_name,嘉津彦
given_name,計彦
given_name,効彦
given_name,寿彦
given_name,数彦
given_name,多彦
given_name,利彦
given_name,量彦
given_name,和久
given_name,和日児
given_name,和比古
given_name,和彦
given_name,一久
given_name,一桐
given_name,一寿
given_name,一尚
given_name,一悠
given_name,一壽
given_name,壱久
given_name,員久
given_name,教久
given_name,教尚
given_name,兼久
given_name,憲久
given_name,主尚
given_name,数久
given_name,数寿
given_name,千久
given_name,量久
given_name,和永
given_name,和央
given_name,和久
given_name,和恭
given_name,和恒
given_name,和剛
given_name,和寿
given_name,和尚
given_name,和宣
given_name,和悠
given_name,和壽
given_name,和七
given_name,一栄
given_name,一英
given_name,一衡
given_name,一豪
given_name,一次
given_name,一秀
given_name,寿成
given_name,千英
given_name,万英
given_name,和英
given_name,和幸
given_name,和秀
given_name,一仁
given_name,一介
given_name,一史
given_name,一人
given_name,一仁
given_name,一斉
given_name,一等
given_name,壱仁
given_name,員史
given_name,賀寿仁
given_name,計人
given_name,計仁
given_name,憲人
given_name,師仁
given_name,寿人
given_name,寿仁
given_name,宗人
given_name,数人
given_name,千人
given_name,千仁
given_name,多仁
given_name,冬人
given_name,二仁
given_name,万史
given_name,万人
given_name,量仁
given_name,和一
given_name,和翁
given_name,和史
given_name,和士
given_name,和人
given_name,和仁
given_name,和民
given_name,壽人
given_name,万平
given_name,和平
given_name,和宏
given_name,一宇
given_name,一央
given_name,一拡
given_name,一寛
given_name,一勲
given_name,一啓
given_name,一敬
given_name,一景
given_name,一湖
given_name,一公
given_name,一孔
given_name,一宏
given_name,一広
given_name,一弘
given_name,一浩
given_name,一紘
given_name,一豪
given_name,一寿
given_name,一拾
given_name,一丈
given_name,一尋
given_name,一太
given_name,一泰
given_name,一大
given_name,一拓
given_name,一宙
given_name,一展
given_name,一博
given_name,一普
given_name,一祐
given_name,一裕
given_name,一容
given_name,一庸
given_name,一洋
given_name,一陽
given_name,一廣
given_name,員郭
given_name,員寛
given_name,員弘
given_name,員大
given_name,佳弘
given_name,嘉司弘
given_name,教博
given_name,計拡
given_name,計浩
given_name,兼広
given_name,憲弘
given_name,憲泰
given_name,憲洋
given_name,吾祐
given_name,三寛
given_name,司浩
given_name,師浩
given_name,師博
given_name,主泰
given_name,主大
given_name,主裕
given_name,寿宏
given_name,寿浩
given_name,寿太
given_name,寿泰
given_name,寿裕
given_name,宗大
given_name,重博
given_name,昭浩
given_name,数広
given_name,数弘
given_name,数浩
given_name,数博
given_name,数洋
given_name,千浩
given_name,千尋
given_name,千拓
given_name,千博
given_name,千裕
given_name,千洋
given_name,多宏
given_name,知寛
given_name,知宏
given_name,知広
given_name,法浩
given_name,万弘
given_name,万浩
given_name,万博
given_name,万裕
given_name,万洋
given_name,有広
given_name,雄大
given_name,量宏
given_name,量広
given_name,量弘
given_name,量大
given_name,量裕
given_name,麗弘
given_name,和央
given_name,和完
given_name,和寛
given_name,和啓
given_name,和敬
given_name,和公
given_name,和宏
given_name,和広
given_name,和弘
given_name,和浩
given_name,和紘
given_name,和庄
given_name,和丈
given_name,和仁
given_name,和尋
given_name,和太
given_name,和泰
given_name,和大
given_name,和拓
given_name,和典
given_name,和伯
given_name,和博
given_name,和比朗
given_name,和凡
given_name,和祐
given_name,和裕
given_name,和洋
given_name,和廣
given_name,收啓
given_name,萬世
given_name,和広
given_name,和彦
given_name,一総
given_name,一寅
given_name,和房
given_name,一郁
given_name,一史
given_name,一典
given_name,一二三
given_name,一文
given_name,一歩
given_name,員文
given_name,憲史
given_name,三史
given_name,主文
given_name,寿文
given_name,数史
given_name,多史
given_name,和郁
given_name,和史
given_name,和典
given_name,和文
given_name,和平
given_name,一帆
given_name,一歩
given_name,和穂
given_name,一真
given_name,一誠
given_name,一馬
given_name,一摩
given_name,一磨
given_name,一麻
given_name,一万
given_name,一眞
given_name,壱馬
given_name,佳瑞馬
given_name,夏主馬
given_name,紀摩
given_name,計摩
given_name,計磨
given_name,憲真
given_name,憲磨
given_name,主真
given_name,主馬
given_name,寿真
given_name,寿磨
given_name,数真
given_name,数馬
given_name,数磨
given_name,数麻
given_name,政摩
given_name,千馬
given_name,知真
given_name,知磨
given_name,万真
given_name,万馬
given_name,雄真
given_name,雄馬
given_name,利真
given_name,亮寿馬
given_name,和慎
given_name,和真
given_name,和誠
given_name,和篤
given_name,和馬
given_name,和摩
given_name,和磨
given_name,和麻
given_name,和麿
given_name,和眞
given_name,一允
given_name,一雅
given_name,一格
given_name,一匡
given_name,一薫
given_name,一賢
given_name,一公
given_name,一剛
given_name,一純
given_name,一勝
given_name,一将
given_name,一昌
given_name,一真
given_name,一仁
given_name,一征
given_name,一成
given_name,一政
given_name,一正
given_name,一聖
given_name,一誠
given_name,一優
given_name,一祐
given_name,一理
given_name,一諒
given_name,一將
given_name,員匡
given_name,員正
given_name,佳寿優
given_name,教雅
given_name,教仁
given_name,計雅
given_name,計理
given_name,憲征
given_name,憲政
given_name,憲正
given_name,効正
given_name,司将
given_name,寿栄
given_name,寿昌
given_name,寿正
given_name,宗将
given_name,数昌
given_name,数正
given_name,千雅
given_name,千匡
given_name,千正
given_name,千誠
given_name,万雅
given_name,万政
given_name,勇翔
given_name,利真
given_name,利眞
given_name,量雅
given_name,和雅
given_name,和匡
given_name,和賢
given_name,和勝
given_name,和将
given_name,和昌
given_name,和真
given_name,和仁
given_name,和征
given_name,和成
given_name,和政
given_name,和正
given_name,和聖
given_name,和誠
given_name,和斉
given_name,和荘
given_name,和大
given_name,和督
given_name,和優
given_name,和祐
given_name,收真
given_name,一益
given_name,和丸
given_name,一麿
given_name,和麻呂
given_name,一己
given_name,一視
given_name,和三
given_name,和巳
given_name,一幹
given_name,和幹
given_name,一学
given_name,一径
given_name,一慶
given_name,一充
given_name,一達
given_name,一通
given_name,一途
given_name,一道
given_name,一倫
given_name,一路
given_name,右京
given_name,数充
given_name,量道
given_name,和通
given_name,和道
given_name,和倫
given_name,和礼
given_name,和路
given_name,一允
given_name,一光
given_name,一充
given_name,一満
given_name,計光
given_name,寿光
given_name,数光
given_name,和光
given_name,和晃
given_name,和貢
given_name,和充
given_name,和満
given_name,一峰
given_name,一嶺
given_name,主峰
given_name,和峰
given_name,一武
given_name,一夢
given_name,和夢
given_name,一旨
given_name,一宗
given_name,一心
given_name,一統
given_name,和宗
given_name,一幹
given_name,一基
given_name,一元
given_name,一素
given_name,一太
given_name,一芳
given_name,量元
given_name,量資
given_name,和基
given_name,和元
given_name,和志
given_name,和寿
given_name,和扶
given_name,一守
given_name,一盛
given_name,計守
given_name,和守
given_name,和盛
given_name,一哉
given_name,一八
given_name,一也
given_name,一弥
given_name,一矢
given_name,一彌
given_name,員也
given_name,佳寿也
given_name,佳津也
given_name,佳都也
given_name,加寿哉
given_name,加寿也
given_name,嘉寿也
given_name,夏寿也
given_name,賀津也
given_name,起也
given_name,計也
given_name,憲哉
given_name,憲也
given_name,航八
given_name,航也
given_name,航弥
given_name,三也
given_name,師也
given_name,主哉
given_name,寿哉
given_name,寿也
given_name,寿弥
given_name,寿矢
given_name,将也
given_name,数哉
given_name,数也
given_name,数弥
given_name,千也
given_name,千弥
given_name,知哉
given_name,知也
given_name,万弥
given_name,雄也
given_name,利哉
given_name,利也
given_name,良也
given_name,量也
given_name,和哉
given_name,和生
given_name,和八
given_name,和夫
given_name,和也
given_name,和耶
given_name,和弥
given_name,和矢
given_name,和彌
given_name,一安
given_name,一恭
given_name,一康
given_name,一泰
given_name,一保
given_name,一靖
given_name,一昶
given_name,憲康
given_name,寿康
given_name,多尉
given_name,和安
given_name,和恭
given_name,和康
given_name,和泰
given_name,和保
given_name,和靖
given_name,一行
given_name,一往
given_name,一介
given_name,一亨
given_name,一幸
given_name,一行
given_name,一志
given_name,一主
given_name,一将
given_name,一遂
given_name,一征
given_name,一雪
given_name,一徹
given_name,一道
given_name,一如
given_name,一之
given_name,一悠
given_name,一由
given_name,一侑
given_name,壱幸
given_name,員幸
given_name,員行
given_name,員之
given_name,加寿幸
given_name,加津之
given_name,嘉之
given_name,計行
given_name,計征
given_name,兼幸
given_name,兼之
given_name,克之
given_name,主行
given_name,寿幸
given_name,寿行
given_name,寿将
given_name,寿章
given_name,宗征
given_name,十行
given_name,昭之
given_name,数元
given_name,数幸
given_name,数行
given_name,千幸
given_name,千之
given_name,般之
given_name,利行
given_name,利之
given_name,良幸
given_name,良将
given_name,量幸
given_name,量行
given_name,量之
given_name,和介
given_name,和勧
given_name,和亨
given_name,和享
given_name,和恭
given_name,和教
given_name,和敬
given_name,和孝
given_name,和幸
given_name,和行
given_name,和志
given_name,和順
given_name,和将
given_name,和晋
given_name,和是
given_name,和征
given_name,和生
given_name,和雪
given_name,和致
given_name,和之
given_name,和勇貴
given_name,和由記
given_name,和祐己
given_name,和礼
given_name,和路
given_name,和侑
given_name,弌之
given_name,員世
given_name,一佳
given_name,一嘉
given_name,一賀
given_name,一款
given_name,一歓
given_name,一喜
given_name,一毅
given_name,一儀
given_name,一義
given_name,一吉
given_name,一欽
given_name,一啓
given_name,一圭
given_name,一慶
given_name,一敬
given_name,一厳
given_name,一功
given_name,一好
given_name,一剛
given_name,一克
given_name,一慈
given_name,一純
given_name,一承
given_name,一昌
given_name,一祥
given_name,一仁
given_name,一世氏
given_name,一善
given_name,一泰
given_name,一代氏
given_name,一禎
given_name,一能
given_name,一美
given_name,一芳
given_name,一由
given_name,一誉士
given_name,一利
given_name,一良
given_name,壱克
given_name,教義
given_name,計嘉
given_name,計賀
given_name,計宜
given_name,計芳
given_name,憲宣
given_name,憲督
given_name,憲由
given_name,主善
given_name,寿嘉
given_name,宗克
given_name,宗頼
given_name,数義
given_name,数実
given_name,数芳
given_name,数良
given_name,千貴
given_name,千義
given_name,千幸
given_name,知寛
given_name,知秀
given_name,万義
given_name,万慶
given_name,利佳
given_name,利嘉
given_name,量良
given_name,和愛
given_name,和悦
given_name,和佳
given_name,和可
given_name,和嘉
given_name,和快
given_name,和幹
given_name,和喜
given_name,和儀
given_name,和宜
given_name,和義
given_name,和吉
given_name,和圭
given_name,和恵
given_name,和慶
given_name,和敬
given_name,和賢
given_name,和功
given_name,和好
given_name,和孝
given_name,和幸
given_name,和剛
given_name,和克
given_name,和賛
given_name,和志
given_name,和資
given_name,和純
given_name,和祥
given_name,和詳
given_name,和世氏
given_name,和是
given_name,和正
given_name,和詮
given_name,和善
given_name,和代氏
given_name,和致
given_name,和禎
given_name,和徳
given_name,和督
given_name,和美
given_name,和芳
given_name,和睦
given_name,和由
given_name,和与志
given_name,和良
given_name,一順
given_name,一頼
given_name,和順
given_name,和頼
given_name,憲郎
given_name,風朗
given_name,和朗
given_name,和郎
given_name,一和喜
given_name,一人
given_name,和人
given_name,佳静
given_name,可靖
given_name,嘉誠
given_name,夏生
given_name,夏静
given_name,家成
given_name,華倩
given_name,華菁
given_name,画聖
given_name,風男
given_name,嘉捷
given_name,華雪
given_name,風次
given_name,風丸
given_name,火星也
given_name,佳萱
given_name,範聡
given_name,堅
given_name,堅司
given_name,彼多志
given_name,豊典
given_name,賢也
given_name,豊嘉
given_name,語
given_name,勝富
given_name,勝友
given_name,勝則
given_name,勝春
given_name,活
given_name,且
given_name,克
given_name,勝
given_name,将
given_name,一昭
given_name,活明
given_name,且明
given_name,功章
given_name,克暁
given_name,克顕
given_name,克光
given_name,克公
given_name,克晃
given_name,克秋
given_name,克彰
given_name,克昌
given_name,克昭
given_name,克晶
given_name,克章
given_name,克成
given_name,克哲
given_name,克彬
given_name,克明
given_name,克耀
given_name,克朗
given_name,勝輝
given_name,勝暁
given_name,勝晃
given_name,勝豪
given_name,勝秋
given_name,勝商
given_name,勝彰
given_name,勝昌
given_name,勝昭
given_name,勝晶
given_name,勝章
given_name,勝明
given_name,勝陽
given_name,勝亮
given_name,力昭
given_name,和昭
given_name,一暁
given_name,嘉曜
given_name,和昭
given_name,和明
given_name,勝在
given_name,加津維
given_name,克衣
given_name,且一
given_name,克一
given_name,克已千
given_name,勝一
given_name,克一郎
given_name,勝一朗
given_name,勝一郎
given_name,克海
given_name,勝海
given_name,健英
given_name,克栄
given_name,克衛
given_name,勝栄
given_name,勝英
given_name,勝榮
given_name,克益
given_name,佳津男
given_name,加津生
given_name,加津雄
given_name,賀津男
given_name,賀津雄
given_name,活夫
given_name,活雄
given_name,渇雄
given_name,功雄
given_name,克生
given_name,克男
given_name,克夫
given_name,克雄
given_name,克朗
given_name,克郎
given_name,勝央
given_name,勝緒
given_name,勝生
given_name,勝男
given_name,勝夫
given_name,勝雄
given_name,勝郎
given_name,捷男
given_name,雄生
given_name,一生
given_name,一男
given_name,一夫
given_name,一雄
given_name,佳津男
given_name,佳津夫
given_name,加津男
given_name,加津夫
given_name,嘉津生
given_name,賀津雄
given_name,勝津男
given_name,和央
given_name,和男
given_name,勝起
given_name,勝興
given_name,克臣
given_name,勝臣
given_name,一織
given_name,佳都紀
given_name,佳都樹
given_name,桂城
given_name,功貴
given_name,甲樹
given_name,克喜
given_name,克基
given_name,克希
given_name,克毅
given_name,克紀
given_name,克規
given_name,克記
given_name,克貴
given_name,克起
given_name,克輝
given_name,克騎
given_name,克己
given_name,克樹
given_name,克城
given_name,克生
given_name,勝喜
given_name,勝毅
given_name,勝気
given_name,勝紀
given_name,勝貴
given_name,勝起
given_name,勝輝
given_name,勝己
given_name,勝樹
given_name,勝城
given_name,勝生
given_name,勝木
given_name,勉己
given_name,剋貴
given_name,一喜
given_name,一希
given_name,一貴
given_name,一起
given_name,一輝
given_name,一樹
given_name,一生
given_name,佳津紀
given_name,佳津輝
given_name,香都紀
given_name,利希
given_name,和樹
given_name,克清
given_name,勝清
given_name,勝邦
given_name,勝三郎
given_name,伽津士
given_name,賀津志
given_name,括史
given_name,活史
given_name,活志
given_name,桂史
given_name,桂志
given_name,健史
given_name,克司
given_name,克史
given_name,克嗣
given_name,克士
given_name,克師
given_name,克志
given_name,克支
given_name,克至
given_name,克之
given_name,鹿連士
given_name,勝司
given_name,勝史
given_name,勝嗣
given_name,勝士
given_name,勝市
given_name,勝志
given_name,勝祉
given_name,勝至
given_name,勝示
given_name,勝之
given_name,勉史
given_name,一二
given_name,伽津二
given_name,活治
given_name,且嗣
given_name,且治
given_name,克司
given_name,克史
given_name,克志
given_name,克至
given_name,克児
given_name,克次
given_name,克治
given_name,克自
given_name,克二
given_name,克之
given_name,勝司
given_name,勝児
given_name,勝次
given_name,勝治
given_name,勝示
given_name,勝自
given_name,勝地
given_name,勝二
given_name,勝兒
given_name,和治
given_name,一志
given_name,和史
given_name,和志
given_name,活茂
given_name,且薫
given_name,克栄
given_name,克樹
given_name,克重
given_name,克成
given_name,克篤
given_name,克繁
given_name,克茂
given_name,勝栄
given_name,勝重
given_name,勝成
given_name,勝茂
given_name,一成
given_name,克次朗
given_name,克次郎
given_name,克二郎
given_name,克介
given_name,克輔
given_name,克祐
given_name,勝介
given_name,勝祐
given_name,勝亮
given_name,活三
given_name,克三
given_name,勝三
given_name,勝蔵
given_name,勝造
given_name,且貴
given_name,且高
given_name,功卓
given_name,豪峰
given_name,克栄
given_name,克貴
given_name,克敬
given_name,克孝
given_name,克隆
given_name,勝貴
given_name,勝敬
given_name,勝孝
given_name,勝高
given_name,勝嵩
given_name,勝任
given_name,勝隆
given_name,一貴
given_name,一孝
given_name,一隆
given_name,万隆
given_name,和孝
given_name,克武
given_name,雄偉
given_name,功忠
given_name,克忠
given_name,活大郎
given_name,勝太朗
given_name,勝太郎
given_name,克次
given_name,克輝
given_name,勝輝
given_name,勝照
given_name,一照
given_name,活人
given_name,克人
given_name,克斗
given_name,勝人
given_name,勝登
given_name,一人
given_name,和人
given_name,克時
given_name,一敏
given_name,一利
given_name,加津俊
given_name,賀津俊
given_name,活寿
given_name,且稔
given_name,健聖
given_name,賢俊
given_name,功敏
given_name,克紀
given_name,克寿
given_name,克俊
given_name,克聡
given_name,克知
given_name,克斗志
given_name,克年
given_name,克敏
given_name,克稔
given_name,克利
given_name,克理
given_name,勝紀
given_name,勝哉
given_name,勝寿
given_name,勝俊
given_name,勝智
given_name,勝登志
given_name,勝年
given_name,勝敏
given_name,勝稔
given_name,勝利
given_name,勝壽
given_name,捷敏
given_name,捷利
given_name,包敏
given_name,雄歳
given_name,雄俊
given_name,亮賢
given_name,力俊
given_name,一寿
given_name,和敏
given_name,和稔
given_name,勝臣
given_name,且知
given_name,克大
given_name,克知
given_name,克智
given_name,克朋
given_name,克友
given_name,克有
given_name,勝具
given_name,勝友
given_name,一友
given_name,克豊
given_name,勝豊
given_name,克尚
given_name,克直
given_name,勝直
given_name,勝永
given_name,郁津業
given_name,活成
given_name,且成
given_name,克就
given_name,克尚
given_name,克成
given_name,克生
given_name,克也
given_name,克有
given_name,勝済
given_name,勝成
given_name,勝也
given_name,一成
given_name,克之介
given_name,勝之介
given_name,勝之助
given_name,一誠
given_name,一暢
given_name,活伸
given_name,克允
given_name,克延
given_name,克史
given_name,克修
given_name,克将
given_name,克伸
given_name,克信
given_name,克宣
given_name,克暢
given_name,克展
given_name,克亘
given_name,勝允
given_name,勝伸
given_name,勝信
given_name,勝宣
given_name,勝之
given_name,勝睦
given_name,雄庸
given_name,一智
given_name,活則
given_name,且敬
given_name,且憲
given_name,且悟
given_name,且典
given_name,且徳
given_name,且法
given_name,桂巨
given_name,桂典
given_name,健成
given_name,賢昇
given_name,賢則
given_name,功考
given_name,功周
given_name,功典
given_name,克紀
given_name,克規
given_name,克記
given_name,克宜
given_name,克教
given_name,克矩
given_name,克訓
given_name,克憲
given_name,克功
given_name,克至
given_name,克宗
given_name,克昇
given_name,克成
given_name,克宣
given_name,克則
given_name,克哲
given_name,克典
given_name,克徳
given_name,克之
given_name,克範
given_name,克法
given_name,克理
given_name,克倫
given_name,勝紀
given_name,勝規
given_name,勝義
given_name,勝教
given_name,勝憲
given_name,勝謙
given_name,勝功
given_name,勝孝
given_name,勝至
given_name,勝識
given_name,勝宗
given_name,勝順
given_name,勝慎
given_name,勝仁
given_name,勝仙
given_name,勝宣
given_name,勝則
given_name,勝代
given_name,勝智
given_name,勝哲
given_name,勝典
given_name,勝土
given_name,勝統
given_name,勝徳
given_name,勝伯
given_name,勝範
given_name,勝文
given_name,勝法
given_name,勉昇
given_name,雄紀
given_name,和士
given_name,和則
given_name,和典
given_name,和徳
given_name,和寛
given_name,和則
given_name,一治
given_name,克治
given_name,克春
given_name,克晴
given_name,克青
given_name,克敏
given_name,勝治
given_name,勝春
given_name,勝晴
given_name,勝方
given_name,独立
given_name,佳津彦
given_name,加津彦
given_name,嘉津彦
given_name,活彦
given_name,桂彦
given_name,賢彦
given_name,功彦
given_name,恒彦
given_name,克比古
given_name,克彦
given_name,勝比古
given_name,勝彦
given_name,捷彦
given_name,優彦
given_name,雄彦
given_name,和彦
given_name,一彦
given_name,勝陽虎
given_name,佳津彦
given_name,架津彦
given_name,和彦
given_name,活寿
given_name,且久
given_name,功久
given_name,克永
given_name,克久
given_name,克寿
given_name,克尚
given_name,克亘
given_name,勝央
given_name,勝久
given_name,勝寿
given_name,勝尚
given_name,捷久
given_name,遂央
given_name,旦寿
given_name,雄央
given_name,雄久
given_name,雄寿
given_name,雄文
given_name,和久
given_name,甲英
given_name,克栄
given_name,克英
given_name,克秀
given_name,克日出
given_name,勝英
given_name,勝豪
given_name,勝秀
given_name,達英
given_name,雄秀
given_name,活人
given_name,且人
given_name,強仁
given_name,健仁
given_name,功士
given_name,克一
given_name,克士
given_name,克人
given_name,克仁
given_name,克比人
given_name,勝史
given_name,勝人
given_name,勝仁
given_name,勉士
given_name,雄史
given_name,雄人
given_name,雄仁
given_name,一仁
given_name,克仁
given_name,勝啓
given_name,勝平
given_name,一宏
given_name,一広
given_name,一裕
given_name,賀津宏
given_name,活弘
given_name,活博
given_name,且裕
given_name,且洋
given_name,桂寛
given_name,桂宏
given_name,桂浩
given_name,功浩
given_name,功博
given_name,功裕
given_name,功洋
given_name,克嘉
given_name,克寛
given_name,克巨
given_name,克啓
given_name,克敬
given_name,克宏
given_name,克広
given_name,克弘
given_name,克浩
given_name,克周
given_name,克仁
given_name,克泰
given_name,克大
given_name,克拓
given_name,克宙
given_name,克展
given_name,克博
given_name,克比呂
given_name,克祐
given_name,克裕
given_name,克洋
given_name,克朗
given_name,克廣
given_name,勝寛
given_name,勝啓
given_name,勝湖
given_name,勝公
given_name,勝宏
given_name,勝広
given_name,勝弘
given_name,勝浩
given_name,勝紘
given_name,勝太
given_name,勝泰
given_name,勝大
given_name,勝拓
given_name,勝宙
given_name,勝博
given_name,勝比呂
given_name,勝彦
given_name,勝佑
given_name,勝裕
given_name,勝洋
given_name,勝廣
given_name,勝洸
given_name,捷洋
given_name,旦広
given_name,裕弘
given_name,雄広
given_name,雄弘
given_name,雄大
given_name,雄裕
given_name,力裕
given_name,和寛
given_name,和宏
given_name,和広
given_name,和衡
given_name,和裕
given_name,一弘
given_name,一浩
given_name,一裕
given_name,一洋
given_name,賀津宏
given_name,千弘
given_name,多宏
given_name,和弘
given_name,和大
given_name,和博
given_name,一史
given_name,克史
given_name,克典
given_name,克文
given_name,勝史
given_name,勝文
given_name,勉史
given_name,克平
given_name,一真
given_name,克真
given_name,克馬
given_name,克磨
given_name,克麻
given_name,勝真
given_name,勝馬
given_name,勝磨
given_name,雄眞
given_name,一真
given_name,嘉津馬
given_name,桂津馬
given_name,克真
given_name,克麻
given_name,勝真
given_name,和真
given_name,且将
given_name,且昌
given_name,且政
given_name,克維
given_name,克雅
given_name,克格
given_name,克匡
given_name,克勝
given_name,克将
given_name,克昌
given_name,克晶
given_name,克真
given_name,克征
given_name,克政
given_name,克正
given_name,克全
given_name,克当
given_name,克優
given_name,克祐
given_name,克眞
given_name,勝雅
given_name,勝匡
given_name,勝将
given_name,勝昌
given_name,勝政
given_name,勝正
given_name,勝優
given_name,勉聖
given_name,優匡
given_name,力正
given_name,一雅
given_name,和昌
given_name,和正
given_name,勝丸
given_name,勝麿
given_name,旦麿
given_name,加津美
given_name,嘉積
given_name,活海
given_name,活水
given_name,且美
given_name,且巳
given_name,桂実
given_name,桂巳
given_name,功実
given_name,克海
given_name,克己
given_name,克三
given_name,克視
given_name,克実
given_name,克省
given_name,克臣
given_name,克身
given_name,克美
given_name,克未
given_name,克巳
given_name,克已
given_name,勝海
given_name,勝見
given_name,勝己
given_name,勝克
given_name,勝三
given_name,勝視
given_name,勝実
given_name,勝臣
given_name,勝身
given_name,勝美
given_name,勝巳
given_name,勝已
given_name,和績
given_name,和巳
given_name,和弥
given_name,一実
given_name,佳寿実
given_name,佳積
given_name,佳津見
given_name,加津己
given_name,和海
given_name,和己
given_name,和巳
given_name,勝通
given_name,勝光
given_name,一光
given_name,克宗
given_name,勝宗
given_name,且元
given_name,賢元
given_name,克基
given_name,克元
given_name,克征
given_name,勝基
given_name,勝元
given_name,勝泉
given_name,和幹
given_name,桂守
given_name,甲守
given_name,克守
given_name,克衞
given_name,勝護
given_name,勝守
given_name,勝盛
given_name,捷護
given_name,一矢
given_name,加津也
given_name,夏津也
given_name,賀津也
given_name,活也
given_name,且弥
given_name,敢也
given_name,健也
given_name,功也
given_name,功弥
given_name,香津也
given_name,豪哉
given_name,豪也
given_name,豪耶
given_name,克哉
given_name,克也
given_name,克耶
given_name,克弥
given_name,克矢
given_name,克彌
given_name,勝哉
given_name,勝也
given_name,勝耶
given_name,勝弥
given_name,勝矢
given_name,勝彌
given_name,雄哉
given_name,雄也
given_name,雄矢
given_name,亮矢
given_name,和哉
given_name,和也
given_name,和矢
given_name,一哉
given_name,一也
given_name,加津也
given_name,嘉律哉
given_name,和哉
given_name,和也
given_name,克安
given_name,克康
given_name,克泰
given_name,克保
given_name,勝安
given_name,勝康
given_name,勝保
given_name,勝靖
given_name,雄康
given_name,加津之
given_name,活幸
given_name,且敬
given_name,且幸
given_name,且行
given_name,賢孝
given_name,功行
given_name,功之
given_name,克介
given_name,克敬
given_name,克幸
given_name,克行
given_name,克志
given_name,克至
given_name,克晋
given_name,克征
given_name,克致
given_name,克如
given_name,克之
given_name,克赴
given_name,克鵬
given_name,克礼
given_name,克歴
given_name,勝幸
given_name,勝行
given_name,勝至
given_name,勝征
given_name,勝雪
given_name,勝通
given_name,勝道
given_name,勝之
given_name,勝普
given_name,捷之
given_name,勉之
given_name,雄以
given_name,雄五
given_name,雄幸
given_name,雄之
given_name,和幸
given_name,員行
given_name,勝之
given_name,和幸
given_name,一祥
given_name,一良
given_name,可都由
given_name,嘉津芳
given_name,活由
given_name,且好
given_name,且祥
given_name,且善
given_name,桂由
given_name,功佳
given_name,功義
given_name,功能
given_name,功良
given_name,巧悦
given_name,克伊
given_name,克栄
given_name,克悦
given_name,克佳
given_name,克嘉
given_name,克賀
given_name,克介
given_name,克喜
given_name,克宜
given_name,克義
given_name,克吉
given_name,克欣
given_name,克圭
given_name,克好
given_name,克俊
given_name,克承
given_name,克昌
given_name,克祥
given_name,克仁
given_name,克善
given_name,克能
given_name,克美
given_name,克芳
given_name,克由
given_name,克予志
given_name,克良
given_name,勝栄
given_name,勝佳
given_name,勝嘉
given_name,勝喜
given_name,勝貴
given_name,勝儀
given_name,勝義
given_name,勝吉
given_name,勝圭
given_name,勝慶
given_name,勝功
given_name,勝好
given_name,勝祥
given_name,勝宣
given_name,勝善
given_name,勝典
given_name,勝美
given_name,勝芳
given_name,勝由
given_name,勝誉
given_name,勝良
given_name,積善
given_name,雄愛
given_name,雄祥
given_name,和嘉
given_name,和義
given_name,和賢
given_name,一義
given_name,一良
given_name,香津吉
given_name,万剛
given_name,和慶
given_name,克頼
given_name,克和
given_name,勝頼
given_name,桂
given_name,加津留
given_name,克朗
given_name,克郎
given_name,勝朗
given_name,勝郎
given_name,捷朗
given_name,勝若
given_name,夏天
given_name,圭人
given_name,圭浩
given_name,圭史
given_name,門真
given_name,叶
given_name,鼎
given_name,叶太
given_name,哉太
given_name,奏多
given_name,奏太
given_name,奏汰
given_name,奏大
given_name,彼方
given_name,彷徨
given_name,教次
given_name,海夏人
given_name,哉音
given_name,奏人
given_name,要人
given_name,龍斗
given_name,要年
given_name,華奈東
given_name,要
given_name,要人
given_name,要也
given_name,加也
given_name,夏南留
given_name,賀玲
given_name,兼昭
given_name,兼明
given_name,謙彰
given_name,謙昭
given_name,金男
given_name,金雄
given_name,兼生
given_name,兼男
given_name,甲子男
given_name,周大
given_name,周男
given_name,周夫
given_name,周郎
given_name,鉦夫
given_name,鉦雄
given_name,鐘男
given_name,兼臣
given_name,鐘樹
given_name,兼吉
given_name,兼定
given_name,金司
given_name,金志
given_name,兼茂
given_name,周繁
given_name,兼資
given_name,兼輔
given_name,兼貴
given_name,兼孝
given_name,兼昂
given_name,兼高
given_name,光隆
given_name,周孝
given_name,周高
given_name,金忠
given_name,兼慶
given_name,金次
given_name,兼継
given_name,兼嗣
given_name,兼人
given_name,要人
given_name,兼敏
given_name,兼稔
given_name,兼利
given_name,謙俊
given_name,周敏
given_name,兼智
given_name,金成
given_name,兼伸
given_name,兼宣
given_name,周允
given_name,包信
given_name,兼紀
given_name,謙徳
given_name,鐘典
given_name,兼治
given_name,兼春
given_name,周玄
given_name,錦彦
given_name,兼彦
given_name,金久
given_name,兼久
given_name,兼寿
given_name,周久
given_name,錦秀
given_name,謙秀
given_name,金士
given_name,兼人
given_name,兼仁
given_name,謙人
given_name,兼平
given_name,金宏
given_name,金浩
given_name,兼広
given_name,兼弘
given_name,兼明
given_name,兼裕
given_name,謙弘
given_name,周宏
given_name,周広
given_name,鐘浩
given_name,金英
given_name,包房
given_name,兼雅
given_name,兼昌
given_name,兼正
given_name,兼丸
given_name,銀実
given_name,兼径
given_name,兼途
given_name,金光
given_name,兼光
given_name,兼充
given_name,謙光
given_name,金基
given_name,兼盛
given_name,鐘守
given_name,兼泰
given_name,兼保
given_name,金幸
given_name,兼幸
given_name,兼行
given_name,兼之
given_name,謙之
given_name,周行
given_name,鐘幸
given_name,鉄之
given_name,務征
given_name,金嘉
given_name,銀能
given_name,兼義
given_name,兼芳
given_name,兼良
given_name,周新
given_name,周良
given_name,鐘義
given_name,協
given_name,可典
given_name,佳花
given_name,香英
given_name,嘉春
given_name,香春
given_name,加太
given_name,彼武人
given_name,嘉平
given_name,珂平
given_name,加夢意
given_name,亀男
given_name,亀二郎
given_name,亀太郎
given_name,伽矢男
given_name,茅男
given_name,茅野夫
given_name,茅矢樹
given_name,夏野登
given_name,香人
given_name,彼野人
given_name,佳代治
given_name,刈太
given_name,夏竜
given_name,彼留斗
given_name,夏留土
given_name,軽保
given_name,佳礼夢
given_name,我路
given_name,河路
given_name,郁
given_name,馨
given_name,勘
given_name,完
given_name,寛
given_name,幹
given_name,換
given_name,敢
given_name,桓
given_name,歓
given_name,漢
given_name,環
given_name,緩
given_name,艦
given_name,莞
given_name,貫
given_name,鑑
given_name,雁
given_name,冠一
given_name,勘一
given_name,完一
given_name,寛一
given_name,幹一
given_name,敢一
given_name,敢市
given_name,歓一
given_name,艦一
given_name,貫一
given_name,勘一郎
given_name,寛一郎
given_name,幹一郎
given_name,貫一郎
given_name,廣一
given_name,貫吉
given_name,幹九郎
given_name,勘吾
given_name,完吾
given_name,完梧
given_name,完剛
given_name,寛伍
given_name,寛吾
given_name,寛悟
given_name,寛梧
given_name,莞吾
given_name,貫吾
given_name,貫梧
given_name,貫護
given_name,寛斎
given_name,勘三郎
given_name,観山
given_name,寛司
given_name,乾治
given_name,勘司
given_name,勘治
given_name,勘二
given_name,勘弐
given_name,勧司
given_name,勧持
given_name,完司
given_name,完史
given_name,完士
given_name,完志
given_name,完至
given_name,完侍
given_name,完次
given_name,完治
given_name,完爾
given_name,完二
given_name,寛司
given_name,寛史
given_name,寛志
given_name,寛次
given_name,寛治
given_name,寛示
given_name,寛仁
given_name,寛二
given_name,寛之
given_name,幹司
given_name,幹史
given_name,幹嗣
given_name,幹士
given_name,幹志
given_name,幹児
given_name,幹滋
given_name,幹治
given_name,幹爾
given_name,幹二
given_name,幹冶
given_name,敢史
given_name,敢士
given_name,敢児
given_name,敢二
given_name,敢之
given_name,歓司
given_name,歓士
given_name,歓人
given_name,環志
given_name,莞爾
given_name,莞二
given_name,貫司
given_name,貫志
given_name,貫治
given_name,貫爾
given_name,貫示
given_name,貫二
given_name,貫之
given_name,怜士
given_name,皖司
given_name,巌爾
given_name,巌示
given_name,玩次
given_name,元史
given_name,元治
given_name,冠充郎
given_name,寛十郎
given_name,貫俊
given_name,剛俊
given_name,貫志朗
given_name,貫志郎
given_name,勘治郎
given_name,勘二郎
given_name,完治郎
given_name,完二郎
given_name,寛次郎
given_name,観二郎
given_name,貫次郎
given_name,勘介
given_name,勘助
given_name,勘輔
given_name,完介
given_name,完輔
given_name,寛介
given_name,幹右
given_name,敢右
given_name,敢介
given_name,観介
given_name,貫介
given_name,貫佑
given_name,寛三
given_name,幹三
given_name,幹造
given_name,鑑三
given_name,勘太
given_name,勧太
given_name,寛太
given_name,寛大
given_name,幹太
given_name,敢太
given_name,歓太
given_name,漢太
given_name,肝太
given_name,莞太
given_name,観大
given_name,貫太
given_name,巌太
given_name,元太
given_name,寛大
given_name,勘太朗
given_name,勘太郎
given_name,完太郎
given_name,寛太朗
given_name,寛太郎
given_name,寛大郎
given_name,幹太郎
given_name,敢太郎
given_name,柑太郎
given_name,漢太郎
given_name,莞太郎
given_name,貫太朗
given_name,貫太郎
given_name,貫大郎
given_name,貫哲
given_name,冠人
given_name,勘人
given_name,完人
given_name,寛人
given_name,幹人
given_name,敢人
given_name,歓土
given_name,貫人
given_name,貫登
given_name,閑人
given_name,甲人
given_name,莞美
given_name,勘平
given_name,寛平
given_name,貫平
given_name,乾也
given_name,侃也
given_name,勘也
given_name,完哉
given_name,完也
given_name,寛也
given_name,幹也
given_name,幹弥
given_name,敢也
given_name,莞也
given_name,貫也
given_name,葵一
given_name,嘉一
given_name,喜一
given_name,喜市
given_name,基一
given_name,基市
given_name,希一
given_name,机一
given_name,期一
given_name,毅一
given_name,季意知
given_name,紀一
given_name,規一
given_name,記一
given_name,貴一
given_name,貴市
given_name,起一
given_name,起市
given_name,輝一
given_name,樹一
given_name,鮮一
given_name,其一
given_name,陽平
given_name,暉一
given_name,儀一
given_name,義一
given_name,葵一郎
given_name,喜一朗
given_name,喜一郎
given_name,喜市郎
given_name,基一郎
given_name,希一朗
given_name,希一郎
given_name,幾一朗
given_name,幾一郎
given_name,毅一朗
given_name,毅一郎
given_name,紀一朗
given_name,紀一郎
given_name,規一郎
given_name,貴一朗
given_name,貴一郎
given_name,貴市朗
given_name,起一郎
given_name,軌一郎
given_name,輝一郎
given_name,宜一郎
given_name,樹一郎
given_name,儀一郎
given_name,義一郎
given_name,季逸
given_name,樹夫
given_name,祈生
given_name,紀生
given_name,亀生
given_name,木生
given_name,希欧
given_name,紀央
given_name,貴央
given_name,貴王
given_name,貴音
given_name,菊一郎
given_name,喜久生
given_name,喜久男
given_name,喜久夫
given_name,喜久雄
given_name,喜作生
given_name,希久央
given_name,希久夫
given_name,紀久生
given_name,紀久男
given_name,紀久夫
given_name,紀久雄
given_name,規矩雄
given_name,記久男
given_name,貴久男
given_name,貴久夫
given_name,貴久雄
given_name,亀久夫
given_name,菊生
given_name,菊男
given_name,菊夫
given_name,菊雄
given_name,菊朗
given_name,菊郎
given_name,樹久生
given_name,菊臣
given_name,菊五郎
given_name,喜久治
given_name,幾久次
given_name,規久治
given_name,菊嗣
given_name,菊治
given_name,菊紫朗
given_name,菊次郎
given_name,菊二郎
given_name,喜久三
given_name,菊人
given_name,輝久利
given_name,菊之介
given_name,紀久典
given_name,菊則
given_name,喜久治
given_name,喜久晴
given_name,貴久治
given_name,菊春
given_name,菊久
given_name,菊博
given_name,喜久平
given_name,菊丸
given_name,喜久麿
given_name,喜久哉
given_name,輝空也
given_name,喜久郎
given_name,菊郎
given_name,喜沙男
given_name,木作
given_name,喜佐路
given_name,兆
given_name,萌
given_name,喜三郎
given_name,喜志男
given_name,喜志雄
given_name,貴志夫
given_name,貴志雄
given_name,喜至臣
given_name,貴志和
given_name,岸也
given_name,喜秀
given_name,希舟
given_name,規修
given_name,喜重
given_name,喜昭
given_name,希昌
given_name,希翔
given_name,毅正
given_name,紀祥
given_name,紀章
given_name,貴勝
given_name,貴松
given_name,貴祥
given_name,起匠
given_name,輝匠
given_name,輝昇
given_name,義昌
given_name,喜四郎
given_name,喜志郎
given_name,貴士郎
given_name,貴志郎
given_name,輝志郎
given_name,騎士郎
given_name,希晋
given_name,紀信
given_name,貴信
given_name,貴真
given_name,輝心
given_name,吉心
given_name,義人
given_name,紀壽夫
given_name,輝介
given_name,諒介
given_name,義介
given_name,起盛
given_name,輝生
given_name,紀世彦
given_name,喜三
given_name,義三
given_name,鍛
given_name,来
given_name,喜多朗
given_name,喜太郎
given_name,希太郎
given_name,幾多郎
given_name,紀太郎
given_name,義丹
given_name,吉男
given_name,吉雄
given_name,吉五郎
given_name,吉三郎
given_name,吉司
given_name,吉次
given_name,吉助
given_name,吉蔵
given_name,吉太郎
given_name,吉人
given_name,吉之介
given_name,吉之助
given_name,吉益
given_name,記知也
given_name,喜一郎
given_name,吉朗
given_name,吉郎
given_name,樹承
given_name,輝平
given_name,吉平
given_name,義童
given_name,絹明
given_name,甲子彦
given_name,喜之助
given_name,喜八
given_name,喜八郎
given_name,貴八郎
given_name,希宏
given_name,季弘
given_name,喜文
given_name,希文
given_name,紀史
given_name,樹文
given_name,毅文
given_name,喜兵
given_name,喜兵衞
given_name,喜平
given_name,紀平
given_name,輝平
given_name,樹平
given_name,喜平治
given_name,貴美昭
given_name,君晃
given_name,君明
given_name,侯明
given_name,公映
given_name,公暁
given_name,公顕
given_name,公晃
given_name,公秋
given_name,公彰
given_name,公昭
given_name,公晶
given_name,公章
given_name,公彬
given_name,公明
given_name,公亮
given_name,公朗
given_name,主明
given_name,仁暁
given_name,公厚
given_name,公篤
given_name,公一
given_name,王夫
given_name,喜三男
given_name,喜三夫
given_name,喜三雄
given_name,喜美男
given_name,喜美夫
given_name,喜美雄
given_name,喜美郎
given_name,基美男
given_name,基美夫
given_name,基美雄
given_name,基巳雄
given_name,希美夫
given_name,希美雄
given_name,紀三男
given_name,紀美男
given_name,紀美夫
given_name,紀美雄
given_name,紀巳男
given_name,規実男
given_name,規明夫
given_name,貴美男
given_name,貴美夫
given_name,貴美雄
given_name,君男
given_name,君夫
given_name,君雄
given_name,公央
given_name,公応
given_name,公生
given_name,公大
given_name,公男
given_name,公美雄
given_name,公夫
given_name,公巳夫
given_name,公雄
given_name,公良
given_name,公朗
given_name,公郎
given_name,樹実雄
given_name,樹美郎
given_name,仁男
given_name,仁夫
given_name,仁勇
given_name,仁雄
given_name,公景
given_name,君和
given_name,公一
given_name,公和
given_name,仁一
given_name,仁和
given_name,喜実勝
given_name,公克
given_name,公一
given_name,公国
given_name,公寿
given_name,公成
given_name,公繁
given_name,王崇
given_name,王隆
given_name,公威
given_name,公毅
given_name,公貴
given_name,公敬
given_name,公孝
given_name,公考
given_name,公高
given_name,公崇
given_name,公尊
given_name,公飛
given_name,公隆
given_name,仁敬
given_name,仁孝
given_name,仁隆
given_name,帝孝
given_name,竜堂
given_name,公威
given_name,公健
given_name,公丈
given_name,王直
given_name,公近
given_name,公親
given_name,君千代
given_name,公胤
given_name,公乙
given_name,公継
given_name,公嗣
given_name,君輝
given_name,公輝
given_name,仁光
given_name,仁照
given_name,王徳
given_name,公人
given_name,公登
given_name,君俊
given_name,公紀
given_name,公寿
given_name,公俊
given_name,公敏
given_name,公稔
given_name,公利
given_name,公壽
given_name,仁哉
given_name,仁俊
given_name,林福
given_name,公臣
given_name,王丈
given_name,公知
given_name,公友
given_name,公菜
given_name,公直
given_name,公詠
given_name,王成
given_name,公就
given_name,公成
given_name,公也
given_name,仁成
given_name,公之輔
given_name,公延
given_name,公伸
given_name,公信
given_name,公宣
given_name,公亘
given_name,匡徳
given_name,君憲
given_name,君典
given_name,公雅
given_name,公紀
given_name,公規
given_name,公教
given_name,公芸
given_name,公憲
given_name,公順
given_name,公宣
given_name,公則
given_name,公典
given_name,公徳
given_name,公伯
given_name,公範
given_name,公文
given_name,公法
given_name,公律
given_name,后律
given_name,皇紀
given_name,仁紀
given_name,仁教
given_name,君治
given_name,君春
given_name,公治
given_name,公春
given_name,公晴
given_name,公冶
given_name,仁治
given_name,仁晴
given_name,仁陽
given_name,王彦
given_name,喜美彦
given_name,喜巳彦
given_name,貴美彦
given_name,君彦
given_name,侯彦
given_name,公比古
given_name,公彦
given_name,仁彦
given_name,正彦
given_name,公久
given_name,公寿
given_name,公尚
given_name,公英
given_name,公秀
given_name,王士
given_name,王人
given_name,王仁
given_name,記美仁
given_name,君人
given_name,君仁
given_name,公士
given_name,公人
given_name,公仁
given_name,皇士
given_name,皇人
given_name,仁人
given_name,王宏
given_name,喜美広
given_name,喜美博
given_name,希巳浩
given_name,記見浩
given_name,君宏
given_name,君弘
given_name,君尋
given_name,君裕
given_name,侯宏
given_name,公央
given_name,公寛
given_name,公啓
given_name,公敬
given_name,公宏
given_name,公広
given_name,公弘
given_name,公浩
given_name,公祥
given_name,公仁
given_name,公尋
given_name,公泰
given_name,公大
given_name,公博
given_name,公比呂
given_name,公裕
given_name,公洋
given_name,公廣
given_name,皇宏
given_name,樹美洋
given_name,仁寛
given_name,仁啓
given_name,仁宏
given_name,仁浩
given_name,仁泰
given_name,仁大
given_name,仁博
given_name,仁裕
given_name,公房
given_name,公史
given_name,公雅
given_name,公将
given_name,公正
given_name,公道
given_name,公望
given_name,公元
given_name,公司
given_name,仁守
given_name,喜未也
given_name,公哉
given_name,公也
given_name,仁也
given_name,君康
given_name,君保
given_name,公快
given_name,公康
given_name,公泰
given_name,公保
given_name,公靖
given_name,仁康
given_name,公孝
given_name,公幸
given_name,公行
given_name,公志
given_name,公之
given_name,主幸
given_name,王良
given_name,輝実吉
given_name,公佳
given_name,公賀
given_name,公喜
given_name,公宜
given_name,公義
given_name,公欣
given_name,公慶
given_name,公敬
given_name,公祥
given_name,公善
given_name,公美
given_name,公芳
given_name,公由
given_name,公良
given_name,皇功
given_name,仁彦
given_name,城也太
given_name,丘
given_name,救
given_name,究
given_name,輝有
given_name,輝雄
given_name,樹勇
given_name,久一
given_name,球一
given_name,究一
given_name,久市
given_name,久一郎
given_name,久吉
given_name,球吾
given_name,久治
given_name,久二
given_name,球児
given_name,九児
given_name,久二郎
given_name,究次郎
given_name,久三
given_name,久蔵
given_name,丘太
given_name,久太
given_name,球太
given_name,久太郎
given_name,球人
given_name,究之介
given_name,求馬
given_name,久也
given_name,久弥
given_name,球也
given_name,玖哉
given_name,喜代明
given_name,恭章
given_name,潔昭
given_name,潔明
given_name,澄明
given_name,清旭
given_name,清輝
given_name,清暁
given_name,清顕
given_name,清晃
given_name,清彰
given_name,清昭
given_name,清晶
given_name,清照
given_name,清章
given_name,清壮
given_name,清爽
given_name,清彬
given_name,清明
given_name,清揚
given_name,清亮
given_name,清朗
given_name,精晃
given_name,聖暁
given_name,聖晃
given_name,聖章
given_name,聖明
given_name,靖章
given_name,陽章
given_name,廉明
given_name,喜代一
given_name,清一
given_name,清一郎
given_name,馨
given_name,亨
given_name,享
given_name,匡
given_name,喬
given_name,強
given_name,恭
given_name,暁
given_name,杏一
given_name,亨一
given_name,享一
given_name,享壱
given_name,京一
given_name,競一
given_name,協一
given_name,匡一
given_name,匡乙
given_name,喬一
given_name,境一
given_name,強一
given_name,恭一
given_name,恭壱
given_name,恭市
given_name,教一
given_name,郷一
given_name,響一
given_name,暁一
given_name,恭一
given_name,享一朗
given_name,享一郎
given_name,京一郎
given_name,匡一朗
given_name,匡一郎
given_name,喬一郎
given_name,恭一郎
given_name,恭市郎
given_name,亨吾
given_name,亨悟
given_name,享吾
given_name,京吾
given_name,匡吾
given_name,卿吾
given_name,喬悟
given_name,恭吾
given_name,恭悟
given_name,教悟
given_name,鏡伍
given_name,響吾
given_name,経護
given_name,恭三郎
given_name,京司
given_name,京志
given_name,恭史
given_name,亨治
given_name,享司
given_name,享児
given_name,享治
given_name,享二
given_name,京司
given_name,京志
given_name,京次
given_name,京治
given_name,京二
given_name,共治
given_name,協司
given_name,協児
given_name,協治
given_name,匡史
given_name,匡治
given_name,喬司
given_name,喬史
given_name,強次
given_name,強二
given_name,恭司
given_name,恭史
given_name,恭嗣
given_name,恭士
given_name,恭志
given_name,恭児
given_name,恭慈
given_name,恭次
given_name,恭治
given_name,恭爾
given_name,恭二
given_name,教司
given_name,教治
given_name,教二
given_name,郷史
given_name,響二
given_name,敬司
given_name,敬二
given_name,経示
given_name,京四郎
given_name,京士郎
given_name,協四郎
given_name,恭志郎
given_name,享仁郎
given_name,京二郎
given_name,恭次朗
given_name,堯信
given_name,杏介
given_name,杏輔
given_name,杏亮
given_name,亨介
given_name,亨輔
given_name,亨祐
given_name,亨亮
given_name,享介
given_name,享佐
given_name,享助
given_name,享輔
given_name,享佑
given_name,享祐
given_name,享亮
given_name,京介
given_name,京助
given_name,京輔
given_name,京佑
given_name,京祐
given_name,匡介
given_name,匡輔
given_name,匡祐
given_name,匡亮
given_name,喬介
given_name,喬佑
given_name,喬亮
given_name,強輔
given_name,恭育
given_name,恭介
given_name,恭功
given_name,恭資
given_name,恭助
given_name,恭丞
given_name,恭典
given_name,恭補
given_name,恭輔
given_name,恭佑
given_name,恭祐
given_name,恭亮
given_name,恭涼
given_name,恭侑
given_name,教介
given_name,教助
given_name,郷介
given_name,郷佑
given_name,鏡介
given_name,響介
given_name,響輔
given_name,暁祐
given_name,慶輔
given_name,香介
given_name,亮介
given_name,京生
given_name,共生
given_name,恭正
given_name,恭生
given_name,恭聖
given_name,興生
given_name,行善
given_name,享三
given_name,享造
given_name,京三
given_name,強造
given_name,恭三
given_name,恭造
given_name,教三
given_name,杏太
given_name,挙大
given_name,亨太
given_name,享太
given_name,京太
given_name,京大
given_name,協太
given_name,匡太
given_name,喬太
given_name,強太
given_name,恭太
given_name,恭大
given_name,教太
given_name,郷太
given_name,響太
given_name,茎太
given_name,今日太
given_name,曉太
given_name,京太朗
given_name,京太郎
given_name,協太郎
given_name,強太郎
given_name,恭太郎
given_name,京之介
given_name,匡之介
given_name,恭之介
given_name,恭之助
given_name,恭久
given_name,杏平
given_name,亨平
given_name,享兵
given_name,享平
given_name,京兵
given_name,京平
given_name,共平
given_name,協平
given_name,匡平
given_name,喬兵
given_name,喬平
given_name,強平
given_name,恭坪
given_name,恭丙
given_name,恭兵
given_name,恭平
given_name,教平
given_name,興平
given_name,郷平
given_name,響平
given_name,暁平
given_name,今日平
given_name,清平
given_name,恭真
given_name,恭馬
given_name,京丸
given_name,京哉
given_name,京也
given_name,匡也
given_name,恭也
given_name,恭弥
given_name,恭矢
given_name,教哉
given_name,響哉
given_name,響也
given_name,暁蓉
given_name,暁蕾
given_name,杏蓮
given_name,清夫
given_name,清雄
given_name,斉夫
given_name,廉夫
given_name,清起
given_name,清臣
given_name,喜代一
given_name,喜代数
given_name,毅一
given_name,規世和
given_name,貴代和
given_name,貴誉一
given_name,潔一
given_name,潔和
given_name,晴計
given_name,清一
given_name,清運
given_name,清種
given_name,清寿
given_name,清良
given_name,清和
given_name,聖一
given_name,聖和
given_name,喜代克
given_name,喜代勝
given_name,清且
given_name,清克
given_name,清勝
given_name,清兼
given_name,澄樹
given_name,清樹
given_name,清公
given_name,喜義
given_name,喜吉
given_name,喜好
given_name,喜祥
given_name,喜世士
given_name,喜世志
given_name,喜代司
given_name,喜代嗣
given_name,喜代志
given_name,喜芳
given_name,喜由
given_name,喜良
given_name,喜與志
given_name,基悦
given_name,基嘉
given_name,基幹
given_name,基義
given_name,基善
given_name,基誉史
given_name,希佳
given_name,希吉
given_name,希賢
given_name,希好
given_name,希仁
given_name,希世志
given_name,希芳
given_name,希与志
given_name,機良
given_name,季由
given_name,季良
given_name,紀喜
given_name,紀義
given_name,紀世志
given_name,紀代志
given_name,紀芳
given_name,紀陽士
given_name,紀良
given_name,規悦
given_name,規義
given_name,規良
given_name,記吉
given_name,記好
given_name,貴義
given_name,貴志
given_name,貴識
given_name,貴祥
given_name,貴世史
given_name,貴世志
given_name,貴代志
given_name,貴芳
given_name,貴良
given_name,貴良志
given_name,起世志
given_name,輝義
given_name,輝圭
given_name,輝美
given_name,宜良
given_name,吉世嗣
given_name,巨史
given_name,享司
given_name,恭司
given_name,恭史
given_name,恭嗣
given_name,圭史
given_name,潔
given_name,潔史
given_name,潔志
given_name,潔守
given_name,潔之
given_name,潔吏
given_name,健
given_name,樹慶
given_name,樹寿
given_name,樹昌
given_name,樹良
given_name,淳
given_name,淳司
given_name,淳史
given_name,純
given_name,章代司
given_name,浄
given_name,浄志
given_name,粋史
given_name,澄
given_name,澄司
given_name,澄志
given_name,晴
given_name,清
given_name,清司
given_name,清史
given_name,清嗣
given_name,清士
given_name,清志
given_name,清視
given_name,清織
given_name,清日
given_name,清之
given_name,清良
given_name,精
given_name,精士
given_name,精志
given_name,聖
given_name,聖仕
given_name,聖司
given_name,聖史
given_name,聖士
given_name,聖志
given_name,聖詞
given_name,聖進
given_name,聖之
given_name,聖也
given_name,斉史
given_name,白志
given_name,磨史
given_name,靖
given_name,靖士
given_name,陽
given_name,陽司
given_name,陽芳
given_name,廉
given_name,皖司
given_name,喜代次
given_name,喜代治
given_name,紀代二
given_name,起代二
given_name,清司
given_name,清次
given_name,清治
given_name,清路
given_name,清重
given_name,清成
given_name,清茂
given_name,清士郎
given_name,清志郎
given_name,清介
given_name,清輔
given_name,清純
given_name,清誠
given_name,喜代太
given_name,清太
given_name,喜代孝
given_name,喜代隆
given_name,貴孝
given_name,貴代孝
given_name,貴隆
given_name,圭貴
given_name,圭崇
given_name,潔貴
given_name,潔孝
given_name,淳太
given_name,清允
given_name,清栄
given_name,清毅
given_name,清貴
given_name,清宜
given_name,清巨
given_name,清享
given_name,清恭
given_name,清敬
given_name,清孝
given_name,清高
given_name,清剛
given_name,清尚
given_name,清崇
given_name,清嵩
given_name,清生
given_name,清尊
given_name,清太
given_name,清能
given_name,清峰
given_name,清雄
given_name,清誉
given_name,清隆
given_name,精孝
given_name,聖岳
given_name,聖貴
given_name,聖敬
given_name,聖孝
given_name,聖高
given_name,聖剛
given_name,聖峻
given_name,聖尚
given_name,聖崇
given_name,聖峰
given_name,聖隆
given_name,聖和
given_name,磨貴
given_name,磨享
given_name,磨孝
given_name,麿孝
given_name,清岳
given_name,清健
given_name,清豪
given_name,清丈
given_name,清竹
given_name,清武
given_name,聖岳
given_name,聖武
given_name,清正
given_name,清忠
given_name,清達
given_name,清竜
given_name,清種
given_name,清睦
given_name,聖近
given_name,聖史
given_name,聖凡
given_name,喜代継
given_name,喜代次
given_name,起容嗣
given_name,清継
given_name,清司
given_name,清嗣
given_name,清次
given_name,清紹
given_name,清世
given_name,磨嗣
given_name,清綱
given_name,清輝
given_name,清光
given_name,清晃
given_name,清照
given_name,清明
given_name,聖輝
given_name,磨輝
given_name,瑛士
given_name,喜代人
given_name,喜代登
given_name,紀世人
given_name,貴世人
given_name,潔人
given_name,淑人
given_name,浄人
given_name,澄人
given_name,清史
given_name,清人
given_name,清水
given_name,清登
given_name,清都
given_name,清門
given_name,精人
given_name,聖人
given_name,陽斗
given_name,亮人
given_name,廉人
given_name,喜代俊
given_name,喜代敏
given_name,京俊
given_name,清俊
given_name,清敏
given_name,清利
given_name,聖俊
given_name,聖年
given_name,陽智
given_name,清臣
given_name,貴世友
given_name,清智
given_name,清朝
given_name,清伴
given_name,清友
given_name,聖智
given_name,清豊
given_name,清修
given_name,清直
given_name,清仲
given_name,淳也
given_name,粋成
given_name,清就
given_name,清成
given_name,清也
given_name,聖也
given_name,陽也
given_name,希与伸
given_name,享伸
given_name,恭宣
given_name,浄信
given_name,澄伸
given_name,清延
given_name,清伸
given_name,清信
given_name,清宣
given_name,清暢
given_name,清展
given_name,清布
given_name,聖伸
given_name,聖信
given_name,聖展
given_name,喜代範
given_name,起代則
given_name,潔紀
given_name,潔範
given_name,潔法
given_name,澄憲
given_name,清寛
given_name,清紀
given_name,清規
given_name,清軌
given_name,清訓
given_name,清憲
given_name,清功
given_name,清則
given_name,清智
given_name,清典
given_name,清統
given_name,清徳
given_name,清範
given_name,清文
given_name,清法
given_name,聖宜
given_name,聖準
given_name,聖宣
given_name,聖典
given_name,聖徳
given_name,聖範
given_name,聖了
given_name,喜代治
given_name,喜代春
given_name,喜代晴
given_name,紀晴
given_name,淳晴
given_name,清治
given_name,清春
given_name,清晴
given_name,清明
given_name,清陽
given_name,清流
given_name,清令
given_name,聖治
given_name,聖晴
given_name,陽春
given_name,亮晴
given_name,淨晴
given_name,喜世彦
given_name,喜代彦
given_name,希代彦
given_name,紀世彦
given_name,紀代彦
given_name,潔彦
given_name,浄彦
given_name,清比古
given_name,清彦
given_name,精彦
given_name,聖日己
given_name,聖彦
given_name,喜代寿
given_name,希世久
given_name,恭久
given_name,潔尚
given_name,清久
given_name,清寿
given_name,清尚
given_name,精久
given_name,聖久
given_name,静久
given_name,喜吉英
given_name,喜代秀
given_name,享英
given_name,圭秀
given_name,清英
given_name,清秀
given_name,聖英
given_name,幾代士
given_name,巨人
given_name,潔一
given_name,潔人
given_name,清史
given_name,清人
given_name,清仁
given_name,聖人
given_name,聖仁
given_name,磨仁
given_name,陽仁
given_name,麗仁
given_name,廉仁
given_name,喜代宏
given_name,希世弘
given_name,記世大
given_name,享祐
given_name,圭宏
given_name,圭広
given_name,淳広
given_name,浄宏
given_name,清寛
given_name,清啓
given_name,清公
given_name,清宏
given_name,清広
given_name,清弘
given_name,清浩
given_name,清大
given_name,清博
given_name,清裕
given_name,清洋
given_name,清廣
given_name,精宏
given_name,精洋
given_name,聖宏
given_name,聖広
given_name,聖弘
given_name,聖浩
given_name,聖周
given_name,聖大
given_name,聖博
given_name,聖裕
given_name,聖皓
given_name,靖浩
given_name,陽弘
given_name,喜代文
given_name,輝吉文
given_name,潔史
given_name,潔文
given_name,健史
given_name,清史
given_name,清文
given_name,聖史
given_name,聖章
given_name,聖文
given_name,磨史
given_name,廉史
given_name,清雅
given_name,清匡
given_name,清勝
given_name,清将
given_name,清政
given_name,清正
given_name,清全
given_name,聖将
given_name,聖真
given_name,聖征
given_name,喜代松
given_name,清松
given_name,清丸
given_name,清麿
given_name,清通
given_name,清道
given_name,清祐
given_name,清理
given_name,精通
given_name,聖通
given_name,喜代光
given_name,巨光
given_name,清光
given_name,清充
given_name,清満
given_name,聖光
given_name,清基
given_name,精基
given_name,清守
given_name,清盛
given_name,清恭
given_name,清康
given_name,清泰
given_name,清鎮
given_name,清保
given_name,潔亨
given_name,潔行
given_name,淳之
given_name,清幸
given_name,清行
given_name,清之
given_name,清廉
given_name,聖行
given_name,聖征
given_name,聖雪
given_name,聖之
given_name,聖佳
given_name,桐郎
given_name,切継
given_name,基理人
given_name,希吏登
given_name,桐人
given_name,桐馬
given_name,桐郎
given_name,揮郎
given_name,紀郎
given_name,喜六
given_name,究
given_name,究夢
given_name,極
given_name,勤
given_name,均
given_name,欣
given_name,欽
given_name,琴
given_name,謹
given_name,金
given_name,槿
given_name,吟
given_name,銀
given_name,勤一
given_name,均一
given_name,錦一
given_name,錦市
given_name,欣一
given_name,欽一
given_name,欽市
given_name,謹一
given_name,金一
given_name,銀以智
given_name,銀一
given_name,欣一郎
given_name,欽一郎
given_name,銀一郎
given_name,銀河
given_name,均吾
given_name,錦吾
given_name,錦悟
given_name,欣吾
given_name,欽吾
given_name,謹吾
given_name,謹悟
given_name,金五
given_name,金吾
given_name,金悟
given_name,金五郎
given_name,金三郎
given_name,金司
given_name,錦司
given_name,錦寿
given_name,欣伺
given_name,欣司
given_name,欣嗣
given_name,欣士
given_name,欣始
given_name,欣志
given_name,欣慈
given_name,欣次
given_name,欣治
given_name,欣道
given_name,欣二
given_name,欽司
given_name,欽士
given_name,欽治
given_name,欽示
given_name,欽二
given_name,琴二
given_name,謹司
given_name,謹志
given_name,謹爾
given_name,謹二
given_name,金司
given_name,金嗣
given_name,金次
given_name,金治
given_name,金二
given_name,公二
given_name,銀次
given_name,銀二
given_name,錦四郎
given_name,錦士郎
given_name,欣四郎
given_name,金四郎
given_name,錦次郎
given_name,欣治郎
given_name,金次郎
given_name,金治郎
given_name,金二郎
given_name,銀志郎
given_name,銀次郎
given_name,銀治郎
given_name,銀二郎
given_name,欣介
given_name,金助
given_name,欣三
given_name,欽三
given_name,欽造
given_name,銀蔵
given_name,金太
given_name,吟太
given_name,銀太
given_name,金太郎
given_name,錦斗
given_name,銀時
given_name,欽之助
given_name,金之介
given_name,金之助
given_name,銀兵
given_name,銀平
given_name,勤哉
given_name,勤也
given_name,均也
given_name,錦也
given_name,錦弥
given_name,錦矢
given_name,欣哉
given_name,欣也
given_name,欣弥
given_name,欣矢
given_name,欽哉
given_name,欽也
given_name,欽矢
given_name,琴也
given_name,謹也
given_name,金也
given_name,金弥
given_name,金矢
given_name,公也
given_name,銀夜
given_name,空
given_name,空悟
given_name,空護
given_name,空也
given_name,久遠
given_name,久喜雄
given_name,草彦
given_name,久壽男
given_name,九州男
given_name,楠生
given_name,楠利
given_name,楠宣
given_name,楠人
given_name,楠雅
given_name,久仁昭
given_name,久仁明
given_name,匡章
given_name,訓昌
given_name,訓照
given_name,訓章
given_name,訓明
given_name,郡監
given_name,郡晃
given_name,克彰
given_name,国晃
given_name,国昭
given_name,国章
given_name,国文
given_name,国明
given_name,国朗
given_name,州晃
given_name,城将
given_name,城昭
given_name,晋照
given_name,晋章
given_name,晋徹
given_name,晋明
given_name,都明
given_name,都朗
given_name,邦旭
given_name,邦央
given_name,邦暁
given_name,邦啓
given_name,邦謙
given_name,邦顕
given_name,邦光
given_name,邦晃
given_name,邦秋
given_name,邦彰
given_name,邦昌
given_name,邦昭
given_name,邦晶
given_name,邦章
given_name,邦知
given_name,邦哲
given_name,邦彬
given_name,邦明
given_name,邦亮
given_name,邦朗
given_name,國昭
given_name,國章
given_name,國明
given_name,國朗
given_name,都一
given_name,邦一
given_name,国一郎
given_name,邦一郎
given_name,邦栄
given_name,邦衛
given_name,邦榮
given_name,郁男
given_name,郁夫
given_name,一夫
given_name,久仁男
given_name,久仁夫
given_name,久仁雄
given_name,久仁郎
given_name,久二夫
given_name,匡郎
given_name,九二男
given_name,九二夫
given_name,九二雄
given_name,訓生
given_name,訓男
given_name,訓夫
given_name,訓雄
given_name,訓郎
given_name,公仁男
given_name,国王
given_name,国士
given_name,国生
given_name,国男
given_name,国夫
given_name,国雄
given_name,国郎
given_name,州央
given_name,州生
given_name,州男
given_name,州雄
given_name,城央
given_name,城生
given_name,城男
given_name,晋生
given_name,晋男
given_name,仁男
given_name,地生
given_name,地男
given_name,都生
given_name,都男
given_name,都雄
given_name,楓真
given_name,邦央
given_name,邦翁
given_name,邦緒
given_name,邦生
given_name,邦相
given_name,邦男
given_name,邦彦
given_name,邦夫
given_name,邦穂
given_name,邦雄
given_name,邦朗
given_name,邦郎
given_name,邦應
given_name,有生
given_name,圀夫
given_name,國生
given_name,國男
given_name,國夫
given_name,國雄
given_name,國興
given_name,国臣
given_name,邦臣
given_name,國臣
given_name,久二一
given_name,訓一
given_name,訓和
given_name,国一
given_name,国数
given_name,国和
given_name,邦一
given_name,邦員
given_name,邦寿
given_name,邦和
given_name,邦剛
given_name,邦克
given_name,久仁紀
given_name,国基
given_name,国樹
given_name,邦記
given_name,邦起
given_name,邦光
given_name,邦樹
given_name,邦貞
given_name,邦里
given_name,邦司
given_name,邦二
given_name,圀二
given_name,国重
given_name,邦栄
given_name,邦重
given_name,邦成
given_name,邦繁
given_name,邦茂
given_name,邦司郎
given_name,邦史郎
given_name,邦次郎
given_name,国介
given_name,州右
given_name,国三
given_name,国蔵
given_name,晋三
given_name,邦三
given_name,邦造
given_name,邦太
given_name,一猛
given_name,訓孝
given_name,公仁孝
given_name,公崇
given_name,公之
given_name,国貴
given_name,国孝
given_name,国隆
given_name,州崇
given_name,城誉
given_name,晋崇
given_name,之孝
given_name,邦貴
given_name,邦敬
given_name,邦孝
given_name,邦幸
given_name,邦高
given_name,邦尚
given_name,邦崇
given_name,邦嵩
given_name,邦誉
given_name,邦隆
given_name,有孝
given_name,國貴
given_name,國孝
given_name,國尊
given_name,國隆
given_name,訓孟
given_name,国建
given_name,州勇
given_name,邦毅
given_name,邦武
given_name,邦猛
given_name,邦匡
given_name,国太郎
given_name,邦太郎
given_name,國太郎
given_name,訓史
given_name,国親
given_name,邦愛
given_name,邦哉
given_name,邦慈
given_name,邦親
given_name,国次
given_name,州亜
given_name,國嗣
given_name,国積
given_name,訓英
given_name,国輝
given_name,邦輝
given_name,邦照
given_name,久仁人
given_name,訓士
given_name,国人
given_name,邦人
given_name,邦登
given_name,邦門
given_name,久仁俊
given_name,匡敏
given_name,訓稔
given_name,国寿
given_name,国俊
given_name,国年
given_name,国敏
given_name,国利
given_name,州利
given_name,城利
given_name,晋歳
given_name,晋俊
given_name,邦季
given_name,邦寿
given_name,邦俊
given_name,邦聡
given_name,邦年
given_name,邦敏
given_name,邦稔
given_name,邦利
given_name,有利
given_name,國俊
given_name,訓臣
given_name,都臣
given_name,訓司
given_name,州智
given_name,邦知
given_name,邦智
given_name,邦朝
given_name,邦朋
given_name,邦友
given_name,國智
given_name,國友
given_name,邦斉
given_name,晋成
given_name,邦成
given_name,邦生
given_name,国之介
given_name,国信
given_name,国宣
given_name,国展
given_name,晋将
given_name,邦伸
given_name,邦信
given_name,邦宣
given_name,邦展
given_name,久仁則
given_name,国規
given_name,国功
given_name,国則
given_name,国典
given_name,国範
given_name,晋成
given_name,邦紀
given_name,邦訓
given_name,邦憲
given_name,邦仁
given_name,邦則
given_name,邦知
given_name,邦典
given_name,邦範
given_name,邦法
given_name,國法
given_name,訓春
given_name,国治
given_name,国晴
given_name,晋玄
given_name,邦永
given_name,邦治
given_name,邦春
given_name,邦晴
given_name,邦陽
given_name,國治
given_name,郁彦
given_name,久仁彦
given_name,久弍彦
given_name,玖仁彦
given_name,具仁彦
given_name,薫彦
given_name,公仁彦
given_name,国彦
given_name,州彦
given_name,晋彦
given_name,地彦
given_name,都彦
given_name,土彦
given_name,邦光
given_name,邦彦
given_name,有彦
given_name,和比古
given_name,圀彦
given_name,國彦
given_name,訓久
given_name,国央
given_name,国久
given_name,州永
given_name,邦央
given_name,邦久
given_name,邦尚
given_name,訓英
given_name,訓秀
given_name,国英
given_name,国秀
given_name,州秀
given_name,邦栄
given_name,邦英
given_name,邦秀
given_name,有秀
given_name,漢仁
given_name,久二仁
given_name,訓史
given_name,訓士
given_name,郡仁
given_name,国史
given_name,国士
given_name,国人
given_name,国仁
given_name,州史
given_name,地史
given_name,邦人
given_name,邦仁
given_name,國士
given_name,國人
given_name,國仁
given_name,一泰
given_name,久仁弘
given_name,久仁浩
given_name,久仁洋
given_name,久仁廣
given_name,匡広
given_name,匡弘
given_name,匡紘
given_name,薫大
given_name,訓啓
given_name,訓宏
given_name,訓広
given_name,訓弘
given_name,訓浩
given_name,訓大
given_name,訓裕
given_name,公宏
given_name,公博
given_name,国寛
given_name,国敬
given_name,国宏
given_name,国広
given_name,国弘
given_name,国浩
given_name,国泰
given_name,国大
given_name,国博
given_name,国裕
given_name,国洋
given_name,国廣
given_name,寿広
given_name,州啓
given_name,州広
given_name,州弘
given_name,州紘
given_name,州博
given_name,州裕
given_name,州洋
given_name,城弘
given_name,城裕
given_name,晋寛
given_name,晋広
given_name,晋弘
given_name,晋大
given_name,晋裕
given_name,晋洋
given_name,地裕
given_name,都弘
given_name,都博
given_name,都洋
given_name,邦衛
given_name,邦拡
given_name,邦寛
given_name,邦啓
given_name,邦宏
given_name,邦広
given_name,邦弘
given_name,邦浩
given_name,邦紘
given_name,邦宗
given_name,邦大
given_name,邦拓
given_name,邦宙
given_name,邦博
given_name,邦佑
given_name,邦祐
given_name,邦裕
given_name,邦容
given_name,邦洋
given_name,有広
given_name,有洋
given_name,國寛
given_name,國宏
given_name,國弘
given_name,國浩
given_name,國博
given_name,國裕
given_name,國廣
given_name,邦房
given_name,国史
given_name,邦文
given_name,国文
given_name,邦陛
given_name,國平
given_name,久仁昌
given_name,訓象
given_name,公正
given_name,国政
given_name,邦雅
given_name,邦匡
given_name,邦将
given_name,邦昌
given_name,邦政
given_name,邦正
given_name,邦全
given_name,国松
given_name,国巳
given_name,邦実
given_name,邦水
given_name,邦通
given_name,邦道
given_name,圀通
given_name,久爾満
given_name,訓光
given_name,国光
given_name,国充
given_name,国満
given_name,晋光
given_name,邦光
given_name,邦充
given_name,圀光
given_name,國光
given_name,國三
given_name,邦宗
given_name,邦元
given_name,有基
given_name,国守
given_name,邦盛
given_name,一哉
given_name,薫哉
given_name,訓也
given_name,国哉
given_name,国也
given_name,城也
given_name,邦哉
given_name,邦也
given_name,訓康
given_name,訓靖
given_name,国安
given_name,国康
given_name,国泰
given_name,国靖
given_name,晋康
given_name,邦安
given_name,邦恭
given_name,邦康
given_name,邦泰
given_name,邦保
given_name,邦靖
given_name,國恭
given_name,國康
given_name,國泰
given_name,一徹
given_name,一之
given_name,訓幸
given_name,訓之
given_name,国幸
given_name,国之
given_name,城幸
given_name,城之
given_name,晋之
given_name,晋由
given_name,都之
given_name,邦元
given_name,邦幸
given_name,邦行
given_name,邦征
given_name,邦雪
given_name,邦之
given_name,邦由紀
given_name,朗幸
given_name,國之
given_name,郁善
given_name,訓佳
given_name,訓義
given_name,訓好
given_name,訓芳
given_name,訓睦
given_name,訓良
given_name,国悦
given_name,国宜
given_name,国義
given_name,国吉
given_name,国泰
given_name,国能
given_name,国芳
given_name,国由
given_name,国良
given_name,州禎
given_name,城好
given_name,城旨
given_name,晋仁
given_name,晋由
given_name,晋良
given_name,都美
given_name,邦允
given_name,邦益
given_name,邦佳
given_name,邦嘉
given_name,邦宜
given_name,邦義
given_name,邦吉
given_name,邦好
given_name,邦淑
given_name,邦祥
given_name,邦善
given_name,邦之
given_name,邦能
given_name,邦美
given_name,邦彦
given_name,邦芳
given_name,邦由
given_name,邦良
given_name,國義
given_name,國能
given_name,邦頼
given_name,久仁郎
given_name,訓朗
given_name,国郎
given_name,熊男
given_name,熊夫
given_name,熊太郎
given_name,久三男
given_name,久実男
given_name,久美男
given_name,組雄
given_name,久米男
given_name,久米雄
given_name,久米三
given_name,蔵人
given_name,蔵王
given_name,蔵一
given_name,蔵吉
given_name,倉司
given_name,倉二
given_name,倉重
given_name,蔵二朗
given_name,蔵太
given_name,蔵貴
given_name,倉太郎
given_name,蔵人
given_name,蔵斗
given_name,蔵都
given_name,庫利
given_name,倉久
given_name,蔵人
given_name,蔵馬
given_name,倉也
given_name,倉幸
given_name,蔵豊
given_name,蔵朗
given_name,久蘭
given_name,一人
given_name,蔵人
given_name,久理彦
given_name,紅理彦
given_name,久利人
given_name,来人
given_name,來生
given_name,久礼太
given_name,久朗
given_name,久郎
given_name,蔵人
given_name,群
given_name,勲一郎
given_name,薫一郎
given_name,勲司
given_name,勲二
given_name,薫司
given_name,薫児
given_name,薫二
given_name,訓司
given_name,訓士
given_name,訓志
given_name,訓字
given_name,訓次
given_name,訓治
given_name,群治
given_name,群冶
given_name,軍司
given_name,軍次
given_name,軍治
given_name,軍二
given_name,郡治
given_name,君太
given_name,薫太
given_name,薫太朗
given_name,勲平
given_name,君平
given_name,薫平
given_name,訓平
given_name,佳
given_name,馨
given_name,啓
given_name,圭
given_name,圭偉
given_name,契
given_name,形
given_name,径
given_name,恵
given_name,恵衣
given_name,慶
given_name,慧
given_name,憩
given_name,掲
given_name,敬
given_name,景
given_name,桂
given_name,渓
given_name,系
given_name,経
given_name,継
given_name,茎
given_name,蛍
given_name,計
given_name,顕
given_name,肇
given_name,勁
given_name,奎
given_name,彗
given_name,惠
given_name,溪
given_name,瓊
given_name,螢
given_name,佳一
given_name,佳市
given_name,馨一
given_name,希一
given_name,京一
given_name,啓一
given_name,啓市
given_name,圭一
given_name,圭壱
given_name,圭市
given_name,径一
given_name,恵一
given_name,恵市
given_name,慶一
given_name,慶市
given_name,慧一
given_name,憩一
given_name,敬一
given_name,敬市
given_name,景一
given_name,景市
given_name,桂一
given_name,桂史
given_name,桂市
given_name,渓一
given_name,系一
given_name,経一
given_name,継一
given_name,計一
given_name,肇一
given_name,彗一
given_name,惠一
given_name,惠市
given_name,佳一朗
given_name,佳一郎
given_name,芥一朗
given_name,馨一郎
given_name,京一郎
given_name,郷一郎
given_name,啓一朗
given_name,啓一郎
given_name,啓市郎
given_name,圭一朗
given_name,圭一郎
given_name,圭市郎
given_name,契一郎
given_name,径一郎
given_name,恵一朗
given_name,恵一郎
given_name,慶一朗
given_name,慶一郎
given_name,慧一郎
given_name,敬一朗
given_name,敬一郎
given_name,景一朗
given_name,景一郎
given_name,桂一朗
given_name,桂一郎
given_name,桂市郎
given_name,経一郎
given_name,継一郎
given_name,計一郎
given_name,惠一朗
given_name,惠一郎
given_name,恵瑛
given_name,啓衛
given_name,恵瑛
given_name,恵英
given_name,慧瑛
given_name,慧英
given_name,啓悦
given_name,敬悦
given_name,啓生
given_name,桂男
given_name,啓学
given_name,佳輝
given_name,鏡樹
given_name,啓喜
given_name,啓基
given_name,啓季
given_name,啓記
given_name,啓貴
given_name,啓樹
given_name,圭喜
given_name,圭希
given_name,圭紀
given_name,圭規
given_name,圭樹
given_name,圭生
given_name,恵紀
given_name,恵規
given_name,慶喜
given_name,慶紀
given_name,慶輝
given_name,慶樹
given_name,敬喜
given_name,敬規
given_name,敬記
given_name,敬貴
given_name,敬己
given_name,敬樹
given_name,景輝
given_name,景樹
given_name,桂輝
given_name,桂樹
given_name,継輝
given_name,計記
given_name,啓吉
given_name,圭吉
given_name,恵吉
given_name,慶吉
given_name,敬吉
given_name,佳吾
given_name,京吾
given_name,境悟
given_name,啓一伍
given_name,啓五
given_name,啓伍
given_name,啓午
given_name,啓吾
given_name,啓悟
given_name,啓護
given_name,圭五
given_name,圭伍
given_name,圭吾
given_name,圭悟
given_name,圭剛
given_name,圭由
given_name,恵庫
given_name,恵吾
given_name,恵悟
given_name,慶五
given_name,慶伍
given_name,慶吾
given_name,慶悟
given_name,慧伍
given_name,慧吾
given_name,慧悟
given_name,敬伍
given_name,敬吾
given_name,敬悟
given_name,景吾
given_name,景悟
given_name,桂伍
given_name,桂吾
given_name,桂悟
given_name,桂碁
given_name,桂護
given_name,計吾
given_name,惠五
given_name,惠吾
given_name,啓興
given_name,恵康
given_name,慶光
given_name,慶孝
given_name,啓郷
given_name,啓剛
given_name,惠剛
given_name,馨作
given_name,啓作
given_name,圭作
given_name,圭策
given_name,恵作
given_name,慶作
given_name,慧作
given_name,敬作
given_name,桂作
given_name,啓三郎
given_name,惠三郎
given_name,啓三郎
given_name,恵三郎
given_name,勁三郎
given_name,佳司
given_name,佳史
given_name,佳志
given_name,京之
given_name,啓司
given_name,啓史
given_name,啓嗣
given_name,啓士
given_name,啓志
given_name,啓思
given_name,啓旨
given_name,啓至
given_name,啓資
given_name,啓示
given_name,啓之
given_name,圭司
given_name,圭史
given_name,圭志
given_name,圭詩
given_name,圭之
given_name,契嗣
given_name,恵司
given_name,恵史
given_name,恵市
given_name,恵志
given_name,恵視
given_name,恵示
given_name,恵之
given_name,慶司
given_name,慶史
given_name,慶嗣
given_name,慶士
given_name,慶志
given_name,慧史
given_name,慧芝
given_name,慧之
given_name,敬司
given_name,敬史
given_name,敬士
given_name,敬志
given_name,敬思
given_name,敬詞
given_name,敬資
given_name,敬芝
given_name,敬之
given_name,景史
given_name,景士
given_name,景詩
given_name,桂司
given_name,桂史
given_name,桂嗣
given_name,桂志
given_name,桂詩
given_name,渓伺
given_name,渓史
given_name,経史
given_name,経志
given_name,計司
given_name,計士
given_name,計志
given_name,肇志
given_name,惠司
given_name,惠史
given_name,佳司
given_name,佳史
given_name,佳志
given_name,佳次
given_name,佳治
given_name,佳二
given_name,馨司
given_name,馨児
given_name,馨滋
given_name,京司
given_name,京嗣
given_name,京滋
given_name,京二
given_name,啓圭
given_name,啓司
given_name,啓史
given_name,啓嗣
given_name,啓士
given_name,啓志
given_name,啓至
given_name,啓詞
given_name,啓資
given_name,啓児
given_name,啓時
given_name,啓次
given_name,啓滋
given_name,啓治
given_name,啓爾
given_name,啓示
given_name,啓自
given_name,啓寿
given_name,啓樹
given_name,啓仁
given_name,啓二
given_name,啓之
given_name,啓冶
given_name,啓路
given_name,圭司
given_name,圭史
given_name,圭嗣
given_name,圭士
given_name,圭志
given_name,圭児
given_name,圭次
given_name,圭滋
given_name,圭治
given_name,圭爾
given_name,圭示
given_name,圭寿
given_name,圭知
given_name,圭二
given_name,圭路
given_name,契二
given_name,径司
given_name,径至
given_name,径冶
given_name,恵司
given_name,恵史
given_name,恵嗣
given_name,恵士
given_name,恵至
given_name,恵児
given_name,恵慈
given_name,恵次
given_name,恵滋
given_name,恵治
given_name,恵仁
given_name,恵二
given_name,慶司
given_name,慶嗣
given_name,慶士
given_name,慶志
given_name,慶事
given_name,慶児
given_name,慶慈
given_name,慶次
given_name,慶治
given_name,慶二
given_name,慶弐
given_name,慶吏
given_name,慶路
given_name,慧治
given_name,慧爾
given_name,慧二
given_name,敬司
given_name,敬史
given_name,敬嗣
given_name,敬士
given_name,敬諮
given_name,敬慈
given_name,敬次
given_name,敬滋
given_name,敬治
given_name,敬示
given_name,敬二
given_name,敬之
given_name,景司
given_name,景嗣
given_name,景士
given_name,景至
given_name,景侍
given_name,景次
given_name,景示
given_name,景仁
given_name,景二
given_name,桂司
given_name,桂史
given_name,桂嗣
given_name,桂士
given_name,桂至
given_name,桂次
given_name,桂治
given_name,桂仁
given_name,桂二
given_name,渓ニ
given_name,渓二
given_name,系治
given_name,経司
given_name,経至
given_name,継司
given_name,継次
given_name,継治
given_name,継二
given_name,計治
given_name,計仁
given_name,計二
given_name,計之
given_name,警士
given_name,鶏治
given_name,憲治
given_name,肇司
given_name,肇冶
given_name,惠司
given_name,惠士
given_name,惠至
given_name,惠次
given_name,惠治
given_name,惠二
given_name,慶七郎
given_name,京樹
given_name,啓寿
given_name,啓樹
given_name,圭寿
given_name,圭樹
given_name,恵寿
given_name,恵樹
given_name,恵壽
given_name,慶寿
given_name,慶樹
given_name,敬寿
given_name,景樹
given_name,桂樹
given_name,桂崇
given_name,境秀
given_name,慶秀
given_name,敬秋
given_name,圭駿
given_name,恵春
given_name,景春
given_name,啓順
given_name,恵淳
given_name,恵純
given_name,恵順
given_name,慶順
given_name,敬順
given_name,啓彰
given_name,啓昇
given_name,啓聖
given_name,啓翔
given_name,圭賞
given_name,恵粧
given_name,恵正
given_name,慶生
given_name,慧将
given_name,慧丞
given_name,敬勝
given_name,敬章
given_name,敬正
given_name,敬翔
given_name,景晶
given_name,景祥
given_name,景翔
given_name,惠證
given_name,慶昇
given_name,佳司郎
given_name,啓司郎
given_name,啓史郎
given_name,啓四郎
given_name,啓士朗
given_name,啓士郎
given_name,啓志郎
given_name,圭司郎
given_name,圭史朗
given_name,圭史郎
given_name,圭四郎
given_name,圭士郎
given_name,圭志朗
given_name,恵司朗
given_name,恵司郎
given_name,恵史郎
given_name,恵四郎
given_name,慶史郎
given_name,慶四郎
given_name,慶士郎
given_name,敬仕郎
given_name,敬史郎
given_name,敬四郎
given_name,敬志朗
given_name,敬志郎
given_name,景士郎
given_name,景思郎
given_name,桂史郎
given_name,計史朗
given_name,佳治郎
given_name,馨史郎
given_name,馨二郎
given_name,京治郎
given_name,啓次良
given_name,啓次朗
given_name,啓次郎
given_name,啓治朗
given_name,啓治郎
given_name,啓二朗
given_name,啓二郎
given_name,圭司郎
given_name,圭史郎
given_name,圭嗣郎
given_name,圭次朗
given_name,圭次郎
given_name,圭治郎
given_name,圭二朗
given_name,圭二郎
given_name,恵次郎
given_name,恵二郎
given_name,慶司朗
given_name,慶司郎
given_name,慶次朗
given_name,慶次郎
given_name,慶治郎
given_name,慶二郎
given_name,慧志郎
given_name,慧二郎
given_name,敬次郎
given_name,敬治郎
given_name,敬仁郎
given_name,敬二朗
given_name,敬二郎
given_name,桂二朗
given_name,桂二郎
given_name,惠次郎
given_name,啓心
given_name,啓真
given_name,圭信
given_name,圭真
given_name,圭臣
given_name,圭進
given_name,恵信
given_name,慶信
given_name,慶真
given_name,慶津
given_name,慧真
given_name,敬進
given_name,敬眞
given_name,景伸
given_name,桂辛
given_name,継真
given_name,啓仁
given_name,恵仁
given_name,継仁
given_name,啓瑞
given_name,慶助
given_name,佳右
given_name,佳介
given_name,佳恭
given_name,佳資
given_name,佳助
given_name,佳将
given_name,佳昌
given_name,佳典
given_name,佳甫
given_name,佳輔
given_name,佳佑
given_name,佳祐
given_name,佳裕
given_name,佳亮
given_name,馨介
given_name,京輔
given_name,匡祐
given_name,兄昌
given_name,啓允
given_name,啓右
given_name,啓介
given_name,啓恭
given_name,啓佐
given_name,啓哉
given_name,啓資
given_name,啓修
given_name,啓助
given_name,啓将
given_name,啓昌
given_name,啓丞
given_name,啓典
given_name,啓督
given_name,啓之
given_name,啓輔
given_name,啓佑
given_name,啓友
given_name,啓祐
given_name,啓裕
given_name,啓亮
given_name,圭允
given_name,圭右
given_name,圭介
given_name,圭希
given_name,圭恭
given_name,圭佐
given_name,圭左
given_name,圭哉
given_name,圭資
given_name,圭助
given_name,圭将
given_name,圭相
given_name,圭典
given_name,圭督
given_name,圭之
given_name,圭甫
given_name,圭輔
given_name,圭佑
given_name,圭祐
given_name,圭裕
given_name,圭翼
given_name,圭亮
given_name,圭良
given_name,契介
given_name,契助
given_name,契輔
given_name,契祐
given_name,径右
given_name,恵右
given_name,恵介
given_name,恵佐
given_name,恵資
given_name,恵助
given_name,恵将
given_name,恵丞
given_name,恵典
given_name,恵輔
given_name,恵佑
given_name,恵祐
given_name,恵亮
given_name,慶右
given_name,慶介
given_name,慶哉
given_name,慶丞
given_name,慶典
given_name,慶如
given_name,慶輔
given_name,慶佑
given_name,慶祐
given_name,慶亮
given_name,慧右
given_name,慧介
given_name,慧甫
given_name,慧輔
given_name,慧佑
given_name,慧祐
given_name,慧亮
given_name,敬右
given_name,敬介
given_name,敬救
given_name,敬資
given_name,敬助
given_name,敬典
given_name,敬陪
given_name,敬伴
given_name,敬補
given_name,敬輔
given_name,敬佑
given_name,敬友
given_name,敬祐
given_name,敬亮
given_name,景介
given_name,景助
given_name,景補
given_name,景輔
given_name,景佑
given_name,景祐
given_name,景亮
given_name,桂右
given_name,桂介
given_name,桂哉
given_name,桂助
given_name,桂典
given_name,桂甫
given_name,桂輔
given_name,桂佑
given_name,桂祐
given_name,桂亮
given_name,渓介
given_name,渓輔
given_name,渓佑
given_name,経介
given_name,経典
given_name,経輔
given_name,経祐
given_name,継介
given_name,計介
given_name,計丞
given_name,計輔
given_name,計祐
given_name,奎輔
given_name,奎佑
given_name,奎亮
given_name,惠介
given_name,惠佑
given_name,圭佑
given_name,啓世
given_name,啓成
given_name,啓生
given_name,啓誠
given_name,圭成
given_name,圭生
given_name,恵晴
given_name,恵生
given_name,慶征
given_name,慶生
given_name,慧聖
given_name,敬生
given_name,景星
given_name,景晴
given_name,景正
given_name,桂生
given_name,桂誓
given_name,系生
given_name,経世
given_name,恵雪
given_name,啓全
given_name,敬善
given_name,慶双
given_name,螢窓
given_name,佳三
given_name,馨三
given_name,京三
given_name,京蔵
given_name,啓三
given_name,啓蔵
given_name,啓造
given_name,啓二
given_name,啓藏
given_name,圭三
given_name,圭蔵
given_name,圭造
given_name,珪三
given_name,恵三
given_name,恵奏
given_name,恵蔵
given_name,恵造
given_name,慶三
given_name,慶壮
given_name,慶蔵
given_name,慶造
given_name,敬三
given_name,敬蔵
given_name,敬造
given_name,景三
given_name,桂三
given_name,桂蔵
given_name,系三
given_name,計三
given_name,惠三
given_name,惠造
given_name,佳太
given_name,佳汰
given_name,佳大
given_name,馨太
given_name,京太
given_name,啓丈
given_name,啓多
given_name,啓太
given_name,啓汰
given_name,啓泰
given_name,啓大
given_name,圭多
given_name,圭太
given_name,圭汰
given_name,圭丹
given_name,契太
given_name,径大
given_name,恵多
given_name,恵太
given_name,恵大
given_name,慶多
given_name,慶太
given_name,慶大
given_name,慧太
given_name,慧大
given_name,敬多
given_name,敬太
given_name,敬汰
given_name,敬大
given_name,景太
given_name,景大
given_name,桂多
given_name,桂太
given_name,桂大
given_name,渓太
given_name,渓大
given_name,系太
given_name,経太
given_name,継太
given_name,茎太
given_name,計太
given_name,鯨太
given_name,賢太
given_name,勁太
given_name,惠多
given_name,惠太
given_name,惠大
given_name,圭太
given_name,啓大
given_name,慶大
given_name,佳太郎
given_name,京太郎
given_name,啓多郎
given_name,啓太朗
given_name,啓太郎
given_name,啓大良
given_name,圭太朗
given_name,圭太郎
given_name,圭大郎
given_name,恵太朗
given_name,恵太郎
given_name,慶太朗
given_name,慶太郎
given_name,慧太朗
given_name,敬太朗
given_name,敬太郎
given_name,敬大郎
given_name,景多郎
given_name,景太朗
given_name,景太郎
given_name,桂太朗
given_name,桂太郎
given_name,渓太郎
given_name,蛍太郎
given_name,軽太郎
given_name,鶏太郎
given_name,惠太郎
given_name,啓典
given_name,啓人
given_name,啓斗
given_name,啓渡
given_name,圭人
given_name,恵音
given_name,恵人
given_name,恵斗
given_name,恵杜
given_name,恵登
given_name,恵都
given_name,恵土
given_name,慶糸
given_name,慶人
given_name,慧人
given_name,慧斗
given_name,敬人
given_name,景斗
given_name,景都
given_name,桂人
given_name,桂斗
given_name,桂土
given_name,渓音
given_name,啓徳
given_name,慶篤
given_name,敬徳
given_name,圭之進
given_name,啓之介
given_name,圭乃右
given_name,圭之介
given_name,圭之助
given_name,慶之介
given_name,慶之助
given_name,慶之輔
given_name,敬之介
given_name,景之介
given_name,渓之介
given_name,経之介
given_name,肇之輔
given_name,啓八
given_name,圭八
given_name,圭峰
given_name,慧峰
given_name,圭真
given_name,圭馬
given_name,契馬
given_name,桂馬
given_name,啓明
given_name,佳也
given_name,馨也
given_name,啓也
given_name,啓矢
given_name,圭哉
given_name,圭也
given_name,圭弥
given_name,恵也
given_name,恵弥
given_name,慶哉
given_name,慶也
given_name,慶弥
given_name,慧哉
given_name,敬也
given_name,景也
given_name,桂矢
given_name,渓哉
given_name,啓右
given_name,啓祐
given_name,圭佑
given_name,圭祐
given_name,恵祐
given_name,恵雄
given_name,慶祐
given_name,慶裕
given_name,渓遊
given_name,継佑
given_name,景理
given_name,佳龍
given_name,啓隆
given_name,桂蓮
given_name,絢
given_name,鎌
given_name,乾
given_name,挙
given_name,件
given_name,倹
given_name,健
given_name,兼
given_name,剣
given_name,堅
given_name,建
given_name,憲
given_name,拳
given_name,献
given_name,研
given_name,謙
given_name,賢
given_name,顕
given_name,妍
given_name,娟
given_name,腱
given_name,虔
given_name,顯
given_name,騫
given_name,巌
given_name,元
given_name,厳
given_name,幻
given_name,弦
given_name,源
given_name,玄
given_name,現
given_name,絃
given_name,言
given_name,陳
given_name,彦
given_name,絢一
given_name,鎌一
given_name,乾一
given_name,監一
given_name,健一
given_name,健壱
given_name,健市
given_name,兼一
given_name,剣一
given_name,剣壱
given_name,堅一
given_name,堅市
given_name,建一
given_name,憲一
given_name,憲壱
given_name,憲ー
given_name,憲市
given_name,拳一
given_name,権一
given_name,犬一
given_name,献一
given_name,研一
given_name,研壱
given_name,研市
given_name,絹一
given_name,見一
given_name,謙一
given_name,謙市
given_name,賢一
given_name,賢逸
given_name,賢市
given_name,顕一
given_name,顯一
given_name,元一
given_name,弦一
given_name,源一
given_name,玄一
given_name,現一
given_name,彦一
given_name,健一郎
given_name,鎌一郎
given_name,乾一郎
given_name,健一朗
given_name,健一郎
given_name,兼一郎
given_name,兼市郎
given_name,剣一郎
given_name,堅一朗
given_name,堅一郎
given_name,建一朗
given_name,建一郎
given_name,憲一朗
given_name,憲一郎
given_name,憲市朗
given_name,憲市郎
given_name,懸一朗
given_name,権一郎
given_name,研一朗
given_name,研一郎
given_name,見一郎
given_name,謙一朗
given_name,謙一郎
given_name,謙市郎
given_name,賢一朗
given_name,賢一郎
given_name,顕一朗
given_name,顕一郎
given_name,元一朗
given_name,元一郎
given_name,弦一郎
given_name,源一郎
given_name,玄一郎
given_name,玄英
given_name,謙悦
given_name,拳王
given_name,健華
given_name,健華
given_name,健記
given_name,健貴
given_name,健樹
given_name,兼己
given_name,建樹
given_name,研紀
given_name,賢基
given_name,賢輝
given_name,妍希
given_name,健希
given_name,賢輝
given_name,元葵
given_name,元喜
given_name,元基
given_name,元希
given_name,元毅
given_name,元気
given_name,元紀
given_name,元規
given_name,元記
given_name,元貴
given_name,元起
given_name,元軌
given_name,元輝
given_name,元樹
given_name,元生
given_name,元氣
given_name,元熙
given_name,弦器
given_name,弦季
given_name,弦紀
given_name,弦輝
given_name,弦樹
given_name,源喜
given_name,源紀
given_name,源輝
given_name,源樹
given_name,玄基
given_name,玄希
given_name,玄揮
given_name,玄毅
given_name,玄季
given_name,玄紀
given_name,玄規
given_name,玄記
given_name,玄貴
given_name,玄輝
given_name,玄樹
given_name,玄生
given_name,玄来
given_name,絃光
given_name,彦毅
given_name,彦淇
given_name,健吉
given_name,兼吉
given_name,堅吉
given_name,建吉
given_name,憲吉
given_name,研吉
given_name,謙吉
given_name,賢吉
given_name,顕吉
given_name,虔吉
given_name,元吉
given_name,賢吉朗
given_name,鎌吾
given_name,乾吾
given_name,挙吾
given_name,件吾
given_name,健伍
given_name,健午
given_name,健吾
given_name,健悟
given_name,健護
given_name,健后
given_name,兼伍
given_name,兼吾
given_name,兼悟
given_name,兼豪
given_name,剣伍
given_name,剣吾
given_name,剣悟
given_name,剣光
given_name,堅吾
given_name,堅悟
given_name,堅豪
given_name,建互
given_name,建吾
given_name,憲巨
given_name,憲伍
given_name,憲吾
given_name,憲悟
given_name,拳吾
given_name,拳悟
given_name,権悟
given_name,献吾
given_name,研伍
given_name,研吾
given_name,研悟
given_name,見悟
given_name,謙庫
given_name,謙五
given_name,謙互
given_name,謙伍
given_name,謙吾
given_name,謙悟
given_name,賢五
given_name,賢伍
given_name,賢吾
given_name,賢悟
given_name,賢剛
given_name,遣吾
given_name,遣悟
given_name,顕吾
given_name,顕悟
given_name,玄吾
given_name,玄悟
given_name,元吾
given_name,厳吾
given_name,幻吾
given_name,弦吾
given_name,源五
given_name,源吾
given_name,源悟
given_name,玄悟
given_name,言悟
given_name,彦吾
given_name,健弘
given_name,兼好
given_name,元幸
given_name,健吾朗
given_name,健作
given_name,健策
given_name,兼作
given_name,堅昨
given_name,建作
given_name,建策
given_name,建索
given_name,憲作
given_name,憲策
given_name,憲索
given_name,拳作
given_name,研作
given_name,見作
given_name,謙作
given_name,賢作
given_name,賢策
given_name,顕作
given_name,謙三郎
given_name,賢三朗
given_name,健三朗
given_name,健三郎
given_name,兼三朗
given_name,憲三郎
given_name,拳三朗
given_name,権三郎
given_name,謙三郎
given_name,賢三郎
given_name,顕三郎
given_name,健司
given_name,健史
given_name,健士
given_name,健志
given_name,健至
given_name,健真
given_name,健之
given_name,剣士
given_name,堅士
given_name,堅志
given_name,建史
given_name,建志
given_name,建視
given_name,憲司
given_name,憲史
given_name,憲嗣
given_name,憲士
given_name,憲志
given_name,憲至
given_name,憲資
given_name,憲治
given_name,権司
given_name,献史
given_name,研司
given_name,研史
given_name,研士
given_name,研志
given_name,研之
given_name,謙史
given_name,謙嗣
given_name,謙士
given_name,謙志
given_name,謙之
given_name,賢司
given_name,賢史
given_name,賢志
given_name,顕士
given_name,顕志
given_name,顕資
given_name,奏多
given_name,絢司
given_name,絢士
given_name,乾史
given_name,乾治
given_name,巌司
given_name,挙次
given_name,健吉
given_name,健司
given_name,健史
given_name,健嗣
given_name,健四
given_name,健士
given_name,健師
given_name,健志
given_name,健氏
given_name,健至
given_name,健詞
given_name,健資
given_name,健児
given_name,健慈
given_name,健持
given_name,健時
given_name,健次
given_name,健滋
given_name,健治
given_name,健爾
given_name,健示
given_name,健自
given_name,健実
given_name,健寿
given_name,健樹
given_name,健人
given_name,健仁
given_name,健二
given_name,健之
given_name,健冶
given_name,健吏
given_name,健路
given_name,健弍
given_name,兼伺
given_name,兼司
given_name,兼史
given_name,兼嗣
given_name,兼士
given_name,兼志
given_name,兼児
given_name,兼次
given_name,兼治
given_name,兼蒔
given_name,兼二
given_name,剣司
given_name,剣嗣
given_name,剣士
given_name,剣次
given_name,剣璽
given_name,堅司
given_name,堅嗣
given_name,堅志
given_name,堅至
given_name,堅侍
given_name,堅持
given_name,堅次
given_name,堅治
given_name,堅二
given_name,堅之
given_name,建司
given_name,建史
given_name,建志
given_name,建詞
given_name,建侍
given_name,建児
given_name,建次
given_name,建治
given_name,建爾
given_name,建寿
given_name,建仁
given_name,建二
given_name,建之
given_name,建冶
given_name,建路
given_name,憲伺
given_name,憲司
given_name,憲史
given_name,憲嗣
given_name,憲士
given_name,憲始
given_name,憲志
given_name,憲資
given_name,憲侍
given_name,憲児
given_name,憲慈
given_name,憲次
given_name,憲治
given_name,憲爾
given_name,憲璽
given_name,憲寿
given_name,憲樹
given_name,憲尚
given_name,憲仁
given_name,憲二
given_name,憲路
given_name,憲兒
given_name,懸自
given_name,拳司
given_name,検二
given_name,権史
given_name,献士
given_name,献志
given_name,献児
given_name,献次
given_name,献治
given_name,献二
given_name,研司
given_name,研史
given_name,研士
given_name,研志
given_name,研児
given_name,研次
given_name,研治
given_name,研爾
given_name,研自
given_name,研仁
given_name,研地
given_name,研二
given_name,研路
given_name,見二
given_name,見之
given_name,謙司
given_name,謙史
given_name,謙始
given_name,謙志
given_name,謙至
given_name,謙詞
given_name,謙児
given_name,謙慈
given_name,謙次
given_name,謙治
given_name,謙爾
given_name,謙示
given_name,謙仁
given_name,謙二
given_name,謙之
given_name,賢司
given_name,賢史
given_name,賢嗣
given_name,賢士
given_name,賢志
given_name,賢至
given_name,賢視
given_name,賢誌
given_name,賢児
given_name,賢慈
given_name,賢持
given_name,賢次
given_name,賢滋
given_name,賢治
given_name,賢爾
given_name,賢示
given_name,賢寿
given_name,賢晋
given_name,賢人
given_name,賢仁
given_name,賢知
given_name,賢二
given_name,賢之
given_name,賢冶
given_name,賢兒
given_name,軒司
given_name,遣二
given_name,鍵司
given_name,顕司
given_name,顕史
given_name,顕嗣
given_name,顕士
given_name,顕志
given_name,顕児
given_name,顕慈
given_name,顕次
given_name,顕治
given_name,顕二
given_name,顕之
given_name,弦志
given_name,資史
given_name,峰二
given_name,繭士
given_name,卷志
given_name,愃治
given_name,顯治
given_name,顯二
given_name,元志
given_name,弦志
given_name,玄志
given_name,現之
given_name,彦至
given_name,元司
given_name,元士
given_name,元至
given_name,元滋
given_name,元治
given_name,元二
given_name,原児
given_name,源司
given_name,源氏
given_name,源次
given_name,源治
given_name,源二
given_name,玄司
given_name,玄次
given_name,玄治
given_name,玄二
given_name,現慈
given_name,健樹
given_name,幻十郎
given_name,謙舜
given_name,健勝
given_name,健匠
given_name,健将
given_name,健昭
given_name,健祥
given_name,健章
given_name,健翔
given_name,兼将
given_name,兼生
given_name,兼翔
given_name,憲昌
given_name,憲昭
given_name,憲章
given_name,憲正
given_name,憲生
given_name,研章
given_name,謙翔
given_name,賢勝
given_name,賢昭
given_name,賢照
given_name,賢祥
given_name,賢正
given_name,賢生
given_name,顕彰
given_name,顕照
given_name,顕正
given_name,耕碩
given_name,謙譲
given_name,源祥
given_name,源章
given_name,玄祥
given_name,玄聖
given_name,健史朗
given_name,健史郎
given_name,健士朗
given_name,健士郎
given_name,健志朗
given_name,健志郎
given_name,健旨郎
given_name,剣志郎
given_name,堅志郎
given_name,建志郎
given_name,憲史郎
given_name,憲志朗
given_name,憲志郎
given_name,憲之朗
given_name,拳志朗
given_name,研史郎
given_name,研志郎
given_name,謙史朗
given_name,謙士朗
given_name,謙志朗
given_name,謙志郎
given_name,賢司朗
given_name,賢史朗
given_name,賢史郎
given_name,賢士郎
given_name,賢志郎
given_name,賢之朗
given_name,顕史郎
given_name,健児郎
given_name,健次朗
given_name,健次郎
given_name,健治朗
given_name,健治郎
given_name,健二朗
given_name,健二郎
given_name,兼志郎
given_name,兼治郎
given_name,兼二朗
given_name,兼二郎
given_name,剣次郎
given_name,堅次郎
given_name,堅二朗
given_name,堅二郎
given_name,建司朗
given_name,建次郎
given_name,建治郎
given_name,建二郎
given_name,憲司朗
given_name,憲司郎
given_name,憲史郎
given_name,憲次郎
given_name,憲治郎
given_name,憲二郎
given_name,研士郎
given_name,研次郎
given_name,研治郎
given_name,研二郎
given_name,謙次郎
given_name,謙治郎
given_name,謙二朗
given_name,謙二郎
given_name,謙路郎
given_name,賢司郎
given_name,賢次朗
given_name,賢次郎
given_name,賢治朗
given_name,賢治郎
given_name,賢二朗
given_name,賢二郎
given_name,顕次朗
given_name,顕次郎
given_name,顕治郎
given_name,顕二郎
given_name,元史朗
given_name,元史郎
given_name,元四郎
given_name,厳志郎
given_name,源四郎
given_name,玄士郎
given_name,元二郎
given_name,源ニ郎
given_name,源次郎
given_name,源二郎
given_name,玄二郎
given_name,健伸
given_name,健心
given_name,健新
given_name,健真
given_name,健進
given_name,剣心
given_name,剣慎
given_name,堅真
given_name,建伸
given_name,建新
given_name,建青
given_name,憲伸
given_name,憲臣
given_name,権信
given_name,研信
given_name,研進
given_name,見真
given_name,見眞
given_name,謙信
given_name,謙心
given_name,謙臣
given_name,賢信
given_name,賢真
given_name,賢親
given_name,賢進
given_name,賢辰
given_name,顕伸
given_name,顕信
given_name,顕臣
given_name,健仁
given_name,憲人
given_name,元信
given_name,源伸
given_name,源新
given_name,玄臣
given_name,絢介
given_name,絢祐
given_name,乾介
given_name,健右
given_name,健介
given_name,健資
given_name,健助
given_name,健丞
given_name,健典
given_name,健弼
given_name,健扶
given_name,健甫
given_name,健輔
given_name,健佑
given_name,健友
given_name,健祐
given_name,健裕
given_name,健亮
given_name,兼介
given_name,兼資
given_name,兼昌
given_name,兼典
given_name,兼督
given_name,兼輔
given_name,兼佑
given_name,剣介
given_name,堅介
given_name,堅輔
given_name,建介
given_name,建典
given_name,建輔
given_name,建祐
given_name,建亮
given_name,憲右
given_name,憲介
given_name,憲資
given_name,憲助
given_name,憲典
given_name,憲輔
given_name,憲佑
given_name,憲祐
given_name,憲亮
given_name,研介
given_name,研助
given_name,研輔
given_name,研祐
given_name,研亮
given_name,見輔
given_name,謙右
given_name,謙介
given_name,謙助
given_name,謙典
given_name,謙輔
given_name,謙佑
given_name,謙祐
given_name,賢介
given_name,賢佐
given_name,賢助
given_name,賢昌
given_name,賢丞
given_name,賢相
given_name,賢典
given_name,賢輔
given_name,賢佑
given_name,賢祐
given_name,賢亮
given_name,顕介
given_name,顕典
given_name,顕輔
given_name,顕祐
given_name,顕良
given_name,弦介
given_name,源介
given_name,玄介
given_name,玄将
given_name,健成
given_name,健正
given_name,健生
given_name,健誠
given_name,建成
given_name,建誠
given_name,憲正
given_name,憲生
given_name,憲聖
given_name,研世
given_name,研勢
given_name,研晴
given_name,研盛
given_name,研精
given_name,研誠
given_name,賢成
given_name,賢星
given_name,賢正
given_name,賢生
given_name,賢聖
given_name,賢誠
given_name,顕生
given_name,顕誠
given_name,元成
given_name,玄成
given_name,鎌三
given_name,倹三
given_name,健三
given_name,健蔵
given_name,健造
given_name,健藏
given_name,兼三
given_name,兼造
given_name,剣蔵
given_name,堅三
given_name,堅造
given_name,建三
given_name,建蔵
given_name,建造
given_name,建藏
given_name,憲三
given_name,憲蔵
given_name,憲造
given_name,権三
given_name,研三
given_name,研蔵
given_name,研造
given_name,謙三
given_name,謙蔵
given_name,謙造
given_name,賢三
given_name,賢宗
given_name,賢蔵
given_name,賢造
given_name,賢藏
given_name,顕三
given_name,顕造
given_name,験蔵
given_name,元三
given_name,源三
given_name,源蔵
given_name,源造
given_name,玄三
given_name,玄造
given_name,絢太
given_name,乾太
given_name,健多
given_name,健太
given_name,健汰
given_name,健大
given_name,兼多
given_name,兼太
given_name,兼大
given_name,剣太
given_name,堅太
given_name,堅大
given_name,建太
given_name,憲太
given_name,拳多
given_name,拳太
given_name,拳汰
given_name,権太
given_name,研太
given_name,謙太
given_name,謙大
given_name,賢太
given_name,賢汰
given_name,賢大
given_name,顕太
given_name,顕大
given_name,巌太
given_name,元太
given_name,元大
given_name,弦太
given_name,源太
given_name,玄太
given_name,玄大
given_name,現太
given_name,彦太
given_name,健昂
given_name,賢貴
given_name,絢太郎
given_name,絢大郎
given_name,鎌多郎
given_name,乾太郎
given_name,健多郎
given_name,健太等
given_name,健太朗
given_name,健太郎
given_name,健大朗
given_name,健大郎
given_name,兼太朗
given_name,兼太郎
given_name,剣太朗
given_name,剣太郎
given_name,堅太朗
given_name,堅太郎
given_name,建太朗
given_name,建太郎
given_name,憲多朗
given_name,憲太朗
given_name,憲太郎
given_name,権太郎
given_name,犬太郎
given_name,献太郎
given_name,研太朗
given_name,研太郎
given_name,研大郎
given_name,謙多郎
given_name,謙太朗
given_name,謙太郎
given_name,謙大郎
given_name,賢太朗
given_name,賢太郎
given_name,賢汰朗
given_name,賢大郎
given_name,顕太朗
given_name,顕太郎
given_name,顯太郎
given_name,巌太郎
given_name,元太郎
given_name,弦太郎
given_name,源太郎
given_name,玄太郎
given_name,現太郎
given_name,言太郎
given_name,絢人
given_name,絢斗
given_name,健人
given_name,健仁
given_name,健斗
given_name,健登
given_name,兼士
given_name,兼人
given_name,剣士
given_name,剣人
given_name,剣斗
given_name,堅士
given_name,堅人
given_name,堅斗
given_name,堅登
given_name,建人
given_name,建斗
given_name,憲人
given_name,憲斗
given_name,拳人
given_name,拳斗
given_name,権人
given_name,献人
given_name,献斗
given_name,研人
given_name,研斗
given_name,謙人
given_name,謙斗
given_name,謙登
given_name,賢幹
given_name,賢史
given_name,賢十
given_name,賢人
given_name,賢斗
given_name,賢登
given_name,賢利
given_name,顕人
given_name,顕与
given_name,腱斗
given_name,堅土
given_name,元人
given_name,元翔
given_name,弦人
given_name,弦登
given_name,源人
given_name,源門
given_name,玄人
given_name,彦人
given_name,謙道
given_name,玄道
given_name,賢徳
given_name,元徳
given_name,玄徳
given_name,玄督
given_name,健之介
given_name,健之助
given_name,健之典
given_name,健之輔
given_name,健之祐
given_name,剣之介
given_name,剣之助
given_name,堅之介
given_name,堅之助
given_name,建之介
given_name,建之助
given_name,憲乃輔
given_name,憲之介
given_name,権之助
given_name,謙之介
given_name,謙之助
given_name,謙之輔
given_name,賢之助
given_name,源之助
given_name,玄之助
given_name,剣八
given_name,弦八
given_name,玄武
given_name,建文
given_name,源兵衛
given_name,剣鋒
given_name,源峰
given_name,謙馬
given_name,賢馬
given_name,玄磨
given_name,健巳
given_name,憲明
given_name,謙明
given_name,賢明
given_name,元明
given_name,絢哉
given_name,絢也
given_name,乾也
given_name,健哉
given_name,健也
given_name,健冶
given_name,健弥
given_name,健矢
given_name,健彌
given_name,兼也
given_name,兼矢
given_name,剣也
given_name,堅哉
given_name,堅也
given_name,堅弥
given_name,堅矢
given_name,建也
given_name,憲哉
given_name,憲也
given_name,憲弥
given_name,拳也
given_name,権也
given_name,研哉
given_name,研也
given_name,研弥
given_name,研矢
given_name,謙哉
given_name,謙也
given_name,謙弥
given_name,賢哉
given_name,賢也
given_name,賢弥
given_name,賢矢
given_name,顕哉
given_name,顕也
given_name,顕弥
given_name,元哉
given_name,元也
given_name,元弥
given_name,厳也
given_name,弦也
given_name,弦矢
given_name,源哉
given_name,源也
given_name,玄哉
given_name,玄也
given_name,玄弥
given_name,健勇
given_name,健祐
given_name,健雄
given_name,兼祐
given_name,建佑
given_name,憲雄
given_name,研悠
given_name,謙有
given_name,賢勇
given_name,賢有
given_name,賢祐
given_name,賢雄
given_name,顕雄
given_name,元祐
given_name,元裕
given_name,元雄
given_name,弦右
given_name,源昴
given_name,玄佑
given_name,玄祐
given_name,玄遊
given_name,堅之
given_name,堅洋
given_name,憲洋
given_name,健龍
given_name,建龍
given_name,賢隆
given_name,賢龍
given_name,顕隆
given_name,元龍
given_name,厳龍
given_name,健亮
given_name,健良
given_name,憲良
given_name,謙良
given_name,賢亮
given_name,顕亮
given_name,健朗
given_name,健郎
given_name,建郎
given_name,憲郎
given_name,研朗
given_name,研郎
given_name,謙郎
given_name,賢朗
given_name,賢郎
given_name,吾一
given_name,悟一
given_name,小一郎
given_name,五一郎
given_name,悟一郎
given_name,輝
given_name,興
given_name,交
given_name,倖
given_name,光
given_name,公
given_name,功
given_name,効
given_name,孝
given_name,宏
given_name,工
given_name,巧
given_name,幸
given_name,庚
given_name,康
given_name,弘
given_name,恒
given_name,攻
given_name,昂
given_name,晃
given_name,浩
given_name,港
given_name,甲
given_name,皇
given_name,硬
given_name,紘
given_name,耕
given_name,考
given_name,航
given_name,衡
given_name,鋼
given_name,高
given_name,虹
given_name,洸
given_name,滉
given_name,煌
given_name,皓
given_name,強
given_name,郷
given_name,吾有
given_name,恒
given_name,剛
given_name,豪
given_name,公郁
given_name,公一
given_name,亨一
given_name,興一
given_name,交市
given_name,光一
given_name,光市
given_name,公一
given_name,功一
given_name,好一
given_name,好壱
given_name,孔一
given_name,孝一
given_name,孝市
given_name,宏一
given_name,巧一
given_name,幸一
given_name,幸市
given_name,広一
given_name,康一
given_name,弘一
given_name,恒一
given_name,恒壱
given_name,攻一
given_name,昂一
given_name,晃一
given_name,晃市
given_name,浩一
given_name,浩壱
given_name,甲一
given_name,皇一
given_name,稿一
given_name,紘一
given_name,綱一
given_name,耕一
given_name,考一
given_name,航一
given_name,行一
given_name,行市
given_name,講一
given_name,貢一
given_name,貢市
given_name,鉱一
given_name,鋼一
given_name,剛一
given_name,嵩一
given_name,岬一
given_name,廣一
given_name,晄一
given_name,洸一
given_name,洸市
given_name,滉一
given_name,皓一
given_name,耿一
given_name,鎬一
given_name,剛一
given_name,豪一
given_name,興一朗
given_name,興一郎
given_name,光一朗
given_name,光一郎
given_name,公一朗
given_name,公一郎
given_name,功一朗
given_name,功一郎
given_name,厚一朗
given_name,厚一郎
given_name,好一朗
given_name,好一郎
given_name,孔一廊
given_name,孝一朗
given_name,孝一郎
given_name,宏一朗
given_name,宏一郎
given_name,宏市郎
given_name,巧一郎
given_name,幸一朗
given_name,幸一郎
given_name,幸市朗
given_name,幸市郎
given_name,広一朗
given_name,広一郎
given_name,康一朗
given_name,康一郎
given_name,弘一朗
given_name,弘一郎
given_name,恒一郎
given_name,昂一郎
given_name,晃一朗
given_name,晃一郎
given_name,更一郎
given_name,杭一郎
given_name,江一郎
given_name,浩一朗
given_name,浩一郎
given_name,甲一郎
given_name,紘一朗
given_name,紘一郎
given_name,紘市郎
given_name,綱一郎
given_name,耕一朗
given_name,耕一郎
given_name,耕市郎
given_name,考一郎
given_name,航一郎
given_name,行一郎
given_name,貢一郎
given_name,香一郎
given_name,高一郎
given_name,鴻一郎
given_name,剛一朗
given_name,剛一郎
given_name,亘一郎
given_name,廣一郎
given_name,洸一郎
given_name,剛一朗
given_name,剛一郎
given_name,剛壱郎
given_name,豪一郎
given_name,幸逸
given_name,幸衛
given_name,光栄
given_name,公栄
given_name,紅英
given_name,光悦
given_name,公悦
given_name,孝悦
given_name,宏悦
given_name,康悦
given_name,弘悦
given_name,浩悦
given_name,耕悦
given_name,剛悦
given_name,黄河
given_name,光我
given_name,享希
given_name,興喜
given_name,興基
given_name,興希
given_name,興毅
given_name,興季
given_name,興起
given_name,興輝
given_name,仰希
given_name,光喜
given_name,光基
given_name,光希
given_name,光揮
given_name,光毅
given_name,光季
given_name,光稀
given_name,光紀
given_name,光規
given_name,光記
given_name,光貴
given_name,光起
given_name,光輝
given_name,光騎
given_name,光己
given_name,光樹
given_name,光生
given_name,公喜
given_name,公基
given_name,公希
given_name,公毅
given_name,公紀
given_name,公規
given_name,公貴
given_name,公輝
given_name,公己
given_name,公哉
given_name,公樹
given_name,公城
given_name,公姫
given_name,功喜
given_name,功基
given_name,功紀
given_name,功規
given_name,功記
given_name,功貴
given_name,功起
given_name,功輝
given_name,功樹
given_name,功生
given_name,厚毅
given_name,厚貴
given_name,厚輝
given_name,好稀
given_name,好紀
given_name,好樹
given_name,孔貴
given_name,孔樹
given_name,孝喜
given_name,孝基
given_name,孝希
given_name,孝毅
given_name,孝季
given_name,孝紀
given_name,孝規
given_name,孝記
given_name,孝貴
given_name,孝輝
given_name,孝己
given_name,孝晃
given_name,孝樹
given_name,孝生
given_name,宏磯
given_name,宏岳
given_name,宏喜
given_name,宏基
given_name,宏希
given_name,宏機
given_name,宏毅
given_name,宏紀
given_name,宏規
given_name,宏記
given_name,宏貴
given_name,宏起
given_name,宏輝
given_name,宏樹
given_name,工機
given_name,工城
given_name,巧希
given_name,巧紀
given_name,巧生
given_name,幸喜
given_name,幸器
given_name,幸基
given_name,幸希
given_name,幸揮
given_name,幸機
given_name,幸毅
given_name,幸祈
given_name,幸紀
given_name,幸規
given_name,幸記
given_name,幸貴
given_name,幸起
given_name,幸輝
given_name,幸宜
given_name,幸樹
given_name,幸城
given_name,幸生
given_name,幸典
given_name,幸暉
given_name,広毅
given_name,広紀
given_name,広記
given_name,広輝
given_name,広己
given_name,広樹
given_name,康喜
given_name,康基
given_name,康希
given_name,康揮
given_name,康毅
given_name,康気
given_name,康紀
given_name,康記
given_name,康貴
given_name,康起
given_name,康輝
given_name,康樹
given_name,康生
given_name,康熙
given_name,弘喜
given_name,弘基
given_name,弘毅
given_name,弘紀
given_name,弘規
given_name,弘記
given_name,弘貴
given_name,弘起
given_name,弘輝
given_name,弘晃
given_name,弘樹
given_name,弘城
given_name,弘靖
given_name,恒喜
given_name,恒基
given_name,恒希
given_name,恒貴
given_name,恒輝
given_name,恒樹
given_name,昂紀
given_name,昂規
given_name,昂貴
given_name,昂軌
given_name,昂輝
given_name,昂樹
given_name,昂生
given_name,晃喜
given_name,晃基
given_name,晃希
given_name,晃毅
given_name,晃季
given_name,晃紀
given_name,晃規
given_name,晃貴
given_name,晃輝
given_name,晃芸
given_name,晃己
given_name,晃樹
given_name,晃生
given_name,江毅
given_name,洪基
given_name,浩喜
given_name,浩基
given_name,浩希
given_name,浩揮
given_name,浩毅
given_name,浩気
given_name,浩紀
given_name,浩規
given_name,浩貴
given_name,浩輝
given_name,浩己
given_name,浩樹
given_name,浩生
given_name,甲基
given_name,甲樹
given_name,皇稀
given_name,皇輝
given_name,皇樹
given_name,紘基
given_name,紘希
given_name,紘輝
given_name,紘己
given_name,紘樹
given_name,綱紀
given_name,綱記
given_name,綱貴
given_name,耕喜
given_name,耕基
given_name,耕希
given_name,耕季
given_name,耕紀
given_name,耕規
given_name,耕起
given_name,耕輝
given_name,耕吉
given_name,耕己
given_name,耕樹
given_name,耕生
given_name,耕暉
given_name,考希
given_name,考樹
given_name,航基
given_name,航希
given_name,航機
given_name,航季
given_name,航貴
given_name,航起
given_name,航輝
given_name,航己
given_name,航樹
given_name,航生
given_name,行毅
given_name,行貴
given_name,行輝
given_name,貢樹
given_name,鋼紀
given_name,香希
given_name,香貴
given_name,香己
given_name,香樹
given_name,香城
given_name,香姫
given_name,高紀
given_name,高記
given_name,高貴
given_name,高輝
given_name,高樹
given_name,剛樹
given_name,皐貴
given_name,虹輝
given_name,亘希
given_name,亘紀
given_name,亘輝
given_name,廣毅
given_name,廣記
given_name,昊輝
given_name,昴生
given_name,洸葵
given_name,洸喜
given_name,洸希
given_name,洸揮
given_name,洸貴
given_name,洸起
given_name,洸輝
given_name,洸己
given_name,洸樹
given_name,滉基
given_name,滉希
given_name,滉幾
given_name,滉稀
given_name,滉貴
given_name,滉己
given_name,滉樹
given_name,滉生
given_name,皓喜
given_name,皓基
given_name,皓毅
given_name,皓貴
given_name,皓輝
given_name,皓己
given_name,皓生
given_name,耿輝
given_name,剛基
given_name,剛希
given_name,剛毅
given_name,剛気
given_name,剛紀
given_name,剛貴
given_name,剛輝
given_name,剛義
given_name,剛樹
given_name,豪基
given_name,豪希
given_name,豪毅
given_name,豪紀
given_name,豪貴
given_name,豪己
given_name,豪樹
given_name,豪生
given_name,功吉
given_name,孝吉
given_name,宏吉
given_name,幸吉
given_name,広吉
given_name,康吉
given_name,弘吉
given_name,恒吉
given_name,晃吉
given_name,浩吉
given_name,紘吉
given_name,耕吉
given_name,功吉郎
given_name,光賢
given_name,光顕
given_name,功兼
given_name,宏賢
given_name,幸建
given_name,幸謙
given_name,広建
given_name,晃顕
given_name,耕憲
given_name,考建
given_name,剛賢
given_name,剛健
given_name,剛賢
given_name,広高
given_name,剛佐
given_name,昴采
given_name,興作
given_name,興策
given_name,光作
given_name,公作
given_name,公策
given_name,功作
given_name,孝作
given_name,宏作
given_name,幸作
given_name,広作
given_name,広策
given_name,康作
given_name,康策
given_name,弘作
given_name,弘策
given_name,恒作
given_name,昂作
given_name,晃作
given_name,洪作
given_name,浩作
given_name,皇作
given_name,紘作
given_name,耕作
given_name,耕策
given_name,考作
given_name,航作
given_name,貢作
given_name,貢策
given_name,洸作
given_name,厚三郎
given_name,康三郎
given_name,浩三郎
given_name,耕三郎
given_name,功三郎
given_name,孝三郎
given_name,幸三郎
given_name,広三郎
given_name,康三郎
given_name,浩三郎
given_name,耕三郎
given_name,皓三郎
given_name,亨之
given_name,興史
given_name,興志
given_name,倖士
given_name,光司
given_name,光史
given_name,光嗣
given_name,光志
given_name,公司
given_name,公史
given_name,公志
given_name,功士
given_name,功志
given_name,効史
given_name,厚志
given_name,孔志
given_name,孝司
given_name,孝史
given_name,孝士
given_name,孝志
given_name,孝至
given_name,宏志
given_name,幸司
given_name,幸史
given_name,幸嗣
given_name,幸士
given_name,幸志
given_name,康史
given_name,康志
given_name,弘士
given_name,恒史
given_name,恒士
given_name,恒志
given_name,昂士
given_name,昂志
given_name,晃史
given_name,晃士
given_name,晃志
given_name,晃至
given_name,浩司
given_name,浩史
given_name,浩志
given_name,浩至
given_name,浩之
given_name,甲志
given_name,皇史
given_name,紘史
given_name,綱史
given_name,耕司
given_name,耕史
given_name,耕嗣
given_name,耕士
given_name,耕志
given_name,耕至
given_name,耕資
given_name,考史
given_name,航史
given_name,航士
given_name,貢史
given_name,貢士
given_name,貢志
given_name,香水
given_name,高史
given_name,高志
given_name,鴻志
given_name,滉之
given_name,皓史
given_name,皓士
given_name,拡志
given_name,拡至
given_name,輝治
given_name,輝二
given_name,亨史
given_name,亨治
given_name,亨二
given_name,享史
given_name,喬司
given_name,教司
given_name,興司
given_name,興史
given_name,興嗣
given_name,興志
given_name,興至
given_name,興時
given_name,興次
given_name,興治
given_name,興知
given_name,興二
given_name,仰志
given_name,健児
given_name,庫嗣
given_name,虎氏
given_name,交司
given_name,候磁
given_name,候二
given_name,倖史
given_name,倖巳
given_name,光継
given_name,光司
given_name,光史
given_name,光嗣
given_name,光士
given_name,光志
given_name,光至
given_name,光詞
given_name,光児
given_name,光慈
given_name,光次
given_name,光滋
given_name,光治
given_name,光示
given_name,光仁
given_name,光二
given_name,光虹
given_name,光冶
given_name,光路
given_name,公伺
given_name,公司
given_name,公史
given_name,公嗣
given_name,公士
given_name,公志
given_name,公詞
given_name,公資
given_name,公児
given_name,公慈
given_name,公持
given_name,公次
given_name,公滋
given_name,公治
given_name,公爾
given_name,公璽
given_name,公示
given_name,公寿
given_name,公仁
given_name,公待
given_name,公二
given_name,公路
given_name,公兒
given_name,功司
given_name,功史
given_name,功嗣
given_name,功士
given_name,功志
given_name,功至
given_name,功侍
given_name,功児
given_name,功時
given_name,功次
given_name,功治
given_name,功示
given_name,功知
given_name,功二
given_name,功之
given_name,功路
given_name,効稚
given_name,厚司
given_name,厚志
given_name,厚次
given_name,厚滋
given_name,厚治
given_name,厚自
given_name,厚二
given_name,向史
given_name,后司
given_name,好司
given_name,好史
given_name,好志
given_name,好児
given_name,好次
given_name,好治
given_name,好人
given_name,好二
given_name,孔司
given_name,孔史
given_name,孔士
given_name,孔治
given_name,孔二
given_name,孝司
given_name,孝史
given_name,孝嗣
given_name,孝士
given_name,孝始
given_name,孝志
given_name,孝至
given_name,孝児
given_name,孝慈
given_name,孝時
given_name,孝次
given_name,孝治
given_name,孝爾
given_name,孝示
given_name,孝寿
given_name,孝仁
given_name,孝二
given_name,孝路
given_name,孝兒
given_name,宏ニ
given_name,宏司
given_name,宏史
given_name,宏嗣
given_name,宏士
given_name,宏志
given_name,宏氏
given_name,宏至
given_name,宏詞
given_name,宏児
given_name,宏時
given_name,宏次
given_name,宏滋
given_name,宏治
given_name,宏爾
given_name,宏樹
given_name,宏尚
given_name,宏仁
given_name,宏二
given_name,宏弐
given_name,宏之
given_name,宏吏
given_name,宏路
given_name,工事
given_name,巧至
given_name,巧治
given_name,巧爾
given_name,巧二
given_name,幸司
given_name,幸史
given_name,幸嗣
given_name,幸士
given_name,幸師
given_name,幸志
given_name,幸至
given_name,幸詞
given_name,幸資
given_name,幸児
given_name,幸慈
given_name,幸持
given_name,幸次
given_name,幸滋
given_name,幸治
given_name,幸寿
given_name,幸仁
given_name,幸二
given_name,幸路
given_name,広司
given_name,広嗣
given_name,広士
given_name,広志
given_name,広至
given_name,広慈
given_name,広持
given_name,広次
given_name,広治
given_name,広二
given_name,広之
given_name,庚司
given_name,康ニ
given_name,康司
given_name,康史
given_name,康嗣
given_name,康士
given_name,康始
given_name,康志
given_name,康氏
given_name,康至
given_name,康詞
given_name,康資
given_name,康児
given_name,康慈
given_name,康次
given_name,康滋
given_name,康治
given_name,康爾
given_name,康仁
given_name,康二
given_name,康之
given_name,康冶
given_name,康吏
given_name,弘司
given_name,弘史
given_name,弘嗣
given_name,弘士
given_name,弘志
given_name,弘至
given_name,弘児
given_name,弘次
given_name,弘滋
given_name,弘治
given_name,弘爾
given_name,弘仁
given_name,弘智
given_name,弘二
given_name,弘靖
given_name,弘路
given_name,恒司
given_name,恒史
given_name,恒嗣
given_name,恒士
given_name,恒志
given_name,恒至
given_name,恒児
given_name,恒慈
given_name,恒次
given_name,恒治
given_name,恒爾
given_name,恒地
given_name,恒二
given_name,抗二
given_name,攻治
given_name,昂司
given_name,昂嗣
given_name,昂士
given_name,昂志
given_name,昂児
given_name,昂治
given_name,昂二
given_name,昂路
given_name,晃ニ
given_name,晃伺
given_name,晃司
given_name,晃史
given_name,晃嗣
given_name,晃士
given_name,晃志
given_name,晃至
given_name,晃児
given_name,晃次
given_name,晃治
given_name,晃爾
given_name,晃示
given_name,晃自
given_name,晃仁
given_name,晃知
given_name,晃二
given_name,晃之
given_name,晃路
given_name,江司
given_name,江史
given_name,洪志
given_name,洪二
given_name,浩司
given_name,浩史
given_name,浩嗣
given_name,浩士
given_name,浩志
given_name,浩至
given_name,浩誌
given_name,浩資
given_name,浩児
given_name,浩慈
given_name,浩次
given_name,浩治
given_name,浩爾
given_name,浩示
given_name,浩自
given_name,浩潤
given_name,浩仁
given_name,浩知
given_name,浩二
given_name,浩弐
given_name,浩之
given_name,浩武
given_name,浩路
given_name,甲児
given_name,甲治
given_name,甲二
given_name,甲兒
given_name,皇司
given_name,皇児
given_name,皇治
given_name,皇二
given_name,皇冶
given_name,硬士
given_name,硬仁
given_name,紅司
given_name,紘司
given_name,紘史
given_name,紘嗣
given_name,紘士
given_name,紘志
given_name,紘次
given_name,紘治
given_name,紘爾
given_name,紘二
given_name,綱司
given_name,綱士
given_name,綱志
given_name,綱二
given_name,耕司
given_name,耕史
given_name,耕嗣
given_name,耕士
given_name,耕志
given_name,耕至
given_name,耕資
given_name,耕児
given_name,耕慈
given_name,耕次
given_name,耕治
given_name,耕示
given_name,耕自
given_name,耕生
given_name,耕二
given_name,耕之
given_name,耕路
given_name,考司
given_name,考史
given_name,考志
given_name,考次
given_name,考治
given_name,考二
given_name,航司
given_name,航史
given_name,航士
given_name,航志
given_name,航児
given_name,航慈
given_name,航治
given_name,航自
given_name,航地
given_name,航二
given_name,航路
given_name,行司
given_name,行嗣
given_name,行志
given_name,行至
given_name,行児
given_name,行慈
given_name,行二
given_name,行冶
given_name,講次
given_name,講治
given_name,貢司
given_name,貢史
given_name,貢士
given_name,貢志
given_name,貢次
given_name,貢治
given_name,郊士
given_name,鉱司
given_name,鉱嗣
given_name,鉱次
given_name,鉱治
given_name,鉱二
given_name,鋼治
given_name,鋼二
given_name,香次
given_name,香治
given_name,香爾
given_name,香二
given_name,香之
given_name,高司
given_name,高嗣
given_name,高士
given_name,高志
given_name,高至
given_name,高次
given_name,高治
given_name,高自
given_name,鴻志
given_name,鴻治
given_name,剛司
given_name,剛史
given_name,剛士
given_name,剛志
given_name,剛児
given_name,剛次
given_name,剛治
given_name,剛人
given_name,剛二
given_name,剛兒
given_name,豪志
given_name,告司
given_name,告二
given_name,崇治
given_name,征士
given_name,虹児
given_name,虹二
given_name,隆二
given_name,亙児
given_name,亘司
given_name,亘史
given_name,亘嗣
given_name,亘志
given_name,亘児
given_name,亘二
given_name,廣司
given_name,廣治
given_name,廣辞
given_name,廣二
given_name,洽治
given_name,洸司
given_name,洸滋
given_name,洸二
given_name,滉嗣
given_name,滉二
given_name,皓司
given_name,皓史
given_name,皓嗣
given_name,皓視
given_name,皓次
given_name,皓治
given_name,皓二
given_name,皓之
given_name,與治
given_name,郷司
given_name,郷史
given_name,郷志
given_name,剛史
given_name,剛士
given_name,剛志
given_name,豪史
given_name,豪士
given_name,豪志
given_name,強次
given_name,郷地
given_name,剛司
given_name,剛嗣
given_name,剛志
given_name,剛児
given_name,剛治
given_name,剛爾
given_name,剛二
given_name,孝七
given_name,浩七
given_name,輝樹
given_name,光寿
given_name,光樹
given_name,光壽
given_name,公珠
given_name,公樹
given_name,功樹
given_name,孝樹
given_name,孝壽
given_name,宏樹
given_name,幸寿
given_name,幸樹
given_name,広樹
given_name,康寿
given_name,晃樹
given_name,皇樹
given_name,香樹
given_name,高樹
given_name,康修
given_name,弘修
given_name,廣州
given_name,光俊
given_name,幸駿
given_name,広俊
given_name,弘峻
given_name,恒俊
given_name,洪俊
given_name,鴻春
given_name,廣俊
given_name,光淳
given_name,光純
given_name,光巡
given_name,公潤
given_name,公順
given_name,孝純
given_name,宏純
given_name,浩淳
given_name,浩準
given_name,浩純
given_name,光翔
given_name,公祥
given_name,公章
given_name,孝昇
given_name,幸祥
given_name,広翔
given_name,康勝
given_name,弘将
given_name,弘祥
given_name,恒昌
given_name,晃彰
given_name,晃昭
given_name,晃章
given_name,興史郎
given_name,光司郎
given_name,光史郎
given_name,光士郎
given_name,光志朗
given_name,光志郎
given_name,光思郎
given_name,光詩郎
given_name,公司郎
given_name,公史郎
given_name,公四郎
given_name,公士郎
given_name,公志郎
given_name,功史郎
given_name,厚史朗
given_name,厚士朗
given_name,孝四郎
given_name,宏史郎
given_name,宏士郎
given_name,宏之郎
given_name,幸司朗
given_name,幸司郎
given_name,幸史朗
given_name,幸史郎
given_name,幸四朗
given_name,幸四郎
given_name,幸士郎
given_name,幸志朗
given_name,幸志郎
given_name,幸至郎
given_name,広志郎
given_name,康司郎
given_name,康史郎
given_name,康四郎
given_name,康士郎
given_name,康志郎
given_name,弘士郎
given_name,恒史郎
given_name,恒士郎
given_name,昂志朗
given_name,昂志郎
given_name,晃士朗
given_name,浩史朗
given_name,浩史郎
given_name,浩四朗
given_name,浩四郎
given_name,浩士郎
given_name,浩志郎
given_name,浩資朗
given_name,浩之郎
given_name,甲子朗
given_name,甲子郎
given_name,甲志郎
given_name,紘士郎
given_name,耕史郎
given_name,耕志郎
given_name,耕至郎
given_name,耕資郎
given_name,高史郎
given_name,高志郎
given_name,鴻史郎
given_name,興次郎
given_name,興二郎
given_name,光志朗
given_name,光次朗
given_name,光次郎
given_name,光治良
given_name,光治郎
given_name,光二郎
given_name,公次郎
given_name,公治郎
given_name,公二朗
given_name,公二郎
given_name,功次朗
given_name,功次郎
given_name,功治郎
given_name,功二朗
given_name,功二郎
given_name,厚次郎
given_name,厚二郎
given_name,孝次郎
given_name,孝治郎
given_name,孝二朗
given_name,孝二郎
given_name,宏次朗
given_name,宏次郎
given_name,宏治郎
given_name,宏二朗
given_name,宏二郎
given_name,工次郎
given_name,工二朗
given_name,幸司朗
given_name,幸司郎
given_name,幸次朗
given_name,幸次郎
given_name,幸治朗
given_name,幸治郎
given_name,幸二朗
given_name,幸二郎
given_name,広二朗
given_name,広二郎
given_name,康司郎
given_name,康士郎
given_name,康次郎
given_name,康治郎
given_name,康仁郎
given_name,康二朗
given_name,康二郎
given_name,弘志郎
given_name,弘次郎
given_name,弘治郎
given_name,弘二朗
given_name,弘二郎
given_name,弘之郎
given_name,恒司郎
given_name,昂二朗
given_name,昂二郎
given_name,晃士朗
given_name,晃志郎
given_name,晃次郎
given_name,晃治郎
given_name,江二郎
given_name,浩司郎
given_name,浩士朗
given_name,浩次郎
given_name,浩二朗
given_name,浩二郎
given_name,浩路朗
given_name,甲慈朗
given_name,甲治郎
given_name,甲寿郎
given_name,紘次朗
given_name,紘次郎
given_name,紘二朗
given_name,紘二郎
given_name,耕司郎
given_name,耕次郎
given_name,耕治郎
given_name,耕自朗
given_name,耕二朗
given_name,耕二郎
given_name,貢二郎
given_name,亘次郎
given_name,廣次朗
given_name,洸次郎
given_name,洸二朗
given_name,剛二朗
given_name,剛二郎
given_name,功伸
given_name,幸伸
given_name,甲臣
given_name,耕人
given_name,公瑞
given_name,杏介
given_name,拡介
given_name,拡輔
given_name,亨介
given_name,亨祐
given_name,匡介
given_name,匡亮
given_name,興右
given_name,興佐
given_name,興輔
given_name,興佑
given_name,興祐
given_name,興亮
given_name,交右
given_name,倖助
given_name,光右
given_name,光介
given_name,光助
given_name,光将
given_name,光伴
given_name,光扶
given_name,光甫
given_name,光輔
given_name,光佑
given_name,光祐
given_name,光亮
given_name,光脩
given_name,公介
given_name,公哉
given_name,公助
given_name,公典
given_name,公伴
given_name,公輔
given_name,公佑
given_name,公祐
given_name,公裕
given_name,公翼
given_name,公亮
given_name,公脩
given_name,功介
given_name,功恭
given_name,功資
given_name,功将
given_name,功昌
given_name,功典
given_name,功輔
given_name,功佑
given_name,功祐
given_name,功亮
given_name,厚介
given_name,厚輔
given_name,厚祐
given_name,好祐
given_name,好亮
given_name,孔介
given_name,孔輔
given_name,孔祐
given_name,孔亮
given_name,孝介
given_name,孝資
given_name,孝助
given_name,孝将
given_name,孝典
given_name,孝輔
given_name,孝佑
given_name,孝祐
given_name,孝裕
given_name,孝亮
given_name,宏育
given_name,宏介
given_name,宏昌
given_name,宏典
given_name,宏輔
given_name,宏佑
given_name,宏祐
given_name,宏亮
given_name,巧恭
given_name,巧将
given_name,巧丞
given_name,巧祐
given_name,幸右
given_name,幸介
given_name,幸恭
given_name,幸佐
given_name,幸資
given_name,幸助
given_name,幸将
given_name,幸典
given_name,幸輔
given_name,幸佑
given_name,幸祐
given_name,幸裕
given_name,幸翼
given_name,幸亮
given_name,広介
given_name,広資
given_name,広助
given_name,広典
given_name,広輔
given_name,広佑
given_name,広祐
given_name,庚介
given_name,康右
given_name,康介
given_name,康恭
given_name,康佐
given_name,康資
given_name,康助
given_name,康将
given_name,康丞
given_name,康相
given_name,康典
given_name,康補
given_name,康輔
given_name,康佑
given_name,康友
given_name,康祐
given_name,康裕
given_name,康亮
given_name,康良
given_name,弘介
given_name,弘助
given_name,弘将
given_name,弘承
given_name,弘典
given_name,弘輔
given_name,弘佑
given_name,弘祐
given_name,弘裕
given_name,弘亮
given_name,恒介
given_name,恒助
given_name,恒輔
given_name,恒佑
given_name,恒祐
given_name,恒亮
given_name,攻介
given_name,昂右
given_name,昂介
given_name,昂資
given_name,昂将
given_name,昂輔
given_name,昂佑
given_name,昂祐
given_name,晃右
given_name,晃介
given_name,晃助
given_name,晃将
given_name,晃典
given_name,晃督
given_name,晃輔
given_name,晃佑
given_name,晃祐
given_name,江輔
given_name,洪介
given_name,浩育
given_name,浩右
given_name,浩介
given_name,浩資
given_name,浩助
given_name,浩奨
given_name,浩丞
given_name,浩典
given_name,浩輔
given_name,浩佑
given_name,浩祐
given_name,浩亮
given_name,甲右
given_name,甲介
given_name,甲将
given_name,甲丞
given_name,甲輔
given_name,皇佑
given_name,皇祐
given_name,紘右
given_name,紘介
given_name,紘助
given_name,紘将
given_name,紘典
given_name,紘輔
given_name,紘佑
given_name,紘祐
given_name,紘亮
given_name,綱佑
given_name,綱祐
given_name,耕右
given_name,耕介
given_name,耕資
given_name,耕助
given_name,耕典
given_name,耕督
given_name,耕陪
given_name,耕輔
given_name,耕佑
given_name,耕祐
given_name,耕亮
given_name,考介
given_name,考佐
given_name,考助
given_name,考輔
given_name,考佑
given_name,考祐
given_name,肯佑
given_name,航介
given_name,航資
given_name,航助
given_name,航典
given_name,航輔
given_name,航佑
given_name,航祐
given_name,航裕
given_name,航亮
given_name,行右
given_name,行介
given_name,行助
given_name,行輔
given_name,行佑
given_name,行祐
given_name,衡介
given_name,貢右
given_name,貢介
given_name,貢助
given_name,貢佑
given_name,鉱輔
given_name,鋼助
given_name,香介
given_name,香輔
given_name,香祐
given_name,高介
given_name,高典
given_name,高輔
given_name,高佑
given_name,鴻佑
given_name,剛介
given_name,剛典
given_name,剛輔
given_name,剛佑
given_name,皐介
given_name,昇介
given_name,泰介
given_name,亮介
given_name,亘介
given_name,亘輔
given_name,亘佑
given_name,廣介
given_name,廣祐
given_name,昴友
given_name,昴亮
given_name,洸介
given_name,洸資
given_name,洸昌
given_name,洸典
given_name,洸輔
given_name,洸佑
given_name,洸祐
given_name,洸亮
given_name,滉介
given_name,滉輔
given_name,滉祐
given_name,皓介
given_name,皓祐
given_name,皓亮
given_name,耿介
given_name,頌介
given_name,郷介
given_name,剛介
given_name,剛輔
given_name,剛祐
given_name,豪介
given_name,豪助
given_name,豪佑
given_name,豪亮
given_name,剛世
given_name,興成
given_name,興正
given_name,興生
given_name,光世
given_name,光成
given_name,光政
given_name,光星
given_name,光正
given_name,光生
given_name,光誠
given_name,公世
given_name,公成
given_name,公政
given_name,公正
given_name,公生
given_name,公盛
given_name,公聖
given_name,公誠
given_name,功成
given_name,功精
given_name,功誠
given_name,孔成
given_name,孝世
given_name,孝成
given_name,孝政
given_name,孝生
given_name,孝聖
given_name,孝誠
given_name,宏世
given_name,宏成
given_name,宏正
given_name,宏生
given_name,宏精
given_name,宏誠
given_name,幸世
given_name,幸征
given_name,幸成
given_name,幸星
given_name,幸晴
given_name,幸正
given_name,幸生
given_name,幸聖
given_name,幸誠
given_name,幸靖
given_name,広世
given_name,広征
given_name,広晴
given_name,広正
given_name,広斉
given_name,康城
given_name,康成
given_name,康星
given_name,康正
given_name,康生
given_name,康聖
given_name,康誠
given_name,康靖
given_name,弘世
given_name,弘征
given_name,弘清
given_name,弘生
given_name,弘盛
given_name,弘誠
given_name,恒成
given_name,恒星
given_name,恒晴
given_name,恒正
given_name,恒生
given_name,恒精
given_name,恒聖
given_name,昂世
given_name,昂生
given_name,昂誠
given_name,晃世
given_name,晃成
given_name,晃正
given_name,晃生
given_name,晃誠
given_name,晃靖
given_name,浩成
given_name,浩星
given_name,浩正
given_name,浩生
given_name,浩盛
given_name,紘正
given_name,紘生
given_name,紘靖
given_name,耕世
given_name,耕成
given_name,耕正
given_name,耕生
given_name,耕聖
given_name,考正
given_name,航世
given_name,航成
given_name,航星
given_name,航生
given_name,行勢
given_name,行誠
given_name,貢秋
given_name,貢成
given_name,高世
given_name,高斉
given_name,剛成
given_name,亙星
given_name,廣正
given_name,晄生
given_name,洸成
given_name,洸政
given_name,洸生
given_name,滉世
given_name,耿誠
given_name,郷生
given_name,剛成
given_name,剛正
given_name,剛生
given_name,豪星
given_name,恒雪
given_name,香雪
given_name,巧壮
given_name,興三
given_name,光三
given_name,光蔵
given_name,光造
given_name,光藏
given_name,公三
given_name,公奏
given_name,公蔵
given_name,公造
given_name,功三
given_name,功蔵
given_name,功造
given_name,厚造
given_name,好三
given_name,好造
given_name,孔三
given_name,孝三
given_name,孝蔵
given_name,孝造
given_name,宏三
given_name,宏蔵
given_name,宏造
given_name,巧三
given_name,巧蔵
given_name,幸三
given_name,幸蔵
given_name,幸造
given_name,広三
given_name,広造
given_name,康三
given_name,康壮
given_name,康蔵
given_name,康造
given_name,弘三
given_name,弘蔵
given_name,弘造
given_name,恒三
given_name,晃三
given_name,晃造
given_name,構造
given_name,浩三
given_name,浩壮
given_name,浩蔵
given_name,浩造
given_name,甲三
given_name,皇三
given_name,硬三
given_name,紘三
given_name,紘造
given_name,綱三
given_name,耕三
given_name,耕蔵
given_name,耕造
given_name,考三
given_name,航三
given_name,航蔵
given_name,航造
given_name,行蔵
given_name,行造
given_name,貢三
given_name,貢造
given_name,鉱三
given_name,鋼三
given_name,高蔵
given_name,鴻三
given_name,剛造
given_name,廣三
given_name,絋三
given_name,剛三
given_name,剛蔵
given_name,剛造
given_name,豪造
given_name,輝大
given_name,亨太
given_name,興太
given_name,侯太
given_name,倖太
given_name,倖大
given_name,光太
given_name,光汰
given_name,公太
given_name,公大
given_name,功多
given_name,功太
given_name,功大
given_name,厚太
given_name,好太
given_name,好汰
given_name,孔太
given_name,孔大
given_name,孝太
given_name,宏多
given_name,宏太
given_name,工太
given_name,巧太
given_name,幸他
given_name,幸多
given_name,幸太
given_name,幸汰
given_name,幸大
given_name,広太
given_name,広大
given_name,康多
given_name,康太
given_name,弘多
given_name,弘太
given_name,弘大
given_name,恒多
given_name,恒太
given_name,攻太
given_name,昂太
given_name,昂大
given_name,晃多
given_name,晃太
given_name,晃大
given_name,江太
given_name,洪太
given_name,浩太
given_name,浩大
given_name,甲太
given_name,皇太
given_name,紘多
given_name,紘太
given_name,紘汰
given_name,紘大
given_name,耕太
given_name,耕大
given_name,考太
given_name,航太
given_name,航汰
given_name,航大
given_name,荒太
given_name,行太
given_name,貢太
given_name,貢大
given_name,鉱太
given_name,鉱大
given_name,鋼太
given_name,項太
given_name,香太
given_name,高太
given_name,剛太
given_name,剛大
given_name,嵩太
given_name,虹太
given_name,亘太
given_name,廣太
given_name,洸太
given_name,滉太
given_name,皓太
given_name,皓汰
given_name,皓大
given_name,郷太
given_name,剛太
given_name,剛大
given_name,豪太
given_name,興大
given_name,倖大
given_name,光大
given_name,公大
given_name,功大
given_name,宏大
given_name,幸大
given_name,広大
given_name,康大
given_name,弘大
given_name,恒大
given_name,昂大
given_name,晃大
given_name,浩大
given_name,甲大
given_name,紘大
given_name,耕大
given_name,考大
given_name,航太
given_name,航大
given_name,貢大
given_name,高大
given_name,廣大
given_name,昴大
given_name,洸大
given_name,皓大
given_name,剛大
given_name,厚卓
given_name,黄太郎
given_name,亨太郎
given_name,興太郎
given_name,光多朗
given_name,光太朗
given_name,光太郎
given_name,光大郎
given_name,公太朗
given_name,公太郎
given_name,公大朗
given_name,公大郎
given_name,功太朗
given_name,功太郎
given_name,功大郎
given_name,厚太朗
given_name,厚太郎
given_name,好太郎
given_name,孔太郎
given_name,孝太朗
given_name,孝太郎
given_name,孝大郎
given_name,宏多朗
given_name,宏太朗
given_name,宏太郎
given_name,巧太郎
given_name,幸多朗
given_name,幸多郎
given_name,幸太朗
given_name,幸太郎
given_name,幸大朗
given_name,幸大郎
given_name,広太朗
given_name,広太郎
given_name,広大朗
given_name,康多郎
given_name,康太朗
given_name,康太郎
given_name,弘多郎
given_name,弘太郎
given_name,恒太朗
given_name,恒太郎
given_name,攻太郎
given_name,昂太朗
given_name,昂太郎
given_name,晃太朗
given_name,晃太郎
given_name,晃大郎
given_name,更太郎
given_name,浩多郎
given_name,浩太朗
given_name,浩太郎
given_name,浩大郎
given_name,甲太郎
given_name,皇太郎
given_name,稿太郎
given_name,紘太朗
given_name,紘太郎
given_name,綱太郎
given_name,綱大朗
given_name,耕太朗
given_name,耕太郎
given_name,耕大朗
given_name,考太郎
given_name,航太朗
given_name,航太郎
given_name,航大朗
given_name,航大郎
given_name,荒太郎
given_name,行太朗
given_name,講太郎
given_name,貢太郎
given_name,鋼太郎
given_name,香太郎
given_name,高太朗
given_name,高太郎
given_name,鴻太朗
given_name,亘太郎
given_name,廣太郎
given_name,洸太朗
given_name,洸太郎
given_name,滉太郎
given_name,皓太朗
given_name,皓太郎
given_name,剛太朗
given_name,剛太郎
given_name,豪太郎
given_name,孝典
given_name,輝人
given_name,康人
given_name,皇人
given_name,耕人
given_name,耕人
given_name,剛人
given_name,孝道
given_name,幸徳
given_name,幸峰
given_name,晃之進
given_name,光之介
given_name,光之助
given_name,光之輔
given_name,公之介
given_name,公之助
given_name,公之輔
given_name,厚之介
given_name,孝乃祐
given_name,孝之介
given_name,孝之助
given_name,幸之介
given_name,幸之助
given_name,幸之輔
given_name,広之介
given_name,康之助
given_name,康之亮
given_name,弘之介
given_name,恒之介
given_name,昂之介
given_name,浩之輔
given_name,甲之助
given_name,綱之輔
given_name,耕之助
given_name,香之介
given_name,豪之輔
given_name,功八
given_name,光八郎
given_name,紘八朗
given_name,洸風
given_name,亨平
given_name,匡平
given_name,恭平
given_name,興平
given_name,倖平
given_name,光兵
given_name,光平
given_name,公平
given_name,功平
given_name,厚平
given_name,好平
given_name,孔兵
given_name,孔平
given_name,孝兵
given_name,孝平
given_name,宏併
given_name,宏平
given_name,巧平
given_name,幸併
given_name,幸平
given_name,広平
given_name,康兵
given_name,康平
given_name,弘平
given_name,恒平
given_name,昂兵
given_name,昂平
given_name,晃兵
given_name,晃平
given_name,更平
given_name,構平
given_name,江平
given_name,洪平
given_name,浩兵
given_name,浩平
given_name,甲平
given_name,紘平
given_name,綱兵
given_name,綱平
given_name,耕兵
given_name,耕平
given_name,考兵
given_name,考平
given_name,航兵
given_name,航平
given_name,行平
given_name,衡平
given_name,講兵
given_name,講平
given_name,貢平
given_name,鉱平
given_name,鋼兵
given_name,鋼平
given_name,高平
given_name,鴻平
given_name,剛平
given_name,常平
given_name,督平
given_name,亙平
given_name,亘平
given_name,昊平
given_name,昴平
given_name,晧平
given_name,洸平
given_name,滉平
given_name,煌平
given_name,皓平
given_name,郷平
given_name,剛平
given_name,豪平
given_name,耕望
given_name,康馬
given_name,弘馬
given_name,考真
given_name,剛馬
given_name,公明
given_name,孔明
given_name,孝明
given_name,幸明
given_name,康明
given_name,浩明
given_name,興哉
given_name,興也
given_name,興矢
given_name,光哉
given_name,光也
given_name,光弥
given_name,光矢
given_name,公哉
given_name,公弥
given_name,功也
given_name,功弥
given_name,孔也
given_name,孝也
given_name,孝弥
given_name,宏哉
given_name,工耶
given_name,巧哉
given_name,巧也
given_name,幸哉
given_name,幸也
given_name,幸弥
given_name,幸矢
given_name,広也
given_name,広弥
given_name,広椰
given_name,康哉
given_name,康也
given_name,康冶
given_name,弘哉
given_name,弘也
given_name,恒也
given_name,昂也
given_name,昂耶
given_name,晃哉
given_name,晃也
given_name,晃弥
given_name,浩哉
given_name,浩治
given_name,浩也
given_name,浩弥
given_name,浩矢
given_name,甲也
given_name,紘也
given_name,耕哉
given_name,耕也
given_name,耕矢
given_name,肯哉
given_name,航哉
given_name,航也
given_name,航矢
given_name,荒野
given_name,行哉
given_name,貢也
given_name,鉱也
given_name,香哉
given_name,香也
given_name,高也
given_name,亘哉
given_name,昴也
given_name,皓也
given_name,剛哉
given_name,剛也
given_name,剛弥
given_name,豪也
given_name,幸酉
given_name,亘祐
given_name,光洋
given_name,向陽
given_name,孝陽
given_name,幸洋
given_name,康陽
given_name,弘祥
given_name,弘楊
given_name,弘洋
given_name,弘陽
given_name,恒陽
given_name,晃洋
given_name,晃瑶
given_name,浩揚
given_name,浩洋
given_name,浩陽
given_name,紅陽
given_name,紘庸
given_name,耕洋
given_name,耕陽
given_name,考陽
given_name,航洋
given_name,行洋
given_name,高陽
given_name,廣耀
given_name,晧洋
given_name,洸洋
given_name,皓瑶
given_name,弘洛
given_name,香里
given_name,光隆
given_name,厚隆
given_name,幸倫
given_name,穀人
given_name,心
given_name,故梧郎
given_name,小五郎
given_name,小伍郎
given_name,小吾朗
given_name,小三郎
given_name,子次郎
given_name,小次郎
given_name,湖人
given_name,吾大
given_name,呼多馬
given_name,巨太郎
given_name,庫太郎
given_name,湖太朗
given_name,湖太郎
given_name,虎太朗
given_name,虎太郎
given_name,鼓太郎
given_name,小太朗
given_name,小太郎
given_name,琥太朗
given_name,虎哲
given_name,子鉄
given_name,小鉄
given_name,胡天
given_name,悟桐
given_name,琴則
given_name,琴春
given_name,言史
given_name,小八郎
given_name,悟平
given_name,小弥太
given_name,伊顕
given_name,維昭
given_name,維明
given_name,是秋
given_name,是昭
given_name,是明
given_name,是雄
given_name,是清
given_name,是重
given_name,維隆
given_name,是哉
given_name,維人
given_name,是信
given_name,伊徳
given_name,惟久
given_name,是久
given_name,維人
given_name,是人
given_name,是仁
given_name,之人
given_name,惟大
given_name,維史
given_name,惟正
given_name,維正
given_name,伊保
given_name,惟幸
given_name,惟如
given_name,惟友季
given_name,維之
given_name,是行
given_name,維芳
given_name,五朗
given_name,五郎
given_name,伍朗
given_name,伍郎
given_name,午朗
given_name,吾朗
given_name,吾郎
given_name,悟朗
given_name,悟郎
given_name,梧郎
given_name,五郎太
given_name,五郎丸
given_name,強
given_name,昆
given_name,紺
given_name,権久朗
given_name,魂三郎
given_name,根治
given_name,魂糸
given_name,権太
given_name,権太朗
given_name,権兵衛
given_name,宰一郎
given_name,彩一郎
given_name,砕牙
given_name,宰吉
given_name,才吉
given_name,宰史
given_name,哉治
given_name,宰司
given_name,宰士
given_name,宰至
given_name,宰次
given_name,彩児
given_name,彩慈
given_name,彩二
given_name,才司
given_name,才次
given_name,才治
given_name,財秀
given_name,斉俊
given_name,才介
given_name,彩星
given_name,才聖
given_name,才蔵
given_name,斉三
given_name,才太郎
given_name,佐一
given_name,佐市
given_name,才智
given_name,佐一郎
given_name,彩人
given_name,才人
given_name,彩明
given_name,冴樹
given_name,冴生
given_name,冴人
given_name,冴斗
given_name,栄
given_name,賢人
given_name,幸生
given_name,幸夫
given_name,碕夫
given_name,佐吉
given_name,佐喜登
given_name,咲人
given_name,咲斗
given_name,早樹人
given_name,咲陽
given_name,早彦
given_name,興仁
given_name,前章
given_name,左京
given_name,作
given_name,朔
given_name,作衛
given_name,作雄
given_name,朔男
given_name,作次
given_name,作治
given_name,作二
given_name,朔二
given_name,作蔵
given_name,作造
given_name,朔人
given_name,作之進
given_name,作彦
given_name,朔彦
given_name,策人
given_name,咲平
given_name,朔真
given_name,作政
given_name,作巳
given_name,咲也
given_name,咲耶
given_name,咲弥
given_name,作哉
given_name,作也
given_name,朔也
given_name,朔夜
given_name,作之
given_name,探
given_name,左近
given_name,佐助
given_name,完聡
given_name,貞暁
given_name,貞彰
given_name,貞昭
given_name,貞祥
given_name,貞章
given_name,貞明
given_name,貞亮
given_name,定晃
given_name,定彰
given_name,定昌
given_name,定昭
given_name,定章
given_name,定明
given_name,定亮
given_name,禎晃
given_name,禎昭
given_name,禎章
given_name,禎明
given_name,禎亮
given_name,禎朗
given_name,貞一
given_name,定一
given_name,禎一
given_name,貞一郎
given_name,覚詠
given_name,完男
given_name,貞生
given_name,貞男
given_name,貞夫
given_name,貞雄
given_name,定央
given_name,定生
given_name,定男
given_name,定夫
given_name,定雄
given_name,禎央
given_name,禎男
given_name,禎夫
given_name,禎雄
given_name,定佳
given_name,勘一
given_name,完憲
given_name,完和
given_name,貞一
given_name,貞和
given_name,定一
given_name,定和
given_name,禎一
given_name,貞勝
given_name,完樹
given_name,貞喜
given_name,貞基
given_name,貞樹
given_name,定紀
given_name,定樹
given_name,定城
given_name,禎樹
given_name,定吉
given_name,貞邦
given_name,定邦
given_name,禎邦
given_name,完
given_name,治士
given_name,真史
given_name,貞
given_name,貞司
given_name,貞史
given_name,貞志
given_name,定史
given_name,完次
given_name,貞治
given_name,貞二
given_name,貞成
given_name,貞純
given_name,憲臣
given_name,貞能
given_name,定孝
given_name,定隆
given_name,貞太郎
given_name,貞親
given_name,貞嗣
given_name,貞次
given_name,貞統
given_name,定嗣
given_name,定次
given_name,禎哲
given_name,貞輝
given_name,貞人
given_name,貞登
given_name,定人
given_name,定登
given_name,真敏
given_name,偵俊
given_name,貞紀
given_name,貞俊
given_name,貞敏
given_name,貞利
given_name,定寿
given_name,定年
given_name,定敏
given_name,定利
given_name,禎俊
given_name,禎敏
given_name,貞知
given_name,貞伴
given_name,貞朋
given_name,定知
given_name,定智
given_name,定生
given_name,左信
given_name,貞伸
given_name,貞信
given_name,貞宣
given_name,貞暢
given_name,定延
given_name,定伸
given_name,定信
given_name,定靖
given_name,禎宜
given_name,禎展
given_name,完訓
given_name,貞規
given_name,貞憲
given_name,貞成
given_name,貞則
given_name,貞典
given_name,貞徳
given_name,貞範
given_name,貞稔
given_name,貞律
given_name,定紀
given_name,定記
given_name,定謙
given_name,定則
given_name,定範
given_name,定頼
given_name,禎紀
given_name,禎規
given_name,禎宜
given_name,禎則
given_name,禎典
given_name,禎徳
given_name,定八
given_name,貞治
given_name,貞春
given_name,貞仁
given_name,貞晴
given_name,定治
given_name,定春
given_name,定晴
given_name,禎治
given_name,貞彦
given_name,定彦
given_name,禎彦
given_name,真久
given_name,貞尚
given_name,貞壽
given_name,禎久
given_name,寧久
given_name,貞英
given_name,貞秀
given_name,完仁
given_name,貞人
given_name,貞仁
given_name,禎人
given_name,禎仁
given_name,真拓
given_name,貞寛
given_name,貞啓
given_name,貞宏
given_name,貞広
given_name,貞弘
given_name,貞浩
given_name,貞紘
given_name,貞大
given_name,貞祐
given_name,貞裕
given_name,貞洋
given_name,定完
given_name,定寛
given_name,定宏
given_name,定広
given_name,定弘
given_name,定浩
given_name,定宗
given_name,定大
given_name,定博
given_name,定裕
given_name,禎寛
given_name,禎啓
given_name,禎宏
given_name,禎弘
given_name,禎泰
given_name,禎洋
given_name,貞史
given_name,貞文
given_name,定史
given_name,定文
given_name,禎史
given_name,貞雅
given_name,貞政
given_name,定昌
given_name,定正
given_name,禎丸
given_name,覚行
given_name,貞通
given_name,貞道
given_name,貞迪
given_name,定道
given_name,貞光
given_name,貞三
given_name,貞充
given_name,定光
given_name,定充
given_name,格
given_name,制
given_name,定
given_name,法
given_name,理
given_name,論
given_name,貞元
given_name,貞康
given_name,定泰
given_name,禎恭
given_name,禎康
given_name,禎泰
given_name,勘亨
given_name,完幸
given_name,完政
given_name,偵之
given_name,貞幸
given_name,貞行
given_name,貞之
given_name,定幸
given_name,定行
given_name,定征
given_name,定之
given_name,禎元
given_name,禎幸
given_name,禎行
given_name,禎之
given_name,真義
given_name,貞佳
given_name,貞宜
given_name,貞義
given_name,貞吉
given_name,貞好
given_name,貞仁
given_name,貞善
given_name,貞芳
given_name,貞理
given_name,貞良
given_name,定喜
given_name,定義
given_name,定好
given_name,定善
given_name,定芳
given_name,定由
given_name,定良
given_name,定禄
given_name,禎義
given_name,禎斉
given_name,禎能
given_name,禎芳
given_name,貞頼
given_name,定順
given_name,佐太朗
given_name,佐太郎
given_name,左男児
given_name,佐智衛
given_name,幸王
given_name,幸生
given_name,幸男
given_name,幸夫
given_name,幸雄
given_name,幸郎
given_name,佐知男
given_name,佐知雄
given_name,佐知郎
given_name,佐智夫
given_name,佐智雄
given_name,左千夫
given_name,左千雄
given_name,左知夫
given_name,沙智男
given_name,沙智夫
given_name,祉夫
given_name,祥央
given_name,祥生
given_name,祥大
given_name,祥男
given_name,祥夫
given_name,祥雄
given_name,早智雄
given_name,禎夫
given_name,祐生
given_name,祐夫
given_name,祐雄
given_name,祐朗
given_name,祐郎
given_name,幸人
given_name,幸誉
given_name,祥春
given_name,幸彦
given_name,佐知彦
given_name,祥彦
given_name,幸人
given_name,幸広
given_name,幸弘
given_name,祥寛
given_name,祥弘
given_name,祥博
given_name,祐浩
given_name,幸文
given_name,幸哉
given_name,幸也
given_name,幸弥
given_name,佐知哉
given_name,佐知也
given_name,彩千也
given_name,祥也
given_name,祐哉
given_name,幸之
given_name,禎幸
given_name,祐之
given_name,幸朗
given_name,幸郎
given_name,佐津雄
given_name,薩夫
given_name,颯樹
given_name,颯馬
given_name,悟明
given_name,聖明
given_name,聡昭
given_name,聡明
given_name,智明
given_name,諭曉
given_name,里明
given_name,怜明
given_name,叡
given_name,聡
given_name,聡生
given_name,聡雄
given_name,慧樹
given_name,賢紀
given_name,悟毅
given_name,悟貴
given_name,悟己
given_name,佐都紀
given_name,識樹
given_name,仁紀
given_name,仁規
given_name,聖樹
given_name,聡基
given_name,聡紀
given_name,聡貴
given_name,聡樹
given_name,知樹
given_name,智紀
given_name,智規
given_name,智己
given_name,智樹
given_name,哲樹
given_name,哲生
given_name,諭紀
given_name,理貴
given_name,里輝
given_name,里樹
given_name,彗樹
given_name,聰樹
given_name,叡
given_name,英
given_name,鋭
given_name,佳志
given_name,覚
given_name,覚司
given_name,覚史
given_name,覚士
given_name,覚志
given_name,覚旨
given_name,覚詞
given_name,覚之
given_name,学司
given_name,学史
given_name,学嗣
given_name,学士
given_name,学志
given_name,学之
given_name,勘資
given_name,教
given_name,郷
given_name,郷司
given_name,郷史
given_name,郷嗣
given_name,郷士
given_name,郷子
given_name,郷志
given_name,郷紫
given_name,郷之
given_name,暁司
given_name,暁史
given_name,暁士
given_name,暁志
given_name,訓
given_name,訓司
given_name,訓史
given_name,訓士
given_name,訓志
given_name,訓之
given_name,啓
given_name,啓示
given_name,恵
given_name,恵司
given_name,恵史
given_name,恵士
given_name,恵之
given_name,慧
given_name,慧嗣
given_name,慧士
given_name,慧志
given_name,慧至
given_name,慧視
given_name,慧之
given_name,敬
given_name,憲
given_name,賢
given_name,賢司
given_name,賢史
given_name,賢嗣
given_name,賢士
given_name,賢志
given_name,互志
given_name,悟
given_name,悟央
given_name,悟司
given_name,悟史
given_name,悟嗣
given_name,悟士
given_name,悟市
given_name,悟志
given_name,悟至
given_name,悟詞
given_name,悟資
given_name,悟次
given_name,悟二
given_name,悟之
given_name,公士
given_name,公志
given_name,幸利
given_name,佐俊
given_name,佐人司
given_name,佐斗史
given_name,佐斗志
given_name,佐登史
given_name,佐登志
given_name,佐藤聡
given_name,佐敏
given_name,佐諭
given_name,左俊
given_name,左登志
given_name,沙俊
given_name,沙渡志
given_name,砂寿
given_name,砂登士
given_name,冴冬思
given_name,作登士
given_name,三登志
given_name,識
given_name,識史
given_name,識嗣
given_name,識是
given_name,識之
given_name,俊志
given_name,淳
given_name,証
given_name,仁
given_name,仁司
given_name,仁史
given_name,仁士
given_name,仁志
given_name,仁視
given_name,仁詞
given_name,仁是
given_name,聖
given_name,聖司
given_name,聖史
given_name,聖士
given_name,聖師
given_name,聖志
given_name,聖詞
given_name,聖之
given_name,誠
given_name,誠司
given_name,誠史
given_name,誠嗣
given_name,誠士
given_name,誠志
given_name,誠至
given_name,誠之
given_name,早俊
given_name,早聡
given_name,早稔
given_name,早利
given_name,総
given_name,聡
given_name,聡一
given_name,聡健
given_name,聡司
given_name,聡史
given_name,聡嗣
given_name,聡士
given_name,聡子
given_name,聡師
given_name,聡志
given_name,聡思
given_name,聡至
given_name,聡視
given_name,聡寿
given_name,聡尚
given_name,聡仁
given_name,聡之
given_name,達
given_name,達司
given_name,達史
given_name,達志
given_name,知
given_name,知司
given_name,知史
given_name,知士
given_name,知志
given_name,知詩
given_name,知茂
given_name,智
given_name,智央
given_name,智久
given_name,智己
given_name,智司
given_name,智史
given_name,智嗣
given_name,智士
given_name,智志
given_name,智支
given_name,智至
given_name,智視
given_name,智詞
given_name,智詩
given_name,智資
given_name,智笥
given_name,智相
given_name,智統
given_name,智之
given_name,智巳
given_name,智稔
given_name,智也
given_name,朝稔
given_name,哲
given_name,哲司
given_name,哲史
given_name,哲嗣
given_name,哲士
given_name,哲志
given_name,哲至
given_name,哲資
given_name,哲識
given_name,哲俊
given_name,哲之
given_name,哲吏
given_name,徹
given_name,都史
given_name,都志
given_name,都資
given_name,都寿
given_name,統志
given_name,導
given_name,徳志
given_name,敏
given_name,敏司
given_name,敏史
given_name,敏嗣
given_name,敏志
given_name,敏思
given_name,敏至
given_name,敏之
given_name,愉
given_name,愉司
given_name,諭
given_name,諭司
given_name,諭史
given_name,諭嗣
given_name,諭士
given_name,諭志
given_name,諭思
given_name,諭知
given_name,利
given_name,利始
given_name,利志
given_name,吏
given_name,吏司
given_name,吏史
given_name,吏士
given_name,吏志
given_name,理
given_name,理司
given_name,理史
given_name,理士
given_name,理志
given_name,理至
given_name,理之
given_name,里
given_name,里司
given_name,里史
given_name,里士
given_name,里始
given_name,里師
given_name,里志
given_name,里支
given_name,里至
given_name,里視
given_name,里詞
given_name,里詩
given_name,里誌
given_name,里敏
given_name,里吏
given_name,了
given_name,了史
given_name,了之
given_name,倫
given_name,倫史
given_name,倫志
given_name,怜
given_name,怜司
given_name,怜史
given_name,怜士
given_name,怜志
given_name,怜人
given_name,論
given_name,彗
given_name,惠
given_name,惠司
given_name,曉
given_name,曉史
given_name,聰
given_name,聰士
given_name,聰志
given_name,郷司
given_name,里二
given_name,智紹
given_name,郷伸
given_name,悟喜
given_name,聡伸
given_name,悟徳
given_name,智教
given_name,聡彦
given_name,哲彦
given_name,知久
given_name,聖人
given_name,賢広
given_name,識大
given_name,聖広
given_name,聡洋
given_name,知広
given_name,知大
given_name,諭広
given_name,利裕
given_name,理裕
given_name,里宏
given_name,里広
given_name,恵文
given_name,賢文
given_name,悟史
given_name,聡文
given_name,知史
given_name,智史
given_name,智文
given_name,吏良
given_name,覚匡
given_name,智麿
given_name,吏慶
given_name,怜道
given_name,郷充
given_name,慧光
given_name,聡夢
given_name,智十夢
given_name,智務
given_name,里夢
given_name,賢哉
given_name,賢行
given_name,賢之
given_name,聖之
given_name,聡幸
given_name,聡行
given_name,聡之
given_name,智行
given_name,諭幸
given_name,里幸
given_name,里儀
given_name,鋭
given_name,解
given_name,開
given_name,覚
given_name,学
given_name,教
given_name,郷
given_name,暁
given_name,訓
given_name,啓
given_name,慧
given_name,憲
given_name,賢
given_name,悟
given_name,悟由
given_name,悟流
given_name,悟留
given_name,司
given_name,識
given_name,証
given_name,聖
given_name,然
given_name,禅
given_name,想
given_name,総
given_name,聡
given_name,達
given_name,知
given_name,智
given_name,哲
given_name,得
given_name,敏
given_name,諭
given_name,理
given_name,理人
given_name,里留
given_name,了
given_name,諒
given_name,倫
given_name,令
given_name,怜
given_name,彗
given_name,曉
given_name,聆
given_name,聰
given_name,覺
given_name,左内
given_name,実篤
given_name,実男
given_name,実和
given_name,真澄
given_name,実貴
given_name,実武
given_name,護人
given_name,守仁
given_name,実彦
given_name,実史
given_name,翔文
given_name,実政
given_name,実道
given_name,実康
given_name,実幸
given_name,実之
given_name,真之
given_name,沙巴羅
given_name,佐武
given_name,佐武朗
given_name,佐武郎
given_name,三朗
given_name,三郎
given_name,三郎太
given_name,佐平太
given_name,佐兵衞
given_name,沙満人
given_name,作夢
given_name,左門
given_name,冴門
given_name,三和人
given_name,佐和則
given_name,沢弘
given_name,燦
given_name,燦英
given_name,参二
given_name,賛次
given_name,三四朗
given_name,三四郎
given_name,三志郎
given_name,三視郎
given_name,三太
given_name,燦太
given_name,三太朗
given_name,三太郎
given_name,燦人
given_name,三之進
given_name,三之助
given_name,三瓶
given_name,三平
given_name,慈安
given_name,椎斗
given_name,椎馬
given_name,椎也
given_name,塩太
given_name,潮人
given_name,潮彦
given_name,志遠
given_name,志学
given_name,子輝
given_name,志紀
given_name,志貴
given_name,志気雄
given_name,志貴夫
given_name,維謙
given_name,薫晶
given_name,薫明
given_name,薫陽
given_name,恵昭
given_name,滋晃
given_name,滋昭
given_name,滋章
given_name,滋朗
given_name,樹明
given_name,樹亮
given_name,重暁
given_name,重顕
given_name,重秋
given_name,重彰
given_name,重昭
given_name,重晶
given_name,重章
given_name,重成
given_name,重哲
given_name,重明
given_name,重陽
given_name,重朗
given_name,重曉
given_name,成顕
given_name,成公
given_name,成晃
given_name,成彰
given_name,成昭
given_name,成章
given_name,成明
given_name,成亮
given_name,成朗
given_name,成暉
given_name,盛昭
given_name,盛朗
given_name,誠晃
given_name,繁彰
given_name,繁昭
given_name,繁明
given_name,繁亮
given_name,繁朗
given_name,茂輝
given_name,茂晃
given_name,茂秋
given_name,茂彰
given_name,茂昌
given_name,茂昭
given_name,茂照
given_name,茂章
given_name,茂明
given_name,茂亮
given_name,茂朗
given_name,惠昭
given_name,重厚
given_name,重篤
given_name,重存
given_name,重一
given_name,繁一
given_name,茂一
given_name,茂一郎
given_name,重栄
given_name,薫生
given_name,薫男
given_name,薫夫
given_name,薫朗
given_name,恵夫
given_name,恵雄
given_name,慈男
given_name,滋央
given_name,滋巨
given_name,滋生
given_name,滋大
given_name,滋男
given_name,滋夫
given_name,滋雄
given_name,滋朗
given_name,滋郎
given_name,樹生
given_name,樹男
given_name,樹夫
given_name,重緒
given_name,重生
given_name,重男
given_name,重夫
given_name,重雄
given_name,重朗
given_name,重郎
given_name,臣男
given_name,成央
given_name,成巨
given_name,成生
given_name,成男
given_name,成夫
given_name,成穂
given_name,成雄
given_name,盛男
given_name,盛夫
given_name,盛雄
given_name,誠夫
given_name,誠雄
given_name,鎮男
given_name,繁央
given_name,繁緒
given_name,繁生
given_name,繁男
given_name,繁夫
given_name,繁雄
given_name,繁郎
given_name,茂央
given_name,茂王
given_name,茂生
given_name,茂男
given_name,茂夫
given_name,茂穂
given_name,茂雄
given_name,茂朗
given_name,茂郎
given_name,成興
given_name,茂起
given_name,重臣
given_name,成臣
given_name,方臣
given_name,茂臣
given_name,薫一
given_name,恵和
given_name,滋一
given_name,滋可寿
given_name,滋和
given_name,樹一
given_name,樹和
given_name,重一
given_name,重和
given_name,成一
given_name,成和
given_name,盛一
given_name,誠計
given_name,誠和
given_name,繁一
given_name,繁数
given_name,繁量
given_name,繁和
given_name,茂一
given_name,茂計
given_name,茂和
given_name,誉円
given_name,重賢
given_name,栄克
given_name,慈万
given_name,滋勝
given_name,重勝
given_name,重捷
given_name,成克
given_name,繁一
given_name,繁克
given_name,繁勝
given_name,茂且
given_name,茂克
given_name,茂勝
given_name,繁和
given_name,茂樹
given_name,栄喜
given_name,栄希
given_name,栄樹
given_name,英季
given_name,薫輝
given_name,薫樹
given_name,恵喜
given_name,恵希
given_name,晃生
given_name,慈希
given_name,慈樹
given_name,慈生
given_name,滋幹
given_name,滋喜
given_name,滋基
given_name,滋紀
given_name,滋規
given_name,滋貴
given_name,滋己
given_name,滋樹
given_name,滋暉
given_name,芝輝
given_name,樹希
given_name,樹紀
given_name,樹生
given_name,樹来
given_name,重喜
given_name,重基
given_name,重希
given_name,重毅
given_name,重紀
given_name,重貴
given_name,重輝
given_name,重樹
given_name,重来
given_name,臣紀
given_name,臣起
given_name,臣樹
given_name,成喜
given_name,成基
given_name,成毅
given_name,成紀
given_name,成規
given_name,成記
given_name,成貴
given_name,成起
given_name,成輝
given_name,成宜
given_name,成久
given_name,成己
given_name,成樹
given_name,盛樹
given_name,聖輝
given_name,誠基
given_name,誠樹
given_name,篤紀
given_name,篤樹
given_name,繁喜
given_name,繁基
given_name,繁希
given_name,繁毅
given_name,繁季
given_name,繁紀
given_name,繁規
given_name,繁貴
given_name,繁輝
given_name,繁己
given_name,繁樹
given_name,繁城
given_name,繁生
given_name,無樹
given_name,茂喜
given_name,茂基
given_name,茂岐
given_name,茂希
given_name,茂毅
given_name,茂季
given_name,茂紀
given_name,茂規
given_name,茂記
given_name,茂貴
given_name,茂起
given_name,茂輝
given_name,茂興
given_name,茂己
given_name,茂樹
given_name,茂城
given_name,茂生
given_name,誉貴
given_name,誉己
given_name,薫國
given_name,繁那
given_name,重定
given_name,繁三郎
given_name,繁三郎
given_name,繁司
given_name,繁士
given_name,繁志
given_name,茂司
given_name,茂思
given_name,滋司
given_name,重次
given_name,重治
given_name,重二
given_name,成二
given_name,繁司
given_name,繁二
given_name,茂司
given_name,茂嗣
given_name,茂志
given_name,茂治
given_name,繁次郎
given_name,繁資
given_name,滋三
given_name,重三
given_name,重蔵
given_name,重造
given_name,繁造
given_name,滋太
given_name,重太
given_name,繁太
given_name,茂太
given_name,栄剛
given_name,恵剛
given_name,恵崇
given_name,滋貴
given_name,滋孝
given_name,滋剛
given_name,滋隆
given_name,樹隆
given_name,重威
given_name,重貴
given_name,重孝
given_name,重高
given_name,重隆
given_name,成威
given_name,成孝
given_name,成高
given_name,成剛
given_name,成隆
given_name,盛貴
given_name,盛天
given_name,誠孝
given_name,調孝
given_name,鎮毅
given_name,繁賢
given_name,繁孝
given_name,繁隆
given_name,茂栄
given_name,茂毅
given_name,茂貴
given_name,茂敬
given_name,茂賢
given_name,茂孝
given_name,茂高
given_name,茂隆
given_name,誉剛
given_name,滋丈
given_name,成健
given_name,成武
given_name,茂丈
given_name,滋匡
given_name,滋正
given_name,滋忠
given_name,重真
given_name,重忠
given_name,成忠
given_name,繁忠
given_name,滋達
given_name,繁太郎
given_name,茂太郎
given_name,重近
given_name,重親
given_name,繁史
given_name,繁親
given_name,恵嗣
given_name,重嗣
given_name,重次
given_name,茂継
given_name,茂嗣
given_name,茂続
given_name,成綱
given_name,繁綱
given_name,成哲
given_name,栄人
given_name,慈人
given_name,滋史
given_name,滋人
given_name,樹人
given_name,重音
given_name,重人
given_name,重太
given_name,重知
given_name,重登
given_name,成人
given_name,成仁
given_name,盛登
given_name,誠人
given_name,繁人
given_name,繁仁
given_name,繁登
given_name,繁門
given_name,茂人
given_name,茂登
given_name,茂土
given_name,誉人
given_name,誉門
given_name,薫明
given_name,恵健
given_name,恵敏
given_name,滋敏
given_name,滋利
given_name,重寿
given_name,重俊
given_name,重年
given_name,重敏
given_name,重利
given_name,重壽
given_name,鍾俊
given_name,成寿
given_name,成俊
given_name,成年
given_name,成敏
given_name,成利
given_name,繁寿
given_name,繁俊
given_name,繁聡
given_name,繁年
given_name,繁利
given_name,茂寿
given_name,茂俊
given_name,茂智
given_name,茂年
given_name,茂敏
given_name,茂稔
given_name,茂利
given_name,誉考
given_name,誉俊
given_name,重富
given_name,成臣
given_name,滋友
given_name,重知
given_name,重智
given_name,重朋
given_name,誠朋
given_name,繁知
given_name,繁友
given_name,茂智
given_name,茂朝
given_name,茂豊
given_name,重尚
given_name,重直
given_name,成直
given_name,茂直
given_name,栄良
given_name,茂長
given_name,恵成
given_name,滋成
given_name,滋也
given_name,重哉
given_name,重成
given_name,重斉
given_name,繁成
given_name,繁也
given_name,茂順
given_name,茂也
given_name,誉也
given_name,栄信
given_name,恵史
given_name,恵信
given_name,滋延
given_name,滋信
given_name,樹信
given_name,樹宣
given_name,樹靖
given_name,重延
given_name,重喜
given_name,重伸
given_name,重信
given_name,重宣
given_name,重暢
given_name,成延
given_name,成昌
given_name,成伸
given_name,成信
given_name,成靖
given_name,成亘
given_name,盛伸
given_name,誠信
given_name,誠展
given_name,繁伸
given_name,繁信
given_name,茂延
given_name,茂喜
given_name,茂修
given_name,茂伸
given_name,茂信
given_name,茂宣
given_name,茂展
given_name,卯紀
given_name,栄典
given_name,栄範
given_name,栄倫
given_name,薫紀
given_name,恵則
given_name,恵哲
given_name,恵徳
given_name,慈典
given_name,滋紀
given_name,滋規
given_name,滋教
given_name,滋訓
given_name,滋成
given_name,滋則
given_name,滋智
given_name,滋典
given_name,樹紀
given_name,樹教
given_name,樹忠
given_name,樹典
given_name,樹範
given_name,重紀
given_name,重規
given_name,重教
given_name,重勲
given_name,重経
given_name,重憲
given_name,重孝
given_name,重宣
given_name,重則
given_name,重智
given_name,重典
given_name,重徳
given_name,重能
given_name,重範
given_name,重文
given_name,重論
given_name,臣規
given_name,臣里
given_name,成紀
given_name,成規
given_name,成記
given_name,成宜
given_name,成訓
given_name,成慶
given_name,成憲
given_name,成功
given_name,成準
given_name,成政
given_name,成則
given_name,成中
given_name,成哲
given_name,成典
given_name,成徳
given_name,成範
given_name,成文
given_name,成法
given_name,成里
given_name,成律
given_name,成倫
given_name,成礼
given_name,成論
given_name,盛記
given_name,盛憲
given_name,盛徳
given_name,徳重
given_name,篤慎
given_name,篤徳
given_name,繁紀
given_name,繁則
given_name,繁典
given_name,繁徳
given_name,繁範
given_name,繁法
given_name,繁禮
given_name,茂紀
given_name,茂記
given_name,茂宜
given_name,茂教
given_name,茂敬
given_name,茂憲
given_name,茂孝
given_name,茂宣
given_name,茂則
given_name,茂典
given_name,茂徳
given_name,茂能
given_name,茂範
given_name,茂法
given_name,茂八
given_name,栄晴
given_name,賀晴
given_name,薫晴
given_name,滋治
given_name,滋春
given_name,滋晴
given_name,芝栄
given_name,重治
given_name,重春
given_name,重晴
given_name,重陽
given_name,重和
given_name,成栄
given_name,成玄
given_name,成治
given_name,成春
given_name,成晴
given_name,繁治
given_name,繁春
given_name,繁晴
given_name,茂治
given_name,茂春
given_name,茂晴
given_name,維彦
given_name,滋公
given_name,滋比古
given_name,滋彦
given_name,樹彦
given_name,重彦
given_name,甚彦
given_name,成彦
given_name,誠彦
given_name,繁彦
given_name,茂彦
given_name,維久
given_name,薫久
given_name,恵央
given_name,恵久
given_name,滋久
given_name,重久
given_name,重寿
given_name,殖久
given_name,成久
given_name,誠久
given_name,繁久
given_name,茂久
given_name,茂寿
given_name,茂尚
given_name,茂壽
given_name,栄秀
given_name,重英
given_name,重秀
given_name,成秀
given_name,繁英
given_name,繁秀
given_name,茂英
given_name,茂秀
given_name,栄人
given_name,滋仁
given_name,樹人
given_name,重人
given_name,重仁
given_name,成人
given_name,成仁
given_name,盛人
given_name,盛仁
given_name,繁人
given_name,繁仁
given_name,茂人
given_name,茂仁
given_name,重衡
given_name,栄博
given_name,栄洋
given_name,薫弘
given_name,恵弘
given_name,慈広
given_name,滋寛
given_name,滋啓
given_name,滋宏
given_name,滋広
given_name,滋弘
given_name,滋泰
given_name,滋博
given_name,滋裕
given_name,樹弘
given_name,樹洋
given_name,重寛
given_name,重宏
given_name,重広
given_name,重弘
given_name,重浩
given_name,重紘
given_name,重大
given_name,重博
given_name,重裕
given_name,重洋
given_name,重廣
given_name,甚洋
given_name,成央
given_name,成完
given_name,成啓
given_name,成宏
given_name,成広
given_name,成弘
given_name,成浩
given_name,成周
given_name,成泰
given_name,成拓
given_name,成展
given_name,成博
given_name,成祐
given_name,成裕
given_name,成洋
given_name,盛広
given_name,盛浩
given_name,誠洋
given_name,繁寛
given_name,繁宏
given_name,繁広
given_name,繁弘
given_name,繁浩
given_name,繁博
given_name,繁洋
given_name,繁廣
given_name,茂央
given_name,茂寛
given_name,茂宏
given_name,茂広
given_name,茂弘
given_name,茂浩
given_name,茂大
given_name,茂拓
given_name,茂博
given_name,茂裕
given_name,茂洋
given_name,茂廣
given_name,誉大
given_name,林央
given_name,栄史
given_name,滋史
given_name,滋文
given_name,樹史
given_name,重史
given_name,重文
given_name,甚文
given_name,成史
given_name,成文
given_name,繁史
given_name,茂史
given_name,茂文
given_name,滋輔
given_name,栄正
given_name,薫正
given_name,至真
given_name,至眞
given_name,滋雅
given_name,滋将
given_name,滋正
given_name,重雅
given_name,重勝
given_name,重昌
given_name,重政
given_name,重正
given_name,重誠
given_name,成幹
given_name,成賢
given_name,成公
given_name,成将
given_name,成尚
given_name,成昌
given_name,成真
given_name,成政
given_name,成正
given_name,成優
given_name,盛雅
given_name,繁雅
given_name,繁昌
given_name,繁政
given_name,繁正
given_name,茂雅
given_name,茂将
given_name,茂昌
given_name,茂政
given_name,茂正
given_name,裕雅
given_name,誉昌
given_name,重磨
given_name,茂麿
given_name,茂己
given_name,滋道
given_name,樹道
given_name,重導
given_name,重道
given_name,篤道
given_name,栄光
given_name,滋光
given_name,重光
given_name,重充
given_name,重満
given_name,成光
given_name,成充
given_name,盛光
given_name,繁光
given_name,繁充
given_name,茂光
given_name,茂充
given_name,臣宗
given_name,成宗
given_name,重望
given_name,重茂
given_name,重元
given_name,重守
given_name,重盛
given_name,茂盛
given_name,慈也
given_name,滋也
given_name,滋弥
given_name,重哉
given_name,重也
given_name,重弥
given_name,成哉
given_name,成也
given_name,繁也
given_name,繁弥
given_name,茂哉
given_name,茂也
given_name,滋康
given_name,滋泰
given_name,樹保
given_name,重安
given_name,重庚
given_name,重康
given_name,重泰
given_name,重保
given_name,重靖
given_name,成恭
given_name,成康
given_name,成泰
given_name,成保
given_name,鎮靖
given_name,繁康
given_name,繁泰
given_name,繁保
given_name,繁靖
given_name,茂康
given_name,茂耕
given_name,茂泰
given_name,茂保
given_name,茂靖
given_name,誉康
given_name,維志
given_name,維之
given_name,卯起
given_name,栄幸
given_name,栄志
given_name,賀行
given_name,薫之
given_name,恵元
given_name,恵幸
given_name,恵之
given_name,恵由
given_name,慈之
given_name,滋元
given_name,滋幸
given_name,滋行
given_name,滋章
given_name,滋之
given_name,樹幸
given_name,樹至
given_name,樹髄
given_name,習之
given_name,重幸
given_name,重行
given_name,重雪
given_name,重如
given_name,重之
given_name,穣之
given_name,殖之
given_name,臣之
given_name,成往
given_name,成介
given_name,成幸
given_name,成行
given_name,成志
given_name,成章
given_name,成徹
given_name,成之
given_name,盛行
given_name,誠幸
given_name,誠行
given_name,誠之
given_name,董之
given_name,篤行
given_name,篤徹
given_name,繁幸
given_name,繁行
given_name,繁志
given_name,繁征
given_name,繁之
given_name,茂敬
given_name,茂幸
given_name,茂行
given_name,茂至
given_name,茂是
given_name,茂征
given_name,茂之
given_name,誉之
given_name,栄芳
given_name,薫可
given_name,滋義
given_name,滋吉
given_name,滋芳
given_name,重嘉
given_name,重義
given_name,重吉
given_name,重好
given_name,重善
given_name,重由
given_name,重良
given_name,成佳
given_name,成嘉
given_name,成介
given_name,成吉
given_name,成功
given_name,成好
given_name,成就
given_name,成祥
given_name,成善
given_name,成能
given_name,成芳
given_name,成良
given_name,盛義
given_name,盛祥
given_name,盛禄
given_name,誠芳
given_name,繁義
given_name,繁吉
given_name,繁慶
given_name,繁好
given_name,繁芳
given_name,茂佳
given_name,茂嘉
given_name,茂喜
given_name,茂宜
given_name,茂義
given_name,茂吉
given_name,茂慶
given_name,茂好
given_name,茂巧
given_name,茂尚
given_name,茂新
given_name,茂善
given_name,茂芳
given_name,茂良
given_name,晟能
given_name,重頼
given_name,茂
given_name,慈
given_name,滋
given_name,森
given_name,成
given_name,繁
given_name,茂
given_name,重朗
given_name,成郎
given_name,茂郎
given_name,志堅
given_name,次元
given_name,司弘
given_name,史巧
given_name,史行
given_name,史洸
given_name,嗣康
given_name,士弘
given_name,子耕
given_name,志光
given_name,志功
given_name,志宏
given_name,志巧
given_name,志耕
given_name,志行
given_name,志鋼
given_name,志香
given_name,志高
given_name,至孝
given_name,至宏
given_name,至弘
given_name,四三郎
given_name,治三郎
given_name,静昭
given_name,静明
given_name,志津夫
given_name,志津雄
given_name,慎夫
given_name,静男
given_name,静夫
given_name,静雄
given_name,静良
given_name,想生
given_name,鎮夫
given_name,鎮雄
given_name,鎭雄
given_name,靜男
given_name,靜夫
given_name,静喜
given_name,静紀
given_name,静輝
given_name,静樹
given_name,次助
given_name,静孝
given_name,静史
given_name,静人
given_name,静恵
given_name,静利
given_name,鎮伸
given_name,静法
given_name,静彦
given_name,静弘
given_name,静文
given_name,静真
given_name,静馬
given_name,静麻
given_name,静正
given_name,志瑞也
given_name,静哉
given_name,静也
given_name,鎮也
given_name,鎭矢
given_name,靜哉
given_name,靜弥
given_name,静泰
given_name,静之
given_name,鎮行
given_name,静佳
given_name,静義
given_name,静郎
given_name,志清
given_name,治生
given_name,児丹
given_name,七衛
given_name,七治郎
given_name,七太郎
given_name,七之助
given_name,七郎
given_name,志津男
given_name,志津夫
given_name,志津雄
given_name,実生
given_name,実男
given_name,実夫
given_name,実雄
given_name,志津雅
given_name,志津也
given_name,志都也
given_name,実郎
given_name,凌
given_name,偲
given_name,美則
given_name,柴三郎
given_name,司平
given_name,士平
given_name,志磨男
given_name,児夢
given_name,士明
given_name,示
given_name,史門
given_name,志門
given_name,清紋
given_name,寿一
given_name,樹一
given_name,壽一
given_name,主一郎
given_name,守一郎
given_name,朱一郎
given_name,寿一朗
given_name,寿一郎
given_name,樹一朗
given_name,壽一郎
given_name,珠生
given_name,収
given_name,周
given_name,宗
given_name,就
given_name,州
given_name,修
given_name,愁
given_name,秀
given_name,秋
given_name,衆
given_name,集
given_name,柊
given_name,收
given_name,脩
given_name,志有
given_name,充
given_name,縦
given_name,自由
given_name,収一
given_name,周一
given_name,宗一
given_name,就一
given_name,州一
given_name,修一
given_name,修市
given_name,愁一
given_name,秀伊知
given_name,秀一
given_name,秋一
given_name,衆一
given_name,俊一
given_name,崇一
given_name,透一
given_name,柊一
given_name,收一
given_name,充一
given_name,十一
given_name,重一
given_name,準一
given_name,周一朗
given_name,周一郎
given_name,宗一良
given_name,宗一郎
given_name,州一朗
given_name,州一郎
given_name,修一朗
given_name,修一郎
given_name,秀一朗
given_name,秀一郎
given_name,秀市郎
given_name,舟一郎
given_name,衆一郎
given_name,脩一朗
given_name,脩一郎
given_name,秀慧
given_name,秀英
given_name,修悦
given_name,修寛
given_name,修義
given_name,十吉
given_name,重吉
given_name,収吾
given_name,周吾
given_name,周悟
given_name,宗吾
given_name,宗悟
given_name,就五
given_name,州吾
given_name,修五
given_name,修吾
given_name,修悟
given_name,愁吾
given_name,秀互
given_name,秀吾
given_name,秀悟
given_name,充吾
given_name,崇吾
given_name,收吾
given_name,重吾
given_name,修興
given_name,秀光
given_name,舟行
given_name,重幸
given_name,重弘
given_name,重剛
given_name,周五郎
given_name,収作
given_name,周作
given_name,周策
given_name,宗作
given_name,宗朔
given_name,就作
given_name,州作
given_name,修作
given_name,修策
given_name,秀作
given_name,秀策
given_name,秀索
given_name,衆策
given_name,崇作
given_name,脩策
given_name,周三郎
given_name,秀三郎
given_name,修三郎
given_name,修史
given_name,秋思
given_name,浩司
given_name,収司
given_name,収志
given_name,収二
given_name,周司
given_name,周史
given_name,周嗣
given_name,周士
given_name,周志
given_name,周児
given_name,周次
given_name,周滋
given_name,周治
given_name,周而
given_name,周二
given_name,宗司
given_name,宗志
given_name,宗治
given_name,宗二
given_name,州司
given_name,州史
given_name,州士
given_name,州児
given_name,州治
given_name,修伺
given_name,修司
given_name,修史
given_name,修嗣
given_name,修士
given_name,修志
given_name,修至
given_name,修詩
given_name,修児
given_name,修慈
given_name,修次
given_name,修滋
given_name,修治
given_name,修爾
given_name,修示
given_name,修仁
given_name,修智
given_name,修二
given_name,修之
given_name,修吏
given_name,愁治
given_name,洲志
given_name,洲治
given_name,秀司
given_name,秀史
given_name,秀嗣
given_name,秀士
given_name,秀志
given_name,秀至
given_name,秀児
given_name,秀慈
given_name,秀次
given_name,秀治
given_name,秀爾
given_name,秀璽
given_name,秀示
given_name,秀仁
given_name,秀二
given_name,秀弐
given_name,秀路
given_name,秋司
given_name,秋爾
given_name,秋二
given_name,習志
given_name,習示
given_name,習二
given_name,舟志
given_name,舟二
given_name,衆司
given_name,衆治
given_name,衆示
given_name,祝嗣
given_name,祝詞
given_name,崇司
given_name,崇史
given_name,崇慈
given_name,崇二
given_name,柊二
given_name,柊路
given_name,收二
given_name,洙治
given_name,脩司
given_name,脩士
given_name,脩慈
given_name,脩二
given_name,修二
given_name,秀司
given_name,脩士郎
given_name,守二郎
given_name,周次朗
given_name,周次郎
given_name,周二郎
given_name,修次郎
given_name,修治郎
given_name,修二朗
given_name,修二郎
given_name,秀次郎
given_name,秀二郎
given_name,優二郎
given_name,脩司朗
given_name,重四郎
given_name,重志郎
given_name,寿次郎
given_name,秀仁
given_name,収輔
given_name,周右
given_name,周介
given_name,周助
given_name,周典
given_name,周輔
given_name,周佑
given_name,周祐
given_name,周亮
given_name,宗右
given_name,宗佑
given_name,宗祐
given_name,就介
given_name,修介
given_name,修助
given_name,修典
given_name,修伴
given_name,修輔
given_name,修佑
given_name,修祐
given_name,修裕
given_name,修亮
given_name,秀允
given_name,秀介
given_name,秀昌
given_name,秀典
given_name,秀輔
given_name,秀佑
given_name,秀祐
given_name,秀亮
given_name,秋佑
given_name,衆亮
given_name,集介
given_name,集友
given_name,崇介
given_name,崇輔
given_name,嵩祐
given_name,柊介
given_name,脩介
given_name,脩輔
given_name,脩祐
given_name,周星
given_name,修成
given_name,秀世
given_name,秀征
given_name,秀成
given_name,秀星
given_name,秀清
given_name,秀生
given_name,秀誠
given_name,秋生
given_name,修雪
given_name,収三
given_name,周三
given_name,周蔵
given_name,周造
given_name,州三
given_name,修三
given_name,修蔵
given_name,修造
given_name,秀三
given_name,秀蔵
given_name,秀造
given_name,衆三
given_name,集造
given_name,脩三
given_name,十蔵
given_name,重三
given_name,重藏
given_name,収太
given_name,収大
given_name,周太
given_name,周大
given_name,就太
given_name,修太
given_name,修大
given_name,秀多
given_name,秀太
given_name,衆太
given_name,集太
given_name,充汰
given_name,峻大
given_name,柊太
given_name,脩太
given_name,重太
given_name,周大
given_name,脩大
given_name,十大
given_name,周太朗
given_name,周太郎
given_name,周大郎
given_name,宗太郎
given_name,州太郎
given_name,修太朗
given_name,修太郎
given_name,秀太郎
given_name,週太郎
given_name,脩太郎
given_name,十太郎
given_name,柔太郎
given_name,重太朗
given_name,重太郎
given_name,修人
given_name,修斗
given_name,修都
given_name,修翔
given_name,愁人
given_name,秀人
given_name,秀斗
given_name,秋人
given_name,崇人
given_name,嵩人
given_name,柊人
given_name,柊斗
given_name,翔斗
given_name,脩人
given_name,脩仁
given_name,修道
given_name,秀道
given_name,周大
given_name,重之進
given_name,収平
given_name,周兵
given_name,周平
given_name,宗平
given_name,就平
given_name,州平
given_name,修兵
given_name,修平
given_name,愁平
given_name,秀兵
given_name,秀平
given_name,秋平
given_name,舟平
given_name,衆平
given_name,集平
given_name,充平
given_name,崇平
given_name,嵩平
given_name,青木
given_name,柊平
given_name,脩平
given_name,重平
given_name,宗邦
given_name,秀峯
given_name,周真
given_name,周馬
given_name,周摩
given_name,周磨
given_name,州摩
given_name,修摩
given_name,秀真
given_name,秀馬
given_name,秀磨
given_name,崇馬
given_name,柊馬
given_name,秋梅
given_name,収也
given_name,周哉
given_name,周也
given_name,周弥
given_name,宗哉
given_name,宗也
given_name,修哉
given_name,修也
given_name,修弥
given_name,修彌
given_name,秀哉
given_name,秀也
given_name,秀耶
given_name,秀弥
given_name,嵩也
given_name,柊也
given_name,柊耶
given_name,脩也
given_name,脩弥
given_name,秋陽
given_name,秀郎
given_name,充朗
given_name,十朗
given_name,十郎
given_name,重郎
given_name,修六
given_name,肇祺
given_name,至誠
given_name,寿太朗
given_name,寿太郎
given_name,主門
given_name,樹蘭
given_name,俊
given_name,峻
given_name,春
given_name,瞬
given_name,竣
given_name,舜
given_name,駿
given_name,旬
given_name,絢
given_name,准
given_name,旬
given_name,淳
given_name,準
given_name,潤
given_name,純
given_name,巡
given_name,遵
given_name,順
given_name,惇
given_name,隼
given_name,洵
given_name,諄
given_name,俊一
given_name,俊壱
given_name,俊市
given_name,峻一
given_name,春一
given_name,瞬一
given_name,竣一
given_name,舜一
given_name,駿一
given_name,旬一
given_name,純一
given_name,順一
given_name,隼一
given_name,悛一
given_name,俊一
given_name,絢一
given_name,准一
given_name,循一
given_name,旬一
given_name,淳一
given_name,淳逸
given_name,淳市
given_name,淳至
given_name,淳智
given_name,準一
given_name,潤一
given_name,潤市
given_name,盾一
given_name,純一
given_name,純逸
given_name,純市
given_name,遵一
given_name,順一
given_name,惇一
given_name,隼一
given_name,凖一
given_name,壽一
given_name,洵一
given_name,洵市
given_name,諄一
given_name,俊一郎
given_name,俊一朗
given_name,俊一郎
given_name,俊市郎
given_name,峻一郎
given_name,春一郎
given_name,舜一郎
given_name,駿一郎
given_name,絢一郎
given_name,准一郎
given_name,旬一郎
given_name,淳一朗
given_name,淳一郎
given_name,準一朗
given_name,準一郎
given_name,潤一朗
given_name,潤一郎
given_name,純一朗
given_name,純一郎
given_name,純市郎
given_name,順一朗
given_name,順一郎
given_name,惇一郎
given_name,隼一朗
given_name,隼一郎
given_name,隼市郎
given_name,洵一朗
given_name,詢一郎
given_name,淳一郎
given_name,潤一郎
given_name,峻樹
given_name,瞬輝
given_name,純輝
given_name,惇基
given_name,隼基
given_name,俊吉
given_name,駿吉
given_name,准吉
given_name,潤吉
given_name,純吉
given_name,順吉
given_name,俊五
given_name,俊伍
given_name,俊吾
given_name,俊悟
given_name,峻伍
given_name,峻吾
given_name,峻悟
given_name,春吾
given_name,駿伍
given_name,駿吾
given_name,隼伍
given_name,隼吾
given_name,旬吾
given_name,淳吾
given_name,淳悟
given_name,潤吾
given_name,潤悟
given_name,純吾
given_name,順悟
given_name,隼伍
given_name,隼吾
given_name,俊作
given_name,俊策
given_name,俊索
given_name,峻作
given_name,瞬作
given_name,駿作
given_name,淳作
given_name,潤作
given_name,俊三郎
given_name,俊司
given_name,俊士
given_name,俊志
given_name,俊至
given_name,俊児
given_name,俊慈
given_name,俊次
given_name,俊治
given_name,俊自
given_name,俊寿
given_name,俊二
given_name,峻司
given_name,峻志
given_name,峻爾
given_name,峻地
given_name,峻二
given_name,春司
given_name,春児
given_name,春次
given_name,春二
given_name,瞬次
given_name,瞬二
given_name,舜二
given_name,駿司
given_name,駿士
given_name,駿児
given_name,駿二
given_name,隼士
given_name,隼二
given_name,准司
given_name,准史
given_name,准嗣
given_name,准治
given_name,准二
given_name,旬司
given_name,旬二
given_name,淳司
given_name,淳史
given_name,淳嗣
given_name,淳士
given_name,淳志
given_name,淳至
given_name,淳児
given_name,淳慈
given_name,淳次
given_name,淳滋
given_name,淳治
given_name,淳爾
given_name,淳示
given_name,淳仁
given_name,淳二
given_name,淳之
given_name,淳吏
given_name,準司
given_name,準士
given_name,準治
given_name,準示
given_name,準二
given_name,潤司
given_name,潤史
given_name,潤士
given_name,潤志
given_name,潤児
given_name,潤次
given_name,潤治
given_name,潤人
given_name,潤仁
given_name,潤二
given_name,純司
given_name,純史
given_name,純嗣
given_name,純士
given_name,純志
given_name,純児
given_name,純慈
given_name,純次
given_name,純滋
given_name,純治
given_name,純爾
given_name,純示
given_name,純二
given_name,純之
given_name,純路
given_name,遵志
given_name,遵二
given_name,順司
given_name,順史
given_name,順嗣
given_name,順士
given_name,順志
given_name,順詞
given_name,順次
given_name,順滋
given_name,順治
given_name,順就
given_name,順二
given_name,順之
given_name,順路
given_name,惇司
given_name,惇史
given_name,惇士
given_name,惇二
given_name,隼司
given_name,隼史
given_name,隼次
given_name,隼弐
given_name,樋口
given_name,洵史
given_name,順章
given_name,俊次郎
given_name,俊治郎
given_name,俊二郎
given_name,峻次郎
given_name,峻二郎
given_name,淳士郎
given_name,潤史郎
given_name,純司郎
given_name,順四郎
given_name,旬二郎
given_name,淳次郎
given_name,淳二郎
given_name,準二郎
given_name,潤司郎
given_name,潤次郎
given_name,潤治郎
given_name,潤二郎
given_name,純次郎
given_name,純二郎
given_name,順次郎
given_name,順二朗
given_name,順二郎
given_name,淳臣
given_name,潤心
given_name,絢介
given_name,俊右
given_name,俊介
given_name,俊喜
given_name,俊賛
given_name,俊資
given_name,俊助
given_name,俊典
given_name,俊督
given_name,俊甫
given_name,俊輔
given_name,俊佑
given_name,俊祐
given_name,俊裕
given_name,俊亮
given_name,峻介
given_name,峻資
given_name,峻典
given_name,峻輔
given_name,峻佑
given_name,峻祐
given_name,峻亮
given_name,春介
given_name,春輔
given_name,春祐
given_name,瞬介
given_name,瞬輔
given_name,瞬亮
given_name,竣介
given_name,舜右
given_name,舜介
given_name,舜友
given_name,駿允
given_name,駿介
given_name,駿助
given_name,駿典
given_name,駿輔
given_name,駿佑
given_name,駿友
given_name,駿祐
given_name,駿亮
given_name,隼介
given_name,隼助
given_name,隼典
given_name,隼輔
given_name,隼佑
given_name,隼祐
given_name,隼亮
given_name,旬右
given_name,殉輔
given_name,淳介
given_name,淳輔
given_name,淳佑
given_name,淳祐
given_name,淳亮
given_name,準佑
given_name,潤介
given_name,純介
given_name,純輔
given_name,順介
given_name,順将
given_name,順輔
given_name,順亮
given_name,惇介
given_name,惇亮
given_name,春星
given_name,幸輝
given_name,淳世
given_name,遵正
given_name,俊三
given_name,俊造
given_name,舜造
given_name,淳三
given_name,淳蔵
given_name,準三
given_name,潤三
given_name,潤蔵
given_name,盾三
given_name,純三
given_name,純造
given_name,順三
given_name,順蔵
given_name,順造
given_name,俊太
given_name,峻太
given_name,峻大
given_name,瞬太
given_name,竣大
given_name,舜太
given_name,駿太
given_name,駿汰
given_name,旬太
given_name,隼太
given_name,絢太
given_name,旬太
given_name,淳多
given_name,淳太
given_name,潤太
given_name,純太
given_name,順太
given_name,順大
given_name,惇太
given_name,隼太
given_name,俊太朗
given_name,俊太郎
given_name,峻太朗
given_name,峻太郎
given_name,瞬太郎
given_name,竣太郎
given_name,舜太郎
given_name,駿多朗
given_name,駿太朗
given_name,駿太郎
given_name,隼太郎
given_name,准太郎
given_name,淳太郎
given_name,潤太郎
given_name,純太郎
given_name,順太朗
given_name,順太郎
given_name,惇太郎
given_name,隼太郎
given_name,春兆
given_name,俊道
given_name,俊之介
given_name,俊之輔
given_name,駿之介
given_name,駿之輔
given_name,絢之介
given_name,旬之介
given_name,淳之介
given_name,淳之助
given_name,淳之輔
given_name,淳之祐
given_name,準乃典
given_name,準之介
given_name,準之助
given_name,準之輔
given_name,潤之介
given_name,潤之輔
given_name,純之介
given_name,純之助
given_name,順之介
given_name,順之助
given_name,順之輔
given_name,順之祐
given_name,洵之介
given_name,潤八
given_name,絢平
given_name,俊兵
given_name,俊平
given_name,峻平
given_name,春平
given_name,瞬平
given_name,駿平
given_name,旬平
given_name,隼平
given_name,淳平
given_name,純平
given_name,絢平
given_name,准平
given_name,旬平
given_name,淳平
given_name,準平
given_name,潤平
given_name,純兵
given_name,純平
given_name,遵平
given_name,順平
given_name,惇平
given_name,隼平
given_name,洵平
given_name,俊馬
given_name,駿馬
given_name,俊哉
given_name,俊也
given_name,峻矢
given_name,竣也
given_name,駿野
given_name,駿弥
given_name,隼也
given_name,絢哉
given_name,准也
given_name,淳哉
given_name,淳也
given_name,準也
given_name,潤哉
given_name,潤也
given_name,純哉
given_name,純也
given_name,純弥
given_name,純矢
given_name,純彌
given_name,遵也
given_name,順哉
given_name,順也
given_name,順弥
given_name,惇哉
given_name,惇也
given_name,惇矢
given_name,隼哉
given_name,隼也
given_name,隼弥
given_name,隼矢
given_name,凖也
given_name,洵哉
given_name,洵也
given_name,詢也
given_name,諄也
given_name,潤郎
given_name,序惟
given_name,勝
given_name,匠
given_name,唱
given_name,奨
given_name,将
given_name,尚
given_name,彰
given_name,承
given_name,掌
given_name,捷
given_name,昇
given_name,昌
given_name,晶
given_name,渉
given_name,省
given_name,祥
given_name,章
given_name,証
given_name,詳
given_name,鍾
given_name,征
given_name,星
given_name,憧
given_name,翼
given_name,翔
given_name,紫陽
given_name,上
given_name,丈
given_name,丞
given_name,城
given_name,壌
given_name,浄
given_name,穣
given_name,譲
given_name,錠
given_name,舒羽
given_name,襄
given_name,讓
given_name,昇緯
given_name,翔偉
given_name,翔弥
given_name,勝一
given_name,勝市
given_name,匠一
given_name,匠壱
given_name,升一
given_name,商一
given_name,唱一
given_name,奨一
given_name,将一
given_name,尚一
given_name,尚市
given_name,庄一
given_name,彰一
given_name,承一
given_name,捷一
given_name,昇一
given_name,昇市
given_name,昌一
given_name,昌市
given_name,昭一
given_name,晶一
given_name,松一
given_name,渉一
given_name,照一
given_name,省一
given_name,礁一
given_name,祥一
given_name,祥市
given_name,章一
given_name,章市
given_name,紹一
given_name,肖一
given_name,証一
given_name,詔一
given_name,詳一
given_name,象一
given_name,賞一
given_name,鍾一
given_name,鐘一
given_name,正一
given_name,正壱
given_name,正市
given_name,生一
given_name,精一
given_name,聖一
given_name,將一
given_name,笙一
given_name,翔一
given_name,丈一
given_name,浄壱
given_name,穣一
given_name,譲一
given_name,錠一
given_name,攘一
given_name,讓一
given_name,勝一朗
given_name,勝一郎
given_name,匠一朗
given_name,将一郎
given_name,尚一郎
given_name,庄一朗
given_name,庄一郎
given_name,彰一朗
given_name,彰一郎
given_name,掌一朗
given_name,昇一郎
given_name,昌一郎
given_name,昭一朗
given_name,昭一郎
given_name,晶一朗
given_name,晶一郎
given_name,松一郎
given_name,梢一郎
given_name,照一朗
given_name,省一郎
given_name,祥一朗
given_name,祥一郎
given_name,章一朗
given_name,章一郎
given_name,紹一郎
given_name,蕉一郎
given_name,象一郎
given_name,鐘一郎
given_name,正一郎
given_name,生一郎
given_name,聖一郎
given_name,荘市郎
given_name,敞一郎
given_name,翔一朗
given_name,翔一郎
given_name,丈一郎
given_name,城一郎
given_name,昌英
given_name,昭栄
given_name,翔栄
given_name,頌詠
given_name,正悦
given_name,彰己
given_name,昭喜
given_name,渉希
given_name,翔紀
given_name,翔貴
given_name,勝吉
given_name,将吉
given_name,昌吉
given_name,昭吉
given_name,祥吉
given_name,章吉
given_name,鍾吉
given_name,鐘吉
given_name,正吉
given_name,丈吉
given_name,昭吉郎
given_name,祥九郎
given_name,将賢
given_name,勝伍
given_name,勝吾
given_name,勝悟
given_name,匠剛
given_name,奨吾
given_name,奨悟
given_name,将五
given_name,将伍
given_name,将呉
given_name,将吾
given_name,将悟
given_name,尚郷
given_name,尚吾
given_name,尚悟
given_name,庄吾
given_name,庄悟
given_name,彰吾
given_name,彰悟
given_name,彰護
given_name,承吾
given_name,捷吾
given_name,昇午
given_name,昇吾
given_name,昇悟
given_name,昇剛
given_name,昌吾
given_name,昌悟
given_name,昭五
given_name,昭伍
given_name,昭吾
given_name,昭悟
given_name,昭語
given_name,晶吾
given_name,晶悟
given_name,松吾
given_name,松悟
given_name,渉吾
given_name,渉悟
given_name,照悟
given_name,照護
given_name,省互
given_name,省伍
given_name,省午
given_name,省吾
given_name,省悟
given_name,祥五
given_name,祥伍
given_name,祥吾
given_name,祥悟
given_name,祥護
given_name,祥紘
given_name,章五
given_name,章互
given_name,章伍
given_name,章吾
given_name,章悟
given_name,章鋼
given_name,衝吾
given_name,詔吾
given_name,詔悟
given_name,詳悟
given_name,象吾
given_name,鍾期
given_name,鐘吾
given_name,鐘悟
given_name,崇悟
given_name,征吾
given_name,征悟
given_name,政吾
given_name,政悟
given_name,正伍
given_name,正午
given_name,正吾
given_name,正悟
given_name,正剛
given_name,生五
given_name,聖吾
given_name,聖悟
given_name,誠悟
given_name,壮吾
given_name,荘吾
given_name,荘悟
given_name,藤吾
given_name,隼吾
given_name,將吾
given_name,將護
given_name,將豪
given_name,笙悟
given_name,翔強
given_name,翔伍
given_name,翔吾
given_name,翔悟
given_name,翔梧
given_name,蕭吾
given_name,頌吾
given_name,頌悟
given_name,翔昊
given_name,正業
given_name,尚吾郎
given_name,庄五郎
given_name,祥悟朗
given_name,将作
given_name,将策
given_name,昇作
given_name,昌作
given_name,昭作
given_name,省作
given_name,祥作
given_name,祥策
given_name,章作
given_name,象策
given_name,正作
given_name,正策
given_name,荘作
given_name,穣作
given_name,章三郎
given_name,鐘三郎
given_name,正三郎
given_name,庄三郎
given_name,彰三郎
given_name,昭三郎
given_name,祥三郎
given_name,章三郎
given_name,正三郎
given_name,翔三郎
given_name,城三郎
given_name,晃二
given_name,勝司
given_name,勝次
given_name,勝治
given_name,勝二
given_name,匠志
given_name,唱次
given_name,奨士
given_name,奨治
given_name,奨二
given_name,将司
given_name,将史
given_name,将士
given_name,将志
given_name,将児
given_name,将次
given_name,将治
given_name,将二
given_name,将之
given_name,将吏
given_name,尚司
given_name,尚史
given_name,尚嗣
given_name,尚士
given_name,尚志
given_name,尚思
given_name,尚次
given_name,尚治
given_name,尚爾
given_name,尚仁
given_name,尚二
given_name,庄司
given_name,庄史
given_name,庄嗣
given_name,庄志
given_name,庄次
given_name,庄治
given_name,庄二
given_name,彰司
given_name,彰史
given_name,彰士
given_name,彰志
given_name,彰次
given_name,彰治
given_name,彰示
given_name,彰二
given_name,掌二
given_name,昇司
given_name,昇史
given_name,昇嗣
given_name,昇士
given_name,昇志
given_name,昇児
given_name,昇次
given_name,昇治
given_name,昇二
given_name,昌司
given_name,昌史
given_name,昌嗣
given_name,昌志
given_name,昌児
given_name,昌次
given_name,昌治
given_name,昌二
given_name,昭司
given_name,昭士
given_name,昭志
given_name,昭詞
given_name,昭次
given_name,昭治
given_name,昭爾
given_name,昭示
given_name,昭寿
given_name,昭仁
given_name,昭知
given_name,昭智
given_name,昭二
given_name,昭之
given_name,晶司
given_name,晶士
given_name,晶治
given_name,晶二
given_name,松司
given_name,松次
given_name,松二
given_name,渉司
given_name,渉士
given_name,渉至
given_name,渉二
given_name,湘次
given_name,照司
given_name,照治
given_name,照二
given_name,省司
given_name,省志
given_name,省侍
given_name,省次
given_name,省治
given_name,省爾
given_name,省二
given_name,祥司
given_name,祥史
given_name,祥嗣
given_name,祥士
given_name,祥志
given_name,祥詞
given_name,祥資
given_name,祥児
given_name,祥慈
given_name,祥次
given_name,祥治
given_name,祥爾
given_name,祥磁
given_name,祥示
given_name,祥二
given_name,祥之
given_name,章司
given_name,章史
given_name,章嗣
given_name,章士
given_name,章志
given_name,章氏
given_name,章時
given_name,章次
given_name,章治
given_name,章二
given_name,章之
given_name,肖史
given_name,肖嗣
given_name,詔司
given_name,詳司
given_name,詳士
given_name,詳二
given_name,象司
given_name,鉦治
given_name,鐘志
given_name,鐘二
given_name,丞治
given_name,征司
given_name,征治
given_name,政司
given_name,正司
given_name,正嗣
given_name,正士
given_name,正志
given_name,正詞
given_name,正慈
given_name,正次
given_name,正治
given_name,正二
given_name,正路
given_name,生司
given_name,聖司
given_name,聖児
given_name,聖治
given_name,聖二
given_name,壮司
given_name,相治
given_name,荘司
given_name,荘寿
given_name,荘二
given_name,劭司
given_name,將司
given_name,將治
given_name,翔司
given_name,翔史
given_name,翔嗣
given_name,翔士
given_name,翔志
given_name,翔氏
given_name,翔治
given_name,翔自
given_name,翔二
given_name,昇治
given_name,祥司
given_name,祥史
given_name,上治
given_name,丈司
given_name,丈史
given_name,丈嗣
given_name,丈士
given_name,丈志
given_name,丈児
given_name,丈慈
given_name,丈次
given_name,丈治
given_name,丈爾
given_name,丈二
given_name,丈路
given_name,丞司
given_name,丞士
given_name,丞治
given_name,丞二
given_name,乗次
given_name,城司
given_name,城史
given_name,城士
given_name,城児
given_name,城慈
given_name,城次
given_name,城治
given_name,城二
given_name,城冶
given_name,壌治
given_name,壌二
given_name,常司
given_name,常氏
given_name,常治
given_name,条児
given_name,条二
given_name,条路
given_name,浄司
given_name,浄次
given_name,浄治
given_name,浄二
given_name,穣司
given_name,穣士
given_name,穣志
given_name,穣慈
given_name,穣次
given_name,穣治
given_name,穣爾
given_name,穣二
given_name,譲司
given_name,譲史
given_name,譲嗣
given_name,譲士
given_name,譲志
given_name,譲児
given_name,譲慈
given_name,譲次
given_name,譲治
given_name,譲二
given_name,譲冶
given_name,錠司
given_name,錠史
given_name,錠嗣
given_name,錠児
given_name,錠治
given_name,錠二
given_name,成司
given_name,成二
given_name,誠司
given_name,誠志
given_name,誠慈
given_name,静二
given_name,貞治
given_name,定二
given_name,靖二
given_name,洋二
given_name,仗樹
given_name,條治
given_name,穰司
given_name,穰二
given_name,襄二
given_name,讓史
given_name,讓治
given_name,讓二
given_name,昭七郎
given_name,正淑
given_name,昭四郎
given_name,匠次朗
given_name,唱次郎
given_name,奨二郎
given_name,将史郎
given_name,将士郎
given_name,将次郎
given_name,将治郎
given_name,将二郎
given_name,尚次郎
given_name,尚二朗
given_name,尚二郎
given_name,庄次郎
given_name,庄二郎
given_name,彰治郎
given_name,彰二郎
given_name,承司郎
given_name,昇次朗
given_name,昇二郎
given_name,昌次郎
given_name,昌二郎
given_name,昭次郎
given_name,昭治郎
given_name,昭二郎
given_name,晶次郎
given_name,晶二郎
given_name,松次郎
given_name,照二郎
given_name,省二朗
given_name,省二郎
given_name,祥士郎
given_name,祥志朗
given_name,祥次郎
given_name,祥二朗
given_name,祥二郎
given_name,章司郎
given_name,章仁郎
given_name,章二朗
given_name,章二郎
given_name,詔次郎
given_name,象二郎
given_name,鐘二朗
given_name,正史郎
given_name,正次郎
given_name,正治朗
given_name,正治郎
given_name,正二郎
given_name,將二朗
given_name,敞二郎
given_name,晟次郎
given_name,翔次郎
given_name,翔二郎
given_name,壌二郎
given_name,正信
given_name,匠人
given_name,勝亮
given_name,奨介
given_name,将介
given_name,将亮
given_name,尚介
given_name,庄介
given_name,庄助
given_name,庄輔
given_name,庄佑
given_name,庄祐
given_name,彰介
given_name,彰祐
given_name,彰亮
given_name,昇介
given_name,昇輔
given_name,昌介
given_name,昌資
given_name,昌佑
given_name,昭介
given_name,昭輔
given_name,晶亮
given_name,省介
given_name,省祐
given_name,祥介
given_name,祥輔
given_name,祥佑
given_name,章介
given_name,章丞
given_name,章輔
given_name,賞介
given_name,正介
given_name,正助
given_name,正典
given_name,荘佑
given_name,將介
given_name,翔介
given_name,翔亮
given_name,丈介
given_name,丈助
given_name,丈輔
given_name,城介
given_name,浄介
given_name,穣介
given_name,穣輔
given_name,譲輔
given_name,尚省
given_name,彰誠
given_name,章生
given_name,鐘成
given_name,翔星
given_name,勝三
given_name,勝蔵
given_name,匠造
given_name,升三
given_name,奨三
given_name,将三
given_name,将象
given_name,将蔵
given_name,将造
given_name,尚三
given_name,尚造
given_name,尚藏
given_name,庄三
given_name,庄蔵
given_name,彰三
given_name,彰造
given_name,昇三
given_name,昇蔵
given_name,昇造
given_name,昌三
given_name,昌蔵
given_name,昌造
given_name,昭三
given_name,昭蔵
given_name,昭造
given_name,晶三
given_name,松造
given_name,照造
given_name,省三
given_name,省蔵
given_name,省造
given_name,祥三
given_name,祥造
given_name,章三
given_name,章造
given_name,肖像
given_name,象三
given_name,政三
given_name,正三
given_name,正象
given_name,正蔵
given_name,正造
given_name,正藏
given_name,生三
given_name,壮三
given_name,荘三
given_name,翔三
given_name,庄三
given_name,昭三
given_name,省三
given_name,祥造
given_name,正造
given_name,勝太
given_name,勝大
given_name,匠太
given_name,匠汰
given_name,匠大
given_name,升太
given_name,商太
given_name,将太
given_name,将汰
given_name,将大
given_name,尚太
given_name,尚大
given_name,庄太
given_name,庄汰
given_name,彰太
given_name,承大
given_name,抄太
given_name,捷太
given_name,昇太
given_name,昇汰
given_name,昇大
given_name,昌太
given_name,昌汰
given_name,昌大
given_name,昭太
given_name,昭汰
given_name,昭大
given_name,晶太
given_name,梢太
given_name,渉太
given_name,照太
given_name,省太
given_name,祥太
given_name,祥大
given_name,称太
given_name,章太
given_name,象太
given_name,鐘太
given_name,星太
given_name,正太
given_name,正大
given_name,生太
given_name,盛太
given_name,聖太
given_name,聖汰
given_name,聖大
given_name,將太
given_name,翔詩
given_name,翔匠
given_name,翔太
given_name,翔汰
given_name,翔大
given_name,頌太
given_name,丈太
given_name,丞太
given_name,城太
given_name,浄太
given_name,穣太
given_name,譲太
given_name,翔大
given_name,頌大
given_name,勝太朗
given_name,勝太郎
given_name,匠太郎
given_name,奨太郎
given_name,将太朗
given_name,将太郎
given_name,小太郎
given_name,尚太郎
given_name,庄太郎
given_name,彰太郎
given_name,承太郎
given_name,昇太郎
given_name,昌多朗
given_name,昌太朗
given_name,昌太郎
given_name,昌大郎
given_name,昭太朗
given_name,昭太郎
given_name,晶太郎
given_name,松太郎
given_name,渉太郎
given_name,照太郎
given_name,省太郎
given_name,礁太郎
given_name,祥多郎
given_name,祥太朗
given_name,祥太郎
given_name,祥大朗
given_name,章太朗
given_name,章太郎
given_name,詳太郎
given_name,象太郎
given_name,鐘太郎
given_name,正太朗
given_name,正太郎
given_name,清太郎
given_name,生太郎
given_name,荘太朗
given_name,將太朗
given_name,將太郎
given_name,翔多郎
given_name,翔太朗
given_name,翔太郎
given_name,翔汰郎
given_name,翔大朗
given_name,翔大郎
given_name,承太郎
given_name,丈太郎
given_name,丞太郎
given_name,城太朗
given_name,城太郎
given_name,常太郎
given_name,浄太郎
given_name,穣太郎
given_name,譲太郎
given_name,成多朗
given_name,成太郎
given_name,條太郎
given_name,鐘哲
given_name,淑典
given_name,昇人
given_name,渉人
given_name,丞冬
given_name,憧人
given_name,翔人
given_name,翔斗
given_name,祥東
given_name,昌道
given_name,祥道
given_name,勝楠
given_name,将之介
given_name,昇之助
given_name,祥乃介
given_name,祥之介
given_name,聖之助
given_name,翔乃介
given_name,翔之介
given_name,翔日
given_name,渚平
given_name,勝平
given_name,匠平
given_name,奨平
given_name,将兵
given_name,将平
given_name,尚平
given_name,庄平
given_name,彰平
given_name,承平
given_name,捷平
given_name,昇平
given_name,昌兵
given_name,昌平
given_name,昭兵
given_name,昭平
given_name,晶平
given_name,梢平
given_name,渉平
given_name,照平
given_name,省平
given_name,祥兵
given_name,祥平
given_name,章平
given_name,紹平
given_name,肖平
given_name,菖平
given_name,詔平
given_name,詳平
given_name,象平
given_name,鐘平
given_name,丞平
given_name,征平
given_name,星兵
given_name,星平
given_name,正平
given_name,聖平
given_name,荘平
given_name,憧平
given_name,奬平
given_name,將平
given_name,笙平
given_name,翔平
given_name,頌平
given_name,昌平
given_name,松平
given_name,照平
given_name,祥平
given_name,翔平
given_name,将真
given_name,将馬
given_name,尚真
given_name,庄真
given_name,庄馬
given_name,彰馬
given_name,昇真
given_name,祥馬
given_name,聖真
given_name,翔真
given_name,翔馬
given_name,奨也
given_name,将也
given_name,彰也
given_name,昌也
given_name,昭也
given_name,祥哉
given_name,祥矢
given_name,聖也
given_name,聖矢
given_name,翔哉
given_name,翔也
given_name,翔弥
given_name,翔矢
given_name,情也
given_name,昇陽
given_name,松陽
given_name,勝利
given_name,翔理
given_name,昇朗
given_name,序晩
given_name,如音
given_name,志永
given_name,芝然
given_name,芝涓
given_name,智永
given_name,智詠
given_name,智妍
given_name,智暎
given_name,路留
given_name,記
given_name,士礼
given_name,子玲
given_name,紫伶
given_name,司朗
given_name,司郎
given_name,史朗
given_name,史郎
given_name,嗣朗
given_name,嗣郎
given_name,四朗
given_name,四郎
given_name,士朗
given_name,士郎
given_name,姿郎
given_name,師朗
given_name,志朗
given_name,志郎
given_name,思郎
given_name,支朗
given_name,紫朗
given_name,紫郎
given_name,至朗
given_name,至郎
given_name,詞郎
given_name,詩朗
given_name,詩郎
given_name,資朗
given_name,資郎
given_name,賜郎
given_name,之朗
given_name,嗣郎
given_name,慈朗
given_name,慈郎
given_name,次朗
given_name,次郎
given_name,滋朗
given_name,滋郎
given_name,治朗
given_name,治郎
given_name,磁朗
given_name,磁郎
given_name,示朗
given_name,示郎
given_name,仁朗
given_name,仁郎
given_name,二朗
given_name,二郎
given_name,城一
given_name,城和
given_name,城之
given_name,伸
given_name,信
given_name,心
given_name,慎
given_name,新
given_name,晋
given_name,榛
given_name,真
given_name,神
given_name,進
given_name,辰
given_name,愼
given_name,晨
given_name,眞
given_name,仁
given_name,尋
given_name,甚
given_name,迅
given_name,陣
given_name,辰
given_name,欣怡
given_name,伸一
given_name,伸市
given_name,伸壹
given_name,信一
given_name,信壱
given_name,信逸
given_name,信史
given_name,信市
given_name,審一
given_name,心一
given_name,慎一
given_name,慎市
given_name,振一
given_name,新一
given_name,新市
given_name,晋一
given_name,晋市
given_name,真一
given_name,真市
given_name,紳一
given_name,進一
given_name,進市
given_name,清一
given_name,辰一
given_name,辰市
given_name,鎮一
given_name,津一
given_name,普一
given_name,槙一
given_name,岑一
given_name,愼一
given_name,眞一
given_name,眞市
given_name,仁一
given_name,甚一
given_name,陣一
given_name,臣一郎
given_name,伸一朗
given_name,伸一郎
given_name,信一朗
given_name,信一郎
given_name,心一郎
given_name,慎一朗
given_name,慎一郎
given_name,慎市郎
given_name,振一朗
given_name,振一郎
given_name,新一朗
given_name,新一郎
given_name,晋一朗
given_name,晋一郎
given_name,森一郎
given_name,真一朗
given_name,真一郎
given_name,真市朗
given_name,真市郎
given_name,紳一朗
given_name,紳一郎
given_name,臣一郎
given_name,親一朗
given_name,親一郎
given_name,進一朗
given_name,進一郎
given_name,清一郎
given_name,辰一郎
given_name,槙一郎
given_name,愼一朗
given_name,愼一郎
given_name,眞一郎
given_name,槇一郎
given_name,仁一郎
given_name,甚一朗
given_name,甚一郎
given_name,甚市郎
given_name,真悦
given_name,真我
given_name,伸吉
given_name,信吉
given_name,慎吉
given_name,新吉
given_name,晋吉
given_name,真吉
given_name,進吉
given_name,信吉郎
given_name,伸五
given_name,伸互
given_name,伸伍
given_name,伸吾
given_name,伸悟
given_name,信五
given_name,信伍
given_name,信吾
given_name,信悟
given_name,心吾
given_name,心悟
given_name,慎五
given_name,慎伍
given_name,慎吾
given_name,慎悟
given_name,慎語
given_name,振吾
given_name,新五
given_name,新伍
given_name,新吾
given_name,新悟
given_name,晋伍
given_name,晋呉
given_name,晋吾
given_name,晋悟
given_name,森護
given_name,真伍
given_name,真午
given_name,真吾
given_name,真悟
given_name,真梧
given_name,真護
given_name,真豪
given_name,神吾
given_name,紳吾
given_name,紳悟
given_name,臣吾
given_name,進伍
given_name,進吾
given_name,進悟
given_name,進護
given_name,清吾
given_name,辰伍
given_name,辰吾
given_name,辰悟
given_name,槙吾
given_name,槙悟
given_name,愼吾
given_name,愼護
given_name,眞吾
given_name,眞悟
given_name,眞梧
given_name,眞護
given_name,甚吾
given_name,甚悟
given_name,迅悟
given_name,陣吾
given_name,真五郎
given_name,真吾郎
given_name,伸作
given_name,信作
given_name,信策
given_name,心作
given_name,慎作
given_name,慎策
given_name,晋作
given_name,晋策
given_name,真作
given_name,進作
given_name,清作
given_name,辰作
given_name,愼作
given_name,眞作
given_name,甚作
given_name,伸三郎
given_name,信三郎
given_name,慎三郎
given_name,新三郎
given_name,真三郎
given_name,親三郎
given_name,真史
given_name,伸司
given_name,伸史
given_name,伸嗣
given_name,伸志
given_name,伸児
given_name,伸次
given_name,伸滋
given_name,伸治
given_name,伸爾
given_name,伸二
given_name,伸兒
given_name,信司
given_name,信嗣
given_name,信慈
given_name,信持
given_name,信次
given_name,信滋
given_name,信治
given_name,信爾
given_name,信寿
given_name,信二
given_name,審爾
given_name,心志
given_name,心治
given_name,心爾
given_name,心二
given_name,慎司
given_name,慎史
given_name,慎嗣
given_name,慎士
given_name,慎志
given_name,慎児
given_name,慎慈
given_name,慎次
given_name,慎滋
given_name,慎治
given_name,慎爾
given_name,慎二
given_name,新司
given_name,新史
given_name,新士
given_name,新児
given_name,新次
given_name,新治
given_name,新璽
given_name,新二
given_name,晋司
given_name,晋史
given_name,晋嗣
given_name,晋士
given_name,晋志
given_name,晋児
given_name,晋字
given_name,晋次
given_name,晋治
given_name,晋爾
given_name,晋樹
given_name,晋二
given_name,晋之
given_name,晋路
given_name,深司
given_name,深志
given_name,深至
given_name,深治
given_name,申二
given_name,真司
given_name,真史
given_name,真嗣
given_name,真士
given_name,真志
given_name,真至
given_name,真視
given_name,真詞
given_name,真資
given_name,真児
given_name,真慈
given_name,真次
given_name,真治
given_name,真爾
given_name,真示
given_name,真樹
given_name,真人
given_name,真仁
given_name,真知
given_name,真二
given_name,真之
given_name,真路
given_name,紳司
given_name,紳詞
given_name,紳次
given_name,紳治
given_name,紳二
given_name,臣司
given_name,臣史
given_name,臣次
given_name,臣治
given_name,臣二
given_name,辛二
given_name,進司
given_name,進史
given_name,進士
given_name,進志
given_name,進児
given_name,進次
given_name,進治
given_name,進仁
given_name,進二
given_name,清史
given_name,請二
given_name,辰至
given_name,辰治
given_name,辰爾
given_name,辰二
given_name,暢史
given_name,普司
given_name,普士
given_name,普至
given_name,普次
given_name,槙司
given_name,槙志
given_name,槙児
given_name,槙治
given_name,愼司
given_name,愼志
given_name,愼時
given_name,愼治
given_name,愼示
given_name,愼二
given_name,眞司
given_name,眞史
given_name,眞嗣
given_name,眞士
given_name,眞志
given_name,眞児
given_name,眞次
given_name,眞治
given_name,眞爾
given_name,眞二
given_name,眞之
given_name,眞路
given_name,伸司郎
given_name,伸次朗
given_name,伸次郎
given_name,伸治郎
given_name,伸二郎
given_name,信司郎
given_name,信次郎
given_name,信治郎
given_name,信二朗
given_name,信二郎
given_name,慎士郎
given_name,慎次朗
given_name,慎次郎
given_name,慎治朗
given_name,慎治郎
given_name,慎仁郎
given_name,慎二朗
given_name,慎二郎
given_name,新司朗
given_name,新司郎
given_name,新次郎
given_name,新治郎
given_name,新二郎
given_name,晋似郎
given_name,晋治郎
given_name,晋二郎
given_name,申二郎
given_name,真次郎
given_name,真滋郎
given_name,真治郎
given_name,真知郎
given_name,真二朗
given_name,真二郎
given_name,紳二郎
given_name,進次郎
given_name,進二朗
given_name,進二郎
given_name,震滋朗
given_name,愼二郎
given_name,眞次郎
given_name,眞治郎
given_name,眞二郎
given_name,伸介
given_name,伸資
given_name,伸助
given_name,伸丞
given_name,伸典
given_name,伸輔
given_name,伸佑
given_name,伸祐
given_name,伸亮
given_name,信介
given_name,信助
given_name,信典
given_name,信輔
given_name,信佑
given_name,信祐
given_name,信亮
given_name,心介
given_name,心助
given_name,心輔
given_name,慎介
given_name,慎資
given_name,慎助
given_name,慎典
given_name,慎輔
given_name,慎佑
given_name,慎友
given_name,慎祐
given_name,慎裕
given_name,慎亮
given_name,新介
given_name,新助
given_name,新輔
given_name,新祐
given_name,晋右
given_name,晋介
given_name,晋資
given_name,晋助
given_name,晋将
given_name,晋丞
given_name,晋典
given_name,晋弼
given_name,晋輔
given_name,晋佑
given_name,晋祐
given_name,晋亮
given_name,深介
given_name,申介
given_name,真介
given_name,真高
given_name,真佐
given_name,真哉
given_name,真資
given_name,真助
given_name,真典
given_name,真如
given_name,真輔
given_name,真佑
given_name,真祐
given_name,真亮
given_name,紳介
given_name,紳助
given_name,紳輔
given_name,紳佑
given_name,紳祐
given_name,臣助
given_name,臣祐
given_name,親典
given_name,進介
given_name,進助
given_name,進典
given_name,進輔
given_name,進佑
given_name,進祐
given_name,進亮
given_name,清介
given_name,辰介
given_name,辰典
given_name,辰輔
given_name,津典
given_name,津亮
given_name,普介
given_name,槙介
given_name,愼介
given_name,愼助
given_name,愼祐
given_name,眞介
given_name,眞輔
given_name,仁介
given_name,仁祐
given_name,甚輔
given_name,甚亮
given_name,伸三
given_name,伸蔵
given_name,伸造
given_name,信三
given_name,信藏
given_name,慎三
given_name,慎造
given_name,新三
given_name,新造
given_name,晋三
given_name,晋造
given_name,申三
given_name,真三
given_name,真蔵
given_name,真造
given_name,紳三
given_name,親蔵
given_name,眞三
given_name,眞造
given_name,仁宗
given_name,伸太
given_name,信太
given_name,心太
given_name,心大
given_name,慎太
given_name,新太
given_name,晋太
given_name,真太
given_name,臣太
given_name,進太
given_name,進汰
given_name,仁太
given_name,甚太
given_name,伸太朗
given_name,伸太郎
given_name,信太朗
given_name,信太郎
given_name,信大郎
given_name,心太朗
given_name,心太郎
given_name,慎太良
given_name,慎太朗
given_name,慎太郎
given_name,慎大郎
given_name,振太郎
given_name,新太朗
given_name,新太郎
given_name,晋太朗
given_name,晋太郎
given_name,森太郎
given_name,森大郎
given_name,申太郎
given_name,真多郎
given_name,真太朗
given_name,真太郎
given_name,真大朗
given_name,紳太郎
given_name,臣太郎
given_name,親太郎
given_name,進太朗
given_name,進太郎
given_name,辰太郎
given_name,直太郎
given_name,槙太郎
given_name,愼太朗
given_name,愼太郎
given_name,晨太郎
given_name,眞太朗
given_name,眞太郎
given_name,仁太郎
given_name,甚太郎
given_name,陣太郎
given_name,新斗
given_name,伸之介
given_name,伸乃介
given_name,伸乃亮
given_name,伸之介
given_name,伸之助
given_name,伸之典
given_name,伸之輔
given_name,信乃介
given_name,信之介
given_name,信之助
given_name,信之輔
given_name,信之祐
given_name,信之亮
given_name,心之介
given_name,慎ノ介
given_name,慎乃介
given_name,慎乃助
given_name,慎之介
given_name,慎之助
given_name,慎之将
given_name,慎之典
given_name,慎之輔
given_name,慎之佑
given_name,慎之祐
given_name,慎之亮
given_name,新之介
given_name,新之助
given_name,新之輔
given_name,晋之介
given_name,晋之助
given_name,晋之輔
given_name,晋之佑
given_name,申之介
given_name,真ノ介
given_name,真乃介
given_name,真之介
given_name,真之助
given_name,真之典
given_name,真之輔
given_name,真之佑
given_name,真之祐
given_name,紳之介
given_name,臣之介
given_name,進ノ介
given_name,進之介
given_name,進之助
given_name,清之介
given_name,辰之介
given_name,辰之助
given_name,辰之輔
given_name,槙之介
given_name,槙之典
given_name,槙之佑
given_name,眞之介
given_name,眞之輔
given_name,鎭乃介
given_name,仁之介
given_name,進八
given_name,仁八
given_name,甚八
given_name,伸平
given_name,信平
given_name,心平
given_name,慎平
given_name,新平
given_name,晋平
given_name,森平
given_name,深平
given_name,真兵
given_name,真平
given_name,紳平
given_name,臣平
given_name,親平
given_name,進平
given_name,辰平
given_name,鎮平
given_name,槙平
given_name,愼平
given_name,眞平
given_name,梓也
given_name,伸哉
given_name,伸也
given_name,伸弥
given_name,伸矢
given_name,信哉
given_name,信也
given_name,信耶
given_name,信弥
given_name,信矢
given_name,審也
given_name,審弥
given_name,心哉
given_name,心也
given_name,心矢
given_name,慎哉
given_name,慎也
given_name,慎耶
given_name,慎弥
given_name,慎矢
given_name,振也
given_name,新哉
given_name,新也
given_name,新弥
given_name,新矢
given_name,晋哉
given_name,晋也
given_name,晋弥
given_name,晋矢
given_name,申也
given_name,申弥
given_name,真亜
given_name,真哉
given_name,真也
given_name,真耶
given_name,真弥
given_name,真矢
given_name,真彌
given_name,紳哉
given_name,紳也
given_name,紳弥
given_name,紳矢
given_name,臣哉
given_name,臣也
given_name,臣弥
given_name,臣矢
given_name,親哉
given_name,親也
given_name,親矢
given_name,進哉
given_name,進也
given_name,進弥
given_name,進矢
given_name,震哉
given_name,誠也
given_name,辰哉
given_name,辰也
given_name,辰耶
given_name,辰弥
given_name,鎮矢
given_name,津也
given_name,隼也
given_name,普哉
given_name,普也
given_name,槙哉
given_name,槙也
given_name,愼哉
given_name,愼也
given_name,眞哉
given_name,眞也
given_name,眞矢
given_name,仁哉
given_name,仁也
given_name,甚哉
given_name,甚也
given_name,森羅
given_name,彗
given_name,彗人
given_name,彗平
given_name,季秋
given_name,季雄
given_name,末男
given_name,末夫
given_name,末雄
given_name,季樹
given_name,末吉
given_name,末三郎
given_name,末三郎
given_name,末二
given_name,末三
given_name,末蔵
given_name,季隆
given_name,末俊
given_name,末利
given_name,季暢
given_name,末範
given_name,末礼
given_name,末春
given_name,季彦
given_name,季久
given_name,季寛
given_name,末弘
given_name,末廣
given_name,季正
given_name,季道
given_name,末充
given_name,末之
given_name,季由
given_name,末義
given_name,清功
given_name,清文
given_name,杉生
given_name,杉男
given_name,杉夫
given_name,杉雄
given_name,杉隆
given_name,杉人
given_name,杉仁
given_name,杉仁
given_name,杉哉
given_name,直毅
given_name,優夢
given_name,健
given_name,偉
given_name,一
given_name,逸
given_name,英
given_name,傑
given_name,健
given_name,賢
given_name,豪
given_name,克
given_name,秀
given_name,俊
given_name,峻
given_name,駿
given_name,純
given_name,勝
given_name,精
given_name,聖
given_name,禅
given_name,総
given_name,大
given_name,卓
given_name,超
given_name,直
given_name,優
given_name,雄
given_name,誉
given_name,祐夫
given_name,輔克
given_name,助治
given_name,資隆
given_name,祐貴
given_name,祐俊
given_name,輔智
given_name,左直
given_name,資則
given_name,佑尚
given_name,祐寿
given_name,祐英
given_name,祐豪
given_name,助博
given_name,祐広
given_name,祐洋
given_name,祐光
given_name,祐守
given_name,祐之
given_name,鈴生
given_name,鈴男
given_name,鈴夫
given_name,鈴之介
given_name,鈴之助
given_name,鈴之輔
given_name,錫彦
given_name,普文
given_name,鈴丸
given_name,航
given_name,行
given_name,駿
given_name,奨
given_name,将
given_name,渉
given_name,丞
given_name,伸
given_name,晋
given_name,進
given_name,進武
given_name,遂
given_name,先
given_name,前
given_name,奏
given_name,督
given_name,普
given_name,勉
given_name,歩
given_name,励
given_name,路
given_name,敕
given_name,温
given_name,守奈夫
given_name,淳
given_name,順
given_name,素
given_name,直
given_name,主能
given_name,昂
given_name,昴
given_name,住秋
given_name,純照
given_name,純知
given_name,純明
given_name,澄秋
given_name,澄明
given_name,佳生
given_name,寿見雄
given_name,寿美緒
given_name,寿美生
given_name,寿美男
given_name,寿美雄
given_name,寿雄
given_name,住男
given_name,住夫
given_name,淳夫
given_name,純央
given_name,純生
given_name,純男
given_name,純夫
given_name,純穂
given_name,純雄
given_name,純朗
given_name,純郎
given_name,澄央
given_name,澄生
given_name,澄男
given_name,澄夫
given_name,澄雄
given_name,澄郎
given_name,清生
given_name,清夫
given_name,速雄
given_name,角一
given_name,純一
given_name,純和
given_name,澄一
given_name,澄和
given_name,澄治
given_name,純貴
given_name,純敬
given_name,純孝
given_name,純高
given_name,純隆
given_name,澄高
given_name,純忠
given_name,寿人
given_name,純人
given_name,純登
given_name,純豊
given_name,澄人
given_name,澄仁
given_name,澄斗
given_name,清人
given_name,純俊
given_name,純敏
given_name,純知
given_name,澄智
given_name,純成
given_name,澄成
given_name,純信
given_name,純亘
given_name,純典
given_name,純徳
given_name,澄典
given_name,澄徳
given_name,純晴
given_name,澄治
given_name,純久
given_name,純仁
given_name,純宏
given_name,純弘
given_name,澄宏
given_name,澄博
given_name,純正
given_name,純也
given_name,純矢
given_name,澄也
given_name,速哉
given_name,住安
given_name,純靖
given_name,寿美幸
given_name,住之
given_name,純幸
given_name,純如
given_name,純之
given_name,寿義
given_name,純可
given_name,純嘉
given_name,純義
given_name,純尚
given_name,純芳
given_name,澄佳
given_name,澄義
given_name,世
given_name,征
given_name,成
given_name,整
given_name,星
given_name,晴
given_name,正
given_name,聖
given_name,誠
given_name,青
given_name,静
given_name,倩
given_name,菁
given_name,世一
given_name,勢一
given_name,征一
given_name,成一
given_name,成市
given_name,政一
given_name,整一
given_name,星一
given_name,晴一
given_name,晴市
given_name,正一
given_name,清一
given_name,清市
given_name,生一
given_name,盛一
given_name,盛市
given_name,精一
given_name,精市
given_name,聖一
given_name,聖壱
given_name,聖弌
given_name,誠一
given_name,誠壱
given_name,誠市
given_name,誓一
given_name,青一
given_name,静一
given_name,斉一
given_name,靖一
given_name,省一郎
given_name,世一郎
given_name,征一郎
given_name,成一朗
given_name,成一郎
given_name,政一郎
given_name,晴一郎
given_name,正一郎
given_name,清一朗
given_name,清一郎
given_name,生一郎
given_name,盛一郎
given_name,精一朗
given_name,精一郎
given_name,聖一朗
given_name,聖一郎
given_name,誠一朗
given_name,誠一郎
given_name,誠市郎
given_name,誓一郎
given_name,静一郎
given_name,斉一郎
given_name,靖一朗
given_name,靖一郎
given_name,靜一郎
given_name,盛英
given_name,聖英
given_name,星河
given_name,城基
given_name,世喜
given_name,世基
given_name,世希
given_name,世貴
given_name,世樹
given_name,征希
given_name,征機
given_name,征紀
given_name,征起
given_name,征輝
given_name,征己
given_name,征樹
given_name,征巳
given_name,成器
given_name,成基
given_name,成揮
given_name,成紀
given_name,成規
given_name,成貴
given_name,成輝
given_name,成樹
given_name,政希
given_name,整貴
given_name,整輝
given_name,星季
given_name,星輝
given_name,晴基
given_name,晴規
given_name,晴樹
given_name,正喜
given_name,正希
given_name,正期
given_name,正毅
given_name,正規
given_name,正記
given_name,正己
given_name,正樹
given_name,清喜
given_name,清基
given_name,清毅
given_name,清気
given_name,清紀
given_name,清記
given_name,清貴
given_name,清輝
given_name,清樹
given_name,盛揮
given_name,聖基
given_name,聖祈
given_name,聖季
given_name,聖紀
given_name,聖規
given_name,聖記
given_name,聖貴
given_name,聖輝
given_name,聖己
given_name,聖樹
given_name,聖城
given_name,誠喜
given_name,誠基
given_name,誠希
given_name,誠毅
given_name,誠紀
given_name,誠規
given_name,誠記
given_name,誠貴
given_name,誠輝
given_name,誠樹
given_name,誠生
given_name,誓紀
given_name,青樹
given_name,青城
given_name,静樹
given_name,靖己
given_name,正義
given_name,静宜
given_name,成吉
given_name,政吉
given_name,晴吉
given_name,清吉
given_name,盛吉
given_name,征久郎
given_name,誠健
given_name,清源
given_name,青玄
given_name,征吾
given_name,成悟
given_name,正五
given_name,正吾
given_name,聖吾
given_name,誠吾
given_name,誠悟
given_name,勢康
given_name,征宏
given_name,成興
given_name,成浩
given_name,成耕
given_name,政宏
given_name,政行
given_name,正興
given_name,正幸
given_name,正高
given_name,清光
given_name,清孝
given_name,清幸
given_name,清浩
given_name,精孝
given_name,聖好
given_name,聖幸
given_name,聖更
given_name,聖紘
given_name,誠功
given_name,誠孝
given_name,誠幸
given_name,誠広
given_name,靖鉱
given_name,勢剛
given_name,征剛
given_name,成剛
given_name,政剛
given_name,正剛
given_name,清剛
given_name,清豪
given_name,精豪
given_name,聖剛
given_name,聖豪
given_name,誠剛
given_name,清作
given_name,盛作
given_name,精作
given_name,誠作
given_name,正三郎
given_name,清三郎
given_name,征史
given_name,聖嗣
given_name,聖志
given_name,誠司
given_name,誠史
given_name,誠士
given_name,誠志
given_name,誠至
given_name,誠之
given_name,誓史
given_name,青史
given_name,青志
given_name,省次
given_name,省治
given_name,省二
given_name,城司
given_name,世司
given_name,世次
given_name,世治
given_name,世爾
given_name,世二
given_name,制治
given_name,勢司
given_name,勢士
given_name,勢至
given_name,勢児
given_name,勢次
given_name,勢治
given_name,勢二
given_name,征司
given_name,征史
given_name,征嗣
given_name,征士
given_name,征志
given_name,征児
given_name,征次
given_name,征治
given_name,征爾
given_name,征二
given_name,征路
given_name,成司
given_name,成史
given_name,成志
given_name,成児
given_name,成次
given_name,成治
given_name,成示
given_name,成是
given_name,成二
given_name,政司
given_name,政士
given_name,政志
given_name,政児
given_name,政次
given_name,政滋
given_name,政二
given_name,整司
given_name,整治
given_name,整二
given_name,星児
given_name,星次
given_name,星滋
given_name,星治
given_name,星示
given_name,晴司
given_name,晴嗣
given_name,晴志
given_name,晴次
given_name,晴治
given_name,晴二
given_name,正司
given_name,正史
given_name,正嗣
given_name,正詩
given_name,正児
given_name,正次
given_name,正滋
given_name,正治
given_name,正爾
given_name,正示
given_name,正二
given_name,正弐
given_name,清司
given_name,清嗣
given_name,清士
given_name,清児
given_name,清次
given_name,清治
given_name,清仁
given_name,清二
given_name,清之
given_name,盛司
given_name,盛史
given_name,盛志
given_name,盛児
given_name,盛次
given_name,盛治
given_name,盛二
given_name,精司
given_name,精次
given_name,精治
given_name,精二
given_name,聖司
given_name,聖史
given_name,聖士
given_name,聖志
given_name,聖氏
given_name,聖児
given_name,聖慈
given_name,聖次
given_name,聖治
given_name,聖爾
given_name,聖璽
given_name,聖仁
given_name,聖二
given_name,聖之
given_name,聖路
given_name,聖兒
given_name,西次
given_name,誠司
given_name,誠史
given_name,誠嗣
given_name,誠士
given_name,誠志
given_name,誠至
given_name,誠詞
given_name,誠児
given_name,誠慈
given_name,誠時
given_name,誠次
given_name,誠治
given_name,誠爾
given_name,誠自
given_name,誠仁
given_name,誠智
given_name,誠鎮
given_name,誠二
given_name,誠之
given_name,誓司
given_name,誓次
given_name,誓治
given_name,誓二
given_name,青司
given_name,青史
given_name,青嗣
given_name,青志
given_name,青児
given_name,青次
given_name,青爾
given_name,青磁
given_name,青路
given_name,静司
given_name,静治
given_name,静二
given_name,静冶
given_name,斉司
given_name,斉史
given_name,斉治
given_name,斉二
given_name,斉之
given_name,柾ニ
given_name,靖ニ
given_name,靖司
given_name,靖史
given_name,靖嗣
given_name,靖士
given_name,靖治
given_name,靖二
given_name,靜史
given_name,清七
given_name,成宗
given_name,成秀
given_name,清十郎
given_name,成順
given_name,政順
given_name,正淳
given_name,正純
given_name,正順
given_name,清准
given_name,清純
given_name,清順
given_name,聖純
given_name,青純
given_name,静純
given_name,聖将
given_name,誠祥
given_name,静蕉
given_name,征史朗
given_name,征史郎
given_name,征四郎
given_name,征志郎
given_name,政四郎
given_name,星四朗
given_name,清司郎
given_name,清志郎
given_name,生史朗
given_name,盛司郎
given_name,聖四郎
given_name,聖志郎
given_name,誠史郎
given_name,誠士郎
given_name,誠志朗
given_name,誠志郎
given_name,誠之郎
given_name,誓史郎
given_name,青士郎
given_name,青志郎
given_name,静志朗
given_name,征次郎
given_name,征二郎
given_name,成二郎
given_name,政二郎
given_name,整次郎
given_name,星二郎
given_name,晴二朗
given_name,晴二郎
given_name,正治郎
given_name,清次郎
given_name,清治郎
given_name,清二郎
given_name,生次郎
given_name,盛次郎
given_name,盛二郎
given_name,精次郎
given_name,聖嗣朗
given_name,聖次朗
given_name,聖治郎
given_name,聖二郎
given_name,誠志郎
given_name,誠慈郎
given_name,誠次朗
given_name,誠次郎
given_name,誠治郎
given_name,誠二郎
given_name,静二郎
given_name,靖二郎
given_name,聖晋
given_name,征祐
given_name,成介
given_name,成典
given_name,成祐
given_name,整典
given_name,星介
given_name,星恭
given_name,星佑
given_name,晴亮
given_name,正介
given_name,清介
given_name,清祐
given_name,清亮
given_name,生祐
given_name,盛介
given_name,精佐
given_name,聖介
given_name,聖弐
given_name,聖輔
given_name,誠介
given_name,誠典
given_name,誠佑
given_name,誠祐
given_name,誠亮
given_name,靖介
given_name,省三
given_name,世蔵
given_name,征三
given_name,成三
given_name,成造
given_name,晴三
given_name,正三
given_name,清三
given_name,清蔵
given_name,清造
given_name,精三
given_name,精蔵
given_name,精造
given_name,聖三
given_name,聖造
given_name,誠三
given_name,誠蔵
given_name,誠造
given_name,静三
given_name,斉造
given_name,靖三
given_name,世太
given_name,勢太
given_name,征太
given_name,成太
given_name,星太
given_name,晴太
given_name,正太
given_name,清太
given_name,盛太
given_name,聖太
given_name,誠太
given_name,征大
given_name,聖大
given_name,済太郎
given_name,晶太郎
given_name,世太郎
given_name,世大郎
given_name,勢太郎
given_name,征太朗
given_name,征太郎
given_name,成太朗
given_name,成太郎
given_name,政太郎
given_name,星太郎
given_name,晴太郎
given_name,正太郎
given_name,清多郎
given_name,清太朗
given_name,清太郎
given_name,盛太郎
given_name,聖太朗
given_name,聖太郎
given_name,誠太朗
given_name,誠太郎
given_name,青太郎
given_name,靖太郎
given_name,成哲
given_name,星斗
given_name,星都
given_name,聖人
given_name,聖斗
given_name,勢堂
given_name,正道
given_name,青童
given_name,誠之進
given_name,征之介
given_name,成之助
given_name,晴ノ介
given_name,正之介
given_name,清之輔
given_name,誠之介
given_name,誠之助
given_name,誠平
given_name,勢馬
given_name,成摩
given_name,星馬
given_name,清馬
given_name,静麻
given_name,聖明
given_name,晶也
given_name,世哉
given_name,世也
given_name,勢也
given_name,勢矢
given_name,征哉
given_name,征八
given_name,征也
given_name,征矢
given_name,成哉
given_name,成也
given_name,成耶
given_name,成弥
given_name,政哉
given_name,政弥
given_name,整哉
given_name,星哉
given_name,星彩
given_name,星也
given_name,星弥
given_name,星矢
given_name,晴哉
given_name,晴也
given_name,晴弥
given_name,正哉
given_name,正也
given_name,正矢
given_name,清哉
given_name,清也
given_name,清矢
given_name,盛也
given_name,精也
given_name,聖哉
given_name,聖世
given_name,聖也
given_name,聖弥
given_name,聖矢
given_name,誠哉
given_name,誠八
given_name,誠也
given_name,誠弥
given_name,誠矢
given_name,誠彌
given_name,誓也
given_name,青哉
given_name,青椰
given_name,静哉
given_name,静也
given_name,斉也
given_name,靖哉
given_name,靖也
given_name,靖弥
given_name,晟也
given_name,誠悠
given_name,清龍
given_name,聖隆
given_name,青竜
given_name,青浪
given_name,世界
given_name,碩人
given_name,節生
given_name,節男
given_name,節夫
given_name,節雄
given_name,節実
given_name,勢津也
given_name,摂也
given_name,節哉
given_name,節也
given_name,攝也
given_name,零
given_name,宣
given_name,銑
given_name,善
given_name,然
given_name,仙一
given_name,泉一
given_name,銑一
given_name,善一
given_name,善市
given_name,仙一郎
given_name,善一朗
given_name,善一郎
given_name,先穎
given_name,千詠
given_name,扇永
given_name,然河
given_name,泉紀
given_name,善貴
given_name,仙吉
given_name,善吉
given_name,善伍
given_name,漸悟
given_name,善行
given_name,善五郎
given_name,善作
given_name,全作
given_name,善三郎
given_name,仙治
given_name,千嗣
given_name,千次
given_name,千治
given_name,千二
given_name,宣司
given_name,宣次
given_name,宣治
given_name,専治
given_name,扇治
given_name,善司
given_name,善志
given_name,善児
given_name,善次
given_name,善治
given_name,善自
given_name,善二
given_name,善七郎
given_name,千秋
given_name,千二朗
given_name,善志郎
given_name,善次郎
given_name,善治郎
given_name,善二郎
given_name,全次郎
given_name,宣蓁
given_name,千尋
given_name,扇介
given_name,善介
given_name,善盛
given_name,泉三
given_name,善三
given_name,千太
given_name,泉太
given_name,善太
given_name,善大
given_name,全太
given_name,仙太郎
given_name,千太郎
given_name,專太郎
given_name,善太郎
given_name,然太郎
given_name,仙人
given_name,千翔
given_name,仙之介
given_name,仙之祐
given_name,善之助
given_name,千彦
given_name,善平
given_name,膳平
given_name,善明
given_name,仙弥
given_name,千弥
given_name,泉哉
given_name,善哉
given_name,善也
given_name,善弥
given_name,善祐
given_name,千利
given_name,千里
given_name,宗
given_name,創
given_name,壮
given_name,奏
given_name,爽
given_name,惣
given_name,想
given_name,聡
given_name,荘
given_name,蒼
given_name,漱
given_name,總
given_name,聰
given_name,颯
given_name,象
given_name,宗一
given_name,宗市
given_name,崇市
given_name,創一
given_name,壮一
given_name,壮市
given_name,奏一
given_name,惣一
given_name,惣市
given_name,操一
given_name,曹一
given_name,相一
given_name,総一
given_name,聡一
given_name,草一
given_name,荘一
given_name,壯一
given_name,聰一
given_name,桑一郎
given_name,宗一朗
given_name,宗一郎
given_name,崇一朗
given_name,崇一郎
given_name,創一朗
given_name,創一郎
given_name,双一郎
given_name,壮一朗
given_name,壮一郎
given_name,奏一朗
given_name,奏一郎
given_name,爽一朗
given_name,惣一朗
given_name,惣一郎
given_name,想一郎
given_name,総一朗
given_name,総一郎
given_name,綜一郎
given_name,聡一朗
given_name,聡一郎
given_name,草一郎
given_name,荘一朗
given_name,荘一郎
given_name,壯一朗
given_name,壯一郎
given_name,漱一郎
given_name,聰一郎
given_name,莊一郎
given_name,颯一朗
given_name,壮悦
given_name,宗翰
given_name,奏希
given_name,宗吉
given_name,崇吉
given_name,壮吉
given_name,惣吉
given_name,荘吉
given_name,蒼吉郎
given_name,蒼玄
given_name,宗吾
given_name,宗悟
given_name,創吾
given_name,創悟
given_name,壮互
given_name,壮吾
given_name,壮悟
given_name,聡吾
given_name,聡悟
given_name,聰互
given_name,宗五郎
given_name,宗作
given_name,創作
given_name,荘作
given_name,宗三郎
given_name,惣三郎
given_name,綜三郎
given_name,荘三郎
given_name,宗司
given_name,宗史
given_name,宗嗣
given_name,宗士
given_name,宗志
given_name,将司
given_name,崇司
given_name,崇史
given_name,崇志
given_name,創史
given_name,創嗣
given_name,創士
given_name,創志
given_name,創示
given_name,倉志
given_name,壮司
given_name,壮史
given_name,壮士
given_name,壮志
given_name,壮誠
given_name,奏司
given_name,奏史
given_name,奏志
given_name,奏之
given_name,惣司
given_name,相始
given_name,相志
given_name,総司
given_name,総史
given_name,総嗣
given_name,総士
given_name,総詩
given_name,聡司
given_name,聡士
given_name,聡志
given_name,草詩
given_name,荘司
given_name,荘史
given_name,荘士
given_name,荘之
given_name,宗司
given_name,宗嗣
given_name,宗次
given_name,宗治
given_name,宗二
given_name,崇二
given_name,曽治
given_name,創児
given_name,創滋
given_name,創治
given_name,創仁
given_name,創地
given_name,創路
given_name,壮史
given_name,壮志
given_name,壮児
given_name,壮治
given_name,壮二
given_name,爽児
given_name,惣次
given_name,惣治
given_name,惣二
given_name,操治
given_name,操二
given_name,総司
given_name,総二
given_name,聡司
given_name,聡士
given_name,聡治
given_name,聡二
given_name,草慈
given_name,草人
given_name,荘司
given_name,荘次
given_name,荘爾
given_name,荘二
given_name,蒼二
given_name,壯司
given_name,壯次
given_name,奘司
given_name,聡樹
given_name,宗俊
given_name,碩容
given_name,崇士郎
given_name,創士郎
given_name,壮史郎
given_name,壮四郎
given_name,壮志朗
given_name,壮志郎
given_name,惣士郎
given_name,宗司郎
given_name,宗次朗
given_name,宗次郎
given_name,宗二郎
given_name,壮次郎
given_name,壮二郎
given_name,総治郎
given_name,総二郎
given_name,聡司朗
given_name,聡次郎
given_name,聡二郎
given_name,荘次郎
given_name,宗右
given_name,宗介
given_name,宗佐
given_name,宗助
given_name,宗将
given_name,宗典
given_name,宗輔
given_name,宗佑
given_name,宗祐
given_name,宗亮
given_name,庄亮
given_name,崇右
given_name,崇介
given_name,創介
given_name,創輔
given_name,壮右
given_name,壮介
given_name,壮助
given_name,壮輔
given_name,壮佑
given_name,壮祐
given_name,壮亮
given_name,奏介
given_name,惣介
given_name,相祐
given_name,総介
given_name,総輔
given_name,綜輔
given_name,聡介
given_name,聡輔
given_name,聡佑
given_name,草介
given_name,草助
given_name,草祐
given_name,荘介
given_name,荘助
given_name,蒼介
given_name,蒼祐
given_name,漱祐
given_name,颯介
given_name,聡石
given_name,漱石
given_name,聡造
given_name,宗太
given_name,宗汰
given_name,宗大
given_name,崇太
given_name,征大
given_name,創太
given_name,創大
given_name,倉太
given_name,壮太
given_name,壮大
given_name,奏太
given_name,奏汰
given_name,爽太
given_name,惣太
given_name,想太
given_name,相太
given_name,総太
given_name,綜太
given_name,聡太
given_name,聡大
given_name,草多
given_name,草太
given_name,荘太
given_name,蒼太
given_name,蒼汰
given_name,蒼大
given_name,走太
given_name,湊太
given_name,壯太
given_name,颯太
given_name,颯汰
given_name,壮大
given_name,荘大
given_name,宗多朗
given_name,宗太朗
given_name,宗太郎
given_name,崇太郎
given_name,創太郎
given_name,壮太郎
given_name,奏太郎
given_name,惣太郎
given_name,想太朗
given_name,早太郎
given_name,総太郎
given_name,聡多郎
given_name,聡太朗
given_name,聡太郎
given_name,草太郎
given_name,荘太郎
given_name,颯太朗
given_name,創人
given_name,宗之介
given_name,宗之助
given_name,創之介
given_name,創之助
given_name,壮之介
given_name,惣之助
given_name,聡之介
given_name,草之輔
given_name,荘之介
given_name,荘之助
given_name,壮八
given_name,荘八
given_name,宗八郎
given_name,宗平
given_name,宗柄
given_name,崇平
given_name,創平
given_name,倉平
given_name,壮平
given_name,惣平
given_name,想平
given_name,曹平
given_name,総平
given_name,聡兵
given_name,聡平
given_name,草平
given_name,荘平
given_name,蒼平
given_name,莊平
given_name,颯平
given_name,宗真
given_name,宗馬
given_name,宗摩
given_name,宗磨
given_name,創馬
given_name,壮真
given_name,壮馬
given_name,壮磨
given_name,壮麻
given_name,総真
given_name,綜馬
given_name,聡真
given_name,聡馬
given_name,聡磨
given_name,草馬
given_name,蒼真
given_name,蒼馬
given_name,走馬
given_name,霜馬
given_name,颯真
given_name,颯馬
given_name,宗哉
given_name,宗也
given_name,創哉
given_name,創也
given_name,壮也
given_name,壮矢
given_name,奏也
given_name,爽也
given_name,聡哉
given_name,聡也
given_name,荘也
given_name,漱也
given_name,颯哉
given_name,颯也
given_name,颯野
given_name,園明
given_name,園文
given_name,園昌
given_name,園也
given_name,宇宙
given_name,空
given_name,空良
given_name,素羅
given_name,奏斗
given_name,宙
given_name,天
given_name,日天
given_name,碧空
given_name,琉空
given_name,空知
given_name,宇人
given_name,空人
given_name,泰
given_name,大
given_name,泰一
given_name,耐一郎
given_name,泰一朗
given_name,泰一郎
given_name,大一郎
given_name,大一朗
given_name,大一郎
given_name,太河
given_name,太雅
given_name,泰我
given_name,泰雅
given_name,大河
given_name,大我
given_name,大賀
given_name,大雅
given_name,大神
given_name,大峩
given_name,大海
given_name,大岳
given_name,太基
given_name,太希
given_name,太毅
given_name,太稀
given_name,太紀
given_name,太規
given_name,太記
given_name,太貴
given_name,太起
given_name,太輝
given_name,太樹
given_name,泰喜
given_name,泰器
given_name,泰基
given_name,泰希
given_name,泰毅
given_name,泰季
given_name,泰紀
given_name,泰規
given_name,泰貴
given_name,泰起
given_name,泰輝
given_name,泰己
given_name,泰樹
given_name,泰生
given_name,大喜
given_name,大器
given_name,大基
given_name,大希
given_name,大揮
given_name,大毅
given_name,大気
given_name,大季
given_name,大紀
given_name,大記
given_name,大貴
given_name,大起
given_name,大輝
given_name,大騎
given_name,大己
given_name,大至
given_name,大樹
given_name,大生
given_name,大暉
given_name,敦貴
given_name,大義
given_name,太基
given_name,太希
given_name,太紀
given_name,太貴
given_name,太樹
given_name,大葵
given_name,大喜
given_name,大器
given_name,大基
given_name,大希
given_name,大幾
given_name,大揮
given_name,大棋
given_name,大毅
given_name,大気
given_name,大季
given_name,大稀
given_name,大紀
given_name,大規
given_name,大記
given_name,大貴
given_name,大起
given_name,大軌
given_name,大輝
given_name,大騎
given_name,大宜
given_name,大恭
given_name,大己
given_name,大樹
given_name,大城
given_name,大生
given_name,大揆
given_name,大暉
given_name,悌揮
given_name,悌樹
given_name,大吉
given_name,大湖
given_name,大悟
given_name,太吾
given_name,太悟
given_name,太剛
given_name,大伍
given_name,大吾
given_name,大悟
given_name,大碁
given_name,大護
given_name,大剛
given_name,大航
given_name,大光
given_name,大剛
given_name,大五郎
given_name,大吾朗
given_name,大吾郎
given_name,大悟朗
given_name,大悟郎
given_name,太作
given_name,泰作
given_name,大作
given_name,太作
given_name,太策
given_name,大作
given_name,大策
given_name,鯛三郎
given_name,大三郎
given_name,代三郎
given_name,大三朗
given_name,大三郎
given_name,泰山
given_name,太史
given_name,太士
given_name,太詩
given_name,泰史
given_name,泰士
given_name,大嗣
given_name,大士
given_name,大志
given_name,大詞
given_name,大心
given_name,太司
given_name,太史
given_name,太嗣
given_name,太志
given_name,太児
given_name,太次
given_name,太治
given_name,太爾
given_name,太寿
given_name,太仁
given_name,太二
given_name,耐治
given_name,泰司
given_name,泰史
given_name,泰嗣
given_name,泰士
given_name,泰志
given_name,泰至
given_name,泰児
given_name,泰慈
given_name,泰次
given_name,泰治
given_name,泰樹
given_name,泰二
given_name,泰路
given_name,退二
given_name,鯛二
given_name,大司
given_name,大士
given_name,大志
given_name,大詞
given_name,大侍
given_name,大治
given_name,大樹
given_name,大地
given_name,大冶
given_name,大路
given_name,大壽
given_name,大史
given_name,大嗣
given_name,大士
given_name,大志
given_name,大視
given_name,太士
given_name,太志
given_name,太治
given_name,代司
given_name,代次
given_name,代治
given_name,大司
given_name,大史
given_name,大嗣
given_name,大士
given_name,大志
given_name,大支
given_name,大侍
given_name,大児
given_name,大慈
given_name,大時
given_name,大次
given_name,大治
given_name,大爾
given_name,大示
given_name,大自
given_name,大寿
given_name,大樹
given_name,大地
given_name,大二
given_name,大之
given_name,大路
given_name,大貮
given_name,太樹
given_name,大樹
given_name,大樹
given_name,大樹
given_name,奈樹
given_name,大周
given_name,大修
given_name,大翔
given_name,泰誠
given_name,太史郎
given_name,泰司朗
given_name,泰士朗
given_name,泰志朗
given_name,大志朗
given_name,大志郎
given_name,太二郎
given_name,泰次郎
given_name,泰治郎
given_name,泰二郎
given_name,太志朗
given_name,大士朗
given_name,大士郎
given_name,大志郎
given_name,太二朗
given_name,太二郎
given_name,大次郎
given_name,大治朗
given_name,大治郎
given_name,大仁朗
given_name,大地郎
given_name,大二朗
given_name,大二郎
given_name,太信
given_name,大進
given_name,大信
given_name,大進
given_name,奏輔
given_name,太右
given_name,太介
given_name,太資
given_name,太典
given_name,太補
given_name,太輔
given_name,太佑
given_name,太祐
given_name,太亮
given_name,泰育
given_name,泰右
given_name,泰央
given_name,泰介
given_name,泰哉
given_name,泰資
given_name,泰助
given_name,泰典
given_name,泰之
given_name,泰伴
given_name,泰甫
given_name,泰輔
given_name,泰佑
given_name,泰祐
given_name,泰裕
given_name,泰亮
given_name,退助
given_name,鯛介
given_name,大介
given_name,大幹
given_name,大資
given_name,大助
given_name,大輔
given_name,大祐
given_name,大亮
given_name,敦介
given_name,敦佑
given_name,広祐
given_name,太介
given_name,太助
given_name,太典
given_name,太輔
given_name,太佑
given_name,太祐
given_name,太裕
given_name,太翼
given_name,太理
given_name,太亮
given_name,泰介
given_name,泰輔
given_name,泰祐
given_name,代介
given_name,代助
given_name,代輔
given_name,代祐
given_name,大育
given_name,大右
given_name,大栄
given_name,大延
given_name,大援
given_name,大介
given_name,大款
given_name,大匡
given_name,大喬
given_name,大恭
given_name,大行
given_name,大高
given_name,大佐
given_name,大資
given_name,大樹
given_name,大助
given_name,大奨
given_name,大将
given_name,大承
given_name,大昌
given_name,大生
given_name,大典
given_name,大督
given_name,大補
given_name,大輔
given_name,大佑
given_name,大祐
given_name,大裕
given_name,大翼
given_name,大理
given_name,大亮
given_name,大侑
given_name,大將
given_name,第介
given_name,第裕
given_name,悌介
given_name,悌亮
given_name,提介
given_name,提友
given_name,乃右
given_name,乃介
given_name,乃輔
given_name,乃祐
given_name,乃亮
given_name,大介
given_name,大輔
given_name,太成
given_name,太政
given_name,太星
given_name,太生
given_name,太盛
given_name,太誠
given_name,汰世
given_name,耐誠
given_name,泰世
given_name,泰征
given_name,泰成
given_name,泰正
given_name,泰生
given_name,泰盛
given_name,泰聖
given_name,泰誠
given_name,泰誓
given_name,泰靖
given_name,大世
given_name,大成
given_name,大星
given_name,大晴
given_name,大生
given_name,大聖
given_name,大誠
given_name,大静
given_name,大靖
given_name,大晟
given_name,大征
given_name,大成
given_name,大誓
given_name,大拙
given_name,太三
given_name,太蔵
given_name,太造
given_name,泰三
given_name,泰蔵
given_name,泰造
given_name,泰藏
given_name,退三
given_name,退蔵
given_name,鯛三
given_name,大三
given_name,大象
given_name,大蔵
given_name,大造
given_name,太造
given_name,大三
given_name,大象
given_name,大蔵
given_name,大造
given_name,大藏
given_name,太尊
given_name,大尊
given_name,大太郎
given_name,多一
given_name,太一
given_name,太壱
given_name,太市
given_name,太地
given_name,汰一
given_name,汰治
given_name,泰一
given_name,泰治
given_name,泰千
given_name,泰知
given_name,泰地
given_name,大一
given_name,大市
given_name,大知
given_name,大地
given_name,大智
given_name,太地
given_name,太智
given_name,太池
given_name,大一
given_name,大治
given_name,大千
given_name,大知
given_name,大地
given_name,大智
given_name,大致
given_name,多一郎
given_name,太一朗
given_name,太一郎
given_name,太地郎
given_name,泰一朗
given_name,泰一郎
given_name,大一郎
given_name,大知郎
given_name,大智郎
given_name,大地郎
given_name,祥太
given_name,太斗
given_name,泰人
given_name,泰斗
given_name,泰登
given_name,泰飛
given_name,大斗
given_name,大斗
given_name,大都
given_name,大翔
given_name,大道
given_name,大八
given_name,大八郎
given_name,大飛
given_name,太平
given_name,泰平
given_name,大平
given_name,大朋
given_name,泰武
given_name,大門
given_name,大也
given_name,大祐
given_name,大雄
given_name,太洋
given_name,太陽
given_name,泰洋
given_name,泰陽
given_name,大洋
given_name,大陽
given_name,太良
given_name,平
given_name,大陸
given_name,太隆
given_name,大郎
given_name,大陸
given_name,太和
given_name,大和
given_name,多運
given_name,貴
given_name,鷹
given_name,右明
given_name,宇顕
given_name,宇晃
given_name,栄晃
given_name,岳暁
given_name,岳明
given_name,岳陽
given_name,毅映
given_name,毅晃
given_name,毅昌
given_name,毅聡
given_name,毅亮
given_name,毅朗
given_name,貴右
given_name,貴瑛
given_name,貴輝
given_name,貴暁
given_name,貴顕
given_name,貴光
given_name,貴晃
given_name,貴秋
given_name,貴将
given_name,貴彰
given_name,貴昭
given_name,貴晶
given_name,貴照
given_name,貴章
given_name,貴聡
given_name,貴哲
given_name,貴彬
given_name,貴明
given_name,貴陽
given_name,貴亮
given_name,貴玲
given_name,貴朗
given_name,宜昭
given_name,宜明
given_name,丘彬
given_name,享昭
given_name,享明
given_name,喬秋
given_name,喬彰
given_name,喬章
given_name,喬明
given_name,恭彰
given_name,恭昭
given_name,恭章
given_name,尭明
given_name,啓彰
given_name,啓明
given_name,敬瑛
given_name,敬暁
given_name,敬晃
given_name,敬彰
given_name,敬昭
given_name,敬晶
given_name,敬章
given_name,敬紹
given_name,敬聡
given_name,敬哲
given_name,敬明
given_name,敬亮
given_name,兼曜
given_name,堅明
given_name,賢晃
given_name,賢明
given_name,賢諒
given_name,公明
given_name,孝顕
given_name,孝光
given_name,孝晃
given_name,孝秋
given_name,孝彰
given_name,孝昌
given_name,孝昭
given_name,孝章
given_name,孝成
given_name,孝哲
given_name,孝彬
given_name,孝明
given_name,孝亮
given_name,孝朗
given_name,孝昴
given_name,幸明
given_name,昂暁
given_name,昂明
given_name,考晃
given_name,考視
given_name,考昭
given_name,考哲
given_name,考明
given_name,考亮
given_name,考朗
given_name,高亨
given_name,高暁
given_name,高晃
given_name,高秋
given_name,高彰
given_name,高昭
given_name,高章
given_name,高聡
given_name,高暢
given_name,高明
given_name,高陽
given_name,高亮
given_name,高朗
given_name,高暉
given_name,剛彰
given_name,剛晶
given_name,剛章
given_name,剛明
given_name,剛朗
given_name,豪昭
given_name,峻旦
given_name,峻彬
given_name,尚暁
given_name,尚敬
given_name,尚晃
given_name,尚昭
given_name,尚明
given_name,昇明
given_name,章照
given_name,賞明
given_name,臣明
given_name,崇暁
given_name,崇顕
given_name,崇晃
given_name,崇彰
given_name,崇昭
given_name,崇晶
given_name,崇照
given_name,崇章
given_name,崇成
given_name,崇聡
given_name,崇哲
given_name,崇明
given_name,崇陽
given_name,崇亮
given_name,崇朗
given_name,嵩彬
given_name,嵩明
given_name,嵩朗
given_name,正朗
given_name,生明
given_name,聖明
given_name,誠章
given_name,節明
given_name,尊昭
given_name,尊章
given_name,尊明
given_name,鷹明
given_name,鷹揚
given_name,卓昭
given_name,卓明
given_name,天秋
given_name,天章
given_name,天明
given_name,登昭
given_name,登章
given_name,登紹
given_name,任昭
given_name,飛暁
given_name,飛明
given_name,宝晃
given_name,宝明
given_name,雄章
given_name,誉暁
given_name,誉啓
given_name,誉昌
given_name,誉章
given_name,誉明
given_name,誉亮
given_name,陸彰
given_name,隆覚
given_name,隆暁
given_name,隆啓
given_name,隆顕
given_name,隆晃
given_name,隆秋
given_name,隆彰
given_name,隆昌
given_name,隆昭
given_name,隆晶
given_name,隆祥
given_name,隆章
given_name,隆成
given_name,隆哲
given_name,隆明
given_name,隆亮
given_name,隆朗
given_name,塁陽
given_name,和瑛
given_name,和晃
given_name,隆家
given_name,貴一
given_name,孝一
given_name,高一
given_name,崇一
given_name,崇壱
given_name,尊一
given_name,誉一
given_name,隆一
given_name,宝一郎
given_name,隆一郎
given_name,尊氏
given_name,貴映
given_name,貴瑛
given_name,隆栄
given_name,隆枝
given_name,威郎
given_name,宇央
given_name,宇生
given_name,岳央
given_name,岳生
given_name,岳男
given_name,岳夫
given_name,岳雄
given_name,希生
given_name,毅夫
given_name,毅朗
given_name,貴央
given_name,貴王
given_name,貴織
given_name,貴生
given_name,貴大
given_name,貴男
given_name,貴夫
given_name,貴勇
given_name,貴雄
given_name,貴朗
given_name,貴郎
given_name,貴奧
given_name,宜生
given_name,丘勇
given_name,及雄
given_name,享男
given_name,享郎
given_name,京夫
given_name,喬央
given_name,喬生
given_name,喬男
given_name,喬夫
given_name,喬雄
given_name,喬郎
given_name,恭男
given_name,教夫
given_name,尭生
given_name,暁生
given_name,啓生
given_name,啓夫
given_name,啓雄
given_name,啓郎
given_name,敬生
given_name,敬夫
given_name,敬雄
given_name,敬朗
given_name,敬郎
given_name,健雄
given_name,賢男
given_name,賢穂
given_name,賢雄
given_name,賢郎
given_name,孝央
given_name,孝王
given_name,孝生
given_name,孝男
given_name,孝夫
given_name,孝勇
given_name,孝雄
given_name,孝朗
given_name,孝郎
given_name,昂雄
given_name,考生
given_name,考男
given_name,考雄
given_name,高央
given_name,高生
given_name,高大
given_name,高男
given_name,高夫
given_name,高穂
given_name,高雄
given_name,高郎
given_name,剛央
given_name,剛士
given_name,剛生
given_name,剛男
given_name,剛雄
given_name,峻夫
given_name,尚央
given_name,尚生
given_name,尚男
given_name,尚夫
given_name,尚雄
given_name,尚郎
given_name,崇央
given_name,崇応
given_name,崇生
given_name,崇男
given_name,崇夫
given_name,崇雄
given_name,崇朗
given_name,崇郎
given_name,嵩央
given_name,嵩夫
given_name,嵩雄
given_name,宣郎
given_name,専央
given_name,尊央
given_name,尊生
given_name,尊男
given_name,尊朗
given_name,尊郎
given_name,多佳雄
given_name,多加生
given_name,多加夫
given_name,多加雄
given_name,多加郎
given_name,多可緒
given_name,多嘉夫
given_name,多嘉朗
given_name,多賀夫
given_name,多賀雄
given_name,太佳生
given_name,太加男
given_name,太加夫
given_name,太加雄
given_name,太嘉男
given_name,太賀生
given_name,太快雄
given_name,太夫
given_name,太雄
given_name,大生
given_name,鷹雄
given_name,卓央
given_name,卓生
given_name,卓男
given_name,卓夫
given_name,卓雄
given_name,天夫
given_name,天郎
given_name,田佳雄
given_name,田加夫
given_name,奉生
given_name,峰雄
given_name,雄生
given_name,雄大
given_name,誉央
given_name,誉緒
given_name,誉生
given_name,誉男
given_name,誉夫
given_name,誉雄
given_name,誉朗
given_name,誉郎
given_name,隆威
given_name,隆央
given_name,隆元
given_name,隆緒
given_name,隆生
given_name,隆青
given_name,隆男
given_name,隆夫
given_name,隆勇
given_name,隆雄
given_name,隆朗
given_name,隆郎
given_name,祟夫
given_name,翔生
given_name,堯夫
given_name,宇宙
given_name,貴設
given_name,敬隆
given_name,賢典
given_name,孝興
given_name,尚興
given_name,崇起
given_name,卓興
given_name,隆沖
given_name,隆起
given_name,隆興
given_name,貴臣
given_name,敬臣
given_name,功臣
given_name,孝臣
given_name,考臣
given_name,高臣
given_name,剛臣
given_name,尚臣
given_name,崇臣
given_name,尊臣
given_name,隆臣
given_name,貴一
given_name,貴和
given_name,恭一
given_name,尭一
given_name,敬和
given_name,孝一
given_name,孝員
given_name,孝和
given_name,高一
given_name,高量
given_name,高和
given_name,尊一
given_name,尊和
given_name,卓一
given_name,隆一
given_name,隆和
given_name,和重
given_name,貴克
given_name,高功
given_name,崇且
given_name,崇克
given_name,崇勝
given_name,隆克
given_name,毅哉
given_name,貴希
given_name,貴紀
given_name,貴己
given_name,貴樹
given_name,喬貴
given_name,敬規
given_name,孝貴
given_name,孝樹
given_name,昂希
given_name,高貴
given_name,豪輝
given_name,崇希
given_name,崇揮
given_name,崇気
given_name,太紀
given_name,天希
given_name,誉樹
given_name,隆輝
given_name,隆之
given_name,貴清
given_name,孝清
given_name,高清
given_name,尚澄
given_name,隆清
given_name,孝州
given_name,孝邦
given_name,高邦
given_name,崇国
given_name,隆定
given_name,孝諭
given_name,偉
given_name,郁
given_name,宇
given_name,宇史
given_name,宇士
given_name,宇志
given_name,栄司
given_name,栄志
given_name,永
given_name,延史
given_name,延之
given_name,央
given_name,介士
given_name,格
given_name,学司
given_name,学史
given_name,学士
given_name,学志
given_name,岳
given_name,岳海
given_name,岳司
given_name,岳史
given_name,岳士
given_name,岳志
given_name,岳之
given_name,寛
given_name,幹
given_name,岐
given_name,毅
given_name,毅司
given_name,毅史
given_name,毅士
given_name,毅志
given_name,毅至
given_name,毅純
given_name,貴
given_name,貴使
given_name,貴司
given_name,貴史
given_name,貴嗣
given_name,貴士
given_name,貴志
given_name,貴支
given_name,貴氏
given_name,貴至
given_name,貴視
given_name,貴詞
given_name,貴詩
given_name,貴資
given_name,貴守
given_name,貴寿
given_name,貴信
given_name,貴是
given_name,貴之
given_name,貴巳
given_name,貴洙
given_name,宜司
given_name,宜史
given_name,宜士
given_name,宜志
given_name,宜至
given_name,丘
given_name,丘史
given_name,挙司
given_name,挙史
given_name,挙志
given_name,享
given_name,享伺
given_name,享司
given_name,享史
given_name,享嗣
given_name,享士
given_name,享志
given_name,京
given_name,京士
given_name,喬
given_name,喬司
given_name,喬史
given_name,喬嗣
given_name,喬士
given_name,喬志
given_name,喬視
given_name,喬誌
given_name,喬之
given_name,恭
given_name,恭司
given_name,恭史
given_name,恭嗣
given_name,恭士
given_name,恭志
given_name,恭資
given_name,教
given_name,教司
given_name,教嗣
given_name,教詩
given_name,教之
given_name,橋司
given_name,興
given_name,仰
given_name,仰仕
given_name,尭
given_name,尭司
given_name,尭史
given_name,尭志
given_name,尭至
given_name,暁志
given_name,空
given_name,空司
given_name,啓
given_name,啓司
given_name,啓史
given_name,啓志
given_name,啓之
given_name,圭
given_name,圭司
given_name,敬
given_name,敬佳
given_name,敬司
given_name,敬史
given_name,敬嗣
given_name,敬士
given_name,敬志
given_name,敬至
given_name,敬視
given_name,敬資
given_name,敬之
given_name,経司
given_name,傑
given_name,傑士
given_name,健
given_name,健圭志
given_name,健史
given_name,憲
given_name,謙
given_name,賢
given_name,賢史
given_name,賢士
given_name,賢志
given_name,顕史
given_name,厳志
given_name,玄
given_name,誇
given_name,公
given_name,公司
given_name,公史
given_name,公士
given_name,公師
given_name,公志
given_name,功樹
given_name,好志
given_name,孝
given_name,孝司
given_name,孝史
given_name,孝嗣
given_name,孝士
given_name,孝始
given_name,孝志
given_name,孝支
given_name,孝旨
given_name,孝氏
given_name,孝至
given_name,孝詩
given_name,孝誌
given_name,孝資
given_name,孝実
given_name,孝守
given_name,孝充
given_name,孝俊
given_name,孝壮
given_name,孝之
given_name,幸司
given_name,幸史
given_name,幸志
given_name,昂
given_name,昂司
given_name,昂史
given_name,昂士
given_name,昂志
given_name,晃
given_name,晃司
given_name,浩史
given_name,稿士
given_name,考
given_name,考司
given_name,考史
given_name,考士
given_name,考志
given_name,考示
given_name,考優
given_name,行志
given_name,貢志
given_name,高
given_name,高司
given_name,高史
given_name,高嗣
given_name,高士
given_name,高志
given_name,高至
given_name,高視
given_name,高詞
given_name,高詩
given_name,高誌
given_name,高資
given_name,高滋
given_name,高之
given_name,高巳
given_name,高吏
given_name,剛
given_name,剛司
given_name,剛史
given_name,剛嗣
given_name,剛士
given_name,剛志
given_name,剛誌
given_name,剛慈
given_name,豪
given_name,山
given_name,史
given_name,史上
given_name,志
given_name,資士
given_name,紗夜香
given_name,樹
given_name,宗
given_name,宗之
given_name,充
given_name,俊
given_name,俊士
given_name,俊至
given_name,峻
given_name,峻司
given_name,峻史
given_name,峻士
given_name,峻志
given_name,駿
given_name,駿志
given_name,勝士
given_name,勝巳
given_name,唱
given_name,将
given_name,将志
given_name,尚
given_name,尚司
given_name,尚史
given_name,尚嗣
given_name,尚士
given_name,尚志
given_name,尚資
given_name,尚治
given_name,尚之
given_name,昇史
given_name,梢嗣
given_name,渉
given_name,章史
given_name,章士
given_name,賞
given_name,臣司
given_name,臣志
given_name,臣壮
given_name,仁
given_name,仁詞
given_name,崇
given_name,崇司
given_name,崇史
given_name,崇嗣
given_name,崇士
given_name,崇志
given_name,崇支
given_name,崇氏
given_name,崇至
given_name,崇視
given_name,崇詞
given_name,崇詩
given_name,崇誌
given_name,崇資
given_name,崇大
given_name,崇之
given_name,崇吏
given_name,嵩
given_name,嵩史
given_name,嵩士
given_name,嵩志
given_name,嵩至
given_name,嵩詞
given_name,生司
given_name,生士
given_name,盛
given_name,聖
given_name,聖史
given_name,聖士
given_name,聖志
given_name,節
given_name,節史
given_name,節之
given_name,仙
given_name,宣司
given_name,前田
given_name,創史
given_name,壮
given_name,想
given_name,聡
given_name,尊
given_name,尊梓
given_name,尊伺
given_name,尊司
given_name,尊史
given_name,尊嗣
given_name,尊士
given_name,尊志
given_name,尊氏
given_name,尊之
given_name,多佳史
given_name,多佳志
given_name,多加司
given_name,多加士
given_name,多加志
given_name,多可史
given_name,多可志
given_name,多賀司
given_name,多賀史
given_name,多賀志
given_name,多彼志
given_name,太加司
given_name,太加志
given_name,太可士
given_name,太嘉志
given_name,太志
given_name,大
given_name,大香士
given_name,大志
given_name,鷹司
given_name,鷹志
given_name,瀧澤
given_name,卓
given_name,卓司
given_name,卓史
given_name,卓嗣
given_name,卓士
given_name,卓志
given_name,卓思
given_name,卓資
given_name,卓之
given_name,拓志
given_name,琢史
given_name,直
given_name,哲司
given_name,哲史
given_name,哲士
given_name,天
given_name,天司
given_name,天史
given_name,天士
given_name,天志
given_name,田佳士
given_name,登司
given_name,登史
given_name,登嗣
given_name,登志
given_name,堂司
given_name,堂史
given_name,任
given_name,任史
given_name,任志
given_name,能史
given_name,能士
given_name,隼史
given_name,隼至
given_name,飛
given_name,飛史
given_name,飛志
given_name,標
given_name,宝史
given_name,宝志
given_name,宝之
given_name,峰
given_name,峰司
given_name,峰史
given_name,峰士
given_name,峰志
given_name,方志
given_name,豊史
given_name,猛司
given_name,冶
given_name,勇志
given_name,雄
given_name,雄司
given_name,雄史
given_name,雄志
given_name,誉
given_name,誉梓
given_name,誉司
given_name,誉史
given_name,誉士
given_name,誉志
given_name,誉識
given_name,誉之
given_name,容
given_name,陽史
given_name,陽士
given_name,陽志
given_name,理
given_name,理史
given_name,陸
given_name,立
given_name,隆
given_name,隆伺
given_name,隆司
given_name,隆史
given_name,隆嗣
given_name,隆士
given_name,隆市
given_name,隆師
given_name,隆志
given_name,隆氏
given_name,隆至
given_name,隆詩
given_name,隆誌
given_name,隆資
given_name,隆次
given_name,隆而
given_name,隆主
given_name,隆臣
given_name,隆二
given_name,隆之
given_name,隆吏
given_name,龍
given_name,亮
given_name,良知
given_name,陵
given_name,和
given_name,和司
given_name,和史
given_name,和志
given_name,亘
given_name,嶮
given_name,巍
given_name,敞
given_name,翔
given_name,堯
given_name,貴次
given_name,敬治
given_name,孝司
given_name,孝慈
given_name,孝時
given_name,孝次
given_name,孝治
given_name,孝二
given_name,高路
given_name,剛史
given_name,剛二
given_name,哲二
given_name,隆司
given_name,隆次
given_name,隆治
given_name,隆二
given_name,貴滋
given_name,貴秀
given_name,貴重
given_name,貴成
given_name,貴繁
given_name,貴茂
given_name,享成
given_name,享誠
given_name,喬成
given_name,敬茂
given_name,孝樹
given_name,孝重
given_name,孝繁
given_name,孝茂
given_name,高重
given_name,高成
given_name,高繁
given_name,高茂
given_name,剛成
given_name,尚茂
given_name,崇成
given_name,崇繁
given_name,太加茂
given_name,太茂
given_name,天誉
given_name,隆重
given_name,隆成
given_name,隆篤
given_name,隆繁
given_name,隆茂
given_name,孝次郎
given_name,誉二朗
given_name,貴介
given_name,宜佐
given_name,享祐
given_name,孝介
given_name,高輔
given_name,崇介
given_name,太加介
given_name,天佑
given_name,雄介
given_name,隆典
given_name,隆輔
given_name,祟介
given_name,魏右
given_name,貴好
given_name,貴純
given_name,貴澄
given_name,貴清
given_name,敬済
given_name,敬純
given_name,孝賢
given_name,孝純
given_name,孝澄
given_name,高澄
given_name,豪純
given_name,崇有
given_name,誉清
given_name,隆済
given_name,隆純
given_name,宇澄
given_name,貴純
given_name,敬済
given_name,敬純
given_name,孝純
given_name,昂純
given_name,高純
given_name,尚純
given_name,崇純
given_name,崇澄
given_name,嵩純
given_name,太紀
given_name,登玄
given_name,峰澄
given_name,隆純
given_name,孝世
given_name,高世
given_name,崇世
given_name,貴太郎
given_name,孝太郎
given_name,高太郎
given_name,孝親
given_name,高央
given_name,剛愛
given_name,崇史
given_name,隆継
given_name,学嗣
given_name,貴継
given_name,貴司
given_name,貴嗣
given_name,貴次
given_name,貴紹
given_name,貴詔
given_name,喬嗣
given_name,恭嗣
given_name,敬継
given_name,敬嗣
given_name,敬紹
given_name,孝継
given_name,孝司
given_name,孝嗣
given_name,孝次
given_name,高嗣
given_name,高次
given_name,剛嗣
given_name,峻嗣
given_name,尚胤
given_name,章次
given_name,崇胤
given_name,崇及
given_name,崇継
given_name,崇嗣
given_name,崇次
given_name,崇紹
given_name,尊嗣
given_name,天胤
given_name,能嗣
given_name,隆嗣
given_name,隆次
given_name,隆世
given_name,孝綱
given_name,高綱
given_name,充綱
given_name,貴恒
given_name,孝恒
given_name,孝常
given_name,高恒
given_name,隆経
given_name,宇晃
given_name,貴映
given_name,貴英
given_name,貴輝
given_name,貴光
given_name,貴照
given_name,好晃
given_name,孝輝
given_name,幸輝
given_name,考輝
given_name,高輝
given_name,高照
given_name,高耀
given_name,峻輝
given_name,尚照
given_name,上照
given_name,崇輝
given_name,鷹輝
given_name,堂照
given_name,誉旭
given_name,誉輝
given_name,隆輝
given_name,隆照
given_name,岳人
given_name,貴人
given_name,貴仁
given_name,貴斗
given_name,貴登
given_name,貴都
given_name,貴翔
given_name,丘人
given_name,享人
given_name,敬人
given_name,賢人
given_name,孝人
given_name,孝斗
given_name,孝登
given_name,孝門
given_name,昂士
given_name,昂人
given_name,考人
given_name,高人
given_name,高登
given_name,峻人
given_name,峻斗
given_name,駿斗
given_name,尚人
given_name,尚登
given_name,崇人
given_name,崇斗
given_name,崇登
given_name,嵩人
given_name,嵩都
given_name,鷹登
given_name,卓登
given_name,天斗
given_name,峰人
given_name,峰登
given_name,雄人
given_name,誉人
given_name,隆人
given_name,隆任
given_name,貴徳
given_name,位祥
given_name,宇俊
given_name,学聡
given_name,毅俊
given_name,貴鋭
given_name,貴紀
given_name,貴敬
given_name,貴寿
given_name,貴俊
given_name,貴峻
given_name,貴駿
given_name,貴世
given_name,貴聡
given_name,貴智
given_name,貴年
given_name,貴敏
given_name,貴稔
given_name,貴利
given_name,貴齢
given_name,貴和
given_name,貴壽
given_name,宜宗
given_name,宜利
given_name,享俊
given_name,享稔
given_name,享利
given_name,教稔
given_name,啓敏
given_name,圭利
given_name,敬俊
given_name,敬敏
given_name,賢寿
given_name,孝季
given_name,孝均
given_name,孝寿
given_name,孝俊
given_name,孝世
given_name,孝聡
given_name,孝智
given_name,孝敏
given_name,孝稔
given_name,孝利
given_name,昂甫
given_name,考利
given_name,高鋭
given_name,高資
given_name,高寿
given_name,高俊
given_name,高敏
given_name,高稔
given_name,高明
given_name,高利
given_name,剛寿
given_name,剛俊
given_name,剛仁
given_name,豪念
given_name,爵世
given_name,充智
given_name,尚俊
given_name,尚稔
given_name,崇暁
given_name,崇寿
given_name,崇俊
given_name,崇準
given_name,崇章
given_name,崇聡
given_name,崇智
given_name,崇敏
given_name,崇稔
given_name,崇利
given_name,嵩淳
given_name,尊聡
given_name,太俊
given_name,卓英
given_name,卓寿
given_name,卓俊
given_name,卓聡
given_name,卓利
given_name,登敏
given_name,能敏
given_name,峰紀
given_name,万世
given_name,雄俊
given_name,誉寿
given_name,誉俊
given_name,隆鋭
given_name,隆紀
given_name,隆訓
given_name,隆寿
given_name,隆俊
given_name,隆仁
given_name,隆世
given_name,隆聖
given_name,隆聡
given_name,隆敏
given_name,隆稔
given_name,隆利
given_name,隆壽
given_name,應要
given_name,貴臣
given_name,貴富
given_name,孝富
given_name,高富
given_name,高冨
given_name,尊福
given_name,隆富
given_name,岳友
given_name,貴智
given_name,貴朝
given_name,貴朋
given_name,貴友
given_name,尭友
given_name,啓友
given_name,孝具
given_name,孝知
given_name,孝智
given_name,孝友
given_name,孝有
given_name,尚朋
given_name,崇智
given_name,崇朝
given_name,崇文
given_name,崇睦
given_name,崇友
given_name,嵩智
given_name,尊友
given_name,卓那
given_name,峰朋
given_name,万友
given_name,隆丈
given_name,隆知
given_name,隆智
given_name,隆朋
given_name,隆末
given_name,隆友
given_name,貴豊
given_name,隆豊
given_name,貴虎
given_name,高虎
given_name,剛虎
given_name,位直
given_name,貴尚
given_name,貴直
given_name,恭直
given_name,敬直
given_name,孝尚
given_name,孝真
given_name,孝直
given_name,高尚
given_name,高直
given_name,剛巨
given_name,崇尚
given_name,崇直
given_name,卓修
given_name,卓直
given_name,隆尚
given_name,隆真
given_name,隆直
given_name,和修
given_name,孝長
given_name,宇成
given_name,学成
given_name,貴就
given_name,貴成
given_name,貴也
given_name,巨也
given_name,恭令
given_name,敬也
given_name,賢成
given_name,孝慈
given_name,孝成
given_name,孝也
given_name,高成
given_name,高斉
given_name,剛成
given_name,尚成
given_name,崇詞
given_name,崇成
given_name,崇也
given_name,尊成
given_name,鷹成
given_name,天也
given_name,登成
given_name,隆就
given_name,隆成
given_name,隆生
given_name,隆也
given_name,高之進
given_name,貴之介
given_name,甚之介
given_name,鷹之介
given_name,一修
given_name,一暢
given_name,岳暢
given_name,岳展
given_name,貴延
given_name,貴喜
given_name,貴順
given_name,貴将
given_name,貴伸
given_name,貴信
given_name,貴申
given_name,貴進
given_name,貴宣
given_name,貴暢
given_name,貴敦
given_name,貴靖
given_name,貴庸
given_name,貴亘
given_name,宜伸
given_name,享伸
given_name,恭史
given_name,教信
given_name,尭正
given_name,啓伸
given_name,圭信
given_name,敬喜
given_name,敬信
given_name,敬誠
given_name,敬展
given_name,賢伸
given_name,好伸
given_name,孝允
given_name,孝延
given_name,孝史
given_name,孝修
given_name,孝将
given_name,孝伸
given_name,孝信
given_name,孝宣
given_name,孝暢
given_name,孝庸
given_name,孝收
given_name,考将
given_name,考伸
given_name,考信
given_name,考宣
given_name,考総
given_name,高延
given_name,高伸
given_name,高信
given_name,高宣
given_name,高庸
given_name,剛恒
given_name,剛伸
given_name,剛信
given_name,尚伸
given_name,尚宣
given_name,尚敦
given_name,臣将
given_name,崇伸
given_name,崇信
given_name,崇誠
given_name,崇宣
given_name,崇暢
given_name,崇亘
given_name,尊信
given_name,尊宣
given_name,太信
given_name,鷹信
given_name,卓延
given_name,卓信
given_name,卓総
given_name,卓展
given_name,天伸
given_name,天信
given_name,天宣
given_name,堂献
given_name,宝誠
given_name,宝宣
given_name,誉伸
given_name,隆允
given_name,隆喜
given_name,隆伸
given_name,隆信
given_name,隆進
given_name,隆正
given_name,隆宣
given_name,隆暢
given_name,隆展
given_name,隆靖
given_name,隆庸
given_name,隆亘
given_name,位悟
given_name,威則
given_name,威智
given_name,宇紀
given_name,栄憲
given_name,栄成
given_name,栄典
given_name,栄徳
given_name,延学
given_name,苑菁
given_name,学則
given_name,学伯
given_name,毅規
given_name,毅至
given_name,毅昇
given_name,毅則
given_name,貴賀
given_name,貴格
given_name,貴紀
given_name,貴規
given_name,貴記
given_name,貴宜
given_name,貴義
given_name,貴教
given_name,貴斤
given_name,貴訓
given_name,貴敬
given_name,貴憲
given_name,貴謙
given_name,貴功
given_name,貴詞
given_name,貴式
given_name,貴章
given_name,貴慎
given_name,貴臣
given_name,貴仁
given_name,貴成
given_name,貴生
given_name,貴宣
given_name,貴則
given_name,貴智
given_name,貴稚
given_name,貴勅
given_name,貴哲
given_name,貴典
given_name,貴展
given_name,貴土
given_name,貴統
given_name,貴徳
given_name,貴之
given_name,貴伯
given_name,貴範
given_name,貴文
given_name,貴法
given_name,貴命
given_name,貴優
given_name,貴誉
given_name,貴倫
given_name,貴令
given_name,宜永
given_name,宜紀
given_name,宜功
given_name,宜則
given_name,宜典
given_name,享紀
given_name,享典
given_name,享法
given_name,享誉
given_name,京憲
given_name,京典
given_name,喬規
given_name,喬則
given_name,喬典
given_name,喬範
given_name,恭敬
given_name,恭範
given_name,教勤
given_name,教宣
given_name,教徳
given_name,教範
given_name,尭憲
given_name,啓謹
given_name,啓敬
given_name,啓修
given_name,啓生
given_name,啓典
given_name,啓徳
given_name,圭哲
given_name,敬基
given_name,敬紀
given_name,敬規
given_name,敬訓
given_name,敬憲
given_name,敬臣
given_name,敬宣
given_name,敬則
given_name,敬典
given_name,敬徳
given_name,敬倫
given_name,兼義
given_name,賢紀
given_name,賢憲
given_name,賢則
given_name,賢知
given_name,賢範
given_name,賢文
given_name,顕法
given_name,公紀
given_name,公則
given_name,公徳
given_name,功典
given_name,孝格
given_name,孝基
given_name,孝紀
given_name,孝規
given_name,孝記
given_name,孝貴
given_name,孝宜
given_name,孝教
given_name,孝矩
given_name,孝訓
given_name,孝憲
given_name,孝公
given_name,孝功
given_name,孝周
given_name,孝順
given_name,孝昇
given_name,孝慎
given_name,孝仁
given_name,孝宣
given_name,孝側
given_name,孝則
given_name,孝知
given_name,孝哲
given_name,孝典
given_name,孝展
given_name,孝得
given_name,孝徳
given_name,孝任
given_name,孝範
given_name,孝文
given_name,孝法
given_name,孝明
given_name,孝庸
given_name,孝了
given_name,孝倫
given_name,孝礼
given_name,幸納
given_name,昂宗
given_name,昂典
given_name,考紀
given_name,考規
given_name,考憲
given_name,考識
given_name,考徳
given_name,考範
given_name,香智
given_name,高紀
given_name,高規
given_name,高宜
given_name,高義
given_name,高教
given_name,高訓
given_name,高慶
given_name,高敬
given_name,高憲
given_name,高謙
given_name,高功
given_name,高仙
given_name,高宣
given_name,高則
given_name,高典
given_name,高得
given_name,高徳
given_name,高範
given_name,剛寛
given_name,剛基
given_name,剛紀
given_name,剛規
given_name,剛史
given_name,剛成
given_name,剛典
given_name,剛徳
given_name,剛範
given_name,峻規
given_name,峻典
given_name,尚意
given_name,尚紀
given_name,尚規
given_name,尚憲
given_name,尚功
given_name,尚史
given_name,尚則
given_name,尚智
given_name,尚哲
given_name,尚典
given_name,尚徳
given_name,尚範
given_name,尚法
given_name,尚倫
given_name,臣憲
given_name,崇永
given_name,崇紀
given_name,崇規
given_name,崇記
given_name,崇宜
given_name,崇恭
given_name,崇教
given_name,崇謹
given_name,崇訓
given_name,崇敬
given_name,崇経
given_name,崇憲
given_name,崇悟
given_name,崇功
given_name,崇考
given_name,崇識
given_name,崇章
given_name,崇仁
given_name,崇成
given_name,崇宣
given_name,崇則
given_name,崇智
given_name,崇朝
given_name,崇哲
given_name,崇典
given_name,崇統
given_name,崇徳
given_name,崇能
given_name,崇伯
given_name,崇範
given_name,崇文
given_name,崇倫
given_name,崇礼
given_name,嵩典
given_name,嵩法
given_name,正雅
given_name,正典
given_name,節規
given_name,宣紀
given_name,尊紀
given_name,尊議
given_name,尊教
given_name,尊憲
given_name,尊功
given_name,尊式
given_name,尊政
given_name,尊宣
given_name,尊則
given_name,尊徳
given_name,尊範
given_name,尊法
given_name,太基
given_name,太紀
given_name,太誉
given_name,大悟
given_name,鷹憲
given_name,卓紀
given_name,卓憲
given_name,卓謙
given_name,卓功
given_name,卓周
given_name,卓宣
given_name,卓典
given_name,卓徳
given_name,卓範
given_name,卓明
given_name,琢紀
given_name,琢理
given_name,男康
given_name,哲宜
given_name,天紀
given_name,登工
given_name,平典
given_name,峰紀
given_name,峰規
given_name,峰憲
given_name,峰伯
given_name,雄紀
given_name,誉紀
given_name,誉憲
given_name,誉典
given_name,誉明
given_name,理紀
given_name,理悟
given_name,理文
given_name,陸紀
given_name,隆紀
given_name,隆規
given_name,隆儀
given_name,隆宜
given_name,隆義
given_name,隆巨
given_name,隆教
given_name,隆訓
given_name,隆慶
given_name,隆経
given_name,隆憲
given_name,隆功
given_name,隆考
given_name,隆順
given_name,隆慎
given_name,隆成
given_name,隆仙
given_name,隆宣
given_name,隆則
given_name,隆智
given_name,隆哲
given_name,隆典
given_name,隆徳
given_name,隆伯
given_name,隆範
given_name,隆法
given_name,隆誉
given_name,隆律
given_name,隆倫
given_name,良憲
given_name,楼徳
given_name,和徳
given_name,翔矩
given_name,尊八朗
given_name,学治
given_name,岳晴
given_name,岳東
given_name,貴玄
given_name,貴治
given_name,貴春
given_name,貴晴
given_name,貴大
given_name,貴冶
given_name,貴陽
given_name,貴令
given_name,宜治
given_name,喬治
given_name,恭治
given_name,教晴
given_name,敬治
given_name,敬晴
given_name,孝温
given_name,孝元
given_name,孝治
given_name,孝春
given_name,孝晴
given_name,孝陽
given_name,幸大
given_name,昂治
given_name,考治
given_name,高治
given_name,高春
given_name,高晴
given_name,剛治
given_name,剛冶
given_name,尚温
given_name,尚治
given_name,臣玄
given_name,崇栄
given_name,崇元
given_name,崇玄
given_name,崇治
given_name,崇春
given_name,崇晴
given_name,崇立
given_name,聖晴
given_name,尊治
given_name,尊春
given_name,多加晴
given_name,太治
given_name,鷹治
given_name,卓治
given_name,天晴
given_name,堂晴
given_name,飛流
given_name,誉治
given_name,陽晴
given_name,陽大
given_name,隆温
given_name,隆元
given_name,隆治
given_name,隆春
given_name,隆晴
given_name,宇彦
given_name,学彦
given_name,岳彦
given_name,毅彦
given_name,貴日呼
given_name,貴彦
given_name,宜彦
given_name,匡彦
given_name,喬彦
given_name,恭彦
given_name,尭彦
given_name,啓彦
given_name,敬彦
given_name,賢彦
given_name,公彦
given_name,孝比古
given_name,孝彦
given_name,昂比古
given_name,高彦
given_name,剛彦
given_name,豪彦
given_name,俊彦
given_name,峻彦
given_name,尚彦
given_name,崇人
given_name,崇彦
given_name,誠彦
given_name,尊彦
given_name,多賀彦
given_name,太彦
given_name,泰加彦
given_name,大佳彦
given_name,卓彦
given_name,天彦
given_name,登彦
given_name,統彦
given_name,隼彦
given_name,峯彦
given_name,誉彦
given_name,陽彦
given_name,隆弘
given_name,隆比古
given_name,隆彦
given_name,眞彦
given_name,翔彦
given_name,耕比古
given_name,宇央
given_name,宇久
given_name,岳央
given_name,岳久
given_name,岳寿
given_name,毅久
given_name,貴永
given_name,貴央
given_name,貴久
given_name,貴向
given_name,貴恒
given_name,貴史
given_name,貴寿
given_name,貴尚
given_name,宜永
given_name,喬久
given_name,恭久
given_name,尭央
given_name,尭久
given_name,敬央
given_name,敬久
given_name,敬寿
given_name,敬尚
given_name,賢永
given_name,公寿
given_name,孝永
given_name,孝久
given_name,孝寿
given_name,孝尚
given_name,孝文
given_name,孝弥
given_name,幸久
given_name,昂永
given_name,昂央
given_name,高永
given_name,高央
given_name,高久
given_name,高寿
given_name,高尚
given_name,剛久
given_name,豪久
given_name,尚央
given_name,尚久
given_name,尚寿
given_name,崇永
given_name,崇央
given_name,崇久
given_name,崇恭
given_name,崇寿
given_name,崇尚
given_name,嵩久
given_name,聖久
given_name,聖尚
given_name,誠寿
given_name,宣久
given_name,尊久
given_name,尊寿
given_name,鷹寿
given_name,卓央
given_name,卓久
given_name,哲久
given_name,天永
given_name,天悠
given_name,登久
given_name,任央
given_name,能久
given_name,誉久
given_name,隆永
given_name,隆央
given_name,隆久
given_name,隆寿
given_name,隆尚
given_name,隆壽
given_name,和央
given_name,宇英
given_name,岳英
given_name,貴栄
given_name,貴英
given_name,貴嗣
given_name,貴秀
given_name,享英
given_name,尭英
given_name,尭秀
given_name,敬英
given_name,敬秀
given_name,賢英
given_name,賢秀
given_name,孝英
given_name,孝次
given_name,孝秀
given_name,昂英
given_name,昂嗣
given_name,昂秀
given_name,考秀
given_name,高英
given_name,高嗣
given_name,高秀
given_name,剛英
given_name,剛秀
given_name,爵秀
given_name,峻秀
given_name,尚英
given_name,尚次
given_name,尚秀
given_name,章秀
given_name,臣秀
given_name,崇英
given_name,崇秀
given_name,尊秀
given_name,卓英
given_name,卓秀
given_name,峰秀
given_name,誉英
given_name,陽紀
given_name,隆栄
given_name,隆英
given_name,隆秀
given_name,堯英
given_name,威人
given_name,一仁
given_name,宇人
given_name,宇仁
given_name,栄仁
given_name,学仁
given_name,岳人
given_name,岳仁
given_name,毅人
given_name,毅仁
given_name,貴一
given_name,貴史
given_name,貴人
given_name,貴仁
given_name,貴大
given_name,貴倫
given_name,宜史
given_name,享人
given_name,喬仁
given_name,尭人
given_name,啓人
given_name,圭人
given_name,敬人
given_name,敬仁
given_name,賢人
given_name,賢仁
given_name,孝侍
given_name,孝人
given_name,孝仁
given_name,耕人
given_name,考人
given_name,高史
given_name,高人
given_name,高仁
given_name,剛一
given_name,剛士
given_name,剛人
given_name,剛仁
given_name,剛兵
given_name,社史
given_name,峻人
given_name,尚史
given_name,尚人
given_name,尚仁
given_name,崇
given_name,崇公
given_name,崇史
given_name,崇人
given_name,崇仁
given_name,嵩人
given_name,嵩仁
given_name,聖士
given_name,聖仁
given_name,節人
given_name,尊人
given_name,尊仁
given_name,大人
given_name,卓人
given_name,卓仁
given_name,奉仁
given_name,有希
given_name,誉人
given_name,誉仁
given_name,隆人
given_name,隆仁
given_name,堯人
given_name,貴平
given_name,孝啓
given_name,孝拓
given_name,高衡
given_name,高平
given_name,崇平
given_name,一太
given_name,宇啓
given_name,宇広
given_name,宇弘
given_name,宇浩
given_name,宇紘
given_name,宇大
given_name,宇宙
given_name,宇博
given_name,宇裕
given_name,宇洋
given_name,栄弘
given_name,栄浩
given_name,栄裕
given_name,栄洋
given_name,閣啓
given_name,学宏
given_name,学浩
given_name,岳央
given_name,岳寛
given_name,岳宏
given_name,岳弘
given_name,岳大
given_name,岳博
given_name,岳裕
given_name,岳洋
given_name,岳陽
given_name,岳廣
given_name,毅宏
given_name,毅弘
given_name,毅浩
given_name,毅大
given_name,毅洋
given_name,貴央
given_name,貴嘉
given_name,貴寛
given_name,貴毅
given_name,貴久
given_name,貴啓
given_name,貴敬
given_name,貴光
given_name,貴公
given_name,貴孔
given_name,貴宏
given_name,貴広
given_name,貴弘
given_name,貴浩
given_name,貴紘
given_name,貴史
given_name,貴俊
given_name,貴丈
given_name,貴尋
given_name,貴壮
given_name,貴太
given_name,貴泰
given_name,貴代
given_name,貴大
given_name,貴拓
given_name,貴宙
given_name,貴兆
given_name,貴天
given_name,貴徳
given_name,貴博
given_name,貴比呂
given_name,貴普
given_name,貴明
given_name,貴悠
given_name,貴祐
given_name,貴裕
given_name,貴洋
given_name,貴陽
given_name,貴玲
given_name,貴礼
given_name,貴廣
given_name,亀弘
given_name,宜拡
given_name,宜寛
given_name,宜宏
given_name,宜広
given_name,宜弘
given_name,宜浩
given_name,宜大
given_name,宜裕
given_name,丘広
given_name,丘浩
given_name,丘都
given_name,丘博
given_name,挙大
given_name,挙裕
given_name,享宏
given_name,享弘
given_name,享浩
given_name,享紘
given_name,享泰
given_name,享洋
given_name,享廣
given_name,京大
given_name,喬寛
given_name,喬啓
given_name,喬敬
given_name,喬宏
given_name,喬広
given_name,喬弘
given_name,喬浩
given_name,喬紘
given_name,喬大
given_name,喬博
given_name,喬裕
given_name,喬廣
given_name,恭宏
given_name,恭弘
given_name,恭大
given_name,恭博
given_name,恭裕
given_name,恭洋
given_name,教央
given_name,教簡
given_name,教弘
given_name,教紘
given_name,教博
given_name,尭宏
given_name,尭広
given_name,尭弘
given_name,尭大
given_name,尭博
given_name,暁洋
given_name,啓央
given_name,啓嘉
given_name,啓寛
given_name,啓玄
given_name,啓宏
given_name,啓浩
given_name,啓大
given_name,啓裕
given_name,圭宏
given_name,圭博
given_name,敬寛
given_name,敬宏
given_name,敬広
given_name,敬弘
given_name,敬浩
given_name,敬紘
given_name,敬大
given_name,敬拓
given_name,敬哲
given_name,敬博
given_name,敬祐
given_name,敬裕
given_name,敬洋
given_name,健広
given_name,賢啓
given_name,賢宏
given_name,賢広
given_name,賢弘
given_name,賢紘
given_name,賢大
given_name,賢博
given_name,賢洋
given_name,顕宏
given_name,顕広
given_name,顕博
given_name,顕陽
given_name,玄大
given_name,公宏
given_name,公弘
given_name,公博
given_name,功啓
given_name,功浩
given_name,好弘
given_name,孝央
given_name,孝拡
given_name,孝寛
given_name,孝啓
given_name,孝公
given_name,孝宏
given_name,孝広
given_name,孝弘
given_name,孝浩
given_name,孝紘
given_name,孝寿
given_name,孝宗
given_name,孝仁
given_name,孝泰
given_name,孝大
given_name,孝拓
given_name,孝宙
given_name,孝典
given_name,孝博
given_name,孝彦
given_name,孝明
given_name,孝祐
given_name,孝裕
given_name,孝容
given_name,孝洋
given_name,孝廣
given_name,宏孝
given_name,幸宏
given_name,幸広
given_name,幸弘
given_name,幸裕
given_name,昂央
given_name,昂宏
given_name,昂広
given_name,昂弘
given_name,昂浩
given_name,昂紘
given_name,昂大
given_name,昂博
given_name,昂洋
given_name,考寛
given_name,考啓
given_name,考宏
given_name,考広
given_name,考弘
given_name,考浩
given_name,考衡
given_name,考大
given_name,考拓
given_name,考博
given_name,考優
given_name,考裕
given_name,考洋
given_name,貢大
given_name,香宏
given_name,高央
given_name,高拡
given_name,高寛
given_name,高巨
given_name,高啓
given_name,高宏
given_name,高広
given_name,高弘
given_name,高浩
given_name,高紘
given_name,高充
given_name,高太
given_name,高大
given_name,高博
given_name,高明
given_name,高祐
given_name,高裕
given_name,高洋
given_name,高廣
given_name,剛央
given_name,剛寛
given_name,剛啓
given_name,剛宏
given_name,剛広
given_name,剛弘
given_name,剛浩
given_name,剛丈
given_name,剛大
given_name,剛拓
given_name,剛裕
given_name,剛洋
given_name,資展
given_name,宗洋
given_name,峻宏
given_name,峻広
given_name,峻大
given_name,峻拓
given_name,将浩
given_name,尚寛
given_name,尚宏
given_name,尚広
given_name,尚弘
given_name,尚浩
given_name,尚泰
given_name,尚大
given_name,尚典
given_name,尚博
given_name,尚彦
given_name,尚裕
given_name,尚容
given_name,尚洋
given_name,梢宏
given_name,称弘
given_name,章宏
given_name,章弘
given_name,章浩
given_name,章博
given_name,象弘
given_name,臣樹
given_name,臣洋
given_name,崇央
given_name,崇拡
given_name,崇寛
given_name,崇啓
given_name,崇圭
given_name,崇敬
given_name,崇公
given_name,崇宏
given_name,崇広
given_name,崇弘
given_name,崇浩
given_name,崇紘
given_name,崇丈
given_name,崇仁
given_name,崇尋
given_name,崇泰
given_name,崇大
given_name,崇達
given_name,崇博
given_name,崇豊
given_name,崇佑
given_name,崇祐
given_name,崇裕
given_name,崇洋
given_name,崇廣
given_name,嵩啓
given_name,嵩宏
given_name,嵩広
given_name,嵩弘
given_name,嵩浩
given_name,嵩丈
given_name,嵩尋
given_name,嵩大
given_name,嵩博
given_name,嵩洋
given_name,嵩洸
given_name,生泰
given_name,聖裕
given_name,誠大
given_name,節宏
given_name,尊宏
given_name,尊広
given_name,尊弘
given_name,尊浩
given_name,尊紘
given_name,尊泰
given_name,尊大
given_name,尊博
given_name,尊裕
given_name,尊洋
given_name,尊礼
given_name,多加公
given_name,太啓
given_name,太宏
given_name,太浩
given_name,太門
given_name,太裕
given_name,太洋
given_name,太陽
given_name,大洋
given_name,鷹広
given_name,鷹博
given_name,鷹洋
given_name,卓寛
given_name,卓宏
given_name,卓広
given_name,卓弘
given_name,卓浩
given_name,卓泰
given_name,卓大
given_name,卓拓
given_name,卓博
given_name,卓祐
given_name,卓裕
given_name,卓洋
given_name,卓廣
given_name,拓宏
given_name,琢大
given_name,宙汎
given_name,哲央
given_name,哲宏
given_name,哲弘
given_name,天広
given_name,天弘
given_name,天洋
given_name,登弘
given_name,登浩
given_name,登大
given_name,堂弘
given_name,任宏
given_name,任弘
given_name,任容
given_name,能啓
given_name,能弘
given_name,隼大
given_name,飛寛
given_name,飛浩
given_name,美子
given_name,平寛
given_name,宝弘
given_name,峰宏
given_name,峰弘
given_name,峰大
given_name,峰弥
given_name,峰洋
given_name,方厚
given_name,茂博
given_name,孟宏
given_name,孟弘
given_name,雄宏
given_name,雄大
given_name,雄洋
given_name,誉拡
given_name,誉啓
given_name,誉弘
given_name,誉浩
given_name,誉大
given_name,誉博
given_name,誉裕
given_name,誉洋
given_name,陽広
given_name,陽大
given_name,陽洋
given_name,陸大
given_name,立裕
given_name,隆央
given_name,隆寛
given_name,隆啓
given_name,隆敬
given_name,隆景
given_name,隆玄
given_name,隆公
given_name,隆宏
given_name,隆広
given_name,隆弘
given_name,隆浩
given_name,隆紘
given_name,隆周
given_name,隆宗
given_name,隆昌
given_name,隆祥
given_name,隆丈
given_name,隆尋
given_name,隆太
given_name,隆泰
given_name,隆大
given_name,隆拓
given_name,隆博
given_name,隆弥
given_name,隆祐
given_name,隆裕
given_name,隆洋
given_name,隆良
given_name,隆廣
given_name,隆皓
given_name,隆熙
given_name,稜拓
given_name,陵広
given_name,陵洋
given_name,和宏
given_name,將央
given_name,堯弘
given_name,堯博
given_name,貴房
given_name,孝房
given_name,高惣
given_name,高房
given_name,尊房
given_name,隆藤
given_name,隆房
given_name,偉文
given_name,郁文
given_name,宇史
given_name,栄史
given_name,学史
given_name,岳史
given_name,岳文
given_name,毅史
given_name,貴郁
given_name,貴記
given_name,貴史
given_name,貴詞
given_name,貴章
given_name,貴文
given_name,貴吏
given_name,宜史
given_name,享郁
given_name,享史
given_name,享文
given_name,喬史
given_name,喬文
given_name,恭郁
given_name,恭史
given_name,恭文
given_name,教史
given_name,教文
given_name,尭史
given_name,啓史
given_name,敬史
given_name,敬文
given_name,健文
given_name,兼史
given_name,賢史
given_name,賢典
given_name,賢文
given_name,公郁
given_name,孝郁
given_name,孝史
given_name,孝典
given_name,孝文
given_name,幸文
given_name,昂史
given_name,考史
given_name,香文
given_name,高史
given_name,高詞
given_name,高文
given_name,剛史
given_name,剛文
given_name,豪史
given_name,宗史
given_name,充史
given_name,峻史
given_name,尚史
given_name,尚文
given_name,章文
given_name,肖典
given_name,上文
given_name,崇史
given_name,崇章
given_name,崇典
given_name,崇文
given_name,嵩史
given_name,嵩文
given_name,尊郁
given_name,尊史
given_name,尊文
given_name,太史
given_name,太文
given_name,鷹郁
given_name,鷹史
given_name,卓史
given_name,卓文
given_name,登史
given_name,任史
given_name,能史
given_name,伯史
given_name,隼史
given_name,峰史
given_name,峰文
given_name,雄史
given_name,誉史
given_name,誉典
given_name,誉文
given_name,陽史
given_name,隆央
given_name,隆史
given_name,隆籍
given_name,隆典
given_name,隆文
given_name,隆吏
given_name,隆良
given_name,陵文
given_name,岳文
given_name,貴史
given_name,貴文
given_name,敬文
given_name,孝文
given_name,高史
given_name,崇文
given_name,隆文
given_name,貴穂
given_name,孝輔
given_name,隆保
given_name,宇正
given_name,宇優
given_name,央匡
given_name,学正
given_name,学督
given_name,岳誠
given_name,貴雅
given_name,貴巨
given_name,貴匡
given_name,貴公
given_name,貴勝
given_name,貴将
given_name,貴昌
given_name,貴真
given_name,貴征
given_name,貴成
given_name,貴政
given_name,貴正
given_name,貴誠
given_name,貴全
given_name,貴優
given_name,貴理
given_name,貴將
given_name,享正
given_name,享聖
given_name,恭将
given_name,教正
given_name,尭允
given_name,啓正
given_name,敬将
given_name,敬昌
given_name,敬正
given_name,健正
given_name,賢正
given_name,孝允
given_name,孝雅
given_name,孝匡
given_name,孝旬
given_name,孝将
given_name,孝尚
given_name,孝昌
given_name,孝真
given_name,孝仁
given_name,孝征
given_name,孝政
given_name,孝正
given_name,孝全
given_name,孝優
given_name,孝和
given_name,孝眞
given_name,考将
given_name,高雅
given_name,高将
given_name,高昌
given_name,高正
given_name,剛匡
given_name,剛正
given_name,剛理
given_name,資將
given_name,峻昌
given_name,駿将
given_name,尚昌
given_name,尚正
given_name,章公
given_name,崇応
given_name,崇雅
given_name,崇匡
given_name,崇公
given_name,崇将
given_name,崇昌
given_name,崇晶
given_name,崇真
given_name,崇征
given_name,崇正
given_name,崇誠
given_name,崇全
given_name,誠昌
given_name,尊雅
given_name,尊将
given_name,尊正
given_name,尊理
given_name,太聖
given_name,卓完
given_name,卓賢
given_name,卓正
given_name,茂将
given_name,誉将
given_name,陽順
given_name,隆允
given_name,隆応
given_name,隆雅
given_name,隆匡
given_name,隆元
given_name,隆公
given_name,隆将
given_name,隆昌
given_name,隆真
given_name,隆政
given_name,隆正
given_name,隆誠
given_name,隆優
given_name,高丸
given_name,貴麿
given_name,孝麿
given_name,隆麿
given_name,宇宙
given_name,学路
given_name,岳導
given_name,岳道
given_name,貴充
given_name,貴通
given_name,貴途
given_name,貴道
given_name,貴美智
given_name,貴満
given_name,貴路
given_name,敬通
given_name,敬道
given_name,孝充
given_name,孝通
given_name,孝道
given_name,孝陸
given_name,孝倫
given_name,孝迪
given_name,考道
given_name,高充
given_name,高道
given_name,高理
given_name,高路
given_name,剛成
given_name,剛道
given_name,宗道
given_name,峻理
given_name,尚道
given_name,崇訓
given_name,崇行
given_name,崇成
given_name,崇通
given_name,崇道
given_name,崇倫
given_name,崇路
given_name,崇迪
given_name,尊道
given_name,尊路
given_name,鷹典
given_name,卓宙
given_name,卓倫
given_name,誉道
given_name,隆運
given_name,隆義
given_name,隆充
given_name,隆通
given_name,隆導
given_name,隆道
given_name,良康
given_name,央充
given_name,毅充
given_name,貴允
given_name,貴光
given_name,貴三
given_name,貴充
given_name,貴瑞
given_name,貴美津
given_name,貴満
given_name,丘光
given_name,喬充
given_name,尭光
given_name,敬光
given_name,敬充
given_name,顕光
given_name,公光
given_name,孝允
given_name,孝光
given_name,孝充
given_name,孝満
given_name,孝褌
given_name,高光
given_name,高充
given_name,高満
given_name,剛光
given_name,剛充
given_name,渉光
given_name,上実
given_name,崇光
given_name,崇充
given_name,尊光
given_name,尊充
given_name,多香光
given_name,峰光
given_name,峰充
given_name,誉三
given_name,誉充
given_name,容充
given_name,陽光
given_name,隆円
given_name,隆光
given_name,隆三
given_name,隆充
given_name,隆満
given_name,孝峰
given_name,宇
given_name,貴睦
given_name,尚睦
given_name,貴宗
given_name,孝宗
given_name,高宗
given_name,剛志
given_name,尚宗
given_name,鷹宗
given_name,隆宗
given_name,隆心
given_name,敬元
given_name,孝基
given_name,孝元
given_name,崇源
given_name,隆基
given_name,隆元
given_name,貴盛
given_name,孝守
given_name,孝積
given_name,肖壮
given_name,尊守
given_name,隆守
given_name,隆盛
given_name,宇哉
given_name,学也
given_name,岳哉
given_name,毅哉
given_name,毅也
given_name,貴哉
given_name,貴也
given_name,貴耶
given_name,貴弥
given_name,貴矢
given_name,享哉
given_name,喬也
given_name,喬矢
given_name,恭也
given_name,尭哉
given_name,敬哉
given_name,敬士
given_name,敬也
given_name,賢哉
given_name,賢弥
given_name,公也
given_name,孝哉
given_name,孝也
given_name,孝弥
given_name,孝矢
given_name,巧也
given_name,幸也
given_name,昂也
given_name,考哉
given_name,考耶
given_name,高也
given_name,高矢
given_name,剛也
given_name,剛弥
given_name,資也
given_name,峻也
given_name,駿耶
given_name,尚哉
given_name,尚也
given_name,崇哉
given_name,崇也
given_name,崇弥
given_name,崇矢
given_name,嵩哉
given_name,嵩也
given_name,宣也
given_name,尊哉
given_name,尊也
given_name,多佳哉
given_name,多加也
given_name,多賀也
given_name,太賀哉
given_name,太哉
given_name,太也
given_name,大也
given_name,鷹哉
given_name,鷹也
given_name,鷹耶
given_name,鷹弥
given_name,鷹矢
given_name,卓弥
given_name,卓彌
given_name,天哉
given_name,天也
given_name,峰也
given_name,誉也
given_name,誉耶
given_name,陽也
given_name,隆哉
given_name,隆也
given_name,隆弥
given_name,隆矢
given_name,隆彌
given_name,和也
given_name,毅泰
given_name,貴安
given_name,貴恭
given_name,貴康
given_name,貴泰
given_name,貴保
given_name,貴靖
given_name,貴裕
given_name,享保
given_name,享靖
given_name,喬康
given_name,教靖
given_name,敬愛
given_name,敬康
given_name,孝安
given_name,孝育
given_name,孝恭
given_name,孝康
given_name,孝泰
given_name,孝保
given_name,孝晏
given_name,高安
given_name,高康
given_name,寿保
given_name,充穏
given_name,充康
given_name,崇泰
given_name,崇靖
given_name,嵩泰
given_name,尊康
given_name,誉康
given_name,誉泰
given_name,隆安
given_name,隆育
given_name,隆康
given_name,隆泰
given_name,隆寧
given_name,隆保
given_name,隆靖
given_name,位之
given_name,威是
given_name,威之
given_name,一如
given_name,宇幸
given_name,宇行
given_name,宇之
given_name,央征
given_name,央之
given_name,学行
given_name,学之
given_name,岳行
given_name,岳志
given_name,岳是
given_name,岳之
given_name,毅亨
given_name,毅幸
given_name,毅行
given_name,毅志
given_name,毅征
given_name,毅之
given_name,季之
given_name,貴運
given_name,貴介
given_name,貴輝
given_name,貴亨
given_name,貴教
given_name,貴敬
given_name,貴元
given_name,貴孝
given_name,貴幸
given_name,貴行
given_name,貴順
given_name,貴升
given_name,貴将
given_name,貴章
given_name,貴進
given_name,貴是
given_name,貴征
given_name,貴雪
given_name,貴通
given_name,貴徹
given_name,貴透
given_name,貴如
given_name,貴之
given_name,貴普
given_name,貴歩
given_name,貴由
given_name,貴由希
given_name,貴由紀
given_name,貴由樹
given_name,貴裕紀
given_name,宜之
given_name,宜礼
given_name,丘行
given_name,丘之
given_name,巨之
given_name,挙之
given_name,享起
given_name,享敬
given_name,享幸
given_name,享行
given_name,享志
given_name,享至
given_name,享之
given_name,喬行
given_name,喬之
given_name,恭幸
given_name,恭行
given_name,恭之
given_name,教介
given_name,教行
given_name,教之
given_name,尭之
given_name,暁之
given_name,啓幸
given_name,啓行
given_name,啓順
given_name,啓之
given_name,圭由
given_name,敬介
given_name,敬幸
given_name,敬行
given_name,敬章
given_name,敬之
given_name,健幸
given_name,賢幸
given_name,賢志
given_name,賢征
given_name,賢之
given_name,賢門
given_name,公志
given_name,功之
given_name,孝往
given_name,孝嘉
given_name,孝介
given_name,孝勧
given_name,孝恭
given_name,孝虎
given_name,孝公
given_name,孝幸
given_name,孝行
given_name,孝志
given_name,孝至
given_name,孝順
given_name,孝将
given_name,孝征
given_name,孝通
given_name,孝到
given_name,孝之
given_name,孝侑
given_name,幸之
given_name,攻侑
given_name,昂之
given_name,考幸
given_name,考行
given_name,考志
given_name,考将
given_name,考政
given_name,考之
given_name,貢行
given_name,貢之
given_name,高享
given_name,高孝
given_name,高幸
given_name,高行
given_name,高主
given_name,高順
given_name,高将
given_name,高章
given_name,高征
given_name,高雪
given_name,高之
given_name,高歩
given_name,高由
given_name,高侑
given_name,剛幸
given_name,剛行
given_name,剛志
given_name,剛征
given_name,剛之
given_name,就之
given_name,峻行
given_name,峻之
given_name,駿幸
given_name,駿志
given_name,将之
given_name,尚幸
given_name,尚行
given_name,尚志
given_name,尚征
given_name,尚之
given_name,渉之
given_name,章行
given_name,章之
given_name,上之
given_name,崇介
given_name,崇元
given_name,崇公
given_name,崇孝
given_name,崇幸
given_name,崇行
given_name,崇志
given_name,崇至
given_name,崇順
given_name,崇将
given_name,崇晋
given_name,崇征
given_name,崇超
given_name,崇之
given_name,崇門
given_name,崇友記
given_name,嵩幸
given_name,嵩行
given_name,嵩征
given_name,嵩千
given_name,嵩之
given_name,嵩侑
given_name,生幸
given_name,生行
given_name,聖行
given_name,誠享
given_name,誠幸
given_name,誠之
given_name,節之
given_name,尊介
given_name,尊幸
given_name,尊行
given_name,尊之
given_name,尊由貴
given_name,尊侑
given_name,多加幸
given_name,太介
given_name,鷹幸
given_name,鷹之
given_name,卓亨
given_name,卓幸
given_name,卓行
given_name,卓志
given_name,卓征
given_name,卓之
given_name,卓由
given_name,廷之
given_name,哲志
given_name,哲之
given_name,天元
given_name,能章
given_name,能之
given_name,隼幸
given_name,隼斗
given_name,隼之
given_name,飛幸
given_name,普之
given_name,峰幸
given_name,峰行
given_name,峰之
given_name,猛之
given_name,雄元
given_name,雄幸
given_name,雄之
given_name,誉幸
given_name,誉志
given_name,誉征
given_name,誉之
given_name,誉由
given_name,誉侑
given_name,容幸
given_name,陽幸
given_name,陽行
given_name,陽之
given_name,隆運
given_name,隆介
given_name,隆喜
given_name,隆貴
given_name,隆亨
given_name,隆敬
given_name,隆元
given_name,隆公
given_name,隆幸
given_name,隆行
given_name,隆志
given_name,隆至
given_name,隆将
given_name,隆晋
given_name,隆進
given_name,隆是
given_name,隆征
given_name,隆雪
given_name,隆道
given_name,隆之
given_name,隆普
given_name,隆由
given_name,祟之
given_name,央祥
given_name,岳儀
given_name,旗義
given_name,毅宜
given_name,毅辰
given_name,貴佳
given_name,貴嘉
given_name,貴喜
given_name,貴儀
given_name,貴義
given_name,貴吉
given_name,貴圭
given_name,貴慶
given_name,貴敬
given_name,貴謙
given_name,貴功
given_name,貴好
given_name,貴康
given_name,貴克
given_name,貴慈
given_name,貴淑
given_name,貴順
given_name,貴祥
given_name,貴仁
given_name,貴世志
given_name,貴宣
given_name,貴善
given_name,貴代志
given_name,貴禎
given_name,貴能
given_name,貴美
given_name,貴芳
given_name,貴由
given_name,貴祐
given_name,貴良
given_name,貴良史
given_name,宜佳
given_name,宜慶
given_name,宜由
given_name,享慶
given_name,享良
given_name,喬祥
given_name,恭由
given_name,教美
given_name,啓義
given_name,啓秀
given_name,慶芳
given_name,敬佳
given_name,敬嘉
given_name,敬喜
given_name,敬義
given_name,敬吉
given_name,敬充
given_name,敬祥
given_name,敬仁
given_name,敬善
given_name,敬能
given_name,敬美
given_name,敬芳
given_name,敬祐
given_name,敬理
given_name,敬良
given_name,敬和
given_name,賢義
given_name,賢孝
given_name,賢康
given_name,公誉
given_name,孝愛
given_name,孝允
given_name,孝栄
given_name,孝悦
given_name,孝佳
given_name,孝嘉
given_name,孝賀
given_name,孝喜
given_name,孝宜
given_name,孝義
given_name,孝吉
given_name,孝欣
given_name,孝圭
given_name,孝恵
given_name,孝慶
given_name,孝敬
given_name,孝賢
given_name,孝好
given_name,孝充
given_name,孝純
given_name,孝昌
given_name,孝祥
given_name,孝仁
given_name,孝斉
given_name,孝宣
given_name,孝善
given_name,孝能
given_name,孝美
given_name,孝福
given_name,孝芳
given_name,孝由
given_name,孝誉志
given_name,孝頼
given_name,孝亮
given_name,孝良
given_name,幸佳
given_name,昂吉
given_name,考慶
given_name,考好
given_name,考充
given_name,考美
given_name,考由
given_name,考与志
given_name,考良
given_name,高佳
given_name,高嘉
given_name,高義
given_name,高吉
given_name,高慶
given_name,高敬
given_name,高功
given_name,高好
given_name,高寿
given_name,高祥
given_name,高美
given_name,高芳
given_name,高由
given_name,高誉
given_name,高良
given_name,剛可
given_name,剛義
given_name,剛吉
given_name,剛慶
given_name,剛好
given_name,剛順
given_name,剛能
given_name,剛由
given_name,剛良
given_name,峻義
given_name,将能
given_name,尚佳
given_name,尚嘉
given_name,尚宜
given_name,尚義
given_name,尚則
given_name,尚芳
given_name,尚良
given_name,章慶
given_name,臣容
given_name,崇佳
given_name,崇嘉
given_name,崇介
given_name,崇喜
given_name,崇貴
given_name,崇義
given_name,崇吉
given_name,崇圭
given_name,崇慶
given_name,崇賢
given_name,崇厳
given_name,崇好
given_name,崇克
given_name,崇祥
given_name,崇仁
given_name,崇善
given_name,崇哲
given_name,崇芳
given_name,崇由
given_name,崇由志
given_name,崇理
given_name,崇良
given_name,嵩宜
given_name,嵩祥
given_name,生佳
given_name,宣義
given_name,尊栄
given_name,尊巌
given_name,尊義
given_name,尊好
given_name,尊美
given_name,太義
given_name,太良
given_name,大慶
given_name,鷹嘉
given_name,鷹義
given_name,鷹美
given_name,卓佳
given_name,卓義
given_name,卓欣
given_name,卓純
given_name,卓祥
given_name,卓芳
given_name,卓良
given_name,堂嘉
given_name,堂善
given_name,能義
given_name,能由
given_name,隼義
given_name,平佳
given_name,平良
given_name,峰佳
given_name,峰勝
given_name,峰繕
given_name,雄吉
given_name,隆悦
given_name,隆佳
given_name,隆嘉
given_name,隆喜
given_name,隆貴
given_name,隆宜
given_name,隆義
given_name,隆吉
given_name,隆圭
given_name,隆慶
given_name,隆敬
given_name,隆賢
given_name,隆好
given_name,隆孝
given_name,隆克
given_name,隆資
given_name,隆勝
given_name,隆昌史
given_name,隆祥
given_name,隆仁
given_name,隆善
given_name,隆禎
given_name,隆能
given_name,隆美
given_name,隆彦
given_name,隆富
given_name,隆芳
given_name,隆睦
given_name,隆由
given_name,隆良
given_name,隆令
given_name,良圭
given_name,和義
given_name,孝頼
given_name,崇順
given_name,隆頼
given_name,貴良
given_name,高良
given_name,多加良
given_name,宝
given_name,孝夫
given_name,多喜央
given_name,多喜生
given_name,多喜男
given_name,多喜夫
given_name,多樹朗
given_name,太紀生
given_name,太生緒
given_name,太生男
given_name,滝生
given_name,滝男
given_name,滝夫
given_name,滝雄
given_name,多吉
given_name,太吉
given_name,多喜人
given_name,滝人
given_name,滝彦
given_name,多希久
given_name,滝久
given_name,滝人
given_name,太希裕
given_name,滝博
given_name,滝郎
given_name,巧
given_name,匠
given_name,卓
given_name,啄
given_name,択
given_name,拓
given_name,琢
given_name,鐸
given_name,拓晃
given_name,拓明
given_name,卓一
given_name,拓一
given_name,琢一
given_name,卓一郎
given_name,拓一郎
given_name,琢一郎
given_name,卓鋭
given_name,卓生
given_name,卓男
given_name,卓夫
given_name,卓雄
given_name,卓朗
given_name,卓郎
given_name,拓央
given_name,拓生
given_name,拓大
given_name,拓男
given_name,拓夫
given_name,拓勇
given_name,拓雄
given_name,拓朗
given_name,拓郎
given_name,琢央
given_name,琢生
given_name,琢男
given_name,琢夫
given_name,琢雄
given_name,琢朗
given_name,琢郎
given_name,拓央
given_name,卓臣
given_name,拓臣
given_name,卓和
given_name,拓樹
given_name,拓吾
given_name,琢吾
given_name,岳司
given_name,匠司
given_name,卓司
given_name,卓史
given_name,卓士
given_name,卓志
given_name,卓之
given_name,宅史
given_name,宅志
given_name,拓司
given_name,拓史
given_name,拓士
given_name,拓志
given_name,拓吏
given_name,琢司
given_name,琢史
given_name,琢士
given_name,琢志
given_name,琢氏
given_name,託士
given_name,巧士
given_name,太久至
given_name,卓司
given_name,卓史
given_name,卓嗣
given_name,卓士
given_name,卓志
given_name,卓至
given_name,卓詩
given_name,卓資
given_name,卓児
given_name,卓次
given_name,卓滋
given_name,卓治
given_name,卓爾
given_name,卓璽
given_name,卓樹
given_name,卓二
given_name,卓丙
given_name,卓路
given_name,宅司
given_name,拓ニ
given_name,拓司
given_name,拓史
given_name,拓嗣
given_name,拓士
given_name,拓志
given_name,拓至
given_name,拓資
given_name,拓児
given_name,拓時
given_name,拓次
given_name,拓治
given_name,拓爾
given_name,拓自
given_name,拓二
given_name,拓路
given_name,琢司
given_name,琢史
given_name,琢嗣
given_name,琢士
given_name,琢始
given_name,琢視
given_name,琢児
given_name,琢治
given_name,琢爾
given_name,琢自
given_name,琢二
given_name,託嗣
given_name,託慈
given_name,扶次
given_name,拓四郎
given_name,拓志郎
given_name,卓二郎
given_name,宅二郎
given_name,拓司朗
given_name,拓次郎
given_name,拓治郎
given_name,拓二郎
given_name,琢次郎
given_name,琢二朗
given_name,卓三
given_name,卓造
given_name,宅造
given_name,拓三
given_name,拓蔵
given_name,拓造
given_name,琢三
given_name,拓太郎
given_name,巧人
given_name,仁志
given_name,泰斗
given_name,卓人
given_name,卓図
given_name,卓斗
given_name,卓登
given_name,卓土
given_name,卓飛
given_name,卓利
given_name,拓音
given_name,拓人
given_name,拓仁
given_name,拓図
given_name,拓斗
given_name,拓渡
given_name,拓登
given_name,拓都
given_name,拓土
given_name,拓門
given_name,拓翔
given_name,琢人
given_name,琢斗
given_name,琢都
given_name,拓利
given_name,卓成
given_name,卓也
given_name,琢成
given_name,卓之介
given_name,拓之介
given_name,卓寛
given_name,拓伸
given_name,拓敦
given_name,匠紀
given_name,卓格
given_name,卓征
given_name,卓典
given_name,卓徳
given_name,拓規
given_name,拓敬
given_name,拓功
given_name,拓史
given_name,拓則
given_name,拓典
given_name,拓徳
given_name,拓範
given_name,拓法
given_name,琢敬
given_name,剛彦
given_name,卓彦
given_name,拓彦
given_name,琢彦
given_name,卓久
given_name,拓久
given_name,拓英
given_name,拓秀
given_name,琢英
given_name,卓人
given_name,卓仁
given_name,拓人
given_name,琢人
given_name,琢仁
given_name,大祥
given_name,卓寛
given_name,卓宏
given_name,卓広
given_name,卓弘
given_name,卓浩
given_name,卓紘
given_name,卓大
given_name,卓洋
given_name,拓央
given_name,拓寛
given_name,拓宏
given_name,拓広
given_name,拓弘
given_name,拓紘
given_name,拓潤
given_name,拓大
given_name,拓裕
given_name,拓洋
given_name,拓皓
given_name,琢宏
given_name,琢大
given_name,琢洋
given_name,託広
given_name,祐寛
given_name,雄大
given_name,卓典
given_name,拓史
given_name,拓文
given_name,武文
given_name,拓史
given_name,拓平
given_name,拓帆
given_name,巧真
given_name,巧磨
given_name,匠真
given_name,太久真
given_name,太久馬
given_name,太久磨
given_name,大空馬
given_name,卓真
given_name,卓馬
given_name,卓摩
given_name,卓磨
given_name,卓麻
given_name,卓麿
given_name,卓万
given_name,卓眞
given_name,啄真
given_name,啄麻
given_name,択真
given_name,択磨
given_name,択麻
given_name,拓宇
given_name,拓雅
given_name,拓稀
given_name,拓真
given_name,拓馬
given_name,拓舞
given_name,拓摩
given_name,拓磨
given_name,拓麻
given_name,拓麿
given_name,拓満
given_name,拓眞
given_name,沢真
given_name,琢允
given_name,琢真
given_name,琢馬
given_name,琢摩
given_name,琢磨
given_name,琢麻
given_name,琢麿
given_name,琢万
given_name,琢眞
given_name,卓昌
given_name,拓雅
given_name,拓幹
given_name,拓昌
given_name,拓誠
given_name,拓丸
given_name,巧
given_name,巧己
given_name,巧実
given_name,巧水
given_name,巧美
given_name,巧巳
given_name,匠
given_name,匠海
given_name,匠規
given_name,匠巨
given_name,匠己
given_name,匠史
given_name,匠実
given_name,匠臣
given_name,匠生
given_name,匠美
given_name,匠未
given_name,匠巳
given_name,匠和
given_name,多久美
given_name,多玖海
given_name,卓
given_name,卓海
given_name,卓幹
given_name,卓久美
given_name,卓巨
given_name,卓見
given_name,卓己
given_name,卓三
given_name,卓史
given_name,卓視
given_name,卓実
given_name,卓充
given_name,卓臣
given_name,卓身
given_name,卓仁
given_name,卓生
given_name,卓美
given_name,卓未
given_name,卓魅
given_name,卓巳
given_name,卓稔
given_name,卓弥
given_name,卓彌
given_name,啄未
given_name,拓海
given_name,拓輝
given_name,拓巨
given_name,拓見
given_name,拓己
given_name,拓光
given_name,拓三
given_name,拓史
given_name,拓視
given_name,拓実
given_name,拓充
given_name,拓深
given_name,拓臣
given_name,拓身
given_name,拓水
given_name,拓生
given_name,拓積
given_name,拓美
given_name,拓望
given_name,拓味
given_name,拓未
given_name,拓巳
given_name,拓夢
given_name,拓弥
given_name,拓洋
given_name,拓良
given_name,琢海
given_name,琢己
given_name,琢三
given_name,琢視
given_name,琢実
given_name,琢深
given_name,琢身
given_name,琢美
given_name,琢未
given_name,琢巳
given_name,琢弥
given_name,多久光
given_name,卓充
given_name,拓光
given_name,拓充
given_name,巧
given_name,拓
given_name,拓夢
given_name,巧哉
given_name,巧也
given_name,巧弥
given_name,巧矢
given_name,匠哉
given_name,匠称
given_name,匠也
given_name,匠弥
given_name,匠矢
given_name,太久也
given_name,卓哉
given_name,卓治
given_name,卓也
given_name,卓耶
given_name,卓弥
given_name,卓矢
given_name,卓彌
given_name,宅哉
given_name,宅彌
given_name,択哉
given_name,択弥
given_name,拓育
given_name,拓郁
given_name,拓哉
given_name,拓也
given_name,拓冶
given_name,拓夜
given_name,拓耶
given_name,拓野
given_name,拓弥
given_name,拓矢
given_name,拓彌
given_name,沢弥
given_name,琢哉
given_name,琢八
given_name,琢也
given_name,琢耶
given_name,琢弥
given_name,琢矢
given_name,託也
given_name,倬也
given_name,卓幸
given_name,卓行
given_name,卓之
given_name,拓幸
given_name,拓行
given_name,拓之
given_name,琢由起
given_name,拓代
given_name,拓洋
given_name,卓義
given_name,拓祥
given_name,拓善
given_name,拓由
given_name,拓良
given_name,拓良
given_name,拓
given_name,拓留
given_name,拓瑠
given_name,卓呂
given_name,匠朗
given_name,匠郎
given_name,多久郎
given_name,太久郎
given_name,卓良
given_name,卓朗
given_name,卓郎
given_name,択朗
given_name,択郎
given_name,拓廊
given_name,拓朗
given_name,拓榔
given_name,拓郎
given_name,琢朗
given_name,琢郎
given_name,達郎
given_name,琢郎
given_name,卓和
given_name,偉晶
given_name,威顕
given_name,威明
given_name,岳暁
given_name,岳晃
given_name,岳彰
given_name,岳昭
given_name,岳明
given_name,岳朗
given_name,健暁
given_name,健晃
given_name,健彰
given_name,健昭
given_name,健章
given_name,健哲
given_name,健明
given_name,健朗
given_name,建彰
given_name,恒明
given_name,剛暁
given_name,剛晃
given_name,剛秋
given_name,剛彰
given_name,剛昭
given_name,剛祥
given_name,剛章
given_name,剛哲
given_name,剛明
given_name,剛亮
given_name,豪晃
given_name,豪明
given_name,豪朗
given_name,丈晃
given_name,丈淳
given_name,丈彰
given_name,丈昌
given_name,丈聡
given_name,丈明
given_name,丈朗
given_name,嵩了
given_name,壮晃
given_name,壮昭
given_name,壮章
given_name,壮哲
given_name,壮朗
given_name,竹秋
given_name,竹昭
given_name,武亨
given_name,武晃
given_name,武秋
given_name,武彰
given_name,武昭
given_name,武聡
given_name,武明
given_name,武揚
given_name,武亮
given_name,武朗
given_name,猛哲
given_name,猛明
given_name,雄昭
given_name,雄章
given_name,雄亮
given_name,武篤
given_name,健一
given_name,威一郎
given_name,武一郎
given_name,偉雄
given_name,威生
given_name,威夫
given_name,威雄
given_name,威朗
given_name,威郎
given_name,岳央
given_name,岳生
given_name,岳大
given_name,岳男
given_name,岳夫
given_name,岳穂
given_name,岳雄
given_name,岳朗
given_name,岳郎
given_name,毅男
given_name,毅夫
given_name,毅雄
given_name,毅郎
given_name,健央
given_name,健応
given_name,健王
given_name,健生
given_name,健男
given_name,健夫
given_name,健穂
given_name,健雄
given_name,健朗
given_name,健郎
given_name,建央
given_name,建生
given_name,建男
given_name,建夫
given_name,剛央
given_name,剛巨
given_name,剛士
given_name,剛生
given_name,剛大
given_name,剛男
given_name,剛夫
given_name,剛勇
given_name,剛雄
given_name,剛朗
given_name,剛郎
given_name,豪生
given_name,豪男
given_name,豪雄
given_name,士男
given_name,丈生
given_name,丈男
given_name,丈夫
given_name,丈雄
given_name,丈郎
given_name,全生
given_name,壮生
given_name,壮男
given_name,壮夫
given_name,壮雄
given_name,茸雄
given_name,竹緒
given_name,竹生
given_name,竹男
given_name,竹夫
given_name,竹雄
given_name,竹郎
given_name,長生
given_name,長男
given_name,長勇
given_name,長雄
given_name,長朗
given_name,赴夫
given_name,武央
given_name,武生
given_name,武男
given_name,武夫
given_name,武保
given_name,武穂
given_name,武勇
given_name,武雄
given_name,武朗
given_name,武郎
given_name,孟男
given_name,孟雄
given_name,猛王
given_name,猛生
given_name,猛男
given_name,猛猪
given_name,猛夫
given_name,猛雄
given_name,猛朗
given_name,勇夫
given_name,雄生
given_name,雄大
given_name,雄夫
given_name,嶽男
given_name,赳男
given_name,赳夫
given_name,赳雄
given_name,威臣
given_name,岳臣
given_name,健臣
given_name,建臣
given_name,剛臣
given_name,丈臣
given_name,壮臣
given_name,武臣
given_name,猛臣
given_name,洸臣
given_name,威和
given_name,剛一
given_name,豪和
given_name,丈一
given_name,丈和
given_name,武一
given_name,武和
given_name,健勝
given_name,岳樹
given_name,毅樹
given_name,健喜
given_name,健毅
given_name,健紀
given_name,健貴
given_name,健起
given_name,健樹
given_name,健城
given_name,健生
given_name,建樹
given_name,剛毅
given_name,剛規
given_name,剛輝
given_name,剛己
given_name,剛樹
given_name,丈樹
given_name,武希
given_name,武毅
given_name,武貴
given_name,武輝
given_name,武己
given_name,武樹
given_name,猛己
given_name,雄己
given_name,雄樹
given_name,雄聖
given_name,健邦
given_name,剛邦
given_name,武訓
given_name,武邦
given_name,猛邦
given_name,健定
given_name,武貞
given_name,岳里
given_name,偉史
given_name,威
given_name,威司
given_name,威史
given_name,威士
given_name,威志
given_name,威旨
given_name,威至
given_name,威視
given_name,英
given_name,岳
given_name,岳司
given_name,岳史
given_name,岳嗣
given_name,岳士
given_name,岳志
given_name,岳至
given_name,岳視
given_name,岳巳
given_name,巌
given_name,毅
given_name,毅司
given_name,毅史
given_name,毅士
given_name,毅志
given_name,毅示
given_name,毅之
given_name,毅巳
given_name,強
given_name,郷志
given_name,傑
given_name,健
given_name,健司
given_name,健史
given_name,健嗣
given_name,健士
given_name,健志
given_name,健氏
given_name,健至
given_name,健詞
given_name,健誌
given_name,健資
given_name,健示
given_name,健二
given_name,健之
given_name,健巳
given_name,健也
given_name,建
given_name,建司
given_name,建史
given_name,建士
given_name,建志
given_name,建壮
given_name,献史
given_name,研
given_name,賢史
given_name,賢士
given_name,虎
given_name,剛
given_name,剛健
given_name,剛使
given_name,剛司
given_name,剛史
given_name,剛嗣
given_name,剛士
given_name,剛志
given_name,剛至
given_name,剛詩
given_name,剛誌
given_name,剛資
given_name,剛賜
given_name,剛之
given_name,剛武
given_name,剛巳
given_name,剛吏
given_name,剛翔
given_name,豪
given_name,豪司
given_name,豪史
given_name,豪士
given_name,豪師
given_name,豪志
given_name,丈
given_name,丈宰
given_name,丈司
given_name,丈史
given_name,丈嗣
given_name,丈士
given_name,丈志
given_name,丈視
given_name,丈詞
given_name,丈資
given_name,丈将
given_name,丈生
given_name,壮
given_name,壮司
given_name,壮史
given_name,壮師
given_name,壮志
given_name,壮賜
given_name,壮宗
given_name,大
given_name,大史
given_name,卓史
given_name,竹司
given_name,竹史
given_name,竹嗣
given_name,竹士
given_name,竹志
given_name,竹氏
given_name,竹識
given_name,竹織
given_name,長史
given_name,長士
given_name,長志
given_name,彪
given_name,斌
given_name,赴史
given_name,武
given_name,武伺
given_name,武司
given_name,武史
given_name,武嗣
given_name,武士
given_name,武始
given_name,武市
given_name,武志
given_name,武資
given_name,武侍
given_name,武晋
given_name,武人
given_name,武之
given_name,武吏
given_name,孟
given_name,孟史
given_name,孟嗣
given_name,孟士
given_name,孟志
given_name,猛
given_name,猛司
given_name,猛史
given_name,猛嗣
given_name,猛士
given_name,猛志
given_name,猛至
given_name,猛視
given_name,猛資
given_name,勇
given_name,勇士
given_name,勇志
given_name,雄
given_name,雄司
given_name,雄史
given_name,雄士
given_name,雄志
given_name,雄至
given_name,雄之
given_name,烈
given_name,烈司
given_name,烈史
given_name,壯
given_name,洸
given_name,赳
given_name,赳史
given_name,赳志
given_name,驍司
given_name,威二
given_name,岳志
given_name,岳児
given_name,岳次
given_name,岳治
given_name,岳樹
given_name,岳二
given_name,健自
given_name,剛嗣
given_name,剛治
given_name,剛二
given_name,丈司
given_name,丈慈
given_name,丈二
given_name,竹二
given_name,武司
given_name,武次
given_name,武治
given_name,武二
given_name,岳成
given_name,健成
given_name,丈栄
given_name,武重
given_name,武繁
given_name,武十郎
given_name,竹士郎
given_name,竹志郎
given_name,猛志郎
given_name,岳次朗
given_name,岳二郎
given_name,震二朗
given_name,竹二郎
given_name,武次郎
given_name,武治郎
given_name,武二郎
given_name,竹三
given_name,武三
given_name,武蔵
given_name,武造
given_name,岳嗣
given_name,毅次
given_name,健嗣
given_name,健資
given_name,剛継
given_name,丈嗣
given_name,丈承
given_name,壮嗣
given_name,武胤
given_name,武継
given_name,武嗣
given_name,武次
given_name,猛継
given_name,勇倫
given_name,雄健
given_name,勇綱
given_name,竹恒
given_name,武恒
given_name,武庸
given_name,偉光
given_name,丈輝
given_name,武輝
given_name,武照
given_name,猛晃
given_name,偉斗
given_name,威人
given_name,岳人
given_name,岳登
given_name,岳門
given_name,毅人
given_name,貴年
given_name,健人
given_name,健仁
given_name,健太
given_name,健登
given_name,建人
given_name,剛人
given_name,剛斗
given_name,豪人
given_name,豪仁
given_name,丈人
given_name,壮人
given_name,壮登
given_name,竹人
given_name,武人
given_name,武仁
given_name,猛人
given_name,勇人
given_name,勇登
given_name,雄人
given_name,武時
given_name,威俊
given_name,威敏
given_name,岳俊
given_name,岳聡
given_name,岳敏
given_name,岳利
given_name,毅紀
given_name,毅俊
given_name,毅敏
given_name,強敏
given_name,健寿
given_name,健俊
given_name,健誠
given_name,健聡
given_name,健年
given_name,健敏
given_name,健稔
given_name,健利
given_name,建利
given_name,剛紀
given_name,剛寿
given_name,剛淑
given_name,剛俊
given_name,剛聡
given_name,剛年
given_name,剛敏
given_name,剛平
given_name,豪俊
given_name,丈寿
given_name,丈聡
given_name,丈智
given_name,丈年
given_name,丈敏
given_name,丈稔
given_name,壮寿
given_name,壮俊
given_name,壮聡
given_name,壮稔
given_name,壮利
given_name,竹俊
given_name,竹敏
given_name,竹明
given_name,長俊
given_name,武亨
given_name,武寿
given_name,武俊
given_name,武年
given_name,武之志
given_name,武敏
given_name,武稔
given_name,武利
given_name,孟俊
given_name,猛歳
given_name,猛敏
given_name,猛利
given_name,勇俊
given_name,勇年
given_name,雄紀
given_name,雄俊
given_name,威智
given_name,岳朋
given_name,岳友
given_name,健智
given_name,健友
given_name,健倫
given_name,剛智
given_name,丈智
given_name,丈朋
given_name,丈友
given_name,壮朝
given_name,竹智
given_name,武知
given_name,武智
given_name,孟群
given_name,猛文
given_name,勇友
given_name,雄智
given_name,剛豊
given_name,丈豊
given_name,竹虎
given_name,武虎
given_name,猛虎
given_name,威尚
given_name,岳哉
given_name,健巨
given_name,健奈生
given_name,剛巨
given_name,剛直
given_name,丈直
given_name,武尚
given_name,武直
given_name,岳也
given_name,毅成
given_name,健有
given_name,建成
given_name,剛己
given_name,剛成
given_name,豪也
given_name,竹成
given_name,武成
given_name,武也
given_name,孟也
given_name,丈乃
given_name,武乃
given_name,健之亮
given_name,武之介
given_name,威伸
given_name,威信
given_name,威宣
given_name,威暢
given_name,威亙
given_name,岳伸
given_name,岳信
given_name,毅伸
given_name,毅信
given_name,毅暢
given_name,健允
given_name,健修
given_name,健伸
given_name,健信
given_name,剛伸
given_name,剛信
given_name,剛紳
given_name,剛宣
given_name,豪伸
given_name,豪信
given_name,丈信
given_name,丈暢
given_name,丈展
given_name,丈敦
given_name,生昇
given_name,壮信
given_name,竹伸
given_name,竹信
given_name,武寛
given_name,武喜
given_name,武宜
given_name,武伸
given_name,武信
given_name,武宣
given_name,武暢
given_name,武亘
given_name,雄信
given_name,雄誠
given_name,烈伸
given_name,威紀
given_name,威昇
given_name,威宣
given_name,威則
given_name,威典
given_name,威徳
given_name,威範
given_name,威倫
given_name,岳紀
given_name,岳慶
given_name,岳憲
given_name,岳則
given_name,岳典
given_name,岳徳
given_name,岳文
given_name,岳論
given_name,毅紀
given_name,毅憲
given_name,毅工
given_name,毅智
given_name,毅典
given_name,毅徳
given_name,毅範
given_name,毅法
given_name,健賀
given_name,健格
given_name,健紀
given_name,健規
given_name,健記
given_name,健敬
given_name,健憲
given_name,健乗
given_name,健仁
given_name,健則
given_name,健知
given_name,健智
given_name,健哲
given_name,健典
given_name,健徳
given_name,健乃
given_name,健範
given_name,健了
given_name,建紀
given_name,建典
given_name,建徳
given_name,建範
given_name,鍵徳
given_name,公徳
given_name,剛紀
given_name,剛規
given_name,剛教
given_name,剛憲
given_name,剛章
given_name,剛忠
given_name,剛典
given_name,剛徳
given_name,剛範
given_name,剛礼
given_name,豪寛
given_name,豪紀
given_name,豪規
given_name,豪式
given_name,豪則
given_name,豪範
given_name,丈紀
given_name,丈宜
given_name,丈敬
given_name,丈経
given_name,丈憲
given_name,丈功
given_name,丈師
given_name,丈智
given_name,丈哲
given_name,丈典
given_name,丈徳
given_name,丈範
given_name,丈了
given_name,丈倫
given_name,壮紀
given_name,壮則
given_name,壮登
given_name,壮範
given_name,竹紀
given_name,竹規
given_name,竹徳
given_name,武紀
given_name,武規
given_name,武宜
given_name,武教
given_name,武矩
given_name,武訓
given_name,武慶
given_name,武敬
given_name,武憲
given_name,武玄
given_name,武慎
given_name,武宣
given_name,武則
given_name,武哲
given_name,武典
given_name,武徳
given_name,武伯
given_name,武範
given_name,武文
given_name,武法
given_name,武律
given_name,孟紀
given_name,孟範
given_name,猛紀
given_name,猛典
given_name,猛徳
given_name,猛範
given_name,勇哲
given_name,勇典
given_name,勇徳
given_name,勇範
given_name,雄紀
given_name,雄徳
given_name,雄法
given_name,壯典
given_name,赳徳
given_name,赳法
given_name,威治
given_name,威春
given_name,威晴
given_name,岳治
given_name,岳春
given_name,岳晴
given_name,岳大
given_name,岳明
given_name,岳陽
given_name,毅啓
given_name,毅治
given_name,毅晴
given_name,健治
given_name,健春
given_name,健晴
given_name,健陽
given_name,剛治
given_name,剛春
given_name,剛暖
given_name,丈治
given_name,丈春
given_name,丈晴
given_name,丈明
given_name,壮晴
given_name,竹治
given_name,竹春
given_name,竹晴
given_name,武治
given_name,武春
given_name,武晴
given_name,武生
given_name,武靖
given_name,猛晴
given_name,勇明
given_name,雄晴
given_name,偉彦
given_name,威彦
given_name,岳彦
given_name,毅彦
given_name,健比古
given_name,健彦
given_name,建彦
given_name,研彦
given_name,剛彦
given_name,豪彦
given_name,丈彦
given_name,全彦
given_name,壮彦
given_name,竹比古
given_name,竹彦
given_name,長彦
given_name,武比古
given_name,武彦
given_name,孟彦
given_name,猛彦
given_name,勇彦
given_name,雄彦
given_name,偉久
given_name,威久
given_name,威尚
given_name,岳央
given_name,岳久
given_name,岳寿
given_name,岳尚
given_name,毅久
given_name,毅寿
given_name,毅尚
given_name,健央
given_name,健久
given_name,健恭
given_name,健寿
given_name,健文
given_name,剛央
given_name,剛久
given_name,剛寿
given_name,剛尚
given_name,丈永
given_name,丈久
given_name,丈尚
given_name,丈比佐
given_name,壮央
given_name,多計久
given_name,竹久
given_name,長久
given_name,武央
given_name,武久
given_name,武寿
given_name,武尚
given_name,雄央
given_name,雄久
given_name,威秀
given_name,岳秀
given_name,毅英
given_name,健豪
given_name,健秀
given_name,剛英
given_name,剛秀
given_name,丈英
given_name,壮秀
given_name,長秀
given_name,武英
given_name,武秀
given_name,猛秀
given_name,雄英
given_name,偉一
given_name,偉史
given_name,偉人
given_name,威人
given_name,威仁
given_name,岳史
given_name,岳人
given_name,岳仁
given_name,毅人
given_name,毅仁
given_name,健史
given_name,健人
given_name,健仁
given_name,建人
given_name,建仁
given_name,剛一
given_name,剛士
given_name,剛人
given_name,剛仁
given_name,豪人
given_name,豪仁
given_name,丈人
given_name,丈仁
given_name,嵩人
given_name,嵩仁
given_name,壮史
given_name,壮人
given_name,壮仁
given_name,竹人
given_name,竹仁
given_name,武一
given_name,武寛
given_name,武史
given_name,武人
given_name,武仁
given_name,猛人
given_name,猛仁
given_name,勇人
given_name,雄人
given_name,雄仁
given_name,赳仁
given_name,武平
given_name,偉央
given_name,偉弘
given_name,偉大
given_name,威宏
given_name,威弘
given_name,威博
given_name,威洋
given_name,岳宏
given_name,岳広
given_name,岳弘
given_name,岳浩
given_name,岳紘
given_name,岳大
given_name,岳博
given_name,岳裕
given_name,岳洋
given_name,毅寛
given_name,毅宏
given_name,毅広
given_name,毅弘
given_name,毅大
given_name,毅博
given_name,毅洋
given_name,健寛
given_name,健公
given_name,健宏
given_name,健広
given_name,健弘
given_name,健浩
given_name,健紘
given_name,健尋
given_name,健泰
given_name,健大
given_name,健展
given_name,健博
given_name,健彦
given_name,健祐
given_name,健裕
given_name,健容
given_name,健洋
given_name,健廣
given_name,健洸
given_name,建嘉
given_name,建寛
given_name,建敬
given_name,建宏
given_name,建拓
given_name,建博
given_name,虎広
given_name,虎廣
given_name,剛寛
given_name,剛啓
given_name,剛宏
given_name,剛広
given_name,剛弘
given_name,剛浩
given_name,剛大
given_name,剛博
given_name,剛凡
given_name,剛弥
given_name,剛裕
given_name,剛洋
given_name,剛廣
given_name,豪宏
given_name,豪浩
given_name,豪大
given_name,豪洋
given_name,峻大
given_name,丈央
given_name,丈寛
given_name,丈宏
given_name,丈広
given_name,丈弘
given_name,丈浩
given_name,丈紘
given_name,丈尋
given_name,丈泰
given_name,丈大
given_name,丈拓
given_name,丈博
given_name,丈祐
given_name,丈裕
given_name,丈洋
given_name,盛浩
given_name,全宏
given_name,壮寛
given_name,壮宏
given_name,壮広
given_name,壮弘
given_name,壮浩
given_name,壮大
given_name,壮博
given_name,壮裕
given_name,壮洋
given_name,竹宏
given_name,竹弘
given_name,竹洋
given_name,長裕
given_name,武寛
given_name,武宏
given_name,武広
given_name,武弘
given_name,武浩
given_name,武泰
given_name,武大
given_name,武博
given_name,武祐
given_name,武裕
given_name,武洋
given_name,武廣
given_name,孟浩
given_name,孟裕
given_name,猛広
given_name,猛弘
given_name,猛浩
given_name,猛彦
given_name,猛裕
given_name,猛洋
given_name,勇太
given_name,勇大
given_name,勇洋
given_name,雄拡
given_name,雄寛
given_name,雄啓
given_name,雄広
given_name,雄弘
given_name,雄泰
given_name,雄大
given_name,雄博
given_name,雄裕
given_name,雄洋
given_name,壯浩
given_name,壯太
given_name,赳寛
given_name,赳宏
given_name,赳太
given_name,武房
given_name,威史
given_name,威文
given_name,岳史
given_name,岳文
given_name,毅文
given_name,健史
given_name,健文
given_name,剛史
given_name,剛文
given_name,豪史
given_name,豪文
given_name,丈史
given_name,丈文
given_name,崇文
given_name,壮史
given_name,壮文
given_name,賦文
given_name,武史
given_name,武章
given_name,武文
given_name,孟史
given_name,猛史
given_name,勇文
given_name,雄史
given_name,雄章
given_name,雄文
given_name,丈文
given_name,武史
given_name,武文
given_name,勇文
given_name,長穂
given_name,岳馬
given_name,武真
given_name,武馬
given_name,武磨
given_name,武麻
given_name,威雅
given_name,岳真
given_name,岳征
given_name,毅昌
given_name,健将
given_name,健正
given_name,健優
given_name,剛将
given_name,剛昌
given_name,剛正
given_name,豪允
given_name,豪将
given_name,豪真
given_name,豪政
given_name,豪聖
given_name,丈将
given_name,丈昌
given_name,丈征
given_name,丈正
given_name,竹雅
given_name,武雅
given_name,武将
given_name,武昌
given_name,武真
given_name,武政
given_name,武正
given_name,武道
given_name,武優
given_name,雄允
given_name,雄正
given_name,岳丸
given_name,武丸
given_name,雄丸
given_name,岳海
given_name,岳見
given_name,岳三
given_name,岳実
given_name,岳巳
given_name,岳民
given_name,毅己
given_name,毅生
given_name,健規
given_name,健見
given_name,健実
given_name,健臣
given_name,健生
given_name,健巳
given_name,建己
given_name,建未
given_name,剛実
given_name,剛臣
given_name,剛生
given_name,剛巳
given_name,丈三
given_name,丈実
given_name,丈巳
given_name,武海
given_name,武見
given_name,武己
given_name,武三
given_name,武実
given_name,武身
given_name,武巳
given_name,武弥
given_name,猛己
given_name,勇洋
given_name,雄観
given_name,長幹
given_name,岳道
given_name,健通
given_name,健道
given_name,剛道
given_name,丈路
given_name,武道
given_name,武倫
given_name,毅光
given_name,毅充
given_name,健光
given_name,剛光
given_name,剛充
given_name,丈光
given_name,丈誠
given_name,武光
given_name,仗依
given_name,毅峰
given_name,雄峰
given_name,武宗
given_name,長柔
given_name,建盛
given_name,剛守
given_name,武衛
given_name,武守
given_name,武盛
given_name,雄盛
given_name,岳哉
given_name,岳也
given_name,岳弥
given_name,毅也
given_name,健哉
given_name,健也
given_name,健矢
given_name,剛也
given_name,剛弥
given_name,豪哉
given_name,豪也
given_name,丈也
given_name,丈弥
given_name,丈矢
given_name,壮陽
given_name,竹哉
given_name,竹也
given_name,竹弥
given_name,武哉
given_name,武也
given_name,武弥
given_name,孟也
given_name,猛也
given_name,猛弥
given_name,勇哉
given_name,烈也
given_name,岳快
given_name,岳康
given_name,岳泰
given_name,健康
given_name,建康
given_name,剛尉
given_name,剛靖
given_name,丈康
given_name,丈泰
given_name,丈靖
given_name,壮泰
given_name,竹康
given_name,長康
given_name,武康
given_name,武泰
given_name,武靖
given_name,偉之
given_name,威幸
given_name,威行
given_name,威之
given_name,岳幸
given_name,岳行
given_name,岳征
given_name,岳雪
given_name,岳之
given_name,毅之
given_name,健以
given_name,健起
given_name,健恭
given_name,健幸
given_name,健行
given_name,健志
given_name,健至
given_name,健仁
given_name,健之
given_name,堅之
given_name,建行
given_name,剛幸
given_name,剛行
given_name,剛志
given_name,剛之
given_name,剛由
given_name,丈幸
given_name,丈征
given_name,丈之
given_name,壮志
given_name,壮晋
given_name,壮由
given_name,竹之
given_name,長幸
given_name,武幸
given_name,武行
given_name,武志
given_name,武征
given_name,武之
given_name,猛行
given_name,雄幸
given_name,雄行
given_name,雄之
given_name,丈世
given_name,岳義
given_name,毅圭
given_name,毅純
given_name,毅芳
given_name,毅良
given_name,健悦
given_name,健嘉
given_name,健喜
given_name,健義
given_name,健吉
given_name,健純
given_name,健勝
given_name,健善
given_name,健芳
given_name,健良
given_name,建善
given_name,剛嘉
given_name,剛喜
given_name,剛義
given_name,剛吉
given_name,剛圭
given_name,剛祥
given_name,剛仁
given_name,剛督
given_name,剛由
given_name,剛良
given_name,豪芳
given_name,丈佳
given_name,丈恭
given_name,丈慶
given_name,丈好
given_name,丈祥
given_name,丈能
given_name,丈良
given_name,壮佳
given_name,竹好
given_name,赴佳
given_name,武佳
given_name,武嘉
given_name,武宜
given_name,武義
given_name,武吉
given_name,武恵
given_name,武慶
given_name,武好
given_name,武克
given_name,武祥
given_name,武善
given_name,武美
given_name,武芳
given_name,武由
given_name,武誉
given_name,武良
given_name,孟由
given_name,勇嘉
given_name,雄貴
given_name,壯吉
given_name,威
given_name,宇
given_name,岳
given_name,健
given_name,建
given_name,剛
given_name,丈
given_name,丈瑠
given_name,仁
given_name,壮
given_name,尊
given_name,卓
given_name,竹流
given_name,長
given_name,長留
given_name,闘
given_name,武
given_name,武児
given_name,武尊
given_name,武流
given_name,武琉
given_name,武留
given_name,武瑠
given_name,孟
given_name,孟留
given_name,孟瑠
given_name,猛
given_name,猛留
given_name,雄
given_name,烈
given_name,洸
given_name,翔
given_name,赳
given_name,岳郎
given_name,毅朗
given_name,毅郎
given_name,健郎
given_name,剛朗
given_name,寿康
given_name,丈朗
given_name,丈郎
given_name,武朗
given_name,武郎
given_name,岳央
given_name,健雄
given_name,太三郎
given_name,太司郎
given_name,太士郎
given_name,太志郎
given_name,太治郎
given_name,右
given_name,援
given_name,救
given_name,匡
given_name,啓
given_name,耕
given_name,佐
given_name,賛
given_name,資
given_name,奨
given_name,将
given_name,丞
given_name,扶
given_name,輔
given_name,輔久
given_name,佑
given_name,祐
given_name,翼
given_name,亮
given_name,涼
given_name,侑
given_name,太助
given_name,伊昭
given_name,維昭
given_name,維了
given_name,紀彰
given_name,糾明
given_name,匡晃
given_name,匡秋
given_name,匡昭
given_name,匡章
given_name,匡明
given_name,匡朗
given_name,公彰
given_name,公章
given_name,公信
given_name,正光
given_name,正晃
given_name,正明
given_name,忠暁
given_name,忠顕
given_name,忠晃
given_name,忠秋
given_name,忠彰
given_name,忠昭
given_name,忠祥
given_name,忠章
given_name,忠哲
given_name,忠明
given_name,忠陽
given_name,忠亮
given_name,忠朗
given_name,忠暉
given_name,忠曉
given_name,直昭
given_name,直明
given_name,禎昭
given_name,禎章
given_name,唯明
given_name,理明
given_name,傳明
given_name,正篤
given_name,忠温
given_name,忠淳
given_name,忠篤
given_name,忠一
given_name,禎一
given_name,唯一
given_name,唯一郎
given_name,格夫
given_name,紀雄
given_name,糾夫
given_name,匡生
given_name,匡勇
given_name,匡雄
given_name,薫雄
given_name,正男
given_name,正雄
given_name,端夫
given_name,忠央
given_name,忠生
given_name,忠大
given_name,忠男
given_name,忠夫
given_name,忠勇
given_name,忠雄
given_name,忠朗
given_name,忠郎
given_name,直男
given_name,直夫
given_name,直雄
given_name,禎雄
given_name,任男
given_name,唯央
given_name,唯生
given_name,唯男
given_name,唯夫
given_name,唯雄
given_name,唯郎
given_name,理雄
given_name,匡意
given_name,正興
given_name,忠沖
given_name,忠起
given_name,忠興
given_name,直意
given_name,直興
given_name,匡史
given_name,公臣
given_name,聡臣
given_name,忠臣
given_name,帝臣
given_name,理惟
given_name,理臣
given_name,匡和
given_name,恭一
given_name,孝和
given_name,考一
given_name,正和
given_name,只和
given_name,忠一
given_name,忠利
given_name,忠和
given_name,貞和
given_name,肇一
given_name,唯一
given_name,理一
given_name,佶一
given_name,匡克
given_name,公克
given_name,忠功
given_name,忠克
given_name,忠勝
given_name,直克
given_name,理克
given_name,忠樹
given_name,匡靖
given_name,忠清
given_name,忠聖
given_name,公城
given_name,忠邦
given_name,直邦
given_name,忠実
given_name,忠三郎
given_name,位
given_name,惟司
given_name,惟史
given_name,維史
given_name,維志
given_name,維資
given_name,一史
given_name,雅
given_name,雅司
given_name,雅史
given_name,雅士
given_name,雅志
given_name,格
given_name,格史
given_name,格士
given_name,覚
given_name,覚士
given_name,侃
given_name,紀志
given_name,規
given_name,規史
given_name,規之
given_name,儀
given_name,義
given_name,義司
given_name,義志
given_name,糾
given_name,匡
given_name,匡司
given_name,匡史
given_name,匡士
given_name,匡志
given_name,匡巳
given_name,喬司
given_name,喬史
given_name,恭
given_name,恭史
given_name,敬
given_name,憲
given_name,賢
given_name,厳
given_name,公
given_name,皇史
given_name,宰
given_name,宰士
given_name,宰之
given_name,済
given_name,斎
given_name,資
given_name,資士
given_name,質
given_name,淳
given_name,匠
given_name,将
given_name,祥士
given_name,信
given_name,信志
given_name,新
given_name,真
given_name,真史
given_name,真之
given_name,仁
given_name,粋史
given_name,崇
given_name,崇寿
given_name,是
given_name,征
given_name,政
given_name,政司
given_name,整
given_name,正
given_name,正司
given_name,正史
given_name,正嗣
given_name,正四
given_name,正士
given_name,正志
given_name,正視
given_name,精
given_name,聖志
given_name,斉
given_name,善
given_name,聡
given_name,荘
given_name,蔵志
given_name,則
given_name,孫司
given_name,但
given_name,旦
given_name,端
given_name,端思
given_name,中
given_name,忠
given_name,忠司
given_name,忠史
given_name,忠嗣
given_name,忠士
given_name,忠始
given_name,忠志
given_name,忠孜
given_name,忠至
given_name,忠資
given_name,忠之
given_name,忠巳
given_name,勅
given_name,直
given_name,直司
given_name,直史
given_name,直嗣
given_name,直士
given_name,直志
given_name,直資
given_name,直示
given_name,貞
given_name,廷
given_name,悌
given_name,禎
given_name,禎使
given_name,禎司
given_name,禎史
given_name,禎士
given_name,禎志
given_name,禎之
given_name,督
given_name,督史
given_name,任司
given_name,任史
given_name,任矢
given_name,肇
given_name,肇士
given_name,肇志
given_name,矢
given_name,唯
given_name,唯司
given_name,唯史
given_name,唯志
given_name,唯思
given_name,唯至
given_name,唯詞
given_name,唯之
given_name,容
given_name,理
given_name,理司
given_name,理史
given_name,理士
given_name,理志
given_name,理示
given_name,理之
given_name,律
given_name,律司
given_name,律史
given_name,礼
given_name,廉
given_name,眞司
given_name,糺
given_name,迪
given_name,匡重
given_name,匡繁
given_name,忠重
given_name,忠成
given_name,忠繁
given_name,忠茂
given_name,忠誉
given_name,忠次郎
given_name,匡
given_name,維右
given_name,一修
given_name,規介
given_name,匡家
given_name,匡佑
given_name,匡祐
given_name,匡亮
given_name,賢哉
given_name,正相
given_name,正祐
given_name,忠右
given_name,忠介
given_name,忠佐
given_name,忠助
given_name,忠臣
given_name,忠相
given_name,忠典
given_name,忠輔
given_name,忠佑
given_name,忠友
given_name,忠祐
given_name,忠亮
given_name,直輔
given_name,禎介
given_name,督介
given_name,唯介
given_name,唯祐
given_name,正清
given_name,只澄
given_name,忠純
given_name,禎純
given_name,妙宜
given_name,正貴
given_name,正卓
given_name,忠毅
given_name,忠貴
given_name,忠敬
given_name,忠孝
given_name,忠崇
given_name,忠隆
given_name,唯貴
given_name,唯尊
given_name,理学
given_name,忠丈
given_name,徒太郎
given_name,忠哉
given_name,忠視
given_name,忠親
given_name,勅務
given_name,直周
given_name,直親
given_name,禎哉
given_name,肇史
given_name,允嗣
given_name,匡嗣
given_name,公諭
given_name,士継
given_name,真嗣
given_name,正嗣
given_name,忠継
given_name,忠嗣
given_name,忠次
given_name,忠承
given_name,直継
given_name,直嗣
given_name,直紹
given_name,唯嗣
given_name,匡玄
given_name,祥英
given_name,只常
given_name,忠貫
given_name,匡央
given_name,匡輝
given_name,忠央
given_name,忠輝
given_name,匡人
given_name,渉人
given_name,正人
given_name,忠人
given_name,禎人
given_name,唯人
given_name,惟敏
given_name,匡聡
given_name,匡稔
given_name,賢寿
given_name,宰豪
given_name,正俊
given_name,忠寿
given_name,忠俊
given_name,忠敏
given_name,忠稔
given_name,忠利
given_name,忠理
given_name,眞世
given_name,忠富
given_name,忠吾
given_name,忠朋
given_name,忠友
given_name,忠倫
given_name,匡豊
given_name,正直
given_name,忠尚
given_name,忠直
given_name,忠良
given_name,理永
given_name,忠成
given_name,忠誠
given_name,唯也
given_name,匡伸
given_name,匡信
given_name,匡敦
given_name,公靖
given_name,正伸
given_name,中庸
given_name,忠延
given_name,忠喜
given_name,忠恒
given_name,忠史
given_name,忠伸
given_name,忠信
given_name,忠誠
given_name,忠宣
given_name,忠房
given_name,忠睦
given_name,忠靖
given_name,禎展
given_name,唯照
given_name,唯信
given_name,唯敦
given_name,理誠
given_name,伊憲
given_name,伊則
given_name,匡規
given_name,匡慶
given_name,匡憲
given_name,匡功
given_name,兄規
given_name,正慶
given_name,正憲
given_name,正典
given_name,忠紀
given_name,忠軌
given_name,忠教
given_name,忠敬
given_name,忠憲
given_name,忠功
given_name,忠士
given_name,忠臣
given_name,忠宣
given_name,忠則
given_name,忠稚
given_name,忠典
given_name,忠展
given_name,忠徳
given_name,忠範
given_name,忠法
given_name,唯紀
given_name,唯徳
given_name,匡治
given_name,正治
given_name,正春
given_name,正知
given_name,忠温
given_name,忠治
given_name,忠春
given_name,忠晴
given_name,直治
given_name,唯治
given_name,維彦
given_name,紀彦
given_name,匡彦
given_name,公彦
given_name,崇彦
given_name,是彦
given_name,正彦
given_name,只彦
given_name,忠彦
given_name,直彦
given_name,禎彦
given_name,唯比古
given_name,唯彦
given_name,完久
given_name,匡央
given_name,匡久
given_name,匡寿
given_name,匡宣
given_name,宰久
given_name,正久
given_name,忠永
given_name,忠久
given_name,忠寿
given_name,忠尚
given_name,直久
given_name,禎久
given_name,禎桐
given_name,唯央
given_name,由久
given_name,匡寿
given_name,匡秀
given_name,正秀
given_name,忠英
given_name,忠秀
given_name,直秀
given_name,唯英
given_name,賢仁
given_name,忠臣
given_name,忠人
given_name,忠仁
given_name,唯一
given_name,唯仁
given_name,理公
given_name,律仁
given_name,公平
given_name,宰平
given_name,忠平
given_name,忠仁
given_name,伊廣
given_name,惟弘
given_name,雅祥
given_name,格啓
given_name,格宏
given_name,格広
given_name,侃弘
given_name,匡寛
given_name,匡啓
given_name,匡宏
given_name,匡広
given_name,匡弘
given_name,匡洪
given_name,匡都
given_name,匡博
given_name,匡裕
given_name,匡洋
given_name,恭宗
given_name,資大
given_name,宗弘
given_name,淳博
given_name,真弘
given_name,真裕
given_name,正寛
given_name,正啓
given_name,正宏
given_name,正弘
given_name,正浩
given_name,正大
given_name,正博
given_name,正洋
given_name,忠寛
given_name,忠啓
given_name,忠敬
given_name,忠宏
given_name,忠広
given_name,忠弘
given_name,忠浩
given_name,忠宗
given_name,忠泰
given_name,忠大
given_name,忠博
given_name,忠裕
given_name,忠洋
given_name,忠廣
given_name,直宏
given_name,直大
given_name,禎宏
given_name,禎浩
given_name,禎洋
given_name,督博
given_name,唯寛
given_name,唯啓
given_name,唯宏
given_name,唯弘
given_name,唯浩
given_name,唯博
given_name,唯裕
given_name,陽登
given_name,覧容
given_name,理博
given_name,理裕
given_name,理洋
given_name,忠房
given_name,伊史
given_name,惟史
given_name,格史
given_name,匡史
given_name,匡文
given_name,賢史
given_name,宰史
given_name,正史
given_name,忠郁
given_name,忠史
given_name,忠文
given_name,直史
given_name,禎史
given_name,禎文
given_name,唯史
given_name,唯文
given_name,理史
given_name,匡政
given_name,匡正
given_name,正将
given_name,忠雅
given_name,忠幹
given_name,忠勝
given_name,忠将
given_name,忠昌
given_name,忠晶
given_name,忠真
given_name,忠征
given_name,忠政
given_name,忠正
given_name,忠優
given_name,忠將
given_name,唯雅
given_name,唯正
given_name,忠麿
given_name,忠美
given_name,規理
given_name,薫道
given_name,宰進
given_name,正倫
given_name,誠通
given_name,忠通
given_name,忠道
given_name,忠利
given_name,忠迪
given_name,直道
given_name,忠光
given_name,忠睦
given_name,忠峰
given_name,忠宗
given_name,薫元
given_name,忠基
given_name,忠根
given_name,忠資
given_name,貞幹
given_name,薫衛
given_name,宰守
given_name,正守
given_name,忠守
given_name,匡康
given_name,匡泰
given_name,正康
given_name,忠安
given_name,忠恭
given_name,忠康
given_name,忠寧
given_name,忠保
given_name,忠靖
given_name,唯泰
given_name,維征
given_name,嘉志
given_name,紀之
given_name,匡以
given_name,匡志
given_name,匡之
given_name,公将
given_name,功幸
given_name,宰順
given_name,宰之
given_name,祥志
given_name,真之
given_name,正幸
given_name,正行
given_name,正之
given_name,只之
given_name,忠幸
given_name,忠行
given_name,忠至
given_name,忠遵
given_name,忠順
given_name,忠将
given_name,忠是
given_name,忠征
given_name,忠透
given_name,忠之
given_name,忠由
given_name,直幸
given_name,直行
given_name,直之
given_name,禎幸
given_name,禎行
given_name,禎之
given_name,督之
given_name,唯起
given_name,唯幸
given_name,唯行
given_name,唯志
given_name,唯之
given_name,理行
given_name,理之
given_name,律幸
given_name,眞千
given_name,忠幸
given_name,督代
given_name,唯代
given_name,匡剛
given_name,匡昌
given_name,匡良
given_name,敬克
given_name,好唯
given_name,宰祥
given_name,淳良
given_name,正佳
given_name,正義
given_name,正吉
given_name,正慶
given_name,正賢
given_name,正芳
given_name,正稔
given_name,端佳
given_name,忠愛
given_name,忠佳
given_name,忠可
given_name,忠喜
given_name,忠宜
given_name,忠義
given_name,忠吉
given_name,忠慶
given_name,忠敬
given_name,忠賢
given_name,忠功
given_name,忠好
given_name,忠孝
given_name,忠克
given_name,忠住
given_name,忠純
given_name,忠昌
given_name,忠宣
given_name,忠善
given_name,忠禎
given_name,忠典
given_name,忠美
given_name,忠彦
given_name,忠芳
given_name,忠由
given_name,忠良
given_name,直佳
given_name,直義
given_name,直美
given_name,帝佳
given_name,廷吉
given_name,禎貴
given_name,渡佳
given_name,任克
given_name,唯佳
given_name,唯嘉
given_name,唯賀
given_name,唯喜
given_name,唯義
given_name,唯圭
given_name,唯好
given_name,理美
given_name,迪禎
given_name,忠順
given_name,多智明
given_name,太刀夫
given_name,達
given_name,辰
given_name,立
given_name,竜
given_name,起彰
given_name,起明
given_name,健晃
given_name,健明
given_name,樹聡
given_name,樹明
given_name,多津明
given_name,達晃
given_name,達彰
given_name,達昭
given_name,達章
given_name,達彬
given_name,達明
given_name,達亮
given_name,達朗
given_name,辰顕
given_name,辰晃
given_name,辰昭
given_name,辰章
given_name,辰聡
given_name,辰明
given_name,立章
given_name,立明
given_name,立朗
given_name,竜昭
given_name,竜聡
given_name,竜明
given_name,竜朗
given_name,龍昭
given_name,龍聡
given_name,龍彬
given_name,龍明
given_name,達一郎
given_name,辰一郎
given_name,竜一郎
given_name,達栄
given_name,達英
given_name,辰栄
given_name,辰英
given_name,伊男
given_name,起生
given_name,起夫
given_name,起雄
given_name,健央
given_name,健男
given_name,健郎
given_name,建男
given_name,建夫
given_name,建雄
given_name,建郎
given_name,樹緒
given_name,樹生
given_name,樹男
given_name,多津夫
given_name,多都雄
given_name,太津男
given_name,卓男
given_name,達央
given_name,達王
given_name,達生
given_name,達男
given_name,達夫
given_name,達穂
given_name,達勇
given_name,達雄
given_name,達朗
given_name,達郎
given_name,達應
given_name,辰生
given_name,辰男
given_name,辰夫
given_name,辰也
given_name,辰雄
given_name,辰朗
given_name,辰郎
given_name,立央
given_name,立生
given_name,立男
given_name,立夫
given_name,立雄
given_name,立郎
given_name,竜王
given_name,竜生
given_name,竜男
given_name,竜夫
given_name,竜雄
given_name,竜郎
given_name,龍王
given_name,龍緒
given_name,龍生
given_name,龍男
given_name,龍尾
given_name,龍夫
given_name,龍雄
given_name,龍郎
given_name,逹雄
given_name,樹興
given_name,達宙
given_name,辰興
given_name,龍興
given_name,達臣
given_name,辰臣
given_name,竜臣
given_name,龍臣
given_name,達一
given_name,健喜
given_name,健騎
given_name,健樹
given_name,幸輝
given_name,樹輝
given_name,達基
given_name,達希
given_name,達揮
given_name,達毅
given_name,達稀
given_name,達紀
given_name,達規
given_name,達記
given_name,達貴
given_name,達己
given_name,達樹
given_name,達生
given_name,辰喜
given_name,辰樹
given_name,立希
given_name,立季
given_name,立起
given_name,立騎
given_name,立己
given_name,立樹
given_name,立来
given_name,竜基
given_name,竜希
given_name,竜気
given_name,竜季
given_name,竜紀
given_name,竜貴
given_name,竜輝
given_name,竜己
given_name,竜樹
given_name,竜生
given_name,龍希
given_name,龍帰
given_name,龍毅
given_name,龍規
given_name,龍起
given_name,龍輝
given_name,龍樹
given_name,龍城
given_name,龍飛
given_name,竜国
given_name,達吾
given_name,達貞
given_name,起史
given_name,建志
given_name,樹史
given_name,太津史
given_name,達
given_name,達司
given_name,達史
given_name,達嗣
given_name,達士
given_name,達志
given_name,達思
given_name,達資
given_name,達之
given_name,辰司
given_name,辰史
given_name,辰士
given_name,辰志
given_name,辰識
given_name,立司
given_name,立史
given_name,立嗣
given_name,立士
given_name,立志
given_name,竜司
given_name,竜史
given_name,竜士
given_name,竜志
given_name,竜至
given_name,龍司
given_name,龍史
given_name,龍士
given_name,龍志
given_name,樹司
given_name,太津二
given_name,達司
given_name,達史
given_name,達嗣
given_name,達士
given_name,達児
given_name,達次
given_name,達治
given_name,達示
given_name,達仁
given_name,達二
given_name,辰司
given_name,辰次
given_name,辰滋
given_name,辰治
given_name,辰仁
given_name,辰二
given_name,辰之
given_name,竜司
given_name,竜嗣
given_name,竜志
given_name,竜次
given_name,竜治
given_name,竜二
given_name,龍嗣
given_name,龍次
given_name,龍治
given_name,龍二
given_name,達成
given_name,辰重
given_name,達志郎
given_name,達次郎
given_name,達二郎
given_name,竜次郎
given_name,達介
given_name,達三
given_name,辰三
given_name,辰蔵
given_name,竜三
given_name,達大
given_name,達太郎
given_name,立太郎
given_name,建人
given_name,樹人
given_name,尊人
given_name,達士
given_name,達十
given_name,達人
given_name,達斗
given_name,達登
given_name,立人
given_name,竜人
given_name,龍人
given_name,龍仁
given_name,龍門
given_name,辰季
given_name,経利
given_name,建利
given_name,幸和
given_name,勝利
given_name,達俊
given_name,達智
given_name,達利
given_name,辰俊
given_name,辰敏
given_name,辰稔
given_name,辰頼
given_name,辰利
given_name,立俊
given_name,竜利
given_name,龍登志
given_name,龍敏
given_name,竜登美
given_name,達智
given_name,達友
given_name,龍朋
given_name,起成
given_name,幸成
given_name,樹也
given_name,達成
given_name,達生
given_name,達也
given_name,辰成
given_name,辰生
given_name,辰斉
given_name,竜成
given_name,龍哉
given_name,龍成
given_name,達徳
given_name,龍之進
given_name,達之介
given_name,達之助
given_name,達之輔
given_name,辰之助
given_name,竜之介
given_name,龍之介
given_name,樹展
given_name,達喜
given_name,達修
given_name,達信
given_name,辰信
given_name,辰宣
given_name,辰暢
given_name,立信
given_name,竜昇
given_name,竜伸
given_name,竜信
given_name,竜進
given_name,竜靖
given_name,龍遵
given_name,龍信
given_name,龍暢
given_name,起則
given_name,起範
given_name,健成
given_name,建紀
given_name,建規
given_name,建典
given_name,建徳
given_name,樹典
given_name,樹徳
given_name,達紀
given_name,達規
given_name,達記
given_name,達恭
given_name,達教
given_name,達矩
given_name,達訓
given_name,達憲
given_name,達功
given_name,達章
given_name,達宣
given_name,達則
given_name,達智
given_name,達哲
given_name,達典
given_name,達徳
given_name,達範
given_name,達法
given_name,達理
given_name,達里
given_name,辰紀
given_name,辰規
given_name,辰記
given_name,辰宜
given_name,辰矩
given_name,辰慶
given_name,辰憲
given_name,辰周
given_name,辰昇
given_name,辰成
given_name,辰則
given_name,辰典
given_name,辰徳
given_name,辰範
given_name,辰律
given_name,立規
given_name,立憲
given_name,立師
given_name,立昇
given_name,立伸
given_name,立典
given_name,竜紀
given_name,竜義
given_name,竜経
given_name,竜憲
given_name,竜悟
given_name,竜則
given_name,竜典
given_name,竜徳
given_name,竜範
given_name,竜法
given_name,龍紀
given_name,龍騎
given_name,龍憲
given_name,龍勝
given_name,龍昇
given_name,龍則
given_name,龍典
given_name,龍道
given_name,龍徳
given_name,龍範
given_name,龍風
given_name,龍法
given_name,龍礼
given_name,燵典
given_name,逹憲
given_name,逹典
given_name,樹青
given_name,達治
given_name,辰春
given_name,立春
given_name,龍春
given_name,龍晴
given_name,起彦
given_name,建彦
given_name,樹彦
given_name,達比古
given_name,達彦
given_name,辰彦
given_name,巽彦
given_name,蝶子
given_name,藤瀬
given_name,立彦
given_name,竜人
given_name,竜比古
given_name,竜彦
given_name,龍彦
given_name,達央
given_name,達久
given_name,達寿
given_name,辰久
given_name,立央
given_name,竜久
given_name,竜寿
given_name,龍寿
given_name,起英
given_name,達英
given_name,辰秀
given_name,竜英
given_name,竜秀
given_name,龍英
given_name,龍秀
given_name,建人
given_name,達人
given_name,達仁
given_name,辰人
given_name,辰仁
given_name,立仁
given_name,竜人
given_name,竜仁
given_name,龍人
given_name,龍仁
given_name,起寛
given_name,起弘
given_name,健弘
given_name,健洋
given_name,建完
given_name,建光
given_name,建広
given_name,建洋
given_name,樹弘
given_name,樹浩
given_name,樹裕
given_name,尊博
given_name,達寛
given_name,達啓
given_name,達宏
given_name,達広
given_name,達弘
given_name,達浩
given_name,達紘
given_name,達大
given_name,達拓
given_name,達博
given_name,達彦
given_name,達祐
given_name,達裕
given_name,達洋
given_name,達廣
given_name,辰寛
given_name,辰公
given_name,辰宏
given_name,辰広
given_name,辰弘
given_name,辰浩
given_name,辰大
given_name,辰博
given_name,辰祐
given_name,辰裕
given_name,辰洋
given_name,武大
given_name,立寛
given_name,立広
given_name,立弘
given_name,立紘
given_name,立大
given_name,立展
given_name,立博
given_name,立裕
given_name,竜寛
given_name,竜宏
given_name,竜広
given_name,竜弘
given_name,竜浩
given_name,竜大
given_name,竜博
given_name,竜彦
given_name,竜弥
given_name,竜裕
given_name,竜洋
given_name,龍拡
given_name,龍啓
given_name,龍宏
given_name,龍広
given_name,龍弘
given_name,龍浩
given_name,龍祥
given_name,龍宣
given_name,龍太
given_name,龍大
given_name,龍博
given_name,龍裕
given_name,龍洋
given_name,龍廣
given_name,逹博
given_name,建文
given_name,樹史
given_name,達史
given_name,達文
given_name,辰史
given_name,辰文
given_name,竜史
given_name,竜文
given_name,龍史
given_name,龍文
given_name,拓平
given_name,達平
given_name,辰平
given_name,龍平
given_name,達保
given_name,起真
given_name,達真
given_name,達馬
given_name,達摩
given_name,達磨
given_name,達麻
given_name,達満
given_name,辰真
given_name,辰馬
given_name,辰磨
given_name,立真
given_name,立馬
given_name,立磨
given_name,立麻
given_name,竜馬
given_name,竜磨
given_name,竜麻
given_name,龍真
given_name,龍馬
given_name,龍磨
given_name,達将
given_name,達昌
given_name,達政
given_name,達正
given_name,辰允
given_name,立正
given_name,竜勝
given_name,竜将
given_name,竜成
given_name,龍雅
given_name,龍将
given_name,龍正
given_name,龍優
given_name,龍丸
given_name,龍麿
given_name,建充
given_name,樹実
given_name,樹巳
given_name,達己
given_name,達三
given_name,達史
given_name,達実
given_name,達臣
given_name,達生
given_name,達巳
given_name,達已
given_name,辰己
given_name,辰三
given_name,辰実
given_name,辰身
given_name,辰巳
given_name,辰已
given_name,巽
given_name,立己
given_name,立実
given_name,立巳
given_name,竜己
given_name,竜実
given_name,竜水
given_name,竜巳
given_name,竜弥
given_name,龍海
given_name,龍己
given_name,龍光
given_name,龍三
given_name,龍実
given_name,龍水
given_name,龍未
given_name,龍巳
given_name,達道
given_name,龍道
given_name,辰峰
given_name,龍巌
given_name,達夢
given_name,達宗
given_name,竜宗
given_name,龍宗
given_name,貴也
given_name,起也
given_name,健也
given_name,健矢
given_name,建哉
given_name,建也
given_name,建弥
given_name,幸也
given_name,裁也
given_name,山城
given_name,樹哉
given_name,樹也
given_name,樹矢
given_name,周人
given_name,大智
given_name,滝也
given_name,卓也
given_name,達哉
given_name,達成
given_name,達也
given_name,達耶
given_name,達弥
given_name,達矢
given_name,達彌
given_name,辰哉
given_name,辰八
given_name,辰也
given_name,辰弥
given_name,辰矢
given_name,辰彌
given_name,武也
given_name,立哉
given_name,立也
given_name,立弥
given_name,立矢
given_name,隆哉
given_name,竜哉
given_name,竜八
given_name,竜也
given_name,竜弥
given_name,竜矢
given_name,竜彌
given_name,龍哉
given_name,龍也
given_name,龍弥
given_name,龍矢
given_name,翔也
given_name,逹哉
given_name,起幸
given_name,建之
given_name,樹之
given_name,達幸
given_name,達行
given_name,達志
given_name,達将
given_name,達之
given_name,達由紀
given_name,辰幸
given_name,辰行
given_name,辰之
given_name,立幸
given_name,立行
given_name,立之
given_name,竜幸
given_name,竜行
given_name,竜之
given_name,竜門
given_name,龍維
given_name,龍幸
given_name,龍行
given_name,龍之
given_name,龍由樹
given_name,達世
given_name,達允
given_name,達佳
given_name,達貴
given_name,達宜
given_name,達義
given_name,達慶
given_name,達好
given_name,達是
given_name,達美
given_name,達芳
given_name,達良
given_name,辰益
given_name,辰悦
given_name,辰佳
given_name,辰宜
given_name,辰義
given_name,辰吉
given_name,辰圭
given_name,辰好
given_name,辰昌
given_name,辰良
given_name,立佳
given_name,立義
given_name,竜嘉
given_name,竜幹
given_name,竜義
given_name,竜吉
given_name,竜巧
given_name,竜由
given_name,竜良
given_name,龍佳
given_name,龍嘉
given_name,龍宜
given_name,龍義
given_name,龍圭
given_name,龍好
given_name,龍若
given_name,龍昌
given_name,龍之
given_name,龍美
given_name,達順
given_name,達頼
given_name,龍頼
given_name,健
given_name,建
given_name,樹
given_name,植
given_name,創
given_name,達
given_name,達流
given_name,辰
given_name,立
given_name,龍
given_name,健朗
given_name,健郎
given_name,建朗
given_name,建郎
given_name,多津郎
given_name,卓郎
given_name,達朗
given_name,達郎
given_name,辰朗
given_name,辰郎
given_name,武郎
given_name,立朗
given_name,立郎
given_name,竜朗
given_name,竜郎
given_name,龍朗
given_name,龍郎
given_name,達男
given_name,達雄
given_name,達人
given_name,立人
given_name,立
given_name,健明
given_name,建昭
given_name,建明
given_name,館
given_name,経郎
given_name,健夫
given_name,健雄
given_name,建生
given_name,建夫
given_name,建雄
given_name,建郎
given_name,楯夫
given_name,盾夫
given_name,立夫
given_name,干騎
given_name,干城
given_name,健樹
given_name,健城
given_name,建樹
given_name,建城
given_name,経史
given_name,建史
given_name,建志
given_name,立志
given_name,建成
given_name,建徳
given_name,建彦
given_name,建人
given_name,建広
given_name,建浩
given_name,建博
given_name,健文
given_name,健幸
given_name,健之
given_name,建行
given_name,建之
given_name,立行
given_name,建良
given_name,建
given_name,樹
given_name,胤聡
given_name,胤明
given_name,胤亮
given_name,種明
given_name,種亮
given_name,胤隆
given_name,種親
given_name,胤俊
given_name,種伸
given_name,胤博
given_name,胤康
given_name,楽
given_name,旅
given_name,旅路
given_name,多陽地
given_name,旅人
given_name,旅途
given_name,多武郎
given_name,多平
given_name,太平
given_name,瑞晶
given_name,珠夫
given_name,珠雄
given_name,環
given_name,環輝
given_name,環樹
given_name,玉希
given_name,圭規
given_name,圭来
given_name,珠規
given_name,珠輝
given_name,珠樹
given_name,玉吉
given_name,玉寿
given_name,珠久
given_name,玉文
given_name,圭史
given_name,多美夫
given_name,太実雄
given_name,太美男
given_name,太美雄
given_name,辰己雄
given_name,民生
given_name,民男
given_name,民夫
given_name,民雄
given_name,民朗
given_name,民郎
given_name,民一
given_name,民和
given_name,民記
given_name,民樹
given_name,民生
given_name,民滋
given_name,民治
given_name,民二
given_name,民人
given_name,民季
given_name,民成
given_name,民悦
given_name,民憲
given_name,民則
given_name,民治
given_name,民人
given_name,民仁
given_name,多美也
given_name,民哉
given_name,民也
given_name,民弥
given_name,民安
given_name,民恭
given_name,民泰
given_name,民幸
given_name,民行
given_name,民之
given_name,民佳
given_name,民義
given_name,民朗
given_name,民雄
given_name,為男
given_name,為雄
given_name,為和
given_name,為樹
given_name,為嗣
given_name,為人
given_name,為俊
given_name,隆富
given_name,為紀
given_name,為治
given_name,為彦
given_name,為久
given_name,為仁
given_name,為元
given_name,為美
given_name,惟
given_name,完
given_name,執
given_name,将
given_name,全
given_name,存
given_name,多持
given_name,任
given_name,扶
given_name,保
given_name,有
given_name,多聞
given_name,多門
given_name,太門
given_name,大紋
given_name,多雄良
given_name,妙朗
given_name,足穂
given_name,多朗
given_name,多郎
given_name,太朗
given_name,太郎
given_name,大郎
given_name,探
given_name,凱
given_name,団
given_name,壇
given_name,弾
given_name,暖
given_name,檀
given_name,段
given_name,男
given_name,團
given_name,壇児
given_name,段平
given_name,男也
given_name,壇郎
given_name,千瑛
given_name,千秋
given_name,知瑛
given_name,知暁
given_name,知晃
given_name,知秋
given_name,知彰
given_name,知昌
given_name,知昭
given_name,知晶
given_name,知章
given_name,知明
given_name,知玲
given_name,智映
given_name,智瑛
given_name,智暁
given_name,智秋
given_name,智昌
given_name,智昭
given_name,智晶
given_name,智照
given_name,智章
given_name,智明
given_name,智有
given_name,智音
given_name,哉晶
given_name,周明
given_name,親彰
given_name,親昭
given_name,誓
given_name,央夫
given_name,近夫
given_name,近雄
given_name,元生
given_name,史緒
given_name,史雄
given_name,周生
given_name,周男
given_name,周雄
given_name,周朗
given_name,慎士
given_name,慎雄
given_name,真雄
given_name,親央
given_name,親生
given_name,親男
given_name,親夫
given_name,親雄
given_name,親郎
given_name,誓男
given_name,誓夫
given_name,千佳生
given_name,千佳男
given_name,千佳夫
given_name,千加男
given_name,千果夫
given_name,千賀男
given_name,千賀雄
given_name,知加子
given_name,知賀雄
given_name,知生
given_name,智佳生
given_name,智佳雄
given_name,智加朗
given_name,智嘉雄
given_name,睦生
given_name,睦男
given_name,睦夫
given_name,力夫
given_name,親和
given_name,央
given_name,央司
given_name,幾
given_name,近
given_name,近司
given_name,近史
given_name,近志
given_name,近之
given_name,慶司
given_name,元
given_name,史
given_name,慈
given_name,爾
given_name,実志
given_name,周
given_name,周史
given_name,周紫
given_name,周之
given_name,親
given_name,親司
given_name,親史
given_name,親志
given_name,尋史
given_name,誓
given_name,誓史
given_name,誓士
given_name,誓志
given_name,千佳史
given_name,千加志
given_name,千香士
given_name,千香志
given_name,地夏志
given_name,睦
given_name,睦史
given_name,睦士
given_name,盟
given_name,悠
given_name,邇
given_name,親重
given_name,千風
given_name,近三
given_name,親三
given_name,央人
given_name,親人
given_name,誓人
given_name,睦人
given_name,哉利
given_name,周信
given_name,親寿
given_name,親俊
given_name,親稔
given_name,親利
given_name,親和
given_name,親朋
given_name,近成
given_name,誓成
given_name,親延
given_name,親信
given_name,近憲
given_name,近典
given_name,見典
given_name,元謙
given_name,史則
given_name,史典
given_name,親紀
given_name,親憲
given_name,親則
given_name,親典
given_name,親徳
given_name,親範
given_name,誓慎
given_name,千華徳
given_name,近春
given_name,親治
given_name,親晴
given_name,睦治
given_name,愛彦
given_name,周彦
given_name,親彦
given_name,慶久
given_name,周久
given_name,親久
given_name,親英
given_name,親人
given_name,親仁
given_name,睦人
given_name,近博
given_name,充宏
given_name,親拡
given_name,親宏
given_name,親広
given_name,親弘
given_name,親裕
given_name,知加裕
given_name,知紘
given_name,知大
given_name,稚圭弘
given_name,親房
given_name,愛史
given_name,周史
given_name,周文
given_name,慎文
given_name,親史
given_name,允将
given_name,史雅
given_name,親正
given_name,周光
given_name,史也
given_name,智也
given_name,実康
given_name,周尉
given_name,慎勉
given_name,愛之
given_name,慶就
given_name,哉往
given_name,周之
given_name,親幸
given_name,親之
given_name,誓行
given_name,哉勝
given_name,周喜
given_name,周和
given_name,親義
given_name,智由
given_name,力禎
given_name,権
given_name,才
given_name,史等
given_name,主悦
given_name,主税
given_name,周良
given_name,親良
given_name,勢
given_name,税
given_name,千佳良
given_name,千加良
given_name,千夏良
given_name,千香良
given_name,知賀等
given_name,知力
given_name,智加陽
given_name,智加良
given_name,智嘉羅
given_name,智唐
given_name,努
given_name,能力
given_name,睦等
given_name,立唐
given_name,力
given_name,力良
given_name,地久
given_name,千里
given_name,千寿州
given_name,千世夫
given_name,千足
given_name,千鶴夫
given_name,千束
given_name,千早
given_name,千速
given_name,千尋
given_name,地洋
given_name,地平
given_name,地望
given_name,茶太郎
given_name,知勇
given_name,忠一
given_name,忠市
given_name,忠一郎
given_name,忠五郎
given_name,忠三郎
given_name,宙士
given_name,宙児
given_name,忠司
given_name,忠次
given_name,忠治
given_name,忠二
given_name,仲七
given_name,忠次郎
given_name,宙三
given_name,忠三
given_name,忠蔵
given_name,宙太
given_name,宙太郎
given_name,忠太朗
given_name,忠太郎
given_name,宙飛
given_name,仲平
given_name,宙平
given_name,忠平
given_name,中哉
given_name,中也
given_name,宙哉
given_name,忠也
given_name,忠弥
given_name,挑
given_name,超
given_name,跳
given_name,長一
given_name,朝一郎
given_name,長一郎
given_name,長市郎
given_name,朝作
given_name,兆司
given_name,朝司
given_name,朝次
given_name,超自
given_name,跳自
given_name,長司
given_name,長治
given_name,長二
given_name,長史朗
given_name,長詩郎
given_name,肇二郎
given_name,挑介
given_name,長介
given_name,長三
given_name,長造
given_name,潮太
given_name,長太
given_name,長太郎
given_name,兆平
given_name,千代一
given_name,千代和
given_name,千代吉
given_name,陳平
given_name,司
given_name,務
given_name,吏
given_name,僚
given_name,令
given_name,嗣明
given_name,月生
given_name,月男
given_name,津希夫
given_name,津貴夫
given_name,嗣男
given_name,嗣夫
given_name,嗣雄
given_name,次生
given_name,次男
given_name,次夫
given_name,次雄
given_name,二男
given_name,嗣登
given_name,次信
given_name,次紀
given_name,次徳
given_name,月彦
given_name,嗣彦
given_name,次久
given_name,次壽
given_name,次弘
given_name,継正
given_name,継元
given_name,亜明
given_name,貢彰
given_name,嗣顕
given_name,嗣光
given_name,嗣章
given_name,次昭
given_name,紹右
given_name,仲明
given_name,弐亮
given_name,亜央
given_name,亜生
given_name,亜夫
given_name,胤夫
given_name,継生
given_name,継男
given_name,継夫
given_name,継雄
given_name,貢雄
given_name,嗣央
given_name,嗣男
given_name,嗣夫
given_name,嗣雄
given_name,嗣朗
given_name,嗣郎
given_name,詞勇
given_name,次男
given_name,次夫
given_name,次雄
given_name,次朗
given_name,諭寛
given_name,嗣臣
given_name,嗣一
given_name,継史
given_name,嗣史
given_name,嗣治
given_name,継孝
given_name,嗣丈
given_name,二照
given_name,継人
given_name,嗣人
given_name,嗣登
given_name,嗣土
given_name,次人
given_name,亞人
given_name,継敏
given_name,次俊
given_name,次利
given_name,紹寿
given_name,宣年
given_name,二俊
given_name,亜朝
given_name,嗣永
given_name,継成
given_name,嗣誠
given_name,嗣也
given_name,継之助
given_name,次伸
given_name,治信
given_name,紹伸
given_name,胤徳
given_name,継顕
given_name,継範
given_name,嗣規
given_name,嗣教
given_name,嗣憲
given_name,嗣功
given_name,嗣則
given_name,嗣典
given_name,緒謙
given_name,二徳
given_name,譜憲
given_name,嗣治
given_name,嗣春
given_name,亜彦
given_name,嗣彦
given_name,紹彦
given_name,二彦
given_name,継久
given_name,嗣久
given_name,二久
given_name,韶久
given_name,亜秀
given_name,継仁
given_name,司仁
given_name,嗣人
given_name,嗣仁
given_name,次人
given_name,紹仁
given_name,倫仁
given_name,継弘
given_name,健博
given_name,貢大
given_name,嗣弘
given_name,嗣浩
given_name,嗣大
given_name,嗣洋
given_name,次弘
given_name,紹大
given_name,諭完
given_name,亞弘
given_name,胤文
given_name,諭史
given_name,継歩
given_name,継雅
given_name,継正
given_name,嗣雅
given_name,嗣政
given_name,次正
given_name,統正
given_name,二正
given_name,嗣道
given_name,従道
given_name,嗣夢
given_name,継哉
given_name,貢也
given_name,嗣哉
given_name,嗣也
given_name,嗣康
given_name,次康
given_name,継之
given_name,嗣幸
given_name,嗣之
given_name,承之
given_name,継義
given_name,嗣佳
given_name,嗣麗
given_name,次吉
given_name,紹義
given_name,紹芳
given_name,継頼
given_name,耕
given_name,作
given_name,創
given_name,造
given_name,告
given_name,嗣
given_name,詔
given_name,詔尊
given_name,伝
given_name,傳衛
given_name,津田夫
given_name,伝夫
given_name,伝宣
given_name,鼓
given_name,鼓
given_name,包
given_name,佳
given_name,格
given_name,義
given_name,強
given_name,勤
given_name,勲
given_name,功
given_name,功夢
given_name,作力
given_name,司
given_name,孜
given_name,奨
given_name,勢
given_name,津富
given_name,努
given_name,努武
given_name,努夢
given_name,働
given_name,敦
given_name,任
given_name,敏
given_name,勉
given_name,務
given_name,孟
given_name,力
given_name,力武
given_name,力睦
given_name,励
given_name,労
given_name,維郎
given_name,綱男
given_name,綱夫
given_name,綱雄
given_name,卓生
given_name,統夫
given_name,綱喜
given_name,綱基
given_name,綱貴
given_name,綱起
given_name,綱輝
given_name,綱樹
given_name,嗣貴
given_name,純宜
given_name,統紀
given_name,統貴
given_name,緑樹
given_name,綱邦
given_name,綱誌
given_name,十
given_name,津奈志
given_name,綱重
given_name,綱孝
given_name,綱高
given_name,維人
given_name,綱伸
given_name,綱宣
given_name,統進
given_name,剛徳
given_name,綱治
given_name,綱久
given_name,綱仁
given_name,維太
given_name,維大
given_name,綱昌
given_name,綱正
given_name,維起
given_name,綱行
given_name,綱喜
given_name,綱吉
given_name,綱良
given_name,剛由
given_name,常
given_name,経晃
given_name,経昌
given_name,経明
given_name,玄明
given_name,恒晃
given_name,恒彰
given_name,恒昭
given_name,恒章
given_name,恒成
given_name,恒明
given_name,恒亮
given_name,恒朗
given_name,常昭
given_name,常晶
given_name,常精
given_name,常明
given_name,典明
given_name,庸光
given_name,庸明
given_name,律章
given_name,恒在
given_name,恒存
given_name,恒有
given_name,常一郎
given_name,幹夫
given_name,経男
given_name,経夫
given_name,経雄
given_name,恒央
given_name,恒王
given_name,恒生
given_name,恒男
given_name,恒夫
given_name,恒雄
given_name,恒郎
given_name,式生
given_name,常生
given_name,常男
given_name,常夫
given_name,常雄
given_name,常朗
given_name,常郎
given_name,宣夫
given_name,統男
given_name,庸央
given_name,庸男
given_name,庸夫
given_name,庸雄
given_name,庸朗
given_name,庸郎
given_name,庸和
given_name,律夫
given_name,常臣
given_name,恒織
given_name,経一
given_name,経和
given_name,恒一
given_name,恒和
given_name,常一
given_name,常和
given_name,庸和
given_name,恆和
given_name,常勝
given_name,経輝
given_name,恒喜
given_name,恒貴
given_name,恒樹
given_name,常喜
given_name,常己
given_name,常樹
given_name,典揮
given_name,常吉
given_name,常聖
given_name,常五郎
given_name,常三郎
given_name,経史
given_name,恒司
given_name,恒次
given_name,恒治
given_name,恒二
given_name,常司
given_name,常次
given_name,常治
given_name,常成
given_name,恒介
given_name,常祐
given_name,常造
given_name,経貴
given_name,恒貴
given_name,恒喬
given_name,恒孝
given_name,常貴
given_name,常能
given_name,常隆
given_name,庸隆
given_name,恒忠
given_name,常正
given_name,常太郎
given_name,雅人
given_name,恒人
given_name,常人
given_name,常登
given_name,凡人
given_name,庸人
given_name,恒俊
given_name,恒稔
given_name,恒利
given_name,商稔
given_name,常俊
given_name,常敦
given_name,常敏
given_name,常稔
given_name,恒富
given_name,常知
given_name,常智
given_name,常朝
given_name,常友
given_name,庸公
given_name,庸智
given_name,庸倫
given_name,恒豊
given_name,常豊
given_name,常実
given_name,恒永
given_name,常長
given_name,経誠
given_name,恒哉
given_name,恒成
given_name,恒也
given_name,常成
given_name,典也
given_name,庸成
given_name,恒延
given_name,恒信
given_name,常宣
given_name,典伸
given_name,庸順
given_name,庸信
given_name,庸靖
given_name,経乗
given_name,経典
given_name,経範
given_name,恒規
given_name,恒教
given_name,恒経
given_name,恒憲
given_name,恒至
given_name,恒則
given_name,恒智
given_name,恒典
given_name,恒徳
given_name,常紀
given_name,常憲
given_name,常宣
given_name,常則
given_name,常典
given_name,常法
given_name,凡徳
given_name,庸紀
given_name,庸訓
given_name,庸仁
given_name,倫紀
given_name,恒治
given_name,恒晴
given_name,常治
given_name,常晴
given_name,庸晴
given_name,経彦
given_name,恒彦
given_name,常彦
given_name,毎彦
given_name,庸彦
given_name,恆彦
given_name,經彦
given_name,恒久
given_name,恒寿
given_name,常央
given_name,常久
given_name,典久
given_name,統央
given_name,統久
given_name,庸央
given_name,庸久
given_name,倫久
given_name,恒栄
given_name,恒英
given_name,恒秀
given_name,英史
given_name,恒人
given_name,恒仁
given_name,常人
given_name,常仁
given_name,庸人
given_name,庸仁
given_name,常平
given_name,経央
given_name,経宏
given_name,経広
given_name,経弘
given_name,経博
given_name,経裕
given_name,玄洋
given_name,恒宏
given_name,恒弘
given_name,恒浩
given_name,恒宗
given_name,恒太
given_name,恒大
given_name,恒博
given_name,恒裕
given_name,恒洋
given_name,常寛
given_name,常宏
given_name,常弘
given_name,常浩
given_name,常泰
given_name,常博
given_name,常裕
given_name,常洋
given_name,常廣
given_name,鎮弘
given_name,典弘
given_name,庸弘
given_name,庸浩
given_name,恒文
given_name,常郁
given_name,庸文
given_name,経正
given_name,常允
given_name,常雅
given_name,常正
given_name,庸雅
given_name,恒己
given_name,恒実
given_name,恒弥
given_name,常海
given_name,常水
given_name,経通
given_name,経道
given_name,恒亨
given_name,恒康
given_name,恒通
given_name,恒道
given_name,常道
given_name,常倫
given_name,庸道
given_name,恒光
given_name,恒充
given_name,常光
given_name,常充
given_name,幹元
given_name,恒哉
given_name,恒也
given_name,常哉
given_name,典也
given_name,恒康
given_name,恒泰
given_name,恒保
given_name,常安
given_name,常泰
given_name,常保
given_name,庸恭
given_name,庸泰
given_name,庸能
given_name,雅敬
given_name,経幸
given_name,経行
given_name,経之
given_name,恒幸
given_name,恒行
given_name,恒志
given_name,恒之
given_name,常幸
given_name,常行
given_name,常之
given_name,典幸
given_name,庸行
given_name,恆之
given_name,常世
given_name,英芳
given_name,英和
given_name,玄義
given_name,恒儀
given_name,恒義
given_name,恒吉
given_name,恒慶
given_name,恒好
given_name,恒純
given_name,恒仁
given_name,恒善
given_name,式慶
given_name,常義
given_name,常吉
given_name,常睦
given_name,常由
given_name,常良
given_name,統祥
given_name,庸義
given_name,庸吉
given_name,恒頼
given_name,聖翼
given_name,隼
given_name,飛翼
given_name,飛翔
given_name,翼
given_name,翔
given_name,積
given_name,露貴
given_name,露輝
given_name,露人
given_name,毅犠
given_name,剛紀
given_name,剛起
given_name,剛樹
given_name,剛生
given_name,豪毅
given_name,威
given_name,威志
given_name,確
given_name,乾
given_name,侃志
given_name,幹
given_name,幹史
given_name,幹士
given_name,敢
given_name,敢史
given_name,毅
given_name,毅史
given_name,毅士
given_name,毅志
given_name,毅次
given_name,義
given_name,強
given_name,強司
given_name,強史
given_name,強士
given_name,強志
given_name,強至
given_name,傑
given_name,健
given_name,健義
given_name,健司
given_name,健師
given_name,健志
given_name,健資
given_name,堅
given_name,拳
given_name,厳
given_name,綱
given_name,鋼
given_name,剛
given_name,剛毅
given_name,剛健
given_name,剛司
given_name,剛史
given_name,剛嗣
given_name,剛士
given_name,剛始
given_name,剛志
given_name,剛旨
given_name,剛紫
given_name,剛至
given_name,剛視
given_name,剛資
given_name,剛之
given_name,剛脩
given_name,豪
given_name,豪史
given_name,豪志
given_name,穀
given_name,士
given_name,壮
given_name,壮志
given_name,耐
given_name,大
given_name,大剛
given_name,津義
given_name,津吉
given_name,津好
given_name,津代司
given_name,津代志
given_name,津由
given_name,津与志
given_name,都義
given_name,都吉
given_name,都世志
given_name,都美
given_name,都芳
given_name,彪
given_name,勉
given_name,猛
given_name,雄
given_name,養
given_name,力
given_name,烈
given_name,勁代志
given_name,嚴
given_name,壯
given_name,懿軒
given_name,洸
given_name,剛秀
given_name,強人
given_name,剛仁
given_name,貫徳
given_name,貫行
given_name,貫之
given_name,鶴昭
given_name,鶴章
given_name,鶴男
given_name,鶴夫
given_name,鶴雄
given_name,鶴喜
given_name,剣
given_name,鶴吉
given_name,鶴人
given_name,鶴義
given_name,貞一
given_name,貞市
given_name,堤一
given_name,定一
given_name,定市
given_name,悌一
given_name,禎一
given_name,貞一郎
given_name,悌一郎
given_name,禎一朗
given_name,禎一郎
given_name,禎三郎
given_name,貞司
given_name,貞次
given_name,貞治
given_name,貞仁
given_name,貞二
given_name,定治
given_name,定二
given_name,悌司
given_name,悌次
given_name,悌二
given_name,汀路
given_name,禎司
given_name,禎史
given_name,禎次
given_name,禎治
given_name,禎二
given_name,貞寿
given_name,貞次郎
given_name,貞二郎
given_name,定次郎
given_name,悌次郎
given_name,悌二郎
given_name,禎二郎
given_name,帝介
given_name,禎介
given_name,禎助
given_name,禎亮
given_name,貞三
given_name,悌三
given_name,抵三
given_name,禎三
given_name,禎蔵
given_name,禎造
given_name,禎太
given_name,哲
given_name,徹
given_name,鉄
given_name,軼
given_name,哲顕
given_name,哲晃
given_name,哲秋
given_name,哲彰
given_name,哲昭
given_name,哲晶
given_name,哲章
given_name,哲明
given_name,哲朗
given_name,徹晃
given_name,徹秋
given_name,徹昭
given_name,徹章
given_name,徹明
given_name,鉄明
given_name,哲一
given_name,徹一
given_name,鉄一
given_name,哲一朗
given_name,哲一郎
given_name,徹映
given_name,剛生
given_name,哲央
given_name,哲王
given_name,哲士
given_name,哲緒
given_name,哲人
given_name,哲生
given_name,哲大
given_name,哲男
given_name,哲夫
given_name,哲勇
given_name,哲雄
given_name,哲朗
given_name,哲郎
given_name,哲和
given_name,徹生
given_name,徹大
given_name,徹男
given_name,徹夫
given_name,徹勇
given_name,徹雄
given_name,徹朗
given_name,徹郎
given_name,撤於
given_name,鉄王
given_name,鉄生
given_name,鉄男
given_name,鉄津雄
given_name,鉄夫
given_name,鉄雄
given_name,鉄朗
given_name,鉄郎
given_name,天都生
given_name,鐵応
given_name,鐵男
given_name,鐵雄
given_name,徹意
given_name,哲臣
given_name,哲学
given_name,哲樹
given_name,哲邦
given_name,徹有
given_name,鉄五郎
given_name,鉄三郎
given_name,哲司
given_name,哲史
given_name,哲嗣
given_name,哲士
given_name,哲志
given_name,哲思
given_name,哲至
given_name,哲視
given_name,哲詩
given_name,哲之
given_name,哲洙
given_name,徹司
given_name,徹史
given_name,徹士
given_name,徹志
given_name,徹至
given_name,鉄史
given_name,鉄士
given_name,鉄志
given_name,哲司
given_name,哲史
given_name,哲嗣
given_name,哲士
given_name,哲始
given_name,哲市
given_name,哲志
given_name,哲至
given_name,哲児
given_name,哲慈
given_name,哲次
given_name,哲滋
given_name,哲治
given_name,哲示
given_name,哲而
given_name,哲自
given_name,哲寿
given_name,哲仁
given_name,哲二
given_name,哲路
given_name,徹司
given_name,徹史
given_name,徹士
given_name,徹志
given_name,徹児
given_name,徹次
given_name,徹治
given_name,徹仁
given_name,徹二
given_name,徹路
given_name,鉄司
given_name,鉄次
given_name,鉄治
given_name,鉄示
given_name,鉄二
given_name,哲彰
given_name,哲照
given_name,哲省
given_name,哲章
given_name,哲士朗
given_name,哲志朗
given_name,哲次郎
given_name,哲二郎
given_name,徹次郎
given_name,徹二郎
given_name,鉄次郎
given_name,鉄治郎
given_name,哲介
given_name,哲成
given_name,哲生
given_name,哲聖
given_name,徹生
given_name,徹誠
given_name,鉄生
given_name,哲三
given_name,哲蔵
given_name,哲造
given_name,徹三
given_name,鉄三
given_name,鐵藏
given_name,哲太
given_name,徹太
given_name,哲太朗
given_name,哲太郎
given_name,哲汰朗
given_name,徹太郎
given_name,鉄太郎
given_name,鐵太郎
given_name,哲親
given_name,哲人
given_name,徹人
given_name,鉄人
given_name,哲聡
given_name,哲利
given_name,哲老
given_name,哲知
given_name,哲友
given_name,哲直
given_name,鉄長
given_name,哲宜
given_name,哲就
given_name,哲成
given_name,鉄成
given_name,鉄之伸
given_name,哲之介
given_name,哲之輔
given_name,徹之介
given_name,鉄之介
given_name,鉄之輔
given_name,哲伸
given_name,哲之
given_name,哲庸
given_name,哲亘
given_name,徹伸
given_name,鉄信
given_name,哲紀
given_name,哲規
given_name,哲教
given_name,哲憲
given_name,哲成
given_name,哲宣
given_name,哲則
given_name,哲典
given_name,哲徳
given_name,哲範
given_name,哲法
given_name,哲理
given_name,哲律
given_name,哲令
given_name,徹紀
given_name,徹規
given_name,徹議
given_name,徹典
given_name,徹徳
given_name,徹範
given_name,鉄徳
given_name,哲治
given_name,哲晴
given_name,哲陽
given_name,徹治
given_name,徹大
given_name,鉄治
given_name,鉄春
given_name,鉄晴
given_name,哲比古
given_name,哲彦
given_name,徹彦
given_name,鉄彦
given_name,哲央
given_name,哲久
given_name,哲尚
given_name,徹久
given_name,鉄久
given_name,哲英
given_name,哲央
given_name,哲秀
given_name,徹英
given_name,徹豪
given_name,鉄英
given_name,哲史
given_name,哲人
given_name,哲仁
given_name,徹士
given_name,徹人
given_name,鉄人
given_name,哲拡
given_name,哲寛
given_name,哲宏
given_name,哲広
given_name,哲弘
given_name,哲浩
given_name,哲丈
given_name,哲尋
given_name,哲大
given_name,哲博
given_name,哲彦
given_name,哲弥
given_name,哲裕
given_name,哲洋
given_name,徹栄
given_name,徹寛
given_name,徹宏
given_name,徹広
given_name,徹弘
given_name,徹浩
given_name,徹航
given_name,徹大
given_name,徹博
given_name,徹裕
given_name,徹容
given_name,徹洋
given_name,鉄宏
given_name,鉄大
given_name,鉄博
given_name,鉄洋
given_name,哲斌
given_name,哲史
given_name,哲典
given_name,哲文
given_name,徹史
given_name,徹文
given_name,哲平
given_name,哲兵
given_name,哲平
given_name,徹兵
given_name,徹平
given_name,鉄兵
given_name,鉄平
given_name,鐵兵
given_name,哲馬
given_name,哲磨
given_name,徹真
given_name,徹路
given_name,鉄真
given_name,哲幹
given_name,哲昌
given_name,哲正
given_name,徹雅
given_name,徹昌
given_name,徹真
given_name,鉄昌
given_name,哲己
given_name,哲三
given_name,哲実
given_name,哲臣
given_name,哲巳
given_name,徹己
given_name,徹三
given_name,徹実
given_name,哲道
given_name,哲宗
given_name,哲守
given_name,誠亮
given_name,堤津也
given_name,哲哉
given_name,哲也
given_name,哲弥
given_name,哲矢
given_name,哲彌
given_name,徹哉
given_name,徹也
given_name,徹夜
given_name,徹弥
given_name,徹矢
given_name,撤哉
given_name,鉄哉
given_name,鉄八
given_name,鉄也
given_name,鉄弥
given_name,鉄矢
given_name,天都也
given_name,哲也
given_name,哲安
given_name,哲康
given_name,哲靖
given_name,哲幸
given_name,哲行
given_name,哲征
given_name,哲之
given_name,徹幸
given_name,徹行
given_name,徹到
given_name,徹之
given_name,鉄之
given_name,哲世
given_name,哲代
given_name,哲嘉
given_name,哲義
given_name,哲好
given_name,哲次
given_name,哲美
given_name,哲睦
given_name,哲由
given_name,哲良
given_name,徹吉
given_name,鉄義
given_name,哲理
given_name,哲朗
given_name,哲郎
given_name,徹朗
given_name,徹郎
given_name,鉄朗
given_name,鉄郎
given_name,鐵朗
given_name,瑛
given_name,輝
given_name,照
given_name,耀
given_name,映光
given_name,栄亮
given_name,瑛章
given_name,央顕
given_name,央招
given_name,輝映
given_name,輝憲
given_name,輝顕
given_name,輝晃
given_name,輝秋
given_name,輝彰
given_name,輝昌
given_name,輝昭
given_name,輝章
given_name,輝彬
given_name,輝明
given_name,輝亮
given_name,輝朗
given_name,光映
given_name,光顕
given_name,光行
given_name,光彰
given_name,光昭
given_name,光章
given_name,光明
given_name,光陽
given_name,光亮
given_name,光朗
given_name,晃彰
given_name,晃章
given_name,晃彬
given_name,晃明
given_name,晃朗
given_name,彰顕
given_name,昭明
given_name,照旭
given_name,照晃
given_name,照秋
given_name,照彰
given_name,照昭
given_name,照晶
given_name,照章
given_name,照旦
given_name,照哲
given_name,照明
given_name,照陽
given_name,照朗
given_name,曜彰
given_name,曜章
given_name,皓章
given_name,皓明
given_name,輝朝
given_name,晃以
given_name,輝一
given_name,輝海
given_name,映夫
given_name,栄緒
given_name,栄雄
given_name,栄朗
given_name,央夫
given_name,輝央
given_name,輝生
given_name,輝大
given_name,輝男
given_name,輝夫
given_name,輝勇
given_name,輝雄
given_name,輝郎
given_name,光生
given_name,光勇
given_name,光雄
given_name,晃央
given_name,晃弘
given_name,晃生
given_name,晃男
given_name,晃夫
given_name,晃勇
given_name,晃雄
given_name,晃隆
given_name,晃朗
given_name,晃郎
given_name,彰男
given_name,彰夫
given_name,昭夫
given_name,昭雄
given_name,晶雄
given_name,照央
given_name,照士
given_name,照生
given_name,照男
given_name,照夫
given_name,照雄
given_name,照朗
given_name,照郎
given_name,曜生
given_name,暉夫
given_name,皓雄
given_name,栄興
given_name,輝起
given_name,光沖
given_name,皓興
given_name,輝臣
given_name,光臣
given_name,晃臣
given_name,映和
given_name,輝一
given_name,輝和
given_name,晃一
given_name,晃憲
given_name,晃和
given_name,照一
given_name,照和
given_name,輝勝
given_name,照勝
given_name,映希
given_name,映樹
given_name,央希
given_name,央樹
given_name,輝喜
given_name,輝基
given_name,輝希
given_name,輝機
given_name,輝毅
given_name,輝紀
given_name,輝記
given_name,輝貴
given_name,輝起
given_name,輝軌
given_name,輝己
given_name,輝樹
given_name,光貴
given_name,光樹
given_name,晃揮
given_name,晃毅
given_name,晃輝
given_name,晃己
given_name,照喜
given_name,照貴
given_name,照起
given_name,照樹
given_name,照生
given_name,耀記
given_name,陽輝
given_name,皓輝
given_name,輝清
given_name,輝白
given_name,照清
given_name,英城
given_name,輝久仁
given_name,輝訓
given_name,輝州
given_name,輝邦
given_name,昭国
given_name,照国
given_name,光貞
given_name,輝志
given_name,晃士
given_name,照司
given_name,照史
given_name,央司
given_name,輝次
given_name,輝治
given_name,晃至
given_name,晃治
given_name,照司
given_name,照慈
given_name,照治
given_name,照仁
given_name,照二
given_name,輝薫
given_name,輝重
given_name,輝成
given_name,輝繁
given_name,晃茂
given_name,照重
given_name,輝澄
given_name,輝三
given_name,輝蔵
given_name,照三
given_name,映孝
given_name,央敬
given_name,輝貴
given_name,輝圭
given_name,輝好
given_name,輝孝
given_name,輝高
given_name,輝誉
given_name,輝隆
given_name,光貴
given_name,光孝
given_name,晃孝
given_name,晃崇
given_name,晃生
given_name,照恭
given_name,照敬
given_name,照孝
given_name,照高
given_name,照星
given_name,照尊
given_name,照隆
given_name,曜教
given_name,暉高
given_name,輝壮
given_name,晃武
given_name,照剛
given_name,輝匡
given_name,輝考
given_name,輝忠
given_name,輝民
given_name,照太郎
given_name,輝親
given_name,晃央
given_name,晃睦
given_name,輝次
given_name,輝嗣
given_name,輝次
given_name,光亜
given_name,光世
given_name,晃嗣
given_name,明嗣
given_name,輝恒
given_name,輝人
given_name,輝登
given_name,輝飛
given_name,光人
given_name,暉人
given_name,輝俊
given_name,輝星
given_name,光章
given_name,晃敏
given_name,晃利
given_name,照敏
given_name,輝智
given_name,光朝
given_name,輝直
given_name,照尚
given_name,輝永
given_name,晃永
given_name,照永
given_name,輝成
given_name,輝之助
given_name,映亘
given_name,輝慶
given_name,輝伸
given_name,輝信
given_name,輝宣
given_name,輝展
given_name,輝亘
given_name,光将
given_name,光伸
given_name,光信
given_name,光申
given_name,光宣
given_name,晃伸
given_name,晃宣
given_name,晃庸
given_name,照信
given_name,曜正
given_name,輝紀
given_name,輝記
given_name,輝憲
given_name,輝智
given_name,輝典
given_name,輝徳
given_name,輝範
given_name,輝法
given_name,光紀
given_name,晃規
given_name,晃式
given_name,照憲
given_name,照徳
given_name,輝治
given_name,映彦
given_name,央光
given_name,央彦
given_name,輝比古
given_name,輝彦
given_name,光彦
given_name,晃彦
given_name,昭彦
given_name,照彦
given_name,晴彦
given_name,天留彦
given_name,陽光
given_name,皓彦
given_name,映久
given_name,瑛久
given_name,央永
given_name,輝久
given_name,輝寿
given_name,輝尚
given_name,晃永
given_name,晃央
given_name,晃久
given_name,晃寿
given_name,晃尚
given_name,彰久
given_name,晶久
given_name,照久
given_name,照尚
given_name,日久
given_name,輝英
given_name,輝秀
given_name,晃秀
given_name,照英
given_name,映人
given_name,映仁
given_name,英史
given_name,輝一
given_name,輝史
given_name,輝士
given_name,輝人
given_name,輝仁
given_name,光人
given_name,晃史
given_name,照人
given_name,照仁
given_name,暉仁
given_name,照平
given_name,旭洋
given_name,映寛
given_name,英彦
given_name,輝寛
given_name,輝啓
given_name,輝宏
given_name,輝弘
given_name,輝浩
given_name,輝大
given_name,輝博
given_name,輝洋
given_name,光啓
given_name,光宏
given_name,晃啓
given_name,晃宏
given_name,晃弘
given_name,晃大
given_name,晃洋
given_name,彰宏
given_name,照寛
given_name,照啓
given_name,照弘
given_name,照浩
given_name,照博
given_name,佑利
given_name,皓大
given_name,輝史
given_name,輝文
given_name,晃史
given_name,照史
given_name,照文
given_name,照文
given_name,映眞
given_name,英匡
given_name,英正
given_name,央昌
given_name,央聖
given_name,輝雅
given_name,輝匡
given_name,輝公
given_name,輝将
given_name,輝昌
given_name,輝真
given_name,輝成
given_name,輝政
given_name,輝正
given_name,輝聖
given_name,輝当
given_name,輝將
given_name,輝眞
given_name,暁正
given_name,光正
given_name,晃匡
given_name,晃将
given_name,晃昌
given_name,晃成
given_name,晃政
given_name,晃正
given_name,晃和
given_name,照雅
given_name,照薫
given_name,照済
given_name,照将
given_name,照昌
given_name,照真
given_name,照政
given_name,照正
given_name,皓昌
given_name,皓正
given_name,輝運
given_name,輝通
given_name,輝道
given_name,光生
given_name,光通
given_name,光伯
given_name,光理
given_name,晃康
given_name,晃通
given_name,照通
given_name,照道
given_name,照路
given_name,映光
given_name,栄光
given_name,央光
given_name,輝光
given_name,輝充
given_name,輝彦
given_name,輝満
given_name,光充
given_name,晃充
given_name,昭光
given_name,昭充
given_name,照光
given_name,照満
given_name,晄三
given_name,光峰
given_name,輝宗
given_name,央大
given_name,照元
given_name,旭哉
given_name,瑛也
given_name,輝哉
given_name,輝也
given_name,輝弥
given_name,晃也
given_name,照也
given_name,照弥
given_name,央泰
given_name,輝康
given_name,輝泰
given_name,輝保
given_name,輝靖
given_name,光尉
given_name,光快
given_name,光康
given_name,晃安
given_name,晃育
given_name,晃康
given_name,晃弥
given_name,晃靖
given_name,彰康
given_name,照恭
given_name,照康
given_name,照泰
given_name,照靖
given_name,曜靖
given_name,映幸
given_name,映行
given_name,映之
given_name,瑛之
given_name,英志
given_name,央幸
given_name,央行
given_name,輝幸
given_name,輝行
given_name,輝志
given_name,輝至
given_name,輝之
given_name,光亨
given_name,光幸
given_name,光至
given_name,光之
given_name,光由
given_name,晃教
given_name,晃孝
given_name,晃幸
given_name,晃行
given_name,晃志
given_name,晃千
given_name,晃透
given_name,晃之
given_name,昭之
given_name,照起
given_name,照享
given_name,照幸
given_name,照行
given_name,照将
given_name,照之
given_name,照礼
given_name,勇貴
given_name,曜行
given_name,皓之
given_name,英嘉
given_name,英義
given_name,英仁
given_name,央啓
given_name,央剛
given_name,央芳
given_name,監祥
given_name,輝佳
given_name,輝宜
given_name,輝義
given_name,輝吉
given_name,輝欣
given_name,輝好
given_name,輝克
given_name,輝善
given_name,輝典
given_name,輝美
given_name,輝芳
given_name,輝良
given_name,光能
given_name,光由
given_name,光良
given_name,晃佳
given_name,晃嘉
given_name,晃歓
given_name,晃貴
given_name,晃義
given_name,晃慶
given_name,晃功
given_name,晃好
given_name,晃祥
given_name,晃芳
given_name,晃由
given_name,晃良
given_name,彰泰
given_name,昭祥
given_name,昭美
given_name,昭和
given_name,照佳
given_name,照義
given_name,照美
given_name,照芳
given_name,照由
given_name,照良
given_name,暉好
given_name,彰男
given_name,伝
given_name,伝一
given_name,伝一朗
given_name,天夏
given_name,天河
given_name,天輝
given_name,展吾
given_name,天志
given_name,天翔
given_name,天心
given_name,典正
given_name,天地
given_name,天人
given_name,天馬
given_name,天明
given_name,天野
given_name,天佑
given_name,天理
given_name,闘
given_name,憧
given_name,冬威
given_name,東一郎
given_name,統一郎
given_name,藤市郎
given_name,透一郎
given_name,冬芽
given_name,藤吉郎
given_name,峠
given_name,桐吾
given_name,冬吾
given_name,東伍
given_name,東吾
given_name,統吾
given_name,統悟
given_name,藤吾
given_name,闘吾
given_name,瞳吾
given_name,統史
given_name,透志
given_name,闘志
given_name,東児
given_name,東二
given_name,統治
given_name,東十郎
given_name,東次郎
given_name,桃次郎
given_name,統治朗
given_name,統二郎
given_name,憧人
given_name,稲太
given_name,兜太
given_name,桐大
given_name,登太
given_name,統太
given_name,到太
given_name,藤太
given_name,踏太
given_name,透太
given_name,任太
given_name,統太郎
given_name,藤太郎
given_name,透地
given_name,冬真
given_name,冬馬
given_name,刀麻
given_name,桃馬
given_name,透真
given_name,透馬
given_name,刀夢
given_name,冬野
given_name,透也
given_name,透矢
given_name,柊弥
given_name,動矢
given_name,透悟
given_name,亨
given_name,遠
given_name,十磨
given_name,十雄馬
given_name,透摩
given_name,格
given_name,貫
given_name,亨
given_name,享
given_name,啓
given_name,公
given_name,孔
given_name,済
given_name,進
given_name,澄
given_name,宣
given_name,太
given_name,耐
given_name,泰
given_name,達
given_name,暢
given_name,超
given_name,通
given_name,哲
given_name,徹
given_name,徹瑠
given_name,渡欧留
given_name,統
given_name,到
given_name,透
given_name,導
given_name,道
given_name,融
given_name,予
given_name,利
given_name,理
given_name,竜
given_name,龍
given_name,了
given_name,亮
given_name,亘
given_name,傳
given_name,都河士
given_name,時秋
given_name,時一
given_name,解夫
given_name,外喜夫
given_name,季朗
given_name,暁雄
given_name,時央
given_name,時貴男
given_name,時生
given_name,時男
given_name,時夫
given_name,時雄
given_name,時朗
given_name,秋男
given_name,十樹男
given_name,斗紀雄
given_name,斗貴夫
given_name,登喜男
given_name,登喜雄
given_name,登紀男
given_name,登紀夫
given_name,登紀雄
given_name,登規夫
given_name,登貴男
given_name,登貴雄
given_name,登起男
given_name,都輝央
given_name,東毅雄
given_name,到規男
given_name,渙男
given_name,暁一
given_name,暁和
given_name,時和
given_name,聡一
given_name,東貴和
given_name,時勝
given_name,時禎
given_name,時治
given_name,時示
given_name,時茂
given_name,斉重
given_name,時造
given_name,時太
given_name,季高
given_name,時隆
given_name,時忠
given_name,時人
given_name,勅成
given_name,時信
given_name,宙亘
given_name,兆伸
given_name,時宣
given_name,時則
given_name,宗律
given_name,宗了
given_name,祝宣
given_name,世師
given_name,聡徳
given_name,時治
given_name,昇希晴
given_name,信晴
given_name,節治
given_name,期彦
given_name,季彦
given_name,時彦
given_name,斉彦
given_name,説彦
given_name,宙彦
given_name,時久
given_name,時尚
given_name,時人
given_name,十紀人
given_name,聡祥
given_name,時寛
given_name,時啓
given_name,時宏
given_name,時弘
given_name,時浩
given_name,時大
given_name,時博
given_name,時洋
given_name,時廣
given_name,節寛
given_name,聡宏
given_name,聡大
given_name,辰世
given_name,祈史
given_name,時平
given_name,季正
given_name,時政
given_name,登喜正
given_name,常丸
given_name,候充
given_name,時光
given_name,時充
given_name,登輝光
given_name,宗峰
given_name,時宗
given_name,克己
given_name,時哉
given_name,時也
given_name,時弥
given_name,時矢
given_name,斗希也
given_name,冬気也
given_name,時恭
given_name,時康
given_name,時保
given_name,時之
given_name,辰行
given_name,時宜
given_name,時義
given_name,時敬
given_name,辰可
given_name,勅嘉
given_name,勅欣
given_name,登起義
given_name,独
given_name,徳顕
given_name,徳晃
given_name,徳明
given_name,督明
given_name,篤明
given_name,得市
given_name,徳一
given_name,徳市
given_name,篤一
given_name,徳一郎
given_name,督一郎
given_name,篤一郎
given_name,登久雄
given_name,得生
given_name,得男
given_name,得雄
given_name,徳生
given_name,徳男
given_name,徳夫
given_name,徳雄
given_name,徳郎
given_name,督夫
given_name,篤男
given_name,篤臣
given_name,徳一
given_name,徳三郎
given_name,登久二
given_name,得司
given_name,得史
given_name,得治
given_name,得二
given_name,得路
given_name,徳司
given_name,徳士
given_name,徳時
given_name,徳治
given_name,徳爾
given_name,徳寿
given_name,徳二
given_name,督治
given_name,督二
given_name,篤司
given_name,篤治
given_name,独自
given_name,篤重
given_name,得四郎
given_name,徳司郎
given_name,徳四郎
given_name,徳伸朗
given_name,徳次郎
given_name,徳治郎
given_name,徳二郎
given_name,徳仁
given_name,徳介
given_name,徳輔
given_name,篤介
given_name,得三
given_name,徳三
given_name,徳蔵
given_name,督三
given_name,徳太
given_name,徳太朗
given_name,徳太郎
given_name,篤太郎
given_name,徳成
given_name,徳誠
given_name,篤也
given_name,得之信
given_name,篤宣
given_name,徳学
given_name,徳紀
given_name,徳規
given_name,徳憲
given_name,徳仁
given_name,徳政
given_name,徳則
given_name,徳典
given_name,徳法
given_name,徳倫
given_name,督徳
given_name,篤紀
given_name,篤典
given_name,篤範
given_name,得晴
given_name,徳治
given_name,徳冶
given_name,得彦
given_name,徳彦
given_name,得寿
given_name,徳久
given_name,徳仁
given_name,督久
given_name,篤久
given_name,徳英
given_name,徳秀
given_name,徳人
given_name,得広
given_name,得博
given_name,得祐
given_name,徳寛
given_name,徳宏
given_name,徳広
given_name,徳弘
given_name,徳浩
given_name,徳大
given_name,徳博
given_name,徳裕
given_name,督大
given_name,篤敬
given_name,篤宏
given_name,篤弘
given_name,篤博
given_name,徳郁
given_name,徳兵衛
given_name,徳真
given_name,徳馬
given_name,徳磨
given_name,徳麻
given_name,得雅
given_name,得傑
given_name,徳雅
given_name,徳匡
given_name,徳尚
given_name,徳昌
given_name,徳政
given_name,徳丸
given_name,徳己
given_name,徳三
given_name,徳実
given_name,徳通
given_name,徳道
given_name,篤道
given_name,徳光
given_name,徳盛
given_name,徳哉
given_name,徳也
given_name,督也
given_name,篤哉
given_name,篤也
given_name,篤弥
given_name,徳恭
given_name,徳健
given_name,篤康
given_name,得之
given_name,徳幸
given_name,徳行
given_name,徳之
given_name,督幸
given_name,督行
given_name,得由
given_name,徳義
given_name,徳善
given_name,徳芳
given_name,徳良
given_name,得郎
given_name,徳朗
given_name,徳郎
given_name,篤朗
given_name,篤郎
given_name,季晃
given_name,季昭
given_name,季明
given_name,紀昌
given_name,紀昭
given_name,紀明
given_name,敬明
given_name,憲昭
given_name,賢明
given_name,考亮
given_name,才景
given_name,才明
given_name,歳昭
given_name,歳明
given_name,寿暁
given_name,寿顕
given_name,寿晃
given_name,寿秋
given_name,寿彰
given_name,寿昭
given_name,寿晶
given_name,寿章
given_name,寿哲
given_name,寿明
given_name,寿亮
given_name,寿朗
given_name,寿顯
given_name,淑晃
given_name,淑明
given_name,俊旭
given_name,俊瑛
given_name,俊暁
given_name,俊見
given_name,俊顕
given_name,俊光
given_name,俊晃
given_name,俊秋
given_name,俊彰
given_name,俊昌
given_name,俊昭
given_name,俊晶
given_name,俊省
given_name,俊祥
given_name,俊章
given_name,俊聡
given_name,俊哲
given_name,俊明
given_name,俊亮
given_name,俊曉
given_name,峻愛
given_name,淳暁
given_name,信朗
given_name,聖明
given_name,聡輝
given_name,聡晃
given_name,聡昭
given_name,聡晶
given_name,聡章
given_name,聡明
given_name,聡亮
given_name,聡朗
given_name,智旭
given_name,智彰
given_name,登志明
given_name,藤志明
given_name,敦昭
given_name,年晃
given_name,年秋
given_name,年昭
given_name,年晶
given_name,年章
given_name,年哲
given_name,年明
given_name,敏瑛
given_name,敏輝
given_name,敏顕
given_name,敏公
given_name,敏晃
given_name,敏秋
given_name,敏彰
given_name,敏昌
given_name,敏昭
given_name,敏晶
given_name,敏章
given_name,敏聡
given_name,敏明
given_name,敏耀
given_name,敏了
given_name,敏亮
given_name,敏朗
given_name,富氏章
given_name,稔映
given_name,稔晃
given_name,稔秋
given_name,稔昭
given_name,稔晶
given_name,稔章
given_name,稔哲
given_name,稔明
given_name,稔亮
given_name,利謙
given_name,利顕
given_name,利光
given_name,利公
given_name,利晃
given_name,利秋
given_name,利彰
given_name,利昌
given_name,利昭
given_name,利晶
given_name,利章
given_name,利成
given_name,利聡
given_name,利知
given_name,利哲
given_name,利明
given_name,利亮
given_name,利朗
given_name,理章
given_name,理明
given_name,聰明
given_name,敏厚
given_name,稔淳
given_name,利厚
given_name,俊家
given_name,稔宇
given_name,利家
given_name,寿一
given_name,俊一
given_name,敏一
given_name,壽一
given_name,俊一郎
given_name,利一郎
given_name,利衛
given_name,外史男
given_name,外志男
given_name,外志夫
given_name,外志雄
given_name,季生
given_name,季夫
given_name,紀男
given_name,紀夫
given_name,紀雄
given_name,暁生
given_name,敬雄
given_name,健男
given_name,健夫
given_name,虎志雄
given_name,歳生
given_name,歳男
given_name,歳雄
given_name,歳郎
given_name,寿央
given_name,寿生
given_name,寿男
given_name,寿尾
given_name,寿夫
given_name,寿勇
given_name,寿雄
given_name,寿朗
given_name,寿郎
given_name,宗夫
given_name,宗躍
given_name,十四夫
given_name,十四雄
given_name,十志夫
given_name,淑夫
given_name,淑雄
given_name,俊央
given_name,俊王
given_name,俊士
given_name,俊生
given_name,俊男
given_name,俊夫
given_name,俊雄
given_name,俊朗
given_name,俊郎
given_name,駿夫
given_name,順朗
given_name,世朗
given_name,聖生
given_name,聡生
given_name,聡男
given_name,聡夫
given_name,聡雄
given_name,聡郎
given_name,智士
given_name,智生
given_name,智雄
given_name,斗志男
given_name,斗志夫
given_name,斗志雄
given_name,斗施雄
given_name,登司夫
given_name,登司雄
given_name,登姿雄
given_name,登志生
given_name,登志男
given_name,登志夫
given_name,登志雄
given_name,登志郎
given_name,登尚雄
given_name,都志夫
given_name,都紫夫
given_name,土支夫
given_name,刀志男
given_name,東詩雄
given_name,統志夫
given_name,年央
given_name,年緒
given_name,年生
given_name,年男
given_name,年雄
given_name,年郎
given_name,敏央
given_name,敏生
given_name,敏男
given_name,敏夫
given_name,敏扶
given_name,敏雄
given_name,敏朗
given_name,敏郎
given_name,富志男
given_name,富志雄
given_name,稔生
given_name,稔大
given_name,稔男
given_name,稔夫
given_name,稔雄
given_name,稔朗
given_name,稔郎
given_name,明男
given_name,利央
given_name,利司夫
given_name,利志夫
given_name,利生
given_name,利男
given_name,利夫
given_name,利雄
given_name,利朗
given_name,利郎
given_name,倫生
given_name,倫男
given_name,壽男
given_name,壽夫
given_name,壽雄
given_name,壽郎
given_name,俊興
given_name,利興
given_name,利典
given_name,俊臣
given_name,聡臣
given_name,敏臣
given_name,利臣
given_name,壽臣
given_name,鋭和
given_name,季三
given_name,季和
given_name,紀一
given_name,賢一
given_name,賢和
given_name,校和
given_name,歳和
given_name,寿一
given_name,寿知
given_name,寿量
given_name,寿和
given_name,宗一
given_name,俊一
given_name,俊勝
given_name,俊多
given_name,俊量
given_name,俊和
given_name,駿和
given_name,仁一
given_name,聡一
given_name,聡和
given_name,智雄
given_name,智和
given_name,登士和
given_name,登志一
given_name,年一
given_name,年和
given_name,肇一
given_name,隼一
given_name,隼司
given_name,隼和
given_name,繁一
given_name,敏一
given_name,敏員
given_name,敏計
given_name,敏算
given_name,敏守
given_name,敏数
given_name,敏和
given_name,稔一
given_name,稔員
given_name,稔司
given_name,稔和
given_name,利一
given_name,利員
given_name,利士一
given_name,利数
given_name,利和
given_name,壽一
given_name,壽和
given_name,聰和
given_name,俊剛
given_name,利方
given_name,季克
given_name,紀克
given_name,健功
given_name,寿克
given_name,寿勝
given_name,寿勉
given_name,俊克
given_name,俊勝
given_name,俊彰
given_name,俊和
given_name,章克
given_name,聡克
given_name,聡勉
given_name,徹勝
given_name,等勝
given_name,年功
given_name,年克
given_name,年勝
given_name,敏活
given_name,敏且
given_name,敏克
given_name,敏勝
given_name,稔勝
given_name,要勝
given_name,利且
given_name,利功
given_name,利克
given_name,利勝
given_name,寿一
given_name,俊一
given_name,俊和
given_name,稔和
given_name,利一
given_name,英樹
given_name,季輝
given_name,季樹
given_name,紀基
given_name,紀貴
given_name,紀樹
given_name,憲樹
given_name,考起
given_name,歳樹
given_name,寿喜
given_name,寿基
given_name,寿紀
given_name,寿規
given_name,寿記
given_name,寿貴
given_name,寿起
given_name,寿輝
given_name,寿宜
given_name,寿樹
given_name,寿城
given_name,寿来
given_name,宗紀
given_name,淑樹
given_name,俊幹
given_name,俊喜
given_name,俊器
given_name,俊基
given_name,俊岐
given_name,俊希
given_name,俊幾
given_name,俊揮
given_name,俊毅
given_name,俊季
given_name,俊紀
given_name,俊規
given_name,俊記
given_name,俊貴
given_name,俊起
given_name,俊輝
given_name,俊樹
given_name,俊生
given_name,峻規
given_name,峻起
given_name,駿貴
given_name,駿輝
given_name,世規
given_name,聡希
given_name,聡貴
given_name,聡己
given_name,聡樹
given_name,智基
given_name,智紀
given_name,智輝
given_name,智己
given_name,智樹
given_name,渡史樹
given_name,登司貴
given_name,登史紀
given_name,登史樹
given_name,登志貴
given_name,登志樹
given_name,到来
given_name,敦樹
given_name,年揮
given_name,年紀
given_name,年記
given_name,年貴
given_name,年起
given_name,年輝
given_name,年樹
given_name,隼揮
given_name,隼輝
given_name,敏喜
given_name,敏基
given_name,敏希
given_name,敏機
given_name,敏季
given_name,敏紀
given_name,敏規
given_name,敏記
given_name,敏貴
given_name,敏輝
given_name,敏己
given_name,敏樹
given_name,敏生
given_name,富史樹
given_name,稔喜
given_name,稔基
given_name,稔季
given_name,稔規
given_name,稔貴
given_name,稔己
given_name,稔哉
given_name,稔樹
given_name,明紀
given_name,利喜
given_name,利器
given_name,利基
given_name,利毅
given_name,利季
given_name,利紀
given_name,利規
given_name,利記
given_name,利貴
given_name,利騎
given_name,利樹
given_name,利生
given_name,理貴
given_name,理樹
given_name,律揮
given_name,壽樹
given_name,寿清
given_name,俊清
given_name,敏清
given_name,寿訓
given_name,寿邦
given_name,樹邦
given_name,叔邦
given_name,俊匡
given_name,俊国
given_name,俊邦
given_name,年邦
given_name,敏之
given_name,敏邦
given_name,敏有
given_name,利国
given_name,利州
given_name,利地
given_name,利邦
given_name,寿貞
given_name,聡貞
given_name,敏貞
given_name,利貞
given_name,利定
given_name,利三朗
given_name,才二
given_name,歳司
given_name,寿二
given_name,俊司
given_name,俊次
given_name,俊治
given_name,俊二
given_name,聡二
given_name,登志二
given_name,敏司
given_name,敏次
given_name,敏治
given_name,敏二
given_name,利次
given_name,利治
given_name,利二
given_name,鋭成
given_name,寿成
given_name,俊成
given_name,俊茂
given_name,敏茂
given_name,稔茂
given_name,利茂
given_name,敏次郎
given_name,敏二郎
given_name,寿介
given_name,俊介
given_name,俊資
given_name,俊典
given_name,俊輔
given_name,敏資
given_name,敏祐
given_name,利祐
given_name,利純
given_name,利澄
given_name,歳三
given_name,俊三
given_name,智三
given_name,敏三
given_name,敏蔵
given_name,稔三
given_name,利三
given_name,利造
given_name,利太
given_name,英貴
given_name,季陵
given_name,紀貴
given_name,寿貴
given_name,寿孝
given_name,寿考
given_name,寿高
given_name,寿尚
given_name,寿崇
given_name,寿隆
given_name,宗位
given_name,宗嵩
given_name,淑貴
given_name,俊毅
given_name,俊貴
given_name,俊享
given_name,俊敬
given_name,俊孝
given_name,俊崇
given_name,俊尊
given_name,俊卓
given_name,俊廷
given_name,俊峰
given_name,俊茂
given_name,俊隆
given_name,章誉
given_name,聡毅
given_name,聡貴
given_name,聡孝
given_name,聡高
given_name,智尚
given_name,智堂
given_name,登志考
given_name,年央
given_name,年孝
given_name,年隆
given_name,敏貴
given_name,敏宜
given_name,敏孝
given_name,敏考
given_name,敏高
given_name,敏臣
given_name,敏崇
given_name,敏卓
given_name,敏隆
given_name,稔貴
given_name,稔敬
given_name,稔高
given_name,稔尚
given_name,稔崇
given_name,稔隆
given_name,利宇
given_name,利毅
given_name,利貴
given_name,利宜
given_name,利享
given_name,利敬
given_name,利孝
given_name,利高
given_name,利崇
given_name,利隆
given_name,理崇
given_name,聰隆
given_name,寿丈
given_name,俊毅
given_name,俊剛
given_name,俊豪
given_name,俊丈
given_name,俊武
given_name,聡威
given_name,智猛
given_name,年猛
given_name,敏剛
given_name,敏丈
given_name,敏武
given_name,稔健
given_name,利健
given_name,利建
given_name,利剛
given_name,利壮
given_name,利武
given_name,俊匡
given_name,俊公
given_name,俊忠
given_name,俊任
given_name,聡祥
given_name,敏忠
given_name,稔直
given_name,利忠
given_name,歳竜
given_name,寿竜
given_name,俊達
given_name,駿龍
given_name,利達
given_name,寿太郎
given_name,肇太郎
given_name,宗史
given_name,俊哉
given_name,俊親
given_name,俊睦
given_name,敏周
given_name,敏親
given_name,稔睦
given_name,利親
given_name,敏司
given_name,敏次
given_name,哉亜
given_name,寿貢
given_name,寿次
given_name,俊胤
given_name,俊継
given_name,俊嗣
given_name,俊次
given_name,智次
given_name,登史嗣
given_name,登志次
given_name,刀志嗣
given_name,年次
given_name,敏継
given_name,敏貢
given_name,敏嗣
given_name,敏次
given_name,利継
given_name,利嗣
given_name,利次
given_name,利譜
given_name,倫嗣
given_name,俊綱
given_name,利綱
given_name,寿常
given_name,利常
given_name,稔常
given_name,暁輝
given_name,寿光
given_name,寿照
given_name,俊輝
given_name,俊光
given_name,敏輝
given_name,敏照
given_name,利晃
given_name,俊人
given_name,敏人
given_name,利人
given_name,利朝
given_name,理知
given_name,寿直
given_name,宗直
given_name,俊尚
given_name,俊直
given_name,聡直
given_name,敏修
given_name,敏尚
given_name,敏直
given_name,稔直
given_name,利公
given_name,利尚
given_name,利真
given_name,利直
given_name,利有
given_name,寿仲
given_name,季良
given_name,寿永
given_name,年永
given_name,敏良
given_name,利長
given_name,鏡友
given_name,寿成
given_name,寿生
given_name,寿也
given_name,俊哉
given_name,俊就
given_name,俊成
given_name,俊徳
given_name,俊也
given_name,峻成
given_name,登志成
given_name,年成
given_name,敏巧
given_name,敏哉
given_name,敏成
given_name,敏生
given_name,敏誠
given_name,敏斉
given_name,敏也
given_name,稔成
given_name,稔生
given_name,稔也
given_name,利成
given_name,季伸
given_name,寿伸
given_name,寿信
given_name,寿宣
given_name,寿暢
given_name,寿展
given_name,寿亘
given_name,宗将
given_name,俊延
given_name,俊修
given_name,俊将
given_name,俊伸
given_name,俊信
given_name,俊紳
given_name,俊進
given_name,俊宣
given_name,俊暢
given_name,俊廷
given_name,俊展
given_name,俊布
given_name,俊亘
given_name,章信
given_name,世庸
given_name,聡伸
given_name,聡信
given_name,聡宣
given_name,智信
given_name,智之
given_name,智庸
given_name,智頌
given_name,登志信
given_name,年延
given_name,年伸
given_name,年信
given_name,年展
given_name,肇伸
given_name,肇暢
given_name,敏修
given_name,敏順
given_name,敏伸
given_name,敏信
given_name,敏進
given_name,敏宣
given_name,敏暢
given_name,稔信
given_name,稔展
given_name,利延
given_name,利薫
given_name,利修
given_name,利伸
given_name,利信
given_name,利宣
given_name,利暢
given_name,利長
given_name,利亘
given_name,壽信
given_name,栄徳
given_name,鋭則
given_name,鋭典
given_name,季則
given_name,季典
given_name,紀真
given_name,紀徳
given_name,恵規
given_name,健生
given_name,憲広
given_name,歳紀
given_name,歳則
given_name,寿基
given_name,寿紀
given_name,寿規
given_name,寿記
given_name,寿宜
given_name,寿教
given_name,寿憲
given_name,寿悟
given_name,寿考
given_name,寿成
given_name,寿則
given_name,寿典
given_name,寿徳
given_name,寿範
given_name,寿法
given_name,寿倫
given_name,寿論
given_name,宗徳
given_name,十志範
given_name,淑訓
given_name,粛功
given_name,俊雅
given_name,俊紀
given_name,俊規
given_name,俊宜
given_name,俊教
given_name,俊敬
given_name,俊憲
given_name,俊式
given_name,俊象
given_name,俊宣
given_name,俊則
given_name,俊知
given_name,俊智
given_name,俊哲
given_name,俊典
given_name,俊統
given_name,俊徳
given_name,俊範
given_name,俊文
given_name,俊法
given_name,俊理
given_name,俊倫
given_name,俊礼
given_name,俊論
given_name,俊亘
given_name,駿典
given_name,順記
given_name,順智
given_name,順雄
given_name,仁憲
given_name,世紀
given_name,成憲
given_name,聖宜
given_name,誠法
given_name,聡紀
given_name,聡規
given_name,聡登
given_name,聡倫
given_name,智紀
given_name,智功
given_name,智詞
given_name,智仙
given_name,智徳
given_name,登司憲
given_name,登志紀
given_name,都志則
given_name,年規
given_name,年記
given_name,年教
given_name,年憲
given_name,年則
given_name,年範
given_name,肇法
given_name,敏紀
given_name,敏規
given_name,敏記
given_name,敏教
given_name,敏敬
given_name,敏憲
given_name,敏謙
given_name,敏康
given_name,敏宗
given_name,敏順
given_name,敏仁
given_name,敏宣
given_name,敏則
given_name,敏哲
given_name,敏典
given_name,敏徳
given_name,敏範
given_name,敏陛
given_name,敏法
given_name,稔紀
given_name,稔規
given_name,稔記
given_name,稔功
given_name,稔則
given_name,稔智
given_name,稔典
given_name,稔統
given_name,稔倫
given_name,利基
given_name,利紀
given_name,利宜
given_name,利教
given_name,利謹
given_name,利憲
given_name,利至
given_name,利章
given_name,利宣
given_name,利則
given_name,利典
given_name,利徳
given_name,利範
given_name,利法
given_name,壽紀
given_name,壽則
given_name,壽徳
given_name,壽範
given_name,季治
given_name,亨浩
given_name,才治
given_name,寿治
given_name,寿春
given_name,寿晴
given_name,寿張
given_name,樹春
given_name,俊玄
given_name,俊治
given_name,俊春
given_name,俊晴
given_name,俊日
given_name,俊美
given_name,俊輔
given_name,俊陽
given_name,淳良
given_name,世始
given_name,聖晴
given_name,聡治
given_name,聡晴
given_name,智治
given_name,智春
given_name,登史治
given_name,登志春
given_name,登志晴
given_name,都史春
given_name,統史温
given_name,年治
given_name,年春
given_name,年晴
given_name,年冶
given_name,隼陽
given_name,敏玄
given_name,敏治
given_name,敏春
given_name,敏晴
given_name,稔治
given_name,稔春
given_name,稔晴
given_name,利治
given_name,利春
given_name,利晴
given_name,利明
given_name,利陽
given_name,隆之
given_name,壽治
given_name,壽春
given_name,壽晴
given_name,壽令
given_name,英彦
given_name,鋭彦
given_name,季彦
given_name,紀彦
given_name,暁彦
given_name,憲彦
given_name,歳彦
given_name,史彦
given_name,寿彦
given_name,十詩彦
given_name,淑彦
given_name,俊比古
given_name,俊彦
given_name,順彦
given_name,早俊
given_name,聡彦
given_name,智彦
given_name,登司彦
given_name,登士彦
given_name,登志彦
given_name,都志彦
given_name,年彦
given_name,敏博
given_name,敏比古
given_name,敏彦
given_name,冨次彦
given_name,稔彦
given_name,明彦
given_name,利行
given_name,利彦
given_name,壽彦
given_name,季久
given_name,紀久
given_name,紀尚
given_name,歳久
given_name,資久
given_name,寿久
given_name,寿尚
given_name,宗央
given_name,俊久
given_name,俊寿
given_name,俊尚
given_name,俊壽
given_name,仁久
given_name,聡久
given_name,聡尚
given_name,知央
given_name,智央
given_name,智久
given_name,智寿
given_name,登志久
given_name,敏央
given_name,敏久
given_name,敏寿
given_name,敏長
given_name,稔学
given_name,稔久
given_name,稔尚
given_name,利久
given_name,利寿
given_name,利尚
given_name,季秀
given_name,紀秀
given_name,暁秀
given_name,慶一
given_name,敬英
given_name,健秀
given_name,歳英
given_name,寿英
given_name,寿豪
given_name,寿秀
given_name,俊栄
given_name,俊英
given_name,俊傑
given_name,俊豪
given_name,俊秀
given_name,聖英
given_name,聡秀
given_name,智英
given_name,登志秀
given_name,年英
given_name,年秀
given_name,肇秀
given_name,敏英
given_name,敏秀
given_name,稔英
given_name,利栄
given_name,利英
given_name,利季
given_name,利秀
given_name,和日出
given_name,壽英
given_name,壽秀
given_name,愛仁
given_name,敬人
given_name,国分
given_name,寿人
given_name,寿仁
given_name,宗人
given_name,淑人
given_name,俊人
given_name,俊仁
given_name,駿人
given_name,聡人
given_name,聡仁
given_name,智史
given_name,智人
given_name,智仁
given_name,登志人
given_name,年均
given_name,敏人
given_name,敏仁
given_name,稔人
given_name,稔仁
given_name,要人
given_name,利一
given_name,利公
given_name,利史
given_name,利人
given_name,利仁
given_name,了仁
given_name,壽仁
given_name,逸裕
given_name,鋭弘
given_name,鋭浩
given_name,鋭大
given_name,翁弘
given_name,季宏
given_name,季広
given_name,季弘
given_name,季洋
given_name,紀宏
given_name,紀浩
given_name,紀太
given_name,紀博
given_name,紀彦
given_name,紀裕
given_name,紀洋
given_name,敬弘
given_name,敬浩
given_name,敬裕
given_name,健弘
given_name,考弘
given_name,斎幹
given_name,寿寛
given_name,寿啓
given_name,寿宏
given_name,寿広
given_name,寿弘
given_name,寿浩
given_name,寿紘
given_name,寿仁
given_name,寿大
given_name,寿博
given_name,寿祐
given_name,寿裕
given_name,寿洋
given_name,宗弘
given_name,宗浩
given_name,宗大
given_name,十志博
given_name,淑浩
given_name,淑裕
given_name,俊央
given_name,俊寛
given_name,俊啓
given_name,俊敬
given_name,俊互
given_name,俊宏
given_name,俊広
given_name,俊弘
given_name,俊浩
given_name,俊紘
given_name,俊治
given_name,俊宣
given_name,俊泰
given_name,俊大
given_name,俊博
given_name,俊蕗
given_name,俊祐
given_name,俊裕
given_name,俊洋
given_name,俊廣
given_name,俊皓
given_name,峻洸
given_name,駿光
given_name,仁宏
given_name,世浩
given_name,世大
given_name,聖弘
given_name,聖大
given_name,聡寛
given_name,聡宏
given_name,聡弘
given_name,聡浩
given_name,聡大
given_name,聡展
given_name,聡博
given_name,聡裕
given_name,聡洋
given_name,智啓
given_name,智宏
given_name,智弘
given_name,智博
given_name,智裕
given_name,智洋
given_name,登子彦
given_name,登志宏
given_name,登志広
given_name,登志弘
given_name,都志大
given_name,敦浩
given_name,敦博
given_name,年寛
given_name,年啓
given_name,年宏
given_name,年広
given_name,年弘
given_name,年浩
given_name,年博
given_name,年祐
given_name,年裕
given_name,年洋
given_name,年廣
given_name,肇啓
given_name,肇宏
given_name,肇浩
given_name,隼外
given_name,隼弘
given_name,敏央
given_name,敏寛
given_name,敏啓
given_name,敏宏
given_name,敏広
given_name,敏弘
given_name,敏浩
given_name,敏紘
given_name,敏丈
given_name,敏聖
given_name,敏大
given_name,敏展
given_name,敏博
given_name,敏彦
given_name,敏祐
given_name,敏裕
given_name,敏洋
given_name,敏廣
given_name,甫啓
given_name,稔啓
given_name,稔宏
given_name,稔広
given_name,稔弘
given_name,稔浩
given_name,稔紘
given_name,稔太
given_name,稔泰
given_name,稔大
given_name,稔博
given_name,稔裕
given_name,稔洋
given_name,雄大
given_name,利央
given_name,利寛
given_name,利啓
given_name,利公
given_name,利宏
given_name,利広
given_name,利弘
given_name,利浩
given_name,利周
given_name,利宗
given_name,利純
given_name,利泰
given_name,利大
given_name,利博
given_name,利祐
given_name,利裕
given_name,利洋
given_name,利廣
given_name,梨寛
given_name,理宏
given_name,理広
given_name,理博
given_name,理裕
given_name,倫弘
given_name,壽啓
given_name,壽宏
given_name,壽弘
given_name,壽浩
given_name,壽仁
given_name,壽大
given_name,禧寛
given_name,敏房
given_name,利芳
given_name,利房
given_name,逸史
given_name,季史
given_name,紀史
given_name,紀文
given_name,亨文
given_name,享史
given_name,敬史
given_name,憲文
given_name,載文
given_name,賛史
given_name,寿史
given_name,寿文
given_name,淑文
given_name,俊郁
given_name,俊史
given_name,俊典
given_name,俊文
given_name,順文
given_name,聡史
given_name,聡文
given_name,智史
given_name,智文
given_name,渡志文
given_name,登志史
given_name,登志文
given_name,年史
given_name,念史
given_name,敏史
given_name,敏文
given_name,稔郁
given_name,稔史
given_name,稔章
given_name,稔文
given_name,利郁
given_name,利史
given_name,利志文
given_name,利典
given_name,利文
given_name,理史
given_name,壽文
given_name,俊史
given_name,俊文
given_name,敏史
given_name,敏文
given_name,利文
given_name,敏冬
given_name,季正
given_name,歳昌
given_name,歳正
given_name,財将
given_name,寿匡
given_name,寿昌
given_name,寿真
given_name,寿政
given_name,俊允
given_name,俊雅
given_name,俊匡
given_name,俊賢
given_name,俊将
given_name,俊昌
given_name,俊真
given_name,俊政
given_name,俊正
given_name,俊多
given_name,俊祐
given_name,俊理
given_name,駿将
given_name,駿正
given_name,章正
given_name,聡将
given_name,知将
given_name,智修
given_name,智将
given_name,惇大
given_name,年成
given_name,年正
given_name,年優
given_name,年將
given_name,敏雅
given_name,敏匡
given_name,敏公
given_name,敏昌
given_name,敏真
given_name,敏政
given_name,敏正
given_name,敏全
given_name,敏眞
given_name,稔賢
given_name,稔昌
given_name,稔祐
given_name,稔理
given_name,稔將
given_name,利允
given_name,利雅
given_name,利匡
given_name,利公
given_name,利将
given_name,利昌
given_name,利真
given_name,利政
given_name,利正
given_name,利方
given_name,利優
given_name,利理
given_name,壽將
given_name,利益
given_name,利太
given_name,寿麿
given_name,季通
given_name,紀道
given_name,寿道
given_name,寿倫
given_name,寿迪
given_name,叔径
given_name,俊充
given_name,俊成
given_name,俊通
given_name,俊道
given_name,俊理
given_name,俊倫
given_name,俊路
given_name,峻理
given_name,聖進
given_name,智通
given_name,智道
given_name,登志道
given_name,都志道
given_name,敏充
given_name,敏通
given_name,敏途
given_name,敏道
given_name,稔真
given_name,稔統
given_name,明道
given_name,利経
given_name,利充
given_name,利通
given_name,利道
given_name,利満
given_name,利倫
given_name,利路
given_name,紀光
given_name,紀充
given_name,寿光
given_name,寿満
given_name,淑光
given_name,俊允
given_name,俊恭
given_name,俊慶
given_name,俊光
given_name,俊三
given_name,俊充
given_name,俊満
given_name,聡允
given_name,聡光
given_name,聡充
given_name,智三
given_name,智充
given_name,登史光
given_name,登志光
given_name,年光
given_name,年充
given_name,敏光
given_name,敏充
given_name,敏満
given_name,稔光
given_name,利允
given_name,利光
given_name,利実
given_name,利充
given_name,利通
given_name,利之
given_name,利満
given_name,利蜜
given_name,理充
given_name,壽光
given_name,寿宗
given_name,俊宗
given_name,敏宗
given_name,利宗
given_name,俊元
given_name,敏元
given_name,利元
given_name,俊守
given_name,利守
given_name,逸也
given_name,季也
given_name,紀哉
given_name,紀也
given_name,紀弥
given_name,暁也
given_name,敬也
given_name,歳也
given_name,史哉
given_name,寿家
given_name,寿哉
given_name,寿也
given_name,寿弥
given_name,寿矢
given_name,宗哉
given_name,宗也
given_name,宗矢
given_name,修哉
given_name,十志也
given_name,叔也
given_name,淑哉
given_name,淑也
given_name,俊哉
given_name,俊也
given_name,俊弥
given_name,俊矢
given_name,準哉
given_name,捷也
given_name,聖也
given_name,聡哉
given_name,聡也
given_name,聡弥
given_name,聡矢
given_name,聡彌
given_name,知也
given_name,智哉
given_name,智也
given_name,鋳哉
given_name,斗志矢
given_name,登士哉
given_name,登志也
given_name,刀志也
given_name,東志也
given_name,灯至也
given_name,等志也
given_name,年哉
given_name,年也
given_name,年弥
given_name,肇哉
given_name,肇也
given_name,隼也
given_name,隼矢
given_name,敏哉
given_name,敏也
given_name,敏弥
given_name,敏矢
given_name,敏彌
given_name,敏椰
given_name,稔哉
given_name,稔也
given_name,稔弥
given_name,稔矢
given_name,利哉
given_name,利也
given_name,利弥
given_name,理也
given_name,倫也
given_name,和久哉
given_name,壽哉
given_name,壽也
given_name,曉也
given_name,衡育
given_name,歳康
given_name,寿安
given_name,寿恭
given_name,寿康
given_name,淑安
given_name,俊安
given_name,俊康
given_name,俊泰
given_name,俊保
given_name,仁康
given_name,智尉
given_name,智靖
given_name,敦靖
given_name,年泰
given_name,年保
given_name,敏安
given_name,敏恭
given_name,敏康
given_name,敏泰
given_name,敏保
given_name,敏靖
given_name,稔康
given_name,稔泰
given_name,利安
given_name,利恭
given_name,利康
given_name,利祥
given_name,利泰
given_name,利保
given_name,外志幸
given_name,毅之
given_name,季幸
given_name,季之
given_name,紀元
given_name,紀幸
given_name,紀行
given_name,紀志
given_name,紀至
given_name,紀之
given_name,暁之
given_name,訓之
given_name,恵幸
given_name,恵行
given_name,敬之
given_name,健行
given_name,賢幸
given_name,賢之
given_name,豪公
given_name,哉志
given_name,才幸
given_name,才行
given_name,歳介
given_name,歳之
given_name,寿亨
given_name,寿元
given_name,寿幸
given_name,寿行
given_name,寿之
given_name,寿侑
given_name,淑行
given_name,淑之
given_name,俊維
given_name,俊介
given_name,俊亨
given_name,俊享
given_name,俊恭
given_name,俊元
given_name,俊孝
given_name,俊幸
given_name,俊行
given_name,俊志
given_name,俊至
given_name,俊進
given_name,俊征
given_name,俊透
given_name,俊如
given_name,俊之
given_name,準起
given_name,順幸
given_name,章介
given_name,信行
given_name,信志
given_name,世幸
given_name,聖幸
given_name,聖之
given_name,聖由樹
given_name,聡介
given_name,聡行
given_name,聡之
given_name,智介
given_name,智幸
given_name,智行
given_name,智章
given_name,智之
given_name,智由
given_name,登志行
given_name,登志之
given_name,年幸
given_name,年行
given_name,年之
given_name,肇之
given_name,隼幸
given_name,隼之
given_name,敏介
given_name,敏享
given_name,敏幸
given_name,敏行
given_name,敏至
given_name,敏征
given_name,敏如
given_name,敏之
given_name,敏由
given_name,敏由紀
given_name,敏裕
given_name,稔幸
given_name,稔行
given_name,稔志
given_name,稔至
given_name,稔之
given_name,明幸
given_name,利往
given_name,利介
given_name,利亨
given_name,利享
given_name,利恭
given_name,利幸
given_name,利行
given_name,利志
given_name,利至
given_name,利章
given_name,利晋
given_name,利征
given_name,利之
given_name,利由
given_name,理行
given_name,理之
given_name,倫行
given_name,倫之
given_name,倫由紀
given_name,和孝
given_name,壽之
given_name,聰行
given_name,聰之
given_name,寿宜
given_name,俊義
given_name,敏義
given_name,敏美
given_name,利芳
given_name,鋭郎
given_name,寿朗
given_name,寿郎
given_name,淑郎
given_name,俊良
given_name,俊朗
given_name,俊郎
given_name,世朗
given_name,聖郎
given_name,聡朗
given_name,聡郎
given_name,智朗
given_name,智郎
given_name,登志朗
given_name,登志郎
given_name,年良
given_name,年朗
given_name,年郎
given_name,敏朗
given_name,敏郎
given_name,稔朗
given_name,稔郎
given_name,勇郎
given_name,利朗
given_name,利郎
given_name,理郎
given_name,壽朗
given_name,壽郎
given_name,十月
given_name,都仁央
given_name,扉
given_name,都海
given_name,臣暁
given_name,聡明
given_name,富昭
given_name,富信
given_name,富明
given_name,富一郎
given_name,十三男
given_name,十三夫
given_name,十三雄
given_name,十美男
given_name,臣生
given_name,臣男
given_name,智雄
given_name,斗光臣
given_name,渡海男
given_name,登己勇
given_name,登美男
given_name,登美夫
given_name,登美雄
given_name,登巳夫
given_name,東海雄
given_name,東光雄
given_name,富央
given_name,富貴男
given_name,富実夫
given_name,富生
given_name,富大
given_name,富男
given_name,富美男
given_name,富美夫
given_name,富美雄
given_name,富夫
given_name,富望
given_name,富雄
given_name,富郎
given_name,豊美男
given_name,富一
given_name,富万
given_name,富和
given_name,富勝
given_name,富三朗
given_name,富三郎
given_name,富司
given_name,富次
given_name,富治
given_name,富次郎
given_name,富三
given_name,富蔵
given_name,富造
given_name,富貴
given_name,富敬
given_name,富孝
given_name,富高
given_name,富隆
given_name,富太郎
given_name,富登
given_name,富尚
given_name,臣範
given_name,富紀
given_name,富規
given_name,富教
given_name,富則
given_name,冨儀
given_name,富治
given_name,富春
given_name,富晴
given_name,富彦
given_name,富久
given_name,富英
given_name,富秀
given_name,富人
given_name,臣啓
given_name,臣宏
given_name,臣広
given_name,臣弘
given_name,臣博
given_name,富宏
given_name,富広
given_name,富弘
given_name,富浩
given_name,富博
given_name,富裕
given_name,富洋
given_name,富廣
given_name,富文
given_name,臣賢
given_name,富昌
given_name,富正
given_name,富哉
given_name,富也
given_name,富弥
given_name,臣康
given_name,徳泰
given_name,富安
given_name,富康
given_name,富泰
given_name,富保
given_name,登美幸
given_name,富幸
given_name,富行
given_name,富将
given_name,富之
given_name,冨行
given_name,富喜
given_name,富義
given_name,富好
given_name,富善
given_name,富代志
given_name,富良
given_name,富夫
given_name,十夢
given_name,斗夢
given_name,登夢
given_name,留生
given_name,留男
given_name,留夫
given_name,留雄
given_name,留八
given_name,知
given_name,智
given_name,朝
given_name,朋
given_name,睦
given_name,友
given_name,委且
given_name,委晃
given_name,寛顕
given_name,寛昭
given_name,寛成
given_name,寛明
given_name,紀彰
given_name,義明
given_name,共晃
given_name,共章
given_name,共哲
given_name,具明
given_name,兼亮
given_name,公明
given_name,幸成
given_name,実亮
given_name,衆亮
given_name,丈晃
given_name,丈晶
given_name,丈明
given_name,澄晃
given_name,誠晶
given_name,誠聡
given_name,大暁
given_name,大晶
given_name,大織
given_name,大朗
given_name,卓明
given_name,知較
given_name,知輝
given_name,知暁
given_name,知謙
given_name,知光
given_name,知晃
given_name,知秋
given_name,知彰
given_name,知昭
given_name,知晶
given_name,知祥
given_name,知章
given_name,知誠
given_name,知聡
given_name,知明
given_name,知亮
given_name,知朗
given_name,知曉
given_name,智旭
given_name,智映
given_name,智瑛
given_name,智暁
given_name,智顕
given_name,智光
given_name,智晃
given_name,智秋
given_name,智彰
given_name,智昌
given_name,智昭
given_name,智晶
given_name,智照
given_name,智祥
given_name,智章
given_name,智紹
given_name,智成
given_name,智全
given_name,智聡
given_name,智著
given_name,智哲
given_name,智彬
given_name,智明
given_name,智陽
given_name,智亮
given_name,智諒
given_name,智朗
given_name,智聰
given_name,智顯
given_name,朝映
given_name,朝秋
given_name,朝彰
given_name,朝昭
given_name,朝章
given_name,朝明
given_name,朝陽
given_name,伴暁
given_name,伴晃
given_name,伴彰
given_name,伴昭
given_name,伴明
given_name,伴朗
given_name,備彰
given_name,文章
given_name,奉昭
given_name,朋瑛
given_name,朋輝
given_name,朋暁
given_name,朋晃
given_name,朋秋
given_name,朋彰
given_name,朋昌
given_name,朋昭
given_name,朋章
given_name,朋正
given_name,朋聡
given_name,朋明
given_name,朋亮
given_name,朋朗
given_name,友亨
given_name,友暁
given_name,友啓
given_name,友顕
given_name,友晃
given_name,友秋
given_name,友淳
given_name,友彰
given_name,友昭
given_name,友晶
given_name,友章
given_name,友聡
given_name,友哲
given_name,友彬
given_name,友明
given_name,友陽
given_name,友亮
given_name,友朗
given_name,有晃
given_name,有亮
given_name,与豪
given_name,与明
given_name,僚顕
given_name,倫敬
given_name,倫彰
given_name,倫明
given_name,倫朗
given_name,呂晃
given_name,寛敦
given_name,知厚
given_name,知篤
given_name,智厚
given_name,智篤
given_name,智敦
given_name,伴敦
given_name,朋厚
given_name,朋篤
given_name,朋敦
given_name,友厚
given_name,友敦
given_name,友陸
given_name,倫敦
given_name,知以
given_name,智伊
given_name,友偉
given_name,具家
given_name,供一
given_name,智一
given_name,友一
given_name,友市
given_name,知一郎
given_name,智一朗
given_name,智一郎
given_name,禎一郎
given_name,朋一郎
given_name,友市良
given_name,寛夫
given_name,紀生
given_name,供生
given_name,具勇
given_name,公生
given_name,秋元
given_name,承生
given_name,大生
given_name,大雄
given_name,知央
given_name,知士
given_name,知緒
given_name,知生
given_name,知男
given_name,知夫
given_name,知雄
given_name,知郎
given_name,智央
given_name,智応
given_name,智桜
given_name,智緒
given_name,智生
given_name,智男
given_name,智伯
given_name,智夫
given_name,智穂
given_name,智勇
given_name,智雄
given_name,智朗
given_name,智郎
given_name,朝生
given_name,朝男
given_name,朝夫
given_name,朝雄
given_name,登茂雄
given_name,巴音
given_name,伴緒
given_name,伴生
given_name,伴夫
given_name,朋央
given_name,朋緒
given_name,朋生
given_name,朋男
given_name,朋夫
given_name,朋雄
given_name,友緒
given_name,友織
given_name,友生
given_name,友男
given_name,友夫
given_name,友雄
given_name,友朗
given_name,友郎
given_name,倫生
given_name,倫男
given_name,倫夫
given_name,知興
given_name,智興
given_name,朋興
given_name,知臣
given_name,智臣
given_name,朋臣
given_name,友臣
given_name,知織
given_name,友織
given_name,友景
given_name,共一
given_name,共和
given_name,具一
given_name,公一
given_name,丈和
given_name,誠和
given_name,大一
given_name,大司
given_name,大七
given_name,大和
given_name,知一
given_name,知憲
given_name,知司
given_name,知寿
given_name,知数
given_name,知万
given_name,知和
given_name,智一
given_name,智計
given_name,智憲
given_name,智司
given_name,智重
given_name,智数
given_name,智良
given_name,智量
given_name,智和
given_name,朝一
given_name,朝政
given_name,朝和
given_name,禎一
given_name,等一
given_name,那和
given_name,伴一
given_name,伴和
given_name,奉寿
given_name,奉和
given_name,朋一
given_name,朋知
given_name,朋和
given_name,友一
given_name,友円
given_name,友紀
given_name,友教
given_name,友寿
given_name,友数
given_name,友二
given_name,友利
given_name,友良
given_name,友和
given_name,与和
given_name,僚一
given_name,倫一
given_name,倫壱
given_name,倫数
given_name,倫和
given_name,朝和
given_name,智孝
given_name,公克
given_name,誠勝
given_name,知功
given_name,知克
given_name,知勝
given_name,智克
given_name,智勝
given_name,朝亮
given_name,奉勝
given_name,朋克
given_name,友克
given_name,友勝
given_name,寛基
given_name,基樹
given_name,共喜
given_name,共希
given_name,共記
given_name,共樹
given_name,喬貴
given_name,具記
given_name,具樹
given_name,群生
given_name,交基
given_name,公希
given_name,丈貴
given_name,丈樹
given_name,誠記
given_name,大喜
given_name,大起
given_name,大輝
given_name,大樹
given_name,大生
given_name,知喜
given_name,知基
given_name,知希
given_name,知毅
given_name,知季
given_name,知紀
given_name,知規
given_name,知記
given_name,知貴
given_name,知起
given_name,知輝
given_name,知茎
given_name,知己
given_name,知樹
given_name,知城
given_name,知生
given_name,知姫
given_name,智黄
given_name,智喜
given_name,智基
given_name,智岐
given_name,智希
given_name,智揮
given_name,智機
given_name,智毅
given_name,智季
given_name,智紀
given_name,智規
given_name,智記
given_name,智貴
given_name,智軌
given_name,智輝
given_name,智騎
given_name,智宜
given_name,智健
given_name,智己
given_name,智樹
given_name,智城
given_name,智生
given_name,智大
given_name,智妃
given_name,智来
given_name,智氣
given_name,朝基
given_name,朝貴
given_name,朝樹
given_name,朝城
given_name,那喜
given_name,巴樹
given_name,伴樹
given_name,奉毅
given_name,奉示
given_name,朋喜
given_name,朋基
given_name,朋希
given_name,朋棋
given_name,朋毅
given_name,朋季
given_name,朋紀
given_name,朋記
given_name,朋貴
given_name,朋起
given_name,朋輝
given_name,朋求
given_name,朋己
given_name,朋樹
given_name,朋生
given_name,朋妃
given_name,朋木
given_name,朋来
given_name,萌希
given_name,友幹
given_name,友喜
given_name,友基
given_name,友希
given_name,友揮
given_name,友毅
given_name,友季
given_name,友紀
given_name,友規
given_name,友記
given_name,友貴
given_name,友起
given_name,友輝
given_name,友騎
given_name,友己
given_name,友樹
given_name,友生
given_name,友来
given_name,僚希
given_name,僚輝
given_name,僚章
given_name,量喜
given_name,倫希
given_name,倫己
given_name,倫哉
given_name,倫樹
given_name,與樹
given_name,知吉
given_name,智吉
given_name,智清
given_name,朝清
given_name,朋聖
given_name,友清
given_name,寛訓
given_name,知州
given_name,知邦
given_name,智邦
given_name,朝邦
given_name,朋晋
given_name,朋邦
given_name,友邦
given_name,知貞
given_name,友貞
given_name,知聡
given_name,智達
given_name,智哲
given_name,朋里
given_name,友悟
given_name,友三郎
given_name,知史
given_name,智史
given_name,外茂二
given_name,共司
given_name,丈士
given_name,大嗣
given_name,知司
given_name,知史
given_name,知至
given_name,知治
given_name,知仁
given_name,知地
given_name,知二
given_name,知路
given_name,智司
given_name,智士
given_name,智慈
given_name,智次
given_name,智治
given_name,智二
given_name,朝嗣
given_name,朋司
given_name,朋嗣
given_name,朋二
given_name,友志
given_name,友次
given_name,友治
given_name,友二
given_name,友路
given_name,大成
given_name,知重
given_name,知成
given_name,知茂
given_name,智哉
given_name,智滋
given_name,智重
given_name,智成
given_name,智茂
given_name,朝重
given_name,朝茂
given_name,文臣
given_name,朋重
given_name,朋茂
given_name,友重
given_name,友繁
given_name,友茂
given_name,倫樹
given_name,倫成
given_name,知士郎
given_name,知二郎
given_name,朋次郎
given_name,知佑
given_name,智介
given_name,智輔
given_name,朋輔
given_name,朋亮
given_name,友右
given_name,有佑
given_name,知純
given_name,智純
given_name,友純
given_name,知純
given_name,友純
given_name,知三
given_name,智三
given_name,智蔵
given_name,奉三
given_name,友三
given_name,友造
given_name,公太
given_name,智太
given_name,朋太
given_name,具孝
given_name,具隆
given_name,公孝
given_name,公隆
given_name,相孝
given_name,大毅
given_name,大敬
given_name,大崇
given_name,知宇
given_name,知貴
given_name,知尭
given_name,知敬
given_name,知孝
given_name,知昂
given_name,知高
given_name,知剛
given_name,知俊
given_name,知崇
given_name,知正
given_name,知生
given_name,知能
given_name,知隆
given_name,智栄
given_name,智毅
given_name,智貴
given_name,智教
given_name,智敬
given_name,智健
given_name,智孝
given_name,智考
given_name,智高
given_name,智俊
given_name,智峻
given_name,智尚
given_name,智臣
given_name,智崇
given_name,智正
given_name,智天
given_name,智誉
given_name,智容
given_name,智隆
given_name,朝岳
given_name,朝貴
given_name,朝恭
given_name,朝啓
given_name,朝孝
given_name,朝剛
given_name,朝崇
given_name,朝誉
given_name,朝隆
given_name,巴高
given_name,伯昂
given_name,伴隆
given_name,朋岳
given_name,朋貴
given_name,朋孝
given_name,朋高
given_name,朋生
given_name,朋飛
given_name,朋隆
given_name,友貴
given_name,友喬
given_name,友敬
given_name,友孝
given_name,友高
given_name,友剛
given_name,友崇
given_name,友隆
given_name,量崇
given_name,倫尚
given_name,和貴
given_name,具丈
given_name,具壮
given_name,幸毅
given_name,大岳
given_name,知威
given_name,知岳
given_name,知剛
given_name,知丈
given_name,知武
given_name,智岳
given_name,智健
given_name,智建
given_name,智剛
given_name,智丈
given_name,智武
given_name,智勇
given_name,智雄
given_name,朝健
given_name,朝武
given_name,朋岳
given_name,朋健
given_name,朋丈
given_name,友岳
given_name,友健
given_name,友剛
given_name,友丈
given_name,義忠
given_name,智匡
given_name,智斉
given_name,智忠
given_name,智唯
given_name,友忠
given_name,倫匡
given_name,倫直
given_name,知竜
given_name,知龍
given_name,智達
given_name,具太郎
given_name,智太郎
given_name,朋太郎
given_name,友太朗
given_name,友太郎
given_name,知寛
given_name,知哉
given_name,知周
given_name,知親
given_name,知用
given_name,智哉
given_name,智史
given_name,智親
given_name,智睦
given_name,朝親
given_name,伴周
given_name,文睦
given_name,朋哉
given_name,朋史
given_name,友親
given_name,幹嗣
given_name,具嗣
given_name,知嗣
given_name,知諭
given_name,智継
given_name,智嗣
given_name,智次
given_name,朝世
given_name,朋継
given_name,朋次
given_name,友嗣
given_name,友次
given_name,倫世
given_name,與嗣
given_name,知綱
given_name,友綱
given_name,友恒
given_name,知輝
given_name,智輝
given_name,朝光
given_name,朋輝
given_name,友照
given_name,知人
given_name,智人
given_name,智登
given_name,朋人
given_name,友人
given_name,知利
given_name,智寿
given_name,智俊
given_name,智敏
given_name,朋寿
given_name,友俊
given_name,友敏
given_name,友利
given_name,具直
given_name,大直
given_name,知尚
given_name,知直
given_name,智尚
given_name,智真
given_name,智直
given_name,朝直
given_name,朋直
given_name,友直
given_name,公沖
given_name,智央
given_name,共永
given_name,知永
given_name,知修
given_name,知長
given_name,智長
given_name,智良
given_name,朝永
given_name,奉久
given_name,朋永
given_name,友長
given_name,寛也
given_name,具就
given_name,具成
given_name,具也
given_name,具有
given_name,兼成
given_name,始孝
given_name,大宜
given_name,知愛
given_name,知孝
given_name,知樹
given_name,知就
given_name,知成
given_name,知生
given_name,知斉
given_name,知也
given_name,智成
given_name,智生
given_name,智誠
given_name,智斉
given_name,智也
given_name,智有
given_name,朝成
given_name,伴成
given_name,伴也
given_name,比音
given_name,朋斎
given_name,朋成
given_name,朋生
given_name,朋也
given_name,友教
given_name,友響
given_name,友成
given_name,友也
given_name,与成
given_name,僚也
given_name,倫成
given_name,倫也
given_name,知愛
given_name,朋之進
given_name,知之介
given_name,委伸
given_name,知延
given_name,知史
given_name,知伸
given_name,知信
given_name,知宣
given_name,智延
given_name,智喜
given_name,智宜
given_name,智修
given_name,智将
given_name,智伸
given_name,智信
given_name,智誠
given_name,智設
given_name,智宣
given_name,智敦
given_name,智庸
given_name,智亘
given_name,朝伸
given_name,朝信
given_name,伴暢
given_name,朋延
given_name,朋伸
given_name,朋信
given_name,朋暢
given_name,朋展
given_name,民信
given_name,友延
given_name,友喜
given_name,友伸
given_name,友信
given_name,友宣
given_name,有伸
given_name,有信
given_name,寛則
given_name,幹理
given_name,基格
given_name,共紀
given_name,共範
given_name,興将
given_name,具紀
given_name,具典
given_name,具範
given_name,恵範
given_name,交宣
given_name,幸紀
given_name,丈典
given_name,丈範
given_name,誠紀
given_name,誠規
given_name,誠憲
given_name,誠慎
given_name,誠宣
given_name,誠典
given_name,大徳
given_name,大倫
given_name,大路
given_name,知雅
given_name,知寛
given_name,知紀
given_name,知規
given_name,知記
given_name,知宜
given_name,知教
given_name,知訓
given_name,知慶
given_name,知敬
given_name,知憲
given_name,知賢
given_name,知孝
given_name,知行
given_name,知載
given_name,知周
given_name,知宗
given_name,知章
given_name,知丈
given_name,知生
given_name,知仙
given_name,知宣
given_name,知則
given_name,知哲
given_name,知典
given_name,知展
given_name,知徳
given_name,知伯
given_name,知範
given_name,知布
given_name,知法
given_name,知命
given_name,知理
given_name,知里
given_name,知律
given_name,知倫
given_name,知令
given_name,智永
given_name,智温
given_name,智雅
given_name,智格
given_name,智寛
given_name,智基
given_name,智紀
given_name,智規
given_name,智記
given_name,智宜
given_name,智義
given_name,智教
given_name,智訓
given_name,智慶
given_name,智敬
given_name,智経
given_name,智憲
given_name,智謙
given_name,智功
given_name,智孝
given_name,智史
given_name,智師
given_name,智詞
given_name,智識
given_name,智升
given_name,智詔
given_name,智慎
given_name,智進
given_name,智成
given_name,智政
given_name,智仙
given_name,智宣
given_name,智則
given_name,智大
given_name,智典
given_name,智統
given_name,智得
given_name,智徳
given_name,智伯
given_name,智範
given_name,智文
given_name,智法
given_name,智理
given_name,智律
given_name,智倫
given_name,智礼
given_name,朝規
given_name,朝宜
given_name,朝教
given_name,朝憲
given_name,朝功
given_name,朝則
given_name,朝典
given_name,朝徳
given_name,朝範
given_name,禎徳
given_name,典憲
given_name,伯典
given_name,伴訓
given_name,伴憲
given_name,伴則
given_name,伴典
given_name,伴徳
given_name,備識
given_name,文則
given_name,奉勲
given_name,奉功
given_name,朋位
given_name,朋紀
given_name,朋記
given_name,朋軌
given_name,朋儀
given_name,朋恭
given_name,朋教
given_name,朋勲
given_name,朋慶
given_name,朋敬
given_name,朋憲
given_name,朋仁
given_name,朋宣
given_name,朋則
given_name,朋智
given_name,朋哲
given_name,朋典
given_name,朋徳
given_name,朋納
given_name,朋範
given_name,朋倫
given_name,朋令
given_name,朋論
given_name,友雅
given_name,友紀
given_name,友規
given_name,友宜
given_name,友議
given_name,友教
given_name,友謹
given_name,友矩
given_name,友訓
given_name,友敬
given_name,友憲
given_name,友詞
given_name,友識
given_name,友慎
given_name,友宣
given_name,友則
given_name,友知
given_name,友典
given_name,友登
given_name,友道
given_name,友徳
given_name,友乃
given_name,友範
given_name,友里
given_name,友了
given_name,友量
given_name,友倫
given_name,有慶
given_name,有範
given_name,有礼
given_name,僚哲
given_name,倫紀
given_name,倫仙
given_name,倫典
given_name,倫徳
given_name,倫能
given_name,倫範
given_name,倫理
given_name,與章
given_name,與典
given_name,寛大
given_name,供晴
given_name,兼玄
given_name,丈晴
given_name,仁晴
given_name,知玄
given_name,知治
given_name,知春
given_name,知晴
given_name,知暖
given_name,智栄
given_name,智開
given_name,智啓
given_name,智治
given_name,智春
given_name,智晴
given_name,智大
given_name,智張
given_name,智明
given_name,智靖
given_name,智悠
given_name,智陽
given_name,朝治
given_name,朝春
given_name,朝晴
given_name,朝陽
given_name,那治
given_name,伴治
given_name,朋治
given_name,朋春
given_name,朋晴
given_name,友時
given_name,友治
given_name,友春
given_name,友晴
given_name,友陽
given_name,与晴
given_name,倫治
given_name,倫晴
given_name,外茂彦
given_name,共彦
given_name,具彦
given_name,公彦
given_name,知比古
given_name,知彦
given_name,智比古
given_name,智彦
given_name,朝彦
given_name,寅彦
given_name,那彦
given_name,伴彦
given_name,文彦
given_name,朋比古
given_name,朋彦
given_name,明彦
given_name,友彦
given_name,倫彦
given_name,寛久
given_name,義尚
given_name,共久
given_name,具久
given_name,公久
given_name,幸久
given_name,始久
given_name,丈久
given_name,誠久
given_name,知久
given_name,知寿
given_name,知尚
given_name,知仙
given_name,智永
given_name,智央
given_name,智久
given_name,智寿
given_name,智尚
given_name,智仁
given_name,智宣
given_name,智壽
given_name,朝久
given_name,朝寿
given_name,朝尚
given_name,伴久
given_name,朋永
given_name,朋央
given_name,朋久
given_name,朋寿
given_name,朋尚
given_name,朋仙
given_name,友久
given_name,友寿
given_name,友壽
given_name,僚久
given_name,僚寿
given_name,量久
given_name,倫央
given_name,倫久
given_name,倫尚
given_name,共英
given_name,共秀
given_name,丈栄
given_name,知英
given_name,知秀
given_name,智英
given_name,智豪
given_name,智秀
given_name,智任
given_name,朝英
given_name,朝秀
given_name,伴秀
given_name,朋英
given_name,朋嗣
given_name,朋秀
given_name,友愛
given_name,友英
given_name,友秀
given_name,倫英
given_name,倫秀
given_name,寛仁
given_name,義仁
given_name,具士
given_name,丈士
given_name,誠人
given_name,節人
given_name,全人
given_name,大士
given_name,大人
given_name,知人
given_name,知仁
given_name,智一
given_name,智史
given_name,智士
given_name,智人
given_name,智仁
given_name,伴人
given_name,伴仁
given_name,奉仁
given_name,朋史
given_name,朋士
given_name,朋人
given_name,朋仁
given_name,友士
given_name,友人
given_name,友仁
given_name,有人
given_name,与史
given_name,倫一
given_name,倫史
given_name,倫士
given_name,倫人
given_name,兼平
given_name,智平
given_name,倫平
given_name,栄博
given_name,寛大
given_name,寛博
given_name,寛祐
given_name,寛裕
given_name,供宏
given_name,供広
given_name,共宏
given_name,共広
given_name,共弘
given_name,協弘
given_name,匡宏
given_name,具宏
given_name,具大
given_name,具裕
given_name,兼宏
given_name,兼丈
given_name,兼尋
given_name,兼大
given_name,兼裕
given_name,交啓
given_name,交洋
given_name,光輝
given_name,公寛
given_name,公敬
given_name,公宏
given_name,公尋
given_name,資浩
given_name,丈公
given_name,丈浩
given_name,丈泰
given_name,丈拓
given_name,丈洋
given_name,誠寛
given_name,誠宏
given_name,誠浩
given_name,誠大
given_name,誠祐
given_name,誠洋
given_name,大寛
given_name,大紘
given_name,大宙
given_name,大博
given_name,大裕
given_name,大洋
given_name,知央
given_name,知拡
given_name,知寛
given_name,知輝
given_name,知啓
given_name,知敬
given_name,知玄
given_name,知光
given_name,知宏
given_name,知広
given_name,知弘
given_name,知晃
given_name,知浩
given_name,知紘
given_name,知衡
given_name,知祥
given_name,知尋
given_name,知世
given_name,知大
given_name,知展
given_name,知博
given_name,知比呂
given_name,知彦
given_name,知優
given_name,知裕
given_name,知洋
given_name,知礼
given_name,知廣
given_name,智央
given_name,智拡
given_name,智寛
given_name,智強
given_name,智啓
given_name,智敬
given_name,智景
given_name,智宏
given_name,智広
given_name,智弘
given_name,智浩
given_name,智郊
given_name,智寿
given_name,智仁
given_name,智尋
given_name,智泰
given_name,智大
given_name,智拓
given_name,智達
given_name,智博
given_name,智彦
given_name,智悠
given_name,智祐
given_name,智裕
given_name,智雄
given_name,智洋
given_name,智礼
given_name,智廣
given_name,智皓
given_name,朝寛
given_name,朝広
given_name,朝弘
given_name,朝大
given_name,朝天
given_name,朝博
given_name,朝裕
given_name,朝洋
given_name,朝廣
given_name,朝洸
given_name,禎宏
given_name,徒広
given_name,寅広
given_name,寅弘
given_name,寅彦
given_name,伴宏
given_name,伴弘
given_name,伴裕
given_name,伴洋
given_name,比宏
given_name,美紀
given_name,奉宏
given_name,奉広
given_name,奉弘
given_name,奉博
given_name,朋央
given_name,朋拡
given_name,朋寛
given_name,朋欣
given_name,朋勲
given_name,朋宏
given_name,朋広
given_name,朋弘
given_name,朋浩
given_name,朋紘
given_name,朋泰
given_name,朋大
given_name,朋博
given_name,朋彦
given_name,朋弥
given_name,朋祐
given_name,朋裕
given_name,朋洋
given_name,朋廣
given_name,睦泰
given_name,友寛
given_name,友紀
given_name,友啓
given_name,友敬
given_name,友宏
given_name,友広
given_name,友弘
given_name,友浩
given_name,友紘
given_name,友尋
given_name,友太
given_name,友泰
given_name,友大
given_name,友拓
given_name,友担
given_name,友博
given_name,友普
given_name,友豊
given_name,友弥
given_name,友祐
given_name,友裕
given_name,友洋
given_name,有宏
given_name,有弘
given_name,有大
given_name,有博
given_name,僚大
given_name,倫央
given_name,倫拡
given_name,倫寛
given_name,倫啓
given_name,倫宏
given_name,倫広
given_name,倫弘
given_name,倫大
given_name,倫裕
given_name,倫洋
given_name,倫廣
given_name,知房
given_name,智房
given_name,智亮
given_name,紀史
given_name,具史
given_name,誠文
given_name,知郁
given_name,知史
given_name,知文
given_name,智郁
given_name,智史
given_name,智章
given_name,智智
given_name,智文
given_name,朝史
given_name,朝文
given_name,寅文
given_name,伴文
given_name,備史
given_name,奉史
given_name,奉文
given_name,朋郁
given_name,朋史
given_name,朋典
given_name,朋文
given_name,友史
given_name,友文
given_name,有誌
given_name,倫史
given_name,倫文
given_name,具公
given_name,具正
given_name,誠正
given_name,知雅
given_name,知将
given_name,知昌
given_name,知正
given_name,知聖
given_name,知優
given_name,智雅
given_name,智将
given_name,智真
given_name,智政
given_name,智正
given_name,智全
given_name,智優
given_name,智祐
given_name,智將
given_name,朝雅
given_name,朝正
given_name,伴公
given_name,伴将
given_name,朋昌
given_name,朋正
given_name,勇正
given_name,友政
given_name,友正
given_name,友祐
given_name,有正
given_name,倫正
given_name,智麿
given_name,具視
given_name,寛達
given_name,共路
given_name,大度
given_name,大路
given_name,知教
given_name,知宙
given_name,知通
given_name,知徹
given_name,知道
given_name,知倫
given_name,知路
given_name,智巌
given_name,智教
given_name,智達
given_name,智通
given_name,智道
given_name,智路
given_name,朝道
given_name,朝路
given_name,伴通
given_name,朋通
given_name,朋道
given_name,明道
given_name,友通
given_name,友道
given_name,友陸
given_name,友路
given_name,倫道
given_name,倫理
given_name,大充
given_name,知光
given_name,知充
given_name,知満
given_name,智輝
given_name,智光
given_name,智三
given_name,智充
given_name,智満
given_name,朝光
given_name,伴充
given_name,朋光
given_name,朋充
given_name,友光
given_name,友三
given_name,倫光
given_name,奉矛
given_name,智宗
given_name,朋宗
given_name,友宗
given_name,朝盛
given_name,寛也
given_name,貴也
given_name,倶也
given_name,具也
given_name,兼也
given_name,幸也
given_name,丈哉
given_name,誠也
given_name,大也
given_name,知哉
given_name,知也
given_name,知弥
given_name,知矢
given_name,知彌
given_name,智哉
given_name,智世
given_name,智八
given_name,智也
given_name,智耶
given_name,智弥
given_name,智矢
given_name,智和
given_name,智彌
given_name,智椰
given_name,朝哉
given_name,朝也
given_name,朝矢
given_name,直哉
given_name,悌也
given_name,禎也
given_name,那哉
given_name,巴哉
given_name,伴哉
given_name,扶也
given_name,朋哉
given_name,朋也
given_name,朋弥
given_name,朋矢
given_name,朋彌
given_name,睦也
given_name,唯希
given_name,友哉
given_name,友也
given_name,友耶
given_name,友弥
given_name,友彌
given_name,僚也
given_name,倫哉
given_name,倫也
given_name,倫弥
given_name,倫矢
given_name,和弥
given_name,與也
given_name,寛泰
given_name,具泰
given_name,兼育
given_name,公康
given_name,公泰
given_name,丈康
given_name,大泰
given_name,知安
given_name,知恭
given_name,知康
given_name,知資
given_name,知泰
given_name,知寧
given_name,知保
given_name,知靖
given_name,智安
given_name,智尉
given_name,智恭
given_name,智康
given_name,智泰
given_name,智保
given_name,智靖
given_name,朝康
given_name,朝保
given_name,寅泰
given_name,伴康
given_name,朋安
given_name,朋康
given_name,朋保
given_name,朋靖
given_name,友尉
given_name,友穏
given_name,友恭
given_name,友康
given_name,友資
given_name,友泰
given_name,友保
given_name,友靖
given_name,有康
given_name,倫康
given_name,倫保
given_name,倫靖
given_name,知諭
given_name,寛潔
given_name,寛幸
given_name,寛雪
given_name,寛之
given_name,共孝
given_name,共幸
given_name,共行
given_name,恭孝
given_name,具志
given_name,具之
given_name,兼之
given_name,公志
given_name,公千
given_name,公之
given_name,資幸
given_name,資之
given_name,丈之
given_name,誠元
given_name,誠幸
given_name,誠行
given_name,誠志
given_name,誠之
given_name,誠侑
given_name,大元
given_name,大幸
given_name,大志
given_name,知介
given_name,知勧
given_name,知亨
given_name,知享
given_name,知敬
given_name,知元
given_name,知幸
given_name,知行
given_name,知志
given_name,知至
given_name,知将
given_name,知章
given_name,知晋
given_name,知征
given_name,知雪
given_name,知致
given_name,知之
given_name,知由
given_name,知廉
given_name,智介
given_name,智喜
given_name,智亨
given_name,智享
given_name,智敬
given_name,智潔
given_name,智元
given_name,智公
given_name,智孝
given_name,智幸
given_name,智行
given_name,智志
given_name,智至
given_name,智順
given_name,智将
given_name,智祥
given_name,智章
given_name,智晋
given_name,智是
given_name,智征
given_name,智雪
given_name,智如
given_name,智之
given_name,智文
given_name,智由
given_name,智由樹
given_name,智祐
given_name,智洋
given_name,智將
given_name,朝幸
given_name,朝行
given_name,朝之
given_name,禎之
given_name,伴幸
given_name,伴行
given_name,伴晋
given_name,伴征
given_name,伴之
given_name,伴由起
given_name,扶之
given_name,文之
given_name,奉之
given_name,奉文
given_name,朋享
given_name,朋幸
given_name,朋行
given_name,朋征
given_name,朋之
given_name,朋由起
given_name,朋裕樹
given_name,睦之
given_name,友介
given_name,友亨
given_name,友享
given_name,友敬
given_name,友孝
given_name,友幸
given_name,友行
given_name,友志
given_name,友主
given_name,友章
given_name,友肖
given_name,友是
given_name,友征
given_name,友雪
given_name,友透
given_name,友如
given_name,友之
given_name,友由輝
given_name,友由樹
given_name,友遊
given_name,友侑
given_name,頼行
given_name,僚行
given_name,僚政
given_name,倫幸
given_name,倫行
given_name,倫至
given_name,倫之
given_name,倫由紀
given_name,呂之
given_name,和敬
given_name,和孝
given_name,偕行
given_name,寛嘉
given_name,寛昌
given_name,寛正
given_name,寛憙
given_name,共祥
given_name,具良
given_name,資善
given_name,大義
given_name,知愛
given_name,知佳
given_name,知義
given_name,知恵
given_name,知慶
given_name,知好
given_name,知秀
given_name,知是
given_name,知善
given_name,知禎
given_name,知美
given_name,知芳
given_name,知睦
given_name,知由
given_name,知良
given_name,智佳
given_name,智嘉
given_name,智且
given_name,智喜
given_name,智宜
given_name,智義
given_name,智吉
given_name,智啓
given_name,智圭
given_name,智慶
given_name,智好
given_name,智巧
given_name,智康
given_name,智祥
given_name,智宣
given_name,智善
given_name,智禎
given_name,智能
given_name,智美
given_name,智福
given_name,智芳
given_name,智由
given_name,智良
given_name,朝義
given_name,朝祥
given_name,朝善
given_name,禎芳
given_name,伴嘉
given_name,伴善
given_name,文祥
given_name,朋嘉
given_name,朋義
given_name,朋章
given_name,朋美
given_name,朋由
given_name,朋良
given_name,友喜
given_name,友義
given_name,友啓
given_name,友圭
given_name,友慶
given_name,友好
given_name,友祥
given_name,友譲
given_name,友善
given_name,友泰
given_name,友禎
given_name,友美
given_name,友彦
given_name,友芳
given_name,友理
given_name,友良
given_name,有快
given_name,有誼
given_name,有秀
given_name,与喜
given_name,倫義
given_name,倫好
given_name,呂佳
given_name,呂嘉
given_name,知順
given_name,智順
given_name,知朗
given_name,知郎
given_name,智郎
given_name,朋郎
given_name,友朗
given_name,友郎
given_name,豊晃
given_name,豊秋
given_name,豊彰
given_name,豊昭
given_name,豊晶
given_name,豊章
given_name,豊明
given_name,豊朗
given_name,豊一
given_name,豊市
given_name,豊一朗
given_name,豊一郎
given_name,豊生
given_name,豊大
given_name,豊男
given_name,豊稔
given_name,豊雄
given_name,仁一
given_name,富一
given_name,豊一
given_name,豊和
given_name,豐數
given_name,豊克
given_name,豊勝
given_name,豊包
given_name,豊喜
given_name,豊己
given_name,豊樹
given_name,豊城
given_name,豊吉
given_name,豊清
given_name,豊国
given_name,豊邦
given_name,仁志
given_name,豊司
given_name,豊志
given_name,豊司
given_name,豊次
given_name,豊治
given_name,豊二
given_name,豊重
given_name,豊成
given_name,豊繁
given_name,豊茂
given_name,豊四郎
given_name,豊次郎
given_name,豊輔
given_name,豊三
given_name,豊蔵
given_name,豊造
given_name,豊太
given_name,豊毅
given_name,豊貴
given_name,豊孝
given_name,豊高
given_name,豊隆
given_name,豊太郎
given_name,豊周
given_name,豊親
given_name,豊継
given_name,豊嗣
given_name,豊次
given_name,豊綱
given_name,豊人
given_name,豊稔
given_name,豊利
given_name,豊尚
given_name,豊直
given_name,豊永
given_name,豊成
given_name,豊稔
given_name,豊之丞
given_name,豊延
given_name,豊修
given_name,豊伸
given_name,豊信
given_name,豊暢
given_name,豊紀
given_name,豊規
given_name,豊記
given_name,豊憲
given_name,豊識
given_name,豊則
given_name,豊典
given_name,豊徳
given_name,豊範
given_name,豊治
given_name,豊春
given_name,豊晴
given_name,仁彦
given_name,豊世彦
given_name,豊比古
given_name,豊彦
given_name,豊永
given_name,豊央
given_name,豊久
given_name,豊寿
given_name,豊英
given_name,豊秀
given_name,豊日出
given_name,豊人
given_name,豊仁
given_name,登世宏
given_name,豊寛
given_name,豊啓
given_name,豊宏
given_name,豊広
given_name,豊弘
given_name,豊浩
given_name,豊泰
given_name,豊大
given_name,豊博
given_name,豊裕
given_name,豊洋
given_name,豊廣
given_name,豊史
given_name,豊文
given_name,豊馬
given_name,豊将
given_name,豊正
given_name,豊道
given_name,渡世充
given_name,登代充
given_name,豊光
given_name,豊充
given_name,豊満
given_name,豊康
given_name,豊泰
given_name,豐康
given_name,豊幸
given_name,豊行
given_name,豊之
given_name,豊侑
given_name,渡来
given_name,寅壱
given_name,虎生
given_name,虎大
given_name,虎男
given_name,虎雄
given_name,寅雄
given_name,虎二郎
given_name,寅次郎
given_name,虎太
given_name,虎太郎
given_name,寅太郎
given_name,虎ノ介
given_name,虎之介
given_name,虎之助
given_name,虎彦
given_name,寅彦
given_name,寅弥
given_name,虎幸
given_name,登里生
given_name,惇
given_name,成意斗
given_name,苗太郎
given_name,尚
given_name,直
given_name,直生
given_name,宜明
given_name,巨光
given_name,巨哲
given_name,巨明
given_name,修明
given_name,順明
given_name,順亮
given_name,尚央
given_name,尚顕
given_name,尚晃
given_name,尚秋
given_name,尚昭
given_name,尚晶
given_name,尚照
given_name,尚章
given_name,尚翠
given_name,尚明
given_name,尚亮
given_name,真聡
given_name,真明
given_name,直瑛
given_name,直暁
given_name,直顕
given_name,直晃
given_name,直秋
given_name,直彰
given_name,直昌
given_name,直昭
given_name,直晶
given_name,直照
given_name,直祥
given_name,直章
given_name,直審
given_name,直征
given_name,直誠
given_name,直聡
given_name,直彬
given_name,直明
given_name,直陽
given_name,直亮
given_name,直諒
given_name,直朗
given_name,尚篤
given_name,直一
given_name,直一郎
given_name,直栄
given_name,直衛
given_name,直興
given_name,尚臣
given_name,直臣
given_name,尚景
given_name,直陰
given_name,尚一
given_name,尚克
given_name,尚和
given_name,真一
given_name,直一
given_name,直計
given_name,直司
given_name,直和
given_name,有一
given_name,直享
given_name,直方
given_name,尚克
given_name,直克
given_name,直勝
given_name,直雄
given_name,直亮
given_name,夏生樹
given_name,巨樹
given_name,公輝
given_name,公樹
given_name,作樹
given_name,治紀
given_name,修基
given_name,修規
given_name,修輝
given_name,修宜
given_name,修己
given_name,淳喜
given_name,順紀
given_name,順輝
given_name,尚幹
given_name,尚喜
given_name,尚基
given_name,尚希
given_name,尚揮
given_name,尚毅
given_name,尚季
given_name,尚紀
given_name,尚規
given_name,尚記
given_name,尚貴
given_name,尚起
given_name,尚輝
given_name,尚宜
given_name,尚橘
given_name,尚己
given_name,尚樹
given_name,尚城
given_name,尚生
given_name,尚巳
given_name,尚暉
given_name,尚熙
given_name,植樹
given_name,真輝
given_name,真樹
given_name,真城
given_name,真聖
given_name,成基
given_name,正旭
given_name,正樹
given_name,斉輝
given_name,直葵
given_name,直幹
given_name,直伎
given_name,直喜
given_name,直基
given_name,直希
given_name,直幾
given_name,直揮
given_name,直毅
given_name,直季
given_name,直紀
given_name,直規
given_name,直記
given_name,直貴
given_name,直起
given_name,直輝
given_name,直騎
given_name,直興
given_name,直己
given_name,直克
given_name,直樹
given_name,直城
given_name,直生
given_name,直大
given_name,直妃
given_name,直已
given_name,直暉
given_name,有樹
given_name,猶規
given_name,直吉
given_name,尚邦
given_name,直邦
given_name,七生史
given_name,尚司
given_name,尚史
given_name,尚士
given_name,尚志
given_name,尚吏
given_name,真吏
given_name,直
given_name,直司
given_name,直史
given_name,直嗣
given_name,直士
given_name,直志
given_name,直誌
given_name,直之
given_name,有志
given_name,尚司
given_name,尚史
given_name,尚士
given_name,尚治
given_name,直司
given_name,直嗣
given_name,直治
given_name,直知
given_name,直二
given_name,直路
given_name,尚繁
given_name,尚茂
given_name,直滋
given_name,直樹
given_name,直重
given_name,直成
given_name,直繁
given_name,直茂
given_name,有重
given_name,直次郎
given_name,直治郎
given_name,直二郎
given_name,巨輔
given_name,尚右
given_name,尚介
given_name,尚典
given_name,尚輔
given_name,尚佑
given_name,尚祐
given_name,尚亮
given_name,直介
given_name,直助
given_name,直典
given_name,直輔
given_name,直佑
given_name,直祐
given_name,直亮
given_name,由資
given_name,巨純
given_name,尚角
given_name,尚純
given_name,尚澄
given_name,直純
given_name,直澄
given_name,有純
given_name,尚三
given_name,尚蔵
given_name,直蔵
given_name,尚太
given_name,直太
given_name,修生
given_name,順山
given_name,尚貴
given_name,尚敬
given_name,尚孝
given_name,尚高
given_name,尚剛
given_name,尚崇
given_name,尚卓
given_name,尚登
given_name,尚誉
given_name,尚隆
given_name,尚鎬
given_name,尚堯
given_name,真栄
given_name,真孝
given_name,真崇
given_name,真誉
given_name,仁孝
given_name,直岳
given_name,直毅
given_name,直貴
given_name,直挙
given_name,直喬
given_name,直敬
given_name,直賢
given_name,直孝
given_name,直考
given_name,直高
given_name,直剛
given_name,直社
given_name,直充
given_name,直崇
given_name,直生
given_name,直飛
given_name,直誉
given_name,直隆
given_name,納敬
given_name,能鷹
given_name,隼也
given_name,有栄
given_name,尚威
given_name,尚剛
given_name,尚丈
given_name,尚武
given_name,尚兵
given_name,直威
given_name,直岳
given_name,直毅
given_name,直健
given_name,直剛
given_name,直丈
given_name,直壮
given_name,直長
given_name,直武
given_name,有健
given_name,尚忠
given_name,直匡
given_name,直正
given_name,直忠
given_name,尚達
given_name,尚辰
given_name,直辰
given_name,庭辰
given_name,直胤
given_name,尚太郎
given_name,直太朗
given_name,直太郎
given_name,尚央
given_name,尚史
given_name,尚真
given_name,直史
given_name,直親
given_name,直嗣
given_name,尚嗣
given_name,真嗣
given_name,直胤
given_name,直紀
given_name,直継
given_name,直嗣
given_name,直次
given_name,尚常
given_name,直承
given_name,直庸
given_name,尚輝
given_name,直輝
given_name,直照
given_name,巨人
given_name,巨登
given_name,亨人
given_name,菜緒人
given_name,治人
given_name,淳人
given_name,尚玄
given_name,尚史
given_name,尚人
given_name,尚仁
given_name,尚斗
given_name,尚登
given_name,尚土
given_name,尚門
given_name,尚利
given_name,照美
given_name,真人
given_name,真斗
given_name,正人
given_name,斉人
given_name,直士
given_name,直十
given_name,直人
given_name,直仁
given_name,直大
given_name,直徒
given_name,直斗
given_name,直渡
given_name,直登
given_name,直都
given_name,直努
given_name,直冬
given_name,直統
given_name,直歩
given_name,直豊
given_name,直門
given_name,直雄人
given_name,直利
given_name,直和
given_name,直翔
given_name,奈央人
given_name,奈緒人
given_name,如人
given_name,亮翔
given_name,眞人
given_name,脩人
given_name,直時
given_name,尚寿
given_name,尚俊
given_name,尚敏
given_name,尚稔
given_name,尚利
given_name,尚和
given_name,直紀
given_name,直功
given_name,直寿
given_name,直俊
given_name,直駿
given_name,直敏
given_name,直稔
given_name,直利
given_name,良利
given_name,直臣
given_name,君友
given_name,尚知
given_name,尚友
given_name,直知
given_name,直智
given_name,直朋
given_name,直友
given_name,巨展
given_name,尚信
given_name,直延
given_name,直史
given_name,直尚
given_name,直伸
given_name,直信
given_name,直宣
given_name,直展
given_name,直敦
given_name,巨紀
given_name,尚威
given_name,尚寛
given_name,尚紀
given_name,尚慶
given_name,尚敬
given_name,尚功
given_name,尚孝
given_name,尚則
given_name,尚典
given_name,尚徳
given_name,尚範
given_name,直紀
given_name,直芸
given_name,直憲
given_name,直宣
given_name,直則
given_name,直典
given_name,直徳
given_name,直範
given_name,直温
given_name,直治
given_name,直春
given_name,直晴
given_name,修彦
given_name,順彦
given_name,尚彦
given_name,真彦
given_name,直彦
given_name,奈央彦
given_name,奈緒彦
given_name,有彦
given_name,眞彦
given_name,巨寿
given_name,尚央
given_name,尚久
given_name,尚寿
given_name,真央
given_name,直永
given_name,直央
given_name,直久
given_name,直恒
given_name,直寿
given_name,直尚
given_name,有央
given_name,有寿
given_name,尚英
given_name,尚秀
given_name,真栄
given_name,直英
given_name,直幸
given_name,直秀
given_name,巨一
given_name,尚史
given_name,尚人
given_name,尚仁
given_name,真史
given_name,真人
given_name,真仁
given_name,直均
given_name,直史
given_name,直士
given_name,直人
given_name,直仁
given_name,直民
given_name,尚平
given_name,巨泰
given_name,巨博
given_name,公博
given_name,菜穂洋
given_name,順広
given_name,尚央
given_name,尚寛
given_name,尚啓
given_name,尚宏
given_name,尚広
given_name,尚弘
given_name,尚浩
given_name,尚紘
given_name,尚大
given_name,尚博
given_name,尚裕
given_name,尚洋
given_name,真寛
given_name,真洋
given_name,斉広
given_name,直央
given_name,直寛
given_name,直敬
given_name,直宏
given_name,直広
given_name,直弘
given_name,直浩
given_name,直紘
given_name,直泰
given_name,直大
given_name,直博
given_name,直裕
given_name,直洋
given_name,直廣
given_name,有広
given_name,有洋
given_name,巨史
given_name,修史
given_name,修文
given_name,尚史
given_name,尚典
given_name,尚文
given_name,肖史
given_name,真史
given_name,直央
given_name,直史
given_name,直典
given_name,直文
given_name,通史
given_name,有史
given_name,尚史
given_name,尚文
given_name,直史
given_name,直文
given_name,直磨
given_name,巨将
given_name,尚雅
given_name,尚将
given_name,尚昌
given_name,尚真
given_name,尚政
given_name,尚正
given_name,尚優
given_name,真右
given_name,真祐
given_name,正理
given_name,斉祐
given_name,直雅
given_name,直匡
given_name,直将
given_name,直昌
given_name,直政
given_name,直正
given_name,有政
given_name,尚己
given_name,尚巳
given_name,直己
given_name,直巳
given_name,直弥
given_name,直幹
given_name,治道
given_name,順道
given_name,尚康
given_name,尚通
given_name,尚道
given_name,真道
given_name,直慶
given_name,直達
given_name,直通
given_name,直典
given_name,直導
given_name,直道
given_name,直理
given_name,直路
given_name,眞理
given_name,巨充
given_name,尚光
given_name,尚満
given_name,直光
given_name,直充
given_name,直慎
given_name,直満
given_name,直宗
given_name,尚元
given_name,直基
given_name,公哉
given_name,哉也
given_name,修也
given_name,順也
given_name,尚哉
given_name,尚也
given_name,尚耶
given_name,尚弥
given_name,尚矢
given_name,真哉
given_name,真也
given_name,斉哉
given_name,斉也
given_name,直央哉
given_name,直旺哉
given_name,直哉
given_name,直八
given_name,直保
given_name,直也
given_name,直耶
given_name,直弥
given_name,直矢
given_name,直彌
given_name,南生也
given_name,名雄也
given_name,有也
given_name,眞也
given_name,脩也
given_name,君泰
given_name,尚恭
given_name,尚康
given_name,尚泰
given_name,尚保
given_name,尚靖
given_name,尚容
given_name,真康
given_name,真保
given_name,直恭
given_name,直康
given_name,直泰
given_name,直保
given_name,直靖
given_name,仍康
given_name,亨行
given_name,亨之
given_name,治之
given_name,実行
given_name,修行
given_name,修之
given_name,順之
given_name,尚往
given_name,尚亨
given_name,尚幸
given_name,尚行
given_name,尚志
given_name,尚晋
given_name,尚征
given_name,尚到
given_name,尚之
given_name,尚侑
given_name,真行
given_name,真志
given_name,真之
given_name,斉之
given_name,直維
given_name,直亨
given_name,直享
given_name,直恭
given_name,直教
given_name,直敬
given_name,直幸
given_name,直行
given_name,直志
given_name,直主
given_name,直征
given_name,直生之
given_name,直如
given_name,直之
given_name,直歩
given_name,直佑樹
given_name,直有希
given_name,直由
given_name,直由岐
given_name,直由記
given_name,直由樹
given_name,直祐樹
given_name,直礼
given_name,直廉
given_name,奈乙雪
given_name,名生之
given_name,齊行
given_name,尚宜
given_name,尚義
given_name,尚慶
given_name,尚謙
given_name,尚功
given_name,尚剛
given_name,尚祥
given_name,尚善
given_name,尚美
given_name,尚良
given_name,真祥
given_name,直愛
given_name,直悦
given_name,直佳
given_name,直嘉
given_name,直喜
given_name,直義
given_name,直慶
given_name,直詳
given_name,直賞
given_name,直善
given_name,直禎
given_name,直美
given_name,直芳
given_name,直由
given_name,直良
given_name,眞義
given_name,真和
given_name,通聴
given_name,中
given_name,央晃
given_name,永章
given_name,長昭
given_name,長明
given_name,長陽
given_name,中央
given_name,仲夫
given_name,仲雄
given_name,務夫
given_name,永央
given_name,永生
given_name,永夫
given_name,長旺
given_name,長生
given_name,長雄
given_name,長郎
given_name,永起
given_name,永興
given_name,長興
given_name,央臣
given_name,長臣
given_name,永和
given_name,長計
given_name,長
given_name,永隆
given_name,永忠
given_name,中人
given_name,長人
given_name,仲陽
given_name,仲利
given_name,永寿
given_name,永俊
given_name,永年
given_name,永敏
given_name,永利
given_name,長紀
given_name,長寿
given_name,長俊
given_name,長年
given_name,長敏
given_name,長稔
given_name,長利
given_name,良鋭
given_name,中臣
given_name,永知
given_name,長知
given_name,永也
given_name,仲之助
given_name,仲庸
given_name,永宣
given_name,永之
given_name,永亘
given_name,央法
given_name,永憲
given_name,永哲
given_name,永典
given_name,永徳
given_name,寿紀
given_name,長紀
given_name,長憲
given_name,長則
given_name,永治
given_name,詠晴
given_name,長春
given_name,長晴
given_name,長陽
given_name,永日
given_name,長彦
given_name,仲恒
given_name,修久
given_name,長久
given_name,長寿
given_name,永秀
given_name,長栄
given_name,長英
given_name,長秀
given_name,奈可仁
given_name,永人
given_name,永仁
given_name,長人
given_name,長仁
given_name,中平
given_name,中広
given_name,中浩
given_name,仲宏
given_name,永寛
given_name,永浩
given_name,永大
given_name,永裕
given_name,長寛
given_name,長広
given_name,長弘
given_name,長浩
given_name,長大
given_name,長裕
given_name,永雅
given_name,永昌
given_name,永真
given_name,永正
given_name,長昌
given_name,長真
given_name,長政
given_name,長正
given_name,永成
given_name,永道
given_name,長路
given_name,永光
given_name,南夏也
given_name,永安
given_name,永康
given_name,永泰
given_name,修康
given_name,長恭
given_name,長康
given_name,仲之
given_name,永幸
given_name,永征
given_name,永之
given_name,寿千
given_name,長幸
given_name,長征
given_name,長之
given_name,永吉
given_name,永欣
given_name,永好
given_name,永能
given_name,永芳
given_name,長可
given_name,長祥
given_name,長芳
given_name,永頼
given_name,流
given_name,流行
given_name,凪人
given_name,那知
given_name,那智
given_name,夏生
given_name,夏男
given_name,夏夫
given_name,夏雄
given_name,夏郎
given_name,奈津央
given_name,奈津夫
given_name,奈津雄
given_name,奈都夫
given_name,夏貴
given_name,夏輝
given_name,夏樹
given_name,夏史
given_name,夏人
given_name,夏彦
given_name,夏秀
given_name,夏日人
given_name,夏博
given_name,夏洋
given_name,夏皓
given_name,夏史
given_name,夏哉
given_name,夏也
given_name,夏弥
given_name,七津也
given_name,夏行
given_name,南津郎
given_name,七郎
given_name,南波人
given_name,南海王
given_name,波輝
given_name,奈実路
given_name,南海路
given_name,夏海人
given_name,洋人
given_name,浪尋
given_name,波平
given_name,奈幸
given_name,奈友多
given_name,奈由多
given_name,奈由太
given_name,那由他
given_name,那由多
given_name,那由太
given_name,済晃
given_name,就昭
given_name,就明
given_name,成輝
given_name,成顕
given_name,成晃
given_name,成秋
given_name,成彰
given_name,成昭
given_name,成章
given_name,成彬
given_name,成明
given_name,成陽
given_name,成朗
given_name,誠章
given_name,斉瑛
given_name,斉昭
given_name,斉哲
given_name,斉彬
given_name,斉明
given_name,斉亮
given_name,斉朗
given_name,忠明
given_name,也明
given_name,容朗
given_name,効団
given_name,成夫
given_name,成雄
given_name,斉生
given_name,成一
given_name,成和
given_name,斉一
given_name,斉和
given_name,也一
given_name,斉且
given_name,成定
given_name,就盛
given_name,成繁
given_name,成茂
given_name,成介
given_name,誠育
given_name,周高
given_name,成宇
given_name,成孝
given_name,成高
given_name,成隆
given_name,誠孝
given_name,也考
given_name,濟隆
given_name,徳丈
given_name,成忠
given_name,斉忠
given_name,成龍
given_name,就爾
given_name,成愛
given_name,成央
given_name,成親
given_name,斉睦
given_name,就次
given_name,成継
given_name,成嗣
given_name,有更
given_name,斎庸
given_name,荷人
given_name,成時
given_name,成人
given_name,成斗
given_name,也人
given_name,成寿
given_name,成俊
given_name,成敏
given_name,成利
given_name,克友
given_name,成大
given_name,成智
given_name,誠智
given_name,成信
given_name,誠直
given_name,斉信
given_name,徳信
given_name,成徳
given_name,成彦
given_name,斉彦
given_name,成久
given_name,成寿
given_name,斉久
given_name,成秀
given_name,也秀
given_name,雅仁
given_name,城史
given_name,成一
given_name,成人
given_name,成仁
given_name,誠人
given_name,也人
given_name,宜博
given_name,宜宏
given_name,周宏
given_name,周広
given_name,尚寛
given_name,勢大
given_name,成寛
given_name,成啓
given_name,成宏
given_name,成広
given_name,成弘
given_name,成浩
given_name,成紘
given_name,成博
given_name,成祐
given_name,成裕
given_name,成洋
given_name,誠広
given_name,斉寛
given_name,斉宏
given_name,斉広
given_name,成房
given_name,就史
given_name,成史
given_name,成文
given_name,業盛
given_name,就将
given_name,就正
given_name,勢將
given_name,成雅
given_name,成将
given_name,成昌
given_name,成正
given_name,成祐
given_name,斉正
given_name,成麿
given_name,也実
given_name,周道
given_name,成通
given_name,成導
given_name,成道
given_name,成陸
given_name,成輝
given_name,成光
given_name,成哉
given_name,成也
given_name,就康
given_name,成安
given_name,成益
given_name,成康
given_name,成泰
given_name,成靖
given_name,斉康
given_name,斉保
given_name,成幸
given_name,成行
given_name,成之
given_name,斉之
given_name,成可
given_name,成義
given_name,成能
given_name,成文
given_name,成良
given_name,成夫
given_name,成臣
given_name,成輝
given_name,成樹
given_name,成志
given_name,成睦
given_name,愛斗
given_name,成俊
given_name,成淳
given_name,成利
given_name,成彦
given_name,稔彦
given_name,成久
given_name,成尚
given_name,成秀
given_name,成史
given_name,成人
given_name,成仁
given_name,成寛
given_name,成弘
given_name,成幸
given_name,楠人
given_name,南陽
given_name,新人
given_name,二貴太
given_name,仁吉
given_name,二次郎
given_name,仁介
given_name,二太郎
given_name,日愛樹
given_name,日夫
given_name,日彦
given_name,弐樹
given_name,仁平
given_name,二平
given_name,貫人
given_name,布和
given_name,寧一
given_name,寧時
given_name,熱意
given_name,熱
given_name,捻治
given_name,稔侍
given_name,念平
given_name,農
given_name,野映留
given_name,乃希介
given_name,希望
given_name,希
given_name,希武
given_name,希望
given_name,眺
given_name,望
given_name,望武
given_name,望夢
given_name,野陽人
given_name,暢彦
given_name,伸保
given_name,允
given_name,延
given_name,宜
given_name,更
given_name,将
given_name,伸
given_name,信
given_name,宣
given_name,存
given_name,暢
given_name,展
given_name,乃蒲
given_name,乃生
given_name,乃婦
given_name,乃布
given_name,乃扶
given_name,乃文
given_name,野生
given_name,野武
given_name,野歩
given_name,庸
given_name,將
given_name,延晃
given_name,延嗣
given_name,延秋
given_name,延彰
given_name,延昭
given_name,延晶
given_name,延章
given_name,延明
given_name,延亮
given_name,延朗
given_name,寛明
given_name,喜映
given_name,喜昭
given_name,喜章
given_name,宜明
given_name,薫朗
given_name,訓明
given_name,啓明
given_name,史明
given_name,寿謙
given_name,修彰
given_name,修省
given_name,修章
given_name,修明
given_name,順啓
given_name,順章
given_name,昇明
given_name,上明
given_name,常晶
given_name,常知
given_name,伸旭
given_name,伸亨
given_name,伸暁
given_name,伸顕
given_name,伸光
given_name,伸晃
given_name,伸秋
given_name,伸彰
given_name,伸昌
given_name,伸昭
given_name,伸晶
given_name,伸照
given_name,伸章
given_name,伸成
given_name,伸聡
given_name,伸明
given_name,伸亮
given_name,伸朗
given_name,信暁
given_name,信顕
given_name,信光
given_name,信晃
given_name,信秋
given_name,信淳
given_name,信彰
given_name,信昭
given_name,信晶
given_name,信章
given_name,信証
given_name,信成
given_name,信哲
given_name,信明
given_name,信亮
given_name,信朗
given_name,信曉
given_name,振興
given_name,晋明
given_name,申晃
given_name,申哲
given_name,紳顕
given_name,進暁
given_name,進章
given_name,正亮
given_name,誠昭
given_name,誠聡
given_name,誠明
given_name,宣暁
given_name,宣公
given_name,宣充
given_name,宣彰
given_name,宣昭
given_name,宣晶
given_name,宣章
given_name,宣明
given_name,宣朗
given_name,総成
given_name,暢晃
given_name,暢昭
given_name,暢章
given_name,暢成
given_name,暢聴
given_name,暢彬
given_name,暢明
given_name,暢亮
given_name,暢朗
given_name,直晃
given_name,展彰
given_name,展昭
given_name,展章
given_name,展明
given_name,敦章
given_name,敦徹
given_name,備昭
given_name,靖朗
given_name,庸光
given_name,庸晃
given_name,亙聡
given_name,亘昭
given_name,亘成
given_name,亘朗
given_name,頌章
given_name,伸淳
given_name,信厚
given_name,信篤
given_name,宣篤
given_name,暢淳
given_name,暢敦
given_name,延一
given_name,信一
given_name,暢一
given_name,展一
given_name,延栄
given_name,信衛
given_name,宣悦
given_name,允男
given_name,英雄
given_name,延生
given_name,延男
given_name,延夫
given_name,延甫
given_name,延雄
given_name,延郎
given_name,寛男
given_name,寛雄
given_name,寛郎
given_name,喜雄
given_name,宜男
given_name,宜雄
given_name,鋸雄
given_name,啓夫
given_name,恒夫
given_name,修央
given_name,修生
given_name,修男
given_name,修夫
given_name,修勇
given_name,修雄
given_name,修郎
given_name,述夫
given_name,順生
given_name,順夫
given_name,順雄
given_name,叙男
given_name,序生
given_name,将雄
given_name,昇於
given_name,伸央
given_name,伸王
given_name,伸弦
given_name,伸緒
given_name,伸生
given_name,伸男
given_name,伸夫
given_name,伸雄
given_name,伸朗
given_name,伸郎
given_name,信央
given_name,信緒
given_name,信生
given_name,信男
given_name,信夫
given_name,信雄
given_name,信郎
given_name,晋夫
given_name,紳夫
given_name,進夫
given_name,誠生
given_name,誠男
given_name,誠夫
given_name,誠雄
given_name,誠郎
given_name,宣生
given_name,宣男
given_name,宣夫
given_name,宣布男
given_name,宣穂
given_name,宣雄
given_name,宣朗
given_name,宣郎
given_name,惣生
given_name,尊生
given_name,暢央
given_name,暢生
given_name,暢男
given_name,暢夫
given_name,暢雄
given_name,暢郎
given_name,展央
given_name,展旺
given_name,展士
given_name,展生
given_name,展男
given_name,展夫
given_name,展雄
given_name,統雄
given_name,敦夫
given_name,敦雄
given_name,乃生雄
given_name,農夫雄
given_name,睦大
given_name,野武生
given_name,靖夫
given_name,靖雄
given_name,庸男
given_name,庸夫
given_name,庸雄
given_name,葉夫
given_name,量生
given_name,亘男
given_name,亘夫
given_name,頌夫
given_name,信興
given_name,宣興
given_name,喜臣
given_name,信臣
given_name,庸臣
given_name,永和
given_name,延一
given_name,延和
given_name,慶和
given_name,修一
given_name,修和
given_name,伸一
given_name,伸司
given_name,伸説
given_name,伸和
given_name,信一
given_name,信教
given_name,信和
given_name,申和
given_name,宣一
given_name,宣和
given_name,暢一
given_name,展一
given_name,展和
given_name,伝一
given_name,敦一
given_name,忍和
given_name,伸賢
given_name,伸好
given_name,信方
given_name,延克
given_name,延勝
given_name,修克
given_name,順克
given_name,順勝
given_name,将一
given_name,尚克
given_name,伸克
given_name,伸勝
given_name,伸和
given_name,信克
given_name,信勝
given_name,宣克
given_name,宣勝
given_name,能克
given_name,延気
given_name,延樹
given_name,修毅
given_name,修己
given_name,修生
given_name,伸喜
given_name,伸基
given_name,伸希
given_name,伸紀
given_name,伸記
given_name,伸貴
given_name,伸起
given_name,伸輝
given_name,伸樹
given_name,伸城
given_name,信喜
given_name,信希
given_name,信毅
given_name,信紀
given_name,信記
given_name,信貴
given_name,信輝
given_name,信樹
given_name,信城
given_name,真紀
given_name,進樹
given_name,誠基
given_name,誠樹
given_name,宣喜
given_name,宣希
given_name,宣貴
given_name,宣己
given_name,宣樹
given_name,宣生
given_name,暢希
given_name,暢季
given_name,暢紀
given_name,暢輝
given_name,暢宜
given_name,暢己
given_name,暢樹
given_name,展希
given_name,展幾
given_name,展紀
given_name,展規
given_name,展記
given_name,展己
given_name,展樹
given_name,統規
given_name,頌樹
given_name,寛清
given_name,伸享
given_name,伸潔
given_name,伸清
given_name,信清
given_name,信州
given_name,信邦
given_name,延貞
given_name,展禎
given_name,延二
given_name,伸次
given_name,信治
given_name,信二
given_name,宣二
given_name,農夫次
given_name,延臣
given_name,喜重
given_name,喜茂
given_name,伸樹
given_name,伸重
given_name,伸成
given_name,伸繁
given_name,伸茂
given_name,信重
given_name,信成
given_name,信繁
given_name,信茂
given_name,宣成
given_name,暢重
given_name,暢成
given_name,暢茂
given_name,展重
given_name,展成
given_name,庸成
given_name,伸城
given_name,延介
given_name,慶祐
given_name,修右
given_name,伸介
given_name,伸輔
given_name,信右
given_name,信介
given_name,信輔
given_name,信祐
given_name,誠祐
given_name,宣介
given_name,暢介
given_name,暢輔
given_name,之輔
given_name,亘典
given_name,亘祐
given_name,延純
given_name,信三
given_name,信造
given_name,允孝
given_name,延孝
given_name,延高
given_name,延剛
given_name,延隆
given_name,温将
given_name,寛高
given_name,宜孝
given_name,宜隆
given_name,欣貴
given_name,啓貴
given_name,啓孝
given_name,恒隆
given_name,史誉
given_name,修孝
given_name,修高
given_name,修生
given_name,順貴
given_name,順敬
given_name,伸岳
given_name,伸貴
given_name,伸空
given_name,伸敬
given_name,伸孝
given_name,伸昂
given_name,伸考
given_name,伸高
given_name,伸剛
given_name,伸尚
given_name,伸臣
given_name,伸崇
given_name,伸卓
given_name,伸天
given_name,伸飛
given_name,伸誉
given_name,伸隆
given_name,信毅
given_name,信貴
given_name,信宜
given_name,信教
given_name,信敬
given_name,信賢
given_name,信公
given_name,信孝
given_name,信幸
given_name,信昂
given_name,信考
given_name,信高
given_name,信尚
given_name,信臣
given_name,信崇
given_name,信節
given_name,信卓
given_name,信峰
given_name,信隆
given_name,申孝
given_name,誠孝
given_name,誠隆
given_name,宣貴
given_name,宣敬
given_name,宣賢
given_name,宣孝
given_name,宣尚
given_name,宣隆
given_name,薦正
given_name,総貴
given_name,暢貴
given_name,暢慶
given_name,暢孝
given_name,暢高
given_name,暢崇
given_name,暢隆
given_name,長生
given_name,通隆
given_name,展貴
given_name,展尭
given_name,展敬
given_name,展孝
given_name,展崇
given_name,展嵩
given_name,展生
given_name,展隆
given_name,督雄
given_name,敦貴
given_name,敦剛
given_name,乃文高
given_name,能崇
given_name,庸貴
given_name,庸賢
given_name,庸孝
given_name,庸崇
given_name,亙孝
given_name,亘毅
given_name,亘隆
given_name,脩孝
given_name,頌孝
given_name,頌渉
given_name,頌隆
given_name,恒丈
given_name,尚威
given_name,伸岳
given_name,伸建
given_name,伸剛
given_name,伸豪
given_name,伸丈
given_name,伸竹
given_name,伸武
given_name,信威
given_name,信毅
given_name,信剛
given_name,信丈
given_name,信竹
given_name,信武
given_name,宣武
given_name,暢威
given_name,暢剛
given_name,暢丈
given_name,敦丈
given_name,延忠
given_name,修公
given_name,修忠
given_name,順督
given_name,伸忠
given_name,信維
given_name,信正
given_name,信忠
given_name,靖匡
given_name,信達
given_name,信龍
given_name,信胤
given_name,延周
given_name,喜史
given_name,宜史
given_name,伸哉
given_name,伸周
given_name,伸誓
given_name,伸睦
given_name,信愛
given_name,信近
given_name,信周
given_name,信親
given_name,信誓
given_name,誠実
given_name,宣親
given_name,布慎
given_name,伸司
given_name,宣吏
given_name,信次
given_name,修嗣
given_name,伸次
given_name,信継
given_name,信嗣
given_name,信次
given_name,整継
given_name,宣嗣
given_name,統次
given_name,信綱
given_name,進恒
given_name,延光
given_name,史照
given_name,昇輝
given_name,伸映
given_name,伸輝
given_name,伸光
given_name,伸晃
given_name,信輝
given_name,信光
given_name,宣輝
given_name,展輝
given_name,允人
given_name,延人
given_name,寛人
given_name,修人
given_name,伸人
given_name,伸斗
given_name,伸門
given_name,信人
given_name,宣人
given_name,誕人
given_name,暢人
given_name,展子
given_name,展人
given_name,展土
given_name,靖人
given_name,悦年
given_name,延季
given_name,延歳
given_name,延俊
given_name,延敏
given_name,延稔
given_name,延利
given_name,史了
given_name,修敏
given_name,伸季
given_name,伸寿
given_name,伸俊
given_name,伸年
given_name,伸敏
given_name,伸利
given_name,信寿
given_name,信俊
given_name,信聡
given_name,信年
given_name,信敏
given_name,信利
given_name,誠健
given_name,宣俊
given_name,宣年
given_name,宣敏
given_name,宣利
given_name,暢俊
given_name,暢敏
given_name,長世
given_name,展年
given_name,展利
given_name,靖敏
given_name,庸紀
given_name,庸年
given_name,亘俊
given_name,延友
given_name,延僚
given_name,伸知
given_name,伸智
given_name,伸朋
given_name,信知
given_name,信智
given_name,信朝
given_name,信友
given_name,庸寛
given_name,伸豊
given_name,展豊
given_name,信虎
given_name,史尚
given_name,将直
given_name,伸直
given_name,信直
given_name,信長
given_name,修也
given_name,常雅
given_name,伸成
given_name,信成
given_name,信斉
given_name,信也
given_name,誠也
given_name,宣成
given_name,敦也
given_name,陽成
given_name,伸音
given_name,信音
given_name,信根
given_name,信乃
given_name,伸典
given_name,伸徳
given_name,信則
given_name,信徳
given_name,信模
given_name,宣紀
given_name,宣法
given_name,允晴
given_name,延治
given_name,喜治
given_name,喜春
given_name,修治
given_name,伸治
given_name,伸春
given_name,伸晴
given_name,伸明
given_name,伸陽
given_name,信元
given_name,信治
given_name,信春
given_name,信晴
given_name,信陽
given_name,宣玄
given_name,宣治
given_name,宣春
given_name,宣晴
given_name,暢治
given_name,靖玄
given_name,靖治
given_name,庸晴
given_name,允彦
given_name,延彦
given_name,宜彦
given_name,修彦
given_name,順彦
given_name,叙彦
given_name,将彦
given_name,伸彦
given_name,信光
given_name,信秀
given_name,信比古
given_name,信彦
given_name,進彦
given_name,誠彦
given_name,宣彦
given_name,暢比古
given_name,暢彦
given_name,展彦
given_name,敦彦
given_name,亘彦
given_name,延永
given_name,延久
given_name,延寿
given_name,寛久
given_name,喜久
given_name,宜久
given_name,慶久
given_name,修央
given_name,修久
given_name,修尚
given_name,順久
given_name,将央
given_name,将久
given_name,伸央
given_name,伸久
given_name,伸寿
given_name,伸尚
given_name,信央
given_name,信久
given_name,信寿
given_name,信尚
given_name,晋久
given_name,進久
given_name,誠久
given_name,誠寿
given_name,宣央
given_name,宣久
given_name,宣桐
given_name,宣寿
given_name,宣壽
given_name,暢久
given_name,暢尚
given_name,展央
given_name,展久
given_name,敦久
given_name,敦桐
given_name,敦寿
given_name,乃久
given_name,靖尚
given_name,裕久
given_name,庸央
given_name,亘久
given_name,亘桐
given_name,延英
given_name,延秀
given_name,順英
given_name,将英
given_name,将秀
given_name,伸英
given_name,伸季
given_name,伸秀
given_name,信栄
given_name,信英
given_name,信秀
given_name,進英
given_name,宣英
given_name,宣秀
given_name,総静
given_name,暢英
given_name,暢秀
given_name,展英
given_name,展秀
given_name,靖秀
given_name,惟人
given_name,永人
given_name,延史
given_name,延仁
given_name,喜仁
given_name,啓人
given_name,啓仁
given_name,恒仁
given_name,修史
given_name,修士
given_name,述仁
given_name,順仁
given_name,将史
given_name,将士
given_name,将人
given_name,将仁
given_name,伸史
given_name,伸人
given_name,伸仁
given_name,伸奈
given_name,信均
given_name,信人
given_name,信仁
given_name,進人
given_name,誠人
given_name,説史
given_name,宣公
given_name,宣史
given_name,宣人
given_name,宣仁
given_name,惣仁
given_name,暢人
given_name,暢仁
given_name,展史
given_name,展人
given_name,展仁
given_name,敦士
given_name,敦人
given_name,靖仁
given_name,裕人
given_name,庸史
given_name,庸士
given_name,亘人
given_name,頌人
given_name,允啓
given_name,允宏
given_name,允裕
given_name,延啓
given_name,延宏
given_name,延弘
given_name,延浩
given_name,延博
given_name,延祐
given_name,延裕
given_name,延洋
given_name,演寛
given_name,寛宏
given_name,寛紘
given_name,寛大
given_name,喜宇
given_name,喜広
given_name,喜浩
given_name,喜大
given_name,喜博
given_name,喜洋
given_name,宜啓
given_name,宜宏
given_name,宜広
given_name,宜弘
given_name,宜浩
given_name,宜大
given_name,啓弘
given_name,慶宏
given_name,慶博
given_name,更宗
given_name,行正
given_name,修央
given_name,修寛
given_name,修啓
given_name,修宏
given_name,修広
given_name,修弘
given_name,修浩
given_name,修大
given_name,修裕
given_name,充宏
given_name,充博
given_name,順弘
given_name,順大
given_name,順博
given_name,順裕
given_name,順洋
given_name,将広
given_name,将宏
given_name,将博
given_name,昇宏
given_name,昇博
given_name,昇洋
given_name,照博
given_name,伸央
given_name,伸拡
given_name,伸寛
given_name,伸啓
given_name,伸公
given_name,伸宏
given_name,伸広
given_name,伸弘
given_name,伸浩
given_name,伸紘
given_name,伸宗
given_name,伸泰
given_name,伸大
given_name,伸宙
given_name,伸展
given_name,伸博
given_name,伸弥
given_name,伸祐
given_name,伸裕
given_name,伸洋
given_name,伸礼
given_name,伸廣
given_name,信央
given_name,信完
given_name,信寛
given_name,信啓
given_name,信宏
given_name,信広
given_name,信弘
given_name,信浩
given_name,信紘
given_name,信尋
given_name,信太
given_name,信泰
given_name,信大
given_name,信博
given_name,信弥
given_name,信祐
given_name,信裕
given_name,信洋
given_name,信礼
given_name,信廣
given_name,信皓
given_name,晋寛
given_name,晋宏
given_name,晋広
given_name,申洋
given_name,紳浩
given_name,紳博
given_name,進弘
given_name,政弘
given_name,誠央
given_name,誠大
given_name,誠博
given_name,誠彦
given_name,誠洋
given_name,宣寛
given_name,宣啓
given_name,宣公
given_name,宣宏
given_name,宣広
given_name,宣弘
given_name,宣浩
given_name,宣尋
given_name,宣展
given_name,宣博
given_name,宣裕
given_name,宣洋
given_name,宣廣
given_name,惣浩
given_name,辰嘉
given_name,暢嘉
given_name,暢啓
given_name,暢宏
given_name,暢弘
given_name,暢浩
given_name,暢紘
given_name,暢仁
given_name,暢大
given_name,暢博
given_name,暢悠
given_name,暢洋
given_name,長広
given_name,長弘
given_name,直宏
given_name,陳裕
given_name,展宏
given_name,展広
given_name,展弘
given_name,展浩
given_name,展周
given_name,展大
given_name,展博
given_name,展裕
given_name,展洋
given_name,統弘
given_name,敦寛
given_name,敦啓
given_name,敦広
given_name,敦大
given_name,敦博
given_name,忍博
given_name,乃文弘
given_name,之寛
given_name,之豊寛
given_name,富弘
given_name,布裕
given_name,房広
given_name,睦央
given_name,靖啓
given_name,靖弘
given_name,靖太
given_name,庸宏
given_name,庸広
given_name,庸弘
given_name,庸浩
given_name,庸博
given_name,亙泰
given_name,亘啓
given_name,亘宏
given_name,亘広
given_name,亘弘
given_name,亘浩
given_name,亘洋
given_name,敍廣
given_name,昶煕
given_name,延房
given_name,伸記
given_name,伸房
given_name,信総
given_name,信房
given_name,延文
given_name,修史
given_name,順史
given_name,順文
given_name,昇吏
given_name,伸史
given_name,伸文
given_name,信史
given_name,信文
given_name,宣史
given_name,暢史
given_name,睦史
given_name,庸文
given_name,亘穂
given_name,延匡
given_name,延公
given_name,延昌
given_name,宜政
given_name,薫正
given_name,修幹
given_name,修昌
given_name,順允
given_name,将正
given_name,伸雅
given_name,伸尚
given_name,伸昌
given_name,伸政
given_name,伸正
given_name,伸全
given_name,信雅
given_name,信匡
given_name,信将
given_name,信昌
given_name,信政
given_name,信正
given_name,信方
given_name,信祐
given_name,宣将
given_name,宣真
given_name,宣政
given_name,宣正
given_name,宣全
given_name,暢将
given_name,暢正
given_name,展将
given_name,展正
given_name,敦雅
given_name,能成
given_name,靖昌
given_name,庸匡
given_name,庸真
given_name,亘正
given_name,傳眞
given_name,信巳
given_name,修道
given_name,常道
given_name,伸道
given_name,伸美知
given_name,信充
given_name,信通
given_name,信徹
given_name,信道
given_name,信倫
given_name,信路
given_name,宣通
given_name,宣道
given_name,暢達
given_name,暢統
given_name,暢道
given_name,展道
given_name,葉岐
given_name,亘倫
given_name,延光
given_name,伸光
given_name,伸充
given_name,信光
given_name,信充
given_name,信満
given_name,進光
given_name,宣光
given_name,宣満
given_name,陳満
given_name,典満
given_name,修玄
given_name,伸元
given_name,伸泉
given_name,信元
given_name,信玄
given_name,暢幹
given_name,暢元
given_name,備基
given_name,靖基
given_name,允耶
given_name,延哉
given_name,延也
given_name,寛也
given_name,宜哉
given_name,宜也
given_name,修也
given_name,順也
given_name,叙也
given_name,将也
given_name,将弥
given_name,伸哉
given_name,伸八
given_name,伸也
given_name,伸弥
given_name,伸矢
given_name,信哉
given_name,信也
given_name,信弥
given_name,晋弥
given_name,誠矢
given_name,宣哉
given_name,宣也
given_name,暢哉
given_name,暢也
given_name,暢弥
given_name,長也
given_name,展欣
given_name,展哉
given_name,展也
given_name,登也
given_name,敦哉
given_name,敦也
given_name,乃歩也
given_name,乃巫弥
given_name,能舞也
given_name,靖也
given_name,与弥
given_name,亘哉
given_name,円裕
given_name,延安
given_name,延尉
given_name,延康
given_name,延泰
given_name,延靖
given_name,喜康
given_name,修安
given_name,修康
given_name,伸安
given_name,伸育
given_name,伸恭
given_name,伸康
given_name,伸泰
given_name,伸保
given_name,伸靖
given_name,信安
given_name,信賢
given_name,信康
given_name,信泰
given_name,信保
given_name,晋康
given_name,進康
given_name,宣康
given_name,宣泰
given_name,暢安
given_name,暢恭
given_name,暢康
given_name,暢泰
given_name,暢保
given_name,展康
given_name,展靖
given_name,敦康
given_name,敦靖
given_name,靖康
given_name,庸恭
given_name,庸靖
given_name,亘康
given_name,伸幸
given_name,允介
given_name,永之
given_name,延介
given_name,延元
given_name,延幸
given_name,延行
given_name,延志
given_name,延至
given_name,延之
given_name,寛之
given_name,喜幸
given_name,喜行
given_name,喜之
given_name,宜幸
given_name,宜行
given_name,宜之
given_name,欣幸
given_name,啓之
given_name,慶之
given_name,経幸
given_name,経至
given_name,弘之
given_name,恒介
given_name,恒敬
given_name,史之
given_name,修幸
given_name,修行
given_name,修通
given_name,修之
given_name,修平
given_name,順敬
given_name,順行
given_name,順之
given_name,叙之
given_name,将介
given_name,将公
given_name,将幸
given_name,将行
given_name,将之
given_name,昇幸
given_name,照行
given_name,伸維
given_name,伸介
given_name,伸起
given_name,伸享
given_name,伸元
given_name,伸五
given_name,伸公
given_name,伸幸
given_name,伸行
given_name,伸志
given_name,伸至
given_name,伸晋
given_name,伸征
given_name,伸雪
given_name,伸泰
given_name,伸到
given_name,伸之
given_name,伸由紀
given_name,伸祐樹
given_name,伸侑
given_name,信往
given_name,信公
given_name,信幸
given_name,信行
given_name,信志
given_name,信順
given_name,信雪
given_name,信如
given_name,信之
given_name,信祐
given_name,晋之
given_name,申之
given_name,紳行
given_name,紳之
given_name,進介
given_name,進之
given_name,誠敬
given_name,誠之
given_name,宣敬
given_name,宣元
given_name,宣幸
given_name,宣行
given_name,宣征
given_name,宣之
given_name,総之
given_name,辰幸
given_name,暢介
given_name,暢幸
given_name,暢行
given_name,暢志
given_name,暢之
given_name,直由
given_name,展享
given_name,展幸
given_name,展行
given_name,展之
given_name,登幸
given_name,登之
given_name,統之
given_name,敦亨
given_name,敦幸
given_name,敦行
given_name,敦之
given_name,乃之
given_name,布至
given_name,並之
given_name,睦文
given_name,靖幸
given_name,靖之
given_name,庸喜
given_name,庸亨
given_name,庸行
given_name,庸志
given_name,庸之
given_name,良太
given_name,亘享
given_name,亘行
given_name,頌之
given_name,永欣
given_name,延佳
given_name,延嘉
given_name,延喜
given_name,延義
given_name,延吉
given_name,延欣
given_name,延慶
given_name,延好
given_name,延幸
given_name,延祥
given_name,延美
given_name,延良
given_name,寛由
given_name,緩与
given_name,喜慶
given_name,喜良
given_name,宜致
given_name,宜芳
given_name,宜睦
given_name,史孝
given_name,修義
given_name,修功
given_name,修克
given_name,修由
given_name,修良
given_name,順義
given_name,順資
given_name,将嘉
given_name,将宜
given_name,昇義
given_name,章好
given_name,常義
given_name,伸悦
given_name,伸佳
given_name,伸嘉
given_name,伸宜
given_name,伸義
given_name,伸吉
given_name,伸欣
given_name,伸圭
given_name,伸賢
given_name,伸好
given_name,伸祥
given_name,伸是
given_name,伸宣
given_name,伸兆
given_name,伸典
given_name,伸美
given_name,伸芳
given_name,伸睦
given_name,伸由
given_name,伸良
given_name,信允
given_name,信悦
given_name,信佳
given_name,信嘉
given_name,信喜
given_name,信儀
given_name,信義
given_name,信吉
given_name,信慶
given_name,信敬
given_name,信好
given_name,信至
given_name,信順
given_name,信祥
given_name,信善
given_name,信禎
given_name,信能
given_name,信美
given_name,信芳
given_name,信由
given_name,信良
given_name,晋義
given_name,晋芳
given_name,申佳
given_name,申宜
given_name,進嘉
given_name,誠良
given_name,宣佳
given_name,宣嘉
given_name,宣介
given_name,宣義
given_name,宣吉
given_name,宣慶
given_name,宣好
given_name,宣孔
given_name,宣祥
given_name,宣是
given_name,宣代士
given_name,宣美
given_name,宣芳
given_name,宣利
given_name,総義
given_name,暢克
given_name,暢純
given_name,暢善
given_name,暢芳
given_name,暢良
given_name,暢烈
given_name,長慶
given_name,展佳
given_name,展義
given_name,展啓
given_name,展慶
given_name,展功
given_name,展祥
given_name,展芳
given_name,展由
given_name,布佳
given_name,靖佳
given_name,靖吉
given_name,靖禎
given_name,裕允
given_name,庸嘉
given_name,庸貴
given_name,庸好
given_name,庸禎
given_name,亘純
given_name,亘理
given_name,伸頼
given_name,信頼
given_name,延郎
given_name,述郎
given_name,伸朗
given_name,伸郎
given_name,信郎
given_name,暢朗
given_name,暢郎
given_name,旭
given_name,岳
given_name,昂
given_name,晃
given_name,升
given_name,昇
given_name,伸
given_name,斉
given_name,遷
given_name,暢
given_name,登
given_name,騰
given_name,徳
given_name,豊
given_name,竜
given_name,龍
given_name,晟
given_name,襄
given_name,野馬彦
given_name,威彰
given_name,育昭
given_name,賀晶
given_name,賀章
given_name,雅章
given_name,格昌
given_name,鑑晃
given_name,希昭
given_name,希明
given_name,紀晃
given_name,紀秋
given_name,紀彰
given_name,紀昭
given_name,紀晶
given_name,紀章
given_name,紀信
given_name,紀聡
given_name,紀哲
given_name,紀穂
given_name,紀明
given_name,紀陽
given_name,紀亮
given_name,規覚
given_name,規景
given_name,規晃
given_name,規秋
given_name,規彰
given_name,規昭
given_name,規晶
given_name,規照
given_name,規章
given_name,規亮
given_name,規朗
given_name,記晃
given_name,記章
given_name,記明
given_name,儀明
given_name,宜昭
given_name,宜章
given_name,宜明
given_name,宜亮
given_name,義朗
given_name,議晶
given_name,教晃
given_name,教彰
given_name,教昭
given_name,教督
given_name,教明
given_name,教朗
given_name,謹昭
given_name,矩明
given_name,訓彰
given_name,訓昭
given_name,訓章
given_name,訓明
given_name,慶輝
given_name,慶明
given_name,敬晃
given_name,敬章
given_name,敬明
given_name,憲顕
given_name,憲晃
given_name,憲秋
given_name,憲彰
given_name,憲昌
given_name,憲昭
given_name,憲晶
given_name,憲照
given_name,憲章
given_name,憲明
given_name,憲陽
given_name,憲亮
given_name,憲朗
given_name,謙聡
given_name,謙朗
given_name,玄明
given_name,公昭
given_name,公明
given_name,功晃
given_name,功章
given_name,功知
given_name,功哲
given_name,功明
given_name,孔明
given_name,孝章
given_name,孝朗
given_name,工朗
given_name,康暁
given_name,詞旭
given_name,式昭
given_name,識介
given_name,宗昭
given_name,宗章
given_name,宗亮
given_name,祝昭
given_name,昇明
given_name,章晃
given_name,章亮
given_name,肖明
given_name,乗晃
given_name,乗昭
given_name,常晃
given_name,慎明
given_name,慎朗
given_name,仁昭
given_name,仁明
given_name,成晃
given_name,成昭
given_name,成明
given_name,説輝
given_name,宣亨
given_name,宣彰
given_name,宣昌
given_name,宣昭
given_name,宣晶
given_name,宣章
given_name,宣明
given_name,宣朗
given_name,則晃
given_name,則秋
given_name,則彰
given_name,則昭
given_name,則晶
given_name,則章
given_name,則成
given_name,則明
given_name,則亮
given_name,知昭
given_name,智輝
given_name,智晃
given_name,智昭
given_name,智明
given_name,智亮
given_name,智朗
given_name,稚晃
given_name,哲章
given_name,哲明
given_name,哲朗
given_name,典旭
given_name,典輝
given_name,典亨
given_name,典顕
given_name,典晃
given_name,典秋
given_name,典彰
given_name,典昭
given_name,典章
given_name,典聡
given_name,典哲
given_name,典明
given_name,典陽
given_name,典朗
given_name,展明
given_name,登昭
given_name,登章
given_name,統章
given_name,統彬
given_name,統明
given_name,徳旭
given_name,徳暁
given_name,徳顕
given_name,徳晃
given_name,徳彰
given_name,徳昭
given_name,徳章
given_name,徳明
given_name,徳亮
given_name,徳朗
given_name,伯章
given_name,伯明
given_name,範華
given_name,範晃
given_name,範秋
given_name,範彰
given_name,範昌
given_name,範昭
given_name,範晶
given_name,範章
given_name,範明
given_name,範朗
given_name,文昭
given_name,法顕
given_name,法晃
given_name,法昭
given_name,法章
given_name,法宣
given_name,法聡
given_name,法明
given_name,法亮
given_name,律昭
given_name,律明
given_name,倫暁
given_name,倫彰
given_name,倫章
given_name,倫明
given_name,倫陽
given_name,令明
given_name,礼啓
given_name,礼彰
given_name,基充
given_name,紀篤
given_name,紀富
given_name,憲宏
given_name,至淳
given_name,昇厚
given_name,知篤
given_name,典厚
given_name,典篤
given_name,徳厚
given_name,徳伊
given_name,則一
given_name,統一
given_name,憲海
given_name,寛生
given_name,寛雄
given_name,基生
given_name,希生
given_name,希雄
given_name,紀央
given_name,紀緒
given_name,紀生
given_name,紀男
given_name,紀夫
given_name,紀雄
given_name,紀郎
given_name,規央
given_name,規王
given_name,規生
given_name,規男
given_name,規夫
given_name,規雄
given_name,規良
given_name,規朗
given_name,規郎
given_name,記央
given_name,記緒
given_name,記勝
given_name,記生
given_name,記男
given_name,記夫
given_name,儀夫
given_name,宜央
given_name,宜生
given_name,宜男
given_name,義夫
given_name,議雄
given_name,議郎
given_name,教生
given_name,教男
given_name,教夫
given_name,教輔
given_name,教雄
given_name,教朗
given_name,教郎
given_name,勤夫
given_name,勤雄
given_name,勤郎
given_name,矩男
given_name,訓央
given_name,訓応
given_name,訓生
given_name,訓男
given_name,啓生
given_name,啓男
given_name,啓雄
given_name,敬生
given_name,敬夫
given_name,敬雄
given_name,経生
given_name,経男
given_name,経夫
given_name,憲映
given_name,憲央
given_name,憲王
given_name,憲生
given_name,憲男
given_name,憲夫
given_name,憲雄
given_name,憲朗
given_name,憲郎
given_name,謙雄
given_name,吾夫
given_name,悟夫
given_name,悟勇
given_name,功生
given_name,功男
given_name,功夫
given_name,孝夫
given_name,克夫
given_name,士夫
given_name,式夫
given_name,識央
given_name,識生
given_name,周央
given_name,宗生
given_name,宗男
given_name,秀斗
given_name,祝夫
given_name,順生
given_name,順雄
given_name,昇央
given_name,昇巨
given_name,昇生
given_name,章夫
given_name,章雄
given_name,伸郎
given_name,慎夫
given_name,慎雄
given_name,成生
given_name,成郎
given_name,仙夫
given_name,宣男
given_name,宣夫
given_name,宣雄
given_name,則生
given_name,則男
given_name,則尾
given_name,則夫
given_name,則雄
given_name,則郎
given_name,知生
given_name,智夫
given_name,智勇
given_name,智雄
given_name,超夫
given_name,哲央
given_name,哲生
given_name,哲男
given_name,哲夫
given_name,哲勇
given_name,典央
given_name,典緒
given_name,典生
given_name,典男
given_name,典夫
given_name,典勇
given_name,典雄
given_name,典良
given_name,典朗
given_name,典郎
given_name,統夫
given_name,道雄
given_name,徳士
given_name,徳治
given_name,徳収
given_name,徳生
given_name,徳男
given_name,徳夫
given_name,徳雄
given_name,徳朗
given_name,徳郎
given_name,乃里夫
given_name,範央
given_name,範生
given_name,範男
given_name,範夫
given_name,範勇
given_name,範雄
given_name,範郎
given_name,法央
given_name,法旺
given_name,法周
given_name,法生
given_name,法男
given_name,法夫
given_name,法勇
given_name,法雄
given_name,明男
given_name,野利男
given_name,野里生
given_name,理生
given_name,律夫
given_name,律雄
given_name,略夫
given_name,緑生
given_name,倫生
given_name,倫男
given_name,倫夫
given_name,令雄
given_name,礼生
given_name,礼男
given_name,礼雄
given_name,規央
given_name,宣興
given_name,則興
given_name,法興
given_name,紀臣
given_name,規臣
given_name,憲臣
given_name,典臣
given_name,徳臣
given_name,範臣
given_name,法臣
given_name,令臣
given_name,紀景
given_name,賀一
given_name,雅一
given_name,格知
given_name,希和
given_name,紀一
given_name,紀量
given_name,紀和
given_name,規一
given_name,規員
given_name,規嘉津
given_name,規司
given_name,規和
given_name,記一
given_name,記和
given_name,宜和
given_name,教一
given_name,教和
given_name,訓一
given_name,訓和
given_name,慶一
given_name,敬和
given_name,憲一
given_name,憲計
given_name,憲和
given_name,悟一
given_name,功一
given_name,功和
given_name,孝容
given_name,孝和
given_name,士司
given_name,周和
given_name,祝一
given_name,昇一
given_name,昇計
given_name,昇三
given_name,昇千
given_name,昇和
given_name,章員
given_name,章和
given_name,慎一
given_name,仁一
given_name,成良
given_name,宣一
given_name,宣寿
given_name,宣多
given_name,則一
given_name,則和
given_name,智一
given_name,哲一
given_name,哲和
given_name,典一
given_name,典計
given_name,典和
given_name,登一
given_name,統一
given_name,徳一
given_name,徳司
given_name,徳万
given_name,徳利
given_name,徳和
given_name,伯一
given_name,範一
given_name,範員
given_name,範計
given_name,範和
given_name,文一
given_name,法一
given_name,法和
given_name,律和
given_name,倫一
given_name,倫司
given_name,倫和
given_name,亘一
given_name,勳一
given_name,義豊
given_name,宣方
given_name,規克
given_name,規勝
given_name,教克
given_name,慶勝
given_name,憲功
given_name,憲克
given_name,憲勝
given_name,悟克
given_name,識勝
given_name,乗克
given_name,乗勝
given_name,宣勝
given_name,則克
given_name,則勝
given_name,典巧
given_name,典克
given_name,徳克
given_name,徳勝
given_name,範勝
given_name,法克
given_name,法勝
given_name,律克
given_name,倫克
given_name,教鐘
given_name,憲鉄
given_name,智兼
given_name,紀輝
given_name,紀樹
given_name,教記
given_name,矩揮
given_name,憲機
given_name,憲紀
given_name,憲樹
given_name,憲城
given_name,憲生
given_name,式希
given_name,識紀
given_name,乗樹
given_name,則基
given_name,則希
given_name,則揮
given_name,則樹
given_name,典希
given_name,典輝
given_name,典樹
given_name,徳樹
given_name,範樹
given_name,法希
given_name,法機
given_name,法樹
given_name,緑樹
given_name,倫己
given_name,訓清
given_name,憲清
given_name,憲精
given_name,則清
given_name,道清
given_name,伯挙
given_name,範清
given_name,稔恭
given_name,宜邦
given_name,憲邦
given_name,誠邦
given_name,宣邦
given_name,徳州
given_name,範訓
given_name,法邦
given_name,了州
given_name,紀定
given_name,憲定
given_name,法正
given_name,法定
given_name,紀誠
given_name,規聡
given_name,憲聖
given_name,則聡
given_name,典諭
given_name,徳識
given_name,紀二
given_name,規司
given_name,則次
given_name,則二
given_name,紀重
given_name,紀成
given_name,紀茂
given_name,規成
given_name,記成
given_name,慶重
given_name,憲樹
given_name,憲重
given_name,憲茂
given_name,工盛
given_name,周重
given_name,祝成
given_name,昇成
given_name,慎恵
given_name,仁茂
given_name,宣成
given_name,則重
given_name,則成
given_name,典重
given_name,典成
given_name,徳重
given_name,徳臣
given_name,徳成
given_name,徳盛
given_name,徳茂
given_name,伯成
given_name,範重
given_name,範繁
given_name,礼成
given_name,紀祐
given_name,教介
given_name,謙佑
given_name,典輔
given_name,統介
given_name,得輔
given_name,法純
given_name,永好
given_name,永尚
given_name,永隆
given_name,雅行
given_name,鑑宇
given_name,鑑孝
given_name,紀貴
given_name,紀孝
given_name,紀考
given_name,紀高
given_name,紀剛
given_name,紀隆
given_name,規貴
given_name,規孝
given_name,規高
given_name,規嵩
given_name,規能
given_name,儀隆
given_name,宜敬
given_name,宜孝
given_name,宜農
given_name,議隆
given_name,教貴
given_name,教好
given_name,教孝
given_name,教剛
given_name,謹高
given_name,訓孝
given_name,慶孝
given_name,敬高
given_name,敬崇
given_name,敬隆
given_name,憲貴
given_name,憲孝
given_name,憲高
given_name,憲尚
given_name,憲臣
given_name,憲嵩
given_name,憲生
given_name,憲壮
given_name,憲隆
given_name,憲陵
given_name,謙尚
given_name,謙万
given_name,謙和
given_name,悟隆
given_name,功賢
given_name,功孝
given_name,功隆
given_name,孝賢
given_name,至享
given_name,至剛
given_name,周啓
given_name,宗孝
given_name,昇孝
given_name,慎高
given_name,慎隆
given_name,臣貴
given_name,仁誠
given_name,仁尊
given_name,成隆
given_name,宣貴
given_name,宣孝
given_name,宣考
given_name,宣隆
given_name,宣亮
given_name,則貴
given_name,則孝
given_name,則尊
given_name,則隆
given_name,智孝
given_name,智尚
given_name,智崇
given_name,智嵩
given_name,智能
given_name,程隆
given_name,哲央
given_name,哲貴
given_name,哲敬
given_name,哲孝
given_name,哲尚
given_name,哲崇
given_name,哲誉
given_name,典貴
given_name,典敬
given_name,典孝
given_name,典高
given_name,典剛
given_name,典飛
given_name,典峰
given_name,典隆
given_name,展崇
given_name,徳栄
given_name,徳貴
given_name,徳賢
given_name,徳厳
given_name,徳孝
given_name,徳高
given_name,徳崇
given_name,徳尊
given_name,徳堂
given_name,徳隆
given_name,範貴
given_name,範孝
given_name,範高
given_name,範尚
given_name,範臣
given_name,範崇
given_name,範隆
given_name,法貴
given_name,法孝
given_name,法高
given_name,法剛
given_name,法平
given_name,法隆
given_name,律宇
given_name,了誉
given_name,倫孝
given_name,令隆
given_name,礼隆
given_name,規威
given_name,規武
given_name,訓丈
given_name,憲威
given_name,憲健
given_name,憲丈
given_name,憲武
given_name,功剛
given_name,則豪
given_name,則武
given_name,典毅
given_name,典剛
given_name,典丈
given_name,徳岳
given_name,徳武
given_name,範丈
given_name,範武
given_name,法剛
given_name,論武
given_name,雅理
given_name,紀匡
given_name,紀忠
given_name,記忠
given_name,敬止
given_name,憲義
given_name,憲忠
given_name,宣正
given_name,則忠
given_name,智禎
given_name,典忠
given_name,範規
given_name,倫忠
given_name,礼忠
given_name,紀達
given_name,紀翔
given_name,規立
given_name,典竜
given_name,徳胤
given_name,永親
given_name,格央
given_name,寛慈
given_name,紀親
given_name,紀力
given_name,宜哉
given_name,宜尋
given_name,教慎
given_name,教親
given_name,勤恭
given_name,訓史
given_name,敬近
given_name,憲央
given_name,憲親
given_name,憲睦
given_name,仁力
given_name,宣親
given_name,則近
given_name,哲史
given_name,典愛
given_name,典近
given_name,典親
given_name,徳元
given_name,徳親
given_name,範史
given_name,範周
given_name,範親
given_name,法央
given_name,法哉
given_name,法爾
given_name,祈次
given_name,紀嗣
given_name,紀次
given_name,紀二
given_name,規次
given_name,宜嗣
given_name,教嗣
given_name,教倫
given_name,訓嗣
given_name,敬貢
given_name,敬嗣
given_name,建次
given_name,憲継
given_name,憲嗣
given_name,憲次
given_name,憲承
given_name,謙承
given_name,悟次
given_name,行嗣
given_name,式丞
given_name,宗嗣
given_name,祝嗣
given_name,伸次
given_name,慎諭
given_name,宣嗣
given_name,宣次
given_name,則継
given_name,則嗣
given_name,則次
given_name,智胤
given_name,哲嗣
given_name,典亜
given_name,典司
given_name,典嗣
given_name,徳告
given_name,徳嗣
given_name,範継
given_name,範貢
given_name,範次
given_name,法継
given_name,法嗣
given_name,法承
given_name,頼二
given_name,倫嗣
given_name,倫承
given_name,典綱
given_name,仁恒
given_name,紀輝
given_name,登晃
given_name,法照
given_name,亘輝
given_name,紀人
given_name,紀仁
given_name,紀斗
given_name,紀登
given_name,規人
given_name,記人
given_name,義人
given_name,教人
given_name,憲人
given_name,憲土
given_name,昭人
given_name,則人
given_name,典人
given_name,徳人
given_name,徳翔
given_name,伯人
given_name,範人
given_name,法人
given_name,律人
given_name,紀寿
given_name,紀年
given_name,紀敏
given_name,規俊
given_name,規敏
given_name,規利
given_name,規壽
given_name,宜利
given_name,教年
given_name,訓敏
given_name,慶章
given_name,憲紀
given_name,憲寿
given_name,憲俊
given_name,憲聡
given_name,憲利
given_name,悟稔
given_name,宗俊
given_name,慎俊
given_name,仙寿
given_name,則俊
given_name,則智
given_name,則年
given_name,則肇
given_name,則敏
given_name,則利
given_name,智俊
given_name,智稔
given_name,稚敏
given_name,哲敏
given_name,哲稔
given_name,典寿
given_name,典俊
given_name,典駿
given_name,典敏
given_name,典利
given_name,統世
given_name,統敏
given_name,徳寿
given_name,徳俊
given_name,徳智
given_name,徳敏
given_name,任世
given_name,伯利
given_name,範俊
given_name,範年
given_name,範敏
given_name,範利
given_name,法利
given_name,学呂
given_name,紀知
given_name,紀友
given_name,規智
given_name,規友
given_name,記朋
given_name,教等
given_name,教友
given_name,敬智
given_name,憲誠
given_name,憲智
given_name,憲友
given_name,謙知
given_name,師友
given_name,仙丈
given_name,則友
given_name,徳朝
given_name,範知
given_name,範智
given_name,範朋
given_name,範倫
given_name,憲尚
given_name,憲直
given_name,則直
given_name,徳尚
given_name,徳有
given_name,紀永
given_name,宜長
given_name,宣長
given_name,典永
given_name,徳長
given_name,法修
given_name,法長
given_name,典成
given_name,紀信
given_name,則信
given_name,法伸
given_name,紀治
given_name,紀春
given_name,規晴
given_name,教晴
given_name,恵治
given_name,憲治
given_name,憲春
given_name,乗晴
given_name,典治
given_name,徳治
given_name,法治
given_name,賀彦
given_name,格彦
given_name,紀彦
given_name,紀弥
given_name,規彦
given_name,宜彦
given_name,教人
given_name,教彦
given_name,矩彦
given_name,勲彦
given_name,訓彦
given_name,敬彦
given_name,憲彦
given_name,功彦
given_name,孝彦
given_name,考彦
given_name,至彦
given_name,詞彦
given_name,式彦
given_name,周彦
given_name,祝彦
given_name,順彦
given_name,昇彦
given_name,仁彦
given_name,成彦
given_name,仙彦
given_name,宣彦
given_name,則彦
given_name,智彦
given_name,哲彦
given_name,典比古
given_name,典彦
given_name,徳彦
given_name,伯彦
given_name,範彦
given_name,文彦
given_name,法彦
given_name,野理彦
given_name,倫彦
given_name,礼彦
given_name,紀久
given_name,紀寿
given_name,紀尚
given_name,紀之
given_name,規久
given_name,記央
given_name,記久
given_name,儀尚
given_name,宜久
given_name,義久
given_name,教永
given_name,教久
given_name,教尚
given_name,矩久
given_name,矩寿
given_name,訓永
given_name,訓久
given_name,訓寿
given_name,敬久
given_name,憲永
given_name,憲央
given_name,憲久
given_name,憲寿
given_name,憲尚
given_name,憲昌
given_name,功久
given_name,師久
given_name,視久
given_name,周古
given_name,宗久
given_name,宗寿
given_name,修久
given_name,祝久
given_name,順久
given_name,昇久
given_name,昇尚
given_name,慎久
given_name,宣久
given_name,宣尚
given_name,則久
given_name,則寿
given_name,則尚
given_name,知久
given_name,智永
given_name,智久
given_name,智尚
given_name,朝央
given_name,帝勲
given_name,哲久
given_name,典永
given_name,典央
given_name,典久
given_name,典寿
given_name,典壽
given_name,展久
given_name,統久
given_name,徳久
given_name,徳寿
given_name,徳尚
given_name,乃了寿
given_name,伯尚
given_name,範永
given_name,範久
given_name,範尚
given_name,法央
given_name,法久
given_name,容久
given_name,倫央
given_name,倫久
given_name,倫尚
given_name,令久
given_name,礼久
given_name,永英
given_name,基嗣
given_name,紀英
given_name,紀秀
given_name,規英
given_name,規嗣
given_name,規秀
given_name,宜栄
given_name,義英
given_name,教偉
given_name,勲任
given_name,訓秀
given_name,敬英
given_name,憲英
given_name,憲秀
given_name,功英
given_name,昇秀
given_name,成次
given_name,宣英
given_name,則秀
given_name,知秀
given_name,智英
given_name,哲英
given_name,典英
given_name,典秀
given_name,徳英
given_name,徳秀
given_name,伯英
given_name,伯秀
given_name,範英
given_name,範豪
given_name,範秀
given_name,法英
given_name,法秀
given_name,了英
given_name,礼英
given_name,賀仁
given_name,寛人
given_name,寛仁
given_name,紀一
given_name,紀史
given_name,紀人
given_name,紀仁
given_name,規士
given_name,規人
given_name,規仁
given_name,記史
given_name,記士
given_name,宜仁
given_name,義士
given_name,義仁
given_name,教人
given_name,教仁
given_name,敬人
given_name,敬仁
given_name,憲史
given_name,憲人
given_name,憲仁
given_name,謙人
given_name,謙仁
given_name,功人
given_name,孝仁
given_name,載仁
given_name,士人
given_name,識人
given_name,祝仁
given_name,慎人
given_name,仁一
given_name,仁人
given_name,績史
given_name,宣人
given_name,宣仁
given_name,則人
given_name,則仁
given_name,尊仁
given_name,智士
given_name,智仁
given_name,稚士
given_name,哲史
given_name,典史
given_name,典人
given_name,典仁
given_name,徳史
given_name,徳人
given_name,徳仁
given_name,乃仁
given_name,伯人
given_name,範士
given_name,範人
given_name,範仁
given_name,法人
given_name,法仁
given_name,庸人
given_name,庸仁
given_name,律史
given_name,了仁
given_name,倫士
given_name,令人
given_name,礼仁
given_name,紀衡
given_name,典平
given_name,賀大
given_name,雅弘
given_name,雅裕
given_name,格弘
given_name,寛弘
given_name,基広
given_name,紀寛
given_name,紀公
given_name,紀宏
given_name,紀広
given_name,紀弘
given_name,紀浩
given_name,紀大
given_name,紀博
given_name,紀祐
given_name,紀裕
given_name,紀洋
given_name,紀廣
given_name,規宏
given_name,規広
given_name,規弘
given_name,規浩
given_name,規尋
given_name,規博
given_name,規裕
given_name,規陽
given_name,記啓
given_name,記宏
given_name,記広
given_name,記大
given_name,記博
given_name,記裕
given_name,記洋
given_name,儀裕
given_name,宜宏
given_name,宜広
given_name,宜弘
given_name,義彦
given_name,議生
given_name,議博
given_name,恭弘
given_name,教寛
given_name,教宏
given_name,教広
given_name,教弘
given_name,教浩
given_name,教尋
given_name,教博
given_name,教裕
given_name,教洋
given_name,教皓
given_name,謹啓
given_name,謹裕
given_name,訓寛
given_name,訓弘
given_name,訓大
given_name,訓裕
given_name,訓洋
given_name,敬容
given_name,経弘
given_name,憲宏
given_name,憲広
given_name,憲弘
given_name,憲浩
given_name,憲大
given_name,憲展
given_name,憲博
given_name,憲平
given_name,憲裕
given_name,憲洋
given_name,憲廣
given_name,謙浩
given_name,玄洋
given_name,功寛
given_name,功啓
given_name,功浩
given_name,功博
given_name,功裕
given_name,載弘
given_name,視丈
given_name,詞啓
given_name,詞大
given_name,式皓
given_name,識宏
given_name,周弘
given_name,周洋
given_name,宗弘
given_name,修広
given_name,祝広
given_name,準明
given_name,準裕
given_name,昇宏
given_name,昇広
given_name,昇弘
given_name,昇大
given_name,昇洋
given_name,章博
given_name,詔啓
given_name,乗寛
given_name,慎啓
given_name,慎大
given_name,仁洋
given_name,成洋
given_name,宣広
given_name,宣弘
given_name,宣博
given_name,宣明
given_name,宣裕
given_name,宣洋
given_name,然浩
given_name,則宏
given_name,則広
given_name,則弘
given_name,則浩
given_name,則博
given_name,則裕
given_name,則廣
given_name,泰樹
given_name,知宏
given_name,知広
given_name,智宏
given_name,智浩
given_name,智裕
given_name,智洋
given_name,哲広
given_name,哲弘
given_name,哲彦
given_name,典寛
given_name,典啓
given_name,典宏
given_name,典広
given_name,典弘
given_name,典浩
given_name,典紘
given_name,典泰
given_name,典大
given_name,典博
given_name,典祐
given_name,典裕
given_name,典洋
given_name,展弘
given_name,展裕
given_name,統央
given_name,統啓
given_name,徳寛
given_name,徳啓
given_name,徳宏
given_name,徳広
given_name,徳弘
given_name,徳浩
given_name,徳宗
given_name,徳尋
given_name,徳泰
given_name,徳大
given_name,徳拓
given_name,徳博
given_name,徳祐
given_name,徳裕
given_name,徳洋
given_name,範宏
given_name,範弘
given_name,範浩
given_name,範博
given_name,範裕
given_name,範洋
given_name,法宏
given_name,法広
given_name,法弘
given_name,法大
given_name,法博
given_name,法洋
given_name,法廣
given_name,律浩
given_name,律裕
given_name,倫寛
given_name,倫敬
given_name,倫宏
given_name,倫広
given_name,倫弘
given_name,倫大
given_name,令博
given_name,礼寛
given_name,路広
given_name,論明
given_name,愼裕
given_name,敬房
given_name,悟亮
given_name,宣房
given_name,則房
given_name,智寅
given_name,徳房
given_name,伯麻
given_name,以文
given_name,紀史
given_name,紀文
given_name,紀歩
given_name,規史
given_name,規文
given_name,記史
given_name,軌文
given_name,宜史
given_name,議史
given_name,教史
given_name,教二巳
given_name,教文
given_name,矩史
given_name,訓史
given_name,敬史
given_name,敬文
given_name,憲史
given_name,憲文
given_name,謙文
given_name,悟史
given_name,功文
given_name,至史
given_name,周史
given_name,周文
given_name,慎史
given_name,宣史
given_name,宣文
given_name,則史
given_name,則文
given_name,智史
given_name,智文
given_name,哲史
given_name,典史
given_name,典夫三
given_name,典文
given_name,徳郁
given_name,徳史
given_name,徳文
given_name,伯史
given_name,伯典
given_name,範史
given_name,範文
given_name,文史
given_name,陛史
given_name,法史
given_name,法文
given_name,庸史
given_name,律史
given_name,律典
given_name,律文
given_name,倫史
given_name,令史
given_name,礼史
given_name,規文
given_name,憲史
given_name,典文
given_name,維勝
given_name,永昌
given_name,格正
given_name,学将
given_name,学正
given_name,紀雅
given_name,紀昌
given_name,紀政
given_name,紀正
given_name,規雅
given_name,規真
given_name,規仁
given_name,規正
given_name,規全
given_name,軌順
given_name,騎正
given_name,宜正
given_name,教雅
given_name,教正
given_name,教全
given_name,矩正
given_name,訓将
given_name,慶聖
given_name,敬将
given_name,敬正
given_name,憲雅
given_name,憲匡
given_name,憲賢
given_name,憲将
given_name,憲昌
given_name,憲征
given_name,憲成
given_name,憲政
given_name,憲正
given_name,憲優
given_name,公正
given_name,功昌
given_name,功眞
given_name,剛正
given_name,師正
given_name,至暢
given_name,宗昌
given_name,順正
given_name,宣政
given_name,宣正
given_name,則雅
given_name,則匡
given_name,則芸
given_name,則昌
given_name,則正
given_name,知正
given_name,智雅
given_name,智正
given_name,智優
given_name,哲成
given_name,哲正
given_name,哲聖
given_name,哲理
given_name,典雅
given_name,典将
given_name,典真
given_name,典成
given_name,典政
given_name,典正
given_name,典應
given_name,展正
given_name,徳雅
given_name,徳将
given_name,徳昌
given_name,徳真
given_name,徳政
given_name,徳正
given_name,徳聖
given_name,範雅
given_name,範匡
given_name,範勝
given_name,範将
given_name,範昌
given_name,範征
given_name,範正
given_name,範暢
given_name,文栄
given_name,法将
given_name,法昌
given_name,法政
given_name,法正
given_name,倫正
given_name,倫暢
given_name,礼雅
given_name,勳正
given_name,典己
given_name,徳樹
given_name,永康
given_name,紀通
given_name,紀道
given_name,紀理
given_name,紀路
given_name,規充
given_name,規道
given_name,規路
given_name,記通
given_name,記道
given_name,記庸
given_name,軌道
given_name,教道
given_name,憲見智
given_name,憲通
given_name,憲導
given_name,憲道
given_name,憲路
given_name,悟道
given_name,昇道
given_name,宣道
given_name,則通
given_name,則道
given_name,知道
given_name,智充
given_name,智通
given_name,中理
given_name,典道
given_name,典路
given_name,範道
given_name,法道
given_name,倫通
given_name,倫道
given_name,礼迪
given_name,紀光
given_name,紀充
given_name,紀満
given_name,規光
given_name,規充
given_name,教光
given_name,教充
given_name,矩光
given_name,訓光
given_name,訓三
given_name,敬充
given_name,憲光
given_name,憲充
given_name,憲照
given_name,謙光
given_name,悟光
given_name,功光
given_name,功充
given_name,准光
given_name,章充
given_name,宣光
given_name,則光
given_name,則実
given_name,則充
given_name,則満
given_name,知光
given_name,哲光
given_name,典光
given_name,典克
given_name,典充
given_name,典満
given_name,展光
given_name,徳光
given_name,徳三
given_name,徳充
given_name,乃充
given_name,伯光
given_name,伯明
given_name,範光
given_name,範充
given_name,法光
given_name,法充
given_name,法満
given_name,律光
given_name,倫光
given_name,徳宗
given_name,範宗
given_name,令宗
given_name,紀元
given_name,典玄
given_name,徳元
given_name,範元
given_name,法基
given_name,雅也
given_name,紀哉
given_name,紀也
given_name,紀矢
given_name,記也
given_name,敬哉
given_name,憲哉
given_name,則哉
given_name,知也
given_name,典也
given_name,徳也
given_name,範弥
given_name,法也
given_name,礼也
given_name,紀康
given_name,紀泰
given_name,規安
given_name,規恭
given_name,規康
given_name,規泰
given_name,規靖
given_name,儀康
given_name,義泰
given_name,議穏
given_name,教安
given_name,教恭
given_name,教泰
given_name,教靖
given_name,訓康
given_name,啓泰
given_name,敬康
given_name,憲康
given_name,憲泰
given_name,憲保
given_name,憲靖
given_name,謙康
given_name,功泰
given_name,功又
given_name,孝康
given_name,識恭
given_name,章泰
given_name,仁康
given_name,宣康
given_name,則安
given_name,則恭
given_name,則康
given_name,則泰
given_name,則靖
given_name,則倫
given_name,知愛
given_name,智保
given_name,哲康
given_name,哲靖
given_name,典尉
given_name,典恭
given_name,典康
given_name,典泰
given_name,典保
given_name,典靖
given_name,徳恭
given_name,徳康
given_name,徳泰
given_name,徳保
given_name,徳靖
given_name,徳裕
given_name,伯恭
given_name,範安
given_name,範恭
given_name,範康
given_name,範泰
given_name,範保
given_name,文尉
given_name,法居
given_name,法保
given_name,雄恭
given_name,誉育
given_name,了康
given_name,礼康
given_name,威行
given_name,永幸
given_name,央幸
given_name,賀通
given_name,賀之
given_name,格行
given_name,学志
given_name,寛之
given_name,希征
given_name,紀亨
given_name,紀元
given_name,紀倖
given_name,紀孝
given_name,紀幸
given_name,紀行
given_name,紀征
given_name,紀之
given_name,紀裕貴
given_name,規亨
given_name,規幸
given_name,規行
given_name,規志
given_name,規至
given_name,規之
given_name,規由
given_name,記敬
given_name,記幸
given_name,記行
given_name,記之
given_name,軌行
given_name,儀幸
given_name,儀行
given_name,儀之
given_name,宜享
given_name,宜幸
given_name,宜行
given_name,宜征
given_name,宜之
given_name,議之
given_name,教幸
given_name,教行
given_name,教雪
given_name,教之
given_name,勤行
given_name,勤之
given_name,謹至
given_name,矩幸
given_name,矩行
given_name,矩之
given_name,訓幸
given_name,訓行
given_name,訓之
given_name,啓至
given_name,啓之
given_name,慶幸
given_name,慶之
given_name,敬幸
given_name,敬行
given_name,敬之
given_name,経之
given_name,憲幸
given_name,憲行
given_name,憲志
given_name,憲征
given_name,憲生
given_name,憲之
given_name,憲礼
given_name,謙亨
given_name,謙行
given_name,謙之
given_name,悟幸
given_name,悟行
given_name,悟章
given_name,悟之
given_name,悟由
given_name,功往
given_name,功介
given_name,功行
given_name,功至
given_name,功之
given_name,孝之
given_name,工幸
given_name,史之
given_name,士志
given_name,師行
given_name,師之
given_name,至行
given_name,識敬
given_name,識行
given_name,実志
given_name,主幸
given_name,周之
given_name,宗幸
given_name,宗将
given_name,祝行
given_name,祝之
given_name,準幸
given_name,順幸
given_name,順之
given_name,昇志
given_name,昇之
given_name,詔行
given_name,詔之
given_name,慎征
given_name,慎之
given_name,仁敬
given_name,仁幸
given_name,仁志
given_name,仙幸
given_name,仙之
given_name,宣幸
given_name,宣行
given_name,宣之
given_name,然之
given_name,則維
given_name,則介
given_name,則敬
given_name,則幸
given_name,則行
given_name,則之
given_name,短幸
given_name,知行
given_name,知之
given_name,知敏
given_name,智幸
given_name,智行
given_name,智之
given_name,哲享
given_name,哲孝
given_name,哲幸
given_name,哲行
given_name,哲之
given_name,哲廉
given_name,典亨
given_name,典敬
given_name,典幸
given_name,典行
given_name,典志
given_name,典政
given_name,典雪
given_name,典千
given_name,典之
given_name,展行
given_name,登幸
given_name,度之
given_name,統之
given_name,徳喜
given_name,徳敬
given_name,徳幸
given_name,徳行
given_name,徳志
given_name,徳至
given_name,徳是
given_name,徳征
given_name,徳如
given_name,徳之
given_name,乃之
given_name,納肖
given_name,能順
given_name,能登
given_name,能之
given_name,伯幸
given_name,伯行
given_name,伯如
given_name,伯之
given_name,範幸
given_name,範行
given_name,範志
given_name,範至
given_name,範征
given_name,範之
given_name,範有樹
given_name,法恭
given_name,法敬
given_name,法幸
given_name,法行
given_name,法征
given_name,法之
given_name,稔征
given_name,理行
given_name,律幸
given_name,律之
given_name,了之
given_name,倫幸
given_name,倫行
given_name,倫之
given_name,礼之
given_name,論行
given_name,愼享
given_name,愼章
given_name,学義
given_name,寛芳
given_name,基寛
given_name,紀佳
given_name,紀嘉
given_name,紀喜
given_name,紀宜
given_name,紀義
given_name,紀吉
given_name,紀好
given_name,紀賛
given_name,紀昌
given_name,紀是
given_name,紀善
given_name,紀美
given_name,紀芳
given_name,紀由
given_name,紀良
given_name,規悦
given_name,規佳
given_name,規可
given_name,規喜
given_name,規義
given_name,規祥
given_name,規善
given_name,規良
given_name,記佳
given_name,記嘉
given_name,記義
given_name,記良
given_name,儀良
given_name,宜義
given_name,宜祥
given_name,義善
given_name,教悦
given_name,教嘉
given_name,教義
given_name,教秀
given_name,教祥
given_name,教善
given_name,教禎
given_name,訓由
given_name,訓良
given_name,慶佳
given_name,慶吉
given_name,慶好
given_name,慶睦
given_name,敬承
given_name,経仁
given_name,憲佳
given_name,憲可
given_name,憲嘉
given_name,憲宜
given_name,憲義
given_name,憲欣
given_name,憲厳
given_name,憲好
given_name,憲司
given_name,憲美
given_name,憲芳
given_name,憲由
given_name,憲良
given_name,謙嘉
given_name,謙仁
given_name,己善
given_name,悟欣
given_name,悟善
given_name,功佳
given_name,功勝
given_name,功芳
given_name,功和
given_name,巧和
given_name,史芳
given_name,詞貴
given_name,詞義
given_name,識義
given_name,識祥
given_name,周良
given_name,順吉
given_name,昇功
given_name,昇兌
given_name,章愛
given_name,成美
given_name,仙佳
given_name,宣吉
given_name,宣良
given_name,則佳
given_name,則義
given_name,則吉
given_name,則好
given_name,則叔
given_name,則祥
given_name,則善
given_name,則芳
given_name,則良
given_name,代喜
given_name,智義
given_name,智祥
given_name,致美
given_name,哲義
given_name,哲好
given_name,典佳
given_name,典宜
given_name,典義
given_name,典恵
given_name,典功
given_name,典剛
given_name,典善
given_name,典芳
given_name,典由
given_name,典良
given_name,展好
given_name,徳喜
given_name,徳義
given_name,徳慶
given_name,徳好
given_name,徳善
given_name,徳彦
given_name,徳芳
given_name,徳良
given_name,乃善
given_name,能義
given_name,伯佳
given_name,伯文
given_name,範佳
given_name,範義
given_name,範好
given_name,範昌
given_name,範善
given_name,範芳
given_name,法義
given_name,法好
given_name,法典
given_name,法良
given_name,律嘉
given_name,律好
given_name,律善
given_name,了祥
given_name,倫義
given_name,倫尚
given_name,倫理
given_name,野留土
given_name,羽亜人
given_name,初芽生
given_name,鋼
given_name,計
given_name,議
given_name,計
given_name,斗
given_name,度
given_name,舶
given_name,漠
given_name,麦
given_name,白馬
given_name,一
given_name,魁
given_name,開
given_name,冠
given_name,基
given_name,紀
given_name,吉
given_name,啓
given_name,計
given_name,元
given_name,源
given_name,玄
given_name,昂
given_name,甲
given_name,哉
given_name,才
given_name,朔
given_name,始
given_name,治
given_name,自
given_name,式
given_name,宗
given_name,叔
given_name,淑
given_name,祝
given_name,春
given_name,順
given_name,初
given_name,新
given_name,先
given_name,祖
given_name,創
given_name,早
given_name,聡
given_name,太
given_name,大
given_name,拓
given_name,端
given_name,朝
given_name,天
given_name,統
given_name,肇
given_name,甫
given_name,萌
given_name,本
given_name,孟
given_name,弌
given_name,走
given_name,弾
given_name,馳
given_name,八朗
given_name,八郎
given_name,初男
given_name,初夫
given_name,初雄
given_name,初郎
given_name,八起
given_name,初士
given_name,初至
given_name,初次
given_name,初治
given_name,釟三
given_name,初太郎
given_name,釟太郎
given_name,初陽
given_name,初秀
given_name,初仁
given_name,初広
given_name,初弘
given_name,初浩
given_name,肇博
given_name,初二三
given_name,創史
given_name,初馬
given_name,初哉
given_name,初也
given_name,初幸
given_name,初之
given_name,華武
given_name,花太郎
given_name,華丸
given_name,花道
given_name,花行
given_name,濱一
given_name,逸郎
given_name,駿
given_name,早男
given_name,速雄
given_name,隼男
given_name,隼雄
given_name,隼臣
given_name,速和
given_name,隼一
given_name,駿
given_name,速樹
given_name,隼樹
given_name,羽矢志
given_name,駿
given_name,迅史
given_name,早史
given_name,早士
given_name,早志
given_name,速
given_name,速士
given_name,隼
given_name,速世
given_name,隼世
given_name,快太
given_name,征太
given_name,速太
given_name,八彌多
given_name,隼太
given_name,隼大
given_name,隼次
given_name,疾
given_name,疾風
given_name,敏風
given_name,颯
given_name,逸人
given_name,逸登
given_name,羽矢人
given_name,鋭人
given_name,快人
given_name,快仁
given_name,敬人
given_name,健人
given_name,剣人
given_name,甲矢人
given_name,粛人
given_name,駿人
given_name,駿斗
given_name,準人
given_name,準斗
given_name,将人
given_name,捷人
given_name,捷達
given_name,迅人
given_name,迅斗
given_name,迅登
given_name,隻人
given_name,早人
given_name,早登
given_name,速人
given_name,速徒
given_name,哲人
given_name,巴矢人
given_name,覇人
given_name,俳優人
given_name,隼史
given_name,隼士
given_name,隼人
given_name,隼仁
given_name,隼生
given_name,隼斗
given_name,隼登
given_name,隼都
given_name,隼土
given_name,隼道
given_name,隼利
given_name,隼翔
given_name,敏登
given_name,勇虎
given_name,勇人
given_name,勇仁
given_name,勇斗
given_name,勇登
given_name,勇都
given_name,勇利
given_name,勇和
given_name,葉弥斗
given_name,林人
given_name,翔人
given_name,颯人
given_name,颯斗
given_name,迅利
given_name,早敏
given_name,勇成
given_name,敬乃
given_name,早比古
given_name,隼彦
given_name,早人
given_name,速実
given_name,速水
given_name,隼磨
given_name,玄晃
given_name,玄明
given_name,治顕
given_name,治晃
given_name,治昭
given_name,治章
given_name,春秋
given_name,春昭
given_name,春聡
given_name,春明
given_name,晴暁
given_name,晴秋
given_name,晴昭
given_name,晴章
given_name,晴成
given_name,晴明
given_name,晴亮
given_name,晴朗
given_name,泰生
given_name,張明
given_name,東明
given_name,陽輝
given_name,陽昭
given_name,陽明
given_name,治一
given_name,春一
given_name,晴一
given_name,明一郎
given_name,晴英
given_name,温男
given_name,温夫
given_name,温朗
given_name,啓夫
given_name,治王
given_name,治士
given_name,治生
given_name,治男
given_name,治夫
given_name,治穂
given_name,治雄
given_name,治朗
given_name,治郎
given_name,春生
given_name,春男
given_name,春夫
given_name,春雄
given_name,春郎
given_name,晴央
given_name,晴巨
given_name,晴士
given_name,晴生
given_name,晴男
given_name,晴夫
given_name,晴雄
given_name,晴朗
given_name,晴郎
given_name,東男
given_name,敏勇
given_name,明男
given_name,陽生
given_name,陽夫
given_name,陽雄
given_name,陽郎
given_name,治臣
given_name,春臣
given_name,晴臣
given_name,悠
given_name,遥河
given_name,瞭
given_name,遼
given_name,治和
given_name,春一
given_name,晴一
given_name,晴計
given_name,晴和
given_name,裕克
given_name,栄希
given_name,栄樹
given_name,永季
given_name,温喜
given_name,温紀
given_name,啓生
given_name,元気
given_name,元雪
given_name,玄季
given_name,玄記
given_name,玄貴
given_name,玄樹
given_name,玄生
given_name,治喜
given_name,治基
given_name,治希
given_name,治揮
given_name,治季
given_name,治紀
given_name,治規
given_name,治記
given_name,治貴
given_name,治輝
given_name,治己
given_name,治樹
given_name,治城
given_name,治生
given_name,治妃
given_name,春喜
given_name,春基
given_name,春希
given_name,春毅
given_name,春紀
given_name,春貴
given_name,春起
given_name,春輝
given_name,春錦
given_name,春樹
given_name,春城
given_name,春生
given_name,春木
given_name,晴喜
given_name,晴基
given_name,晴希
given_name,晴紀
given_name,晴規
given_name,晴記
given_name,晴貴
given_name,晴輝
given_name,晴己
given_name,晴樹
given_name,晴章
given_name,晴城
given_name,晴生
given_name,晴之
given_name,青樹
given_name,早春生
given_name,泰規
given_name,暖樹
given_name,東樹
given_name,明希
given_name,明樹
given_name,悠希
given_name,悠生
given_name,遥喜
given_name,遥希
given_name,遥輝
given_name,遥生
given_name,陽喜
given_name,陽基
given_name,陽希
given_name,陽気
given_name,陽紀
given_name,陽規
given_name,陽貴
given_name,陽輝
given_name,陽己
given_name,陽樹
given_name,陽城
given_name,遼紀
given_name,治清
given_name,治邦
given_name,晴国
given_name,晴國
given_name,青邦
given_name,治定
given_name,啓至
given_name,治司
given_name,治志
given_name,春士
given_name,晴司
given_name,陽史
given_name,治司
given_name,治二
given_name,春治
given_name,春二
given_name,晴路
given_name,温繁
given_name,開成
given_name,治重
given_name,治成
given_name,治茂
given_name,春重
given_name,春茂
given_name,晴滋
given_name,晴重
given_name,晴繁
given_name,晴茂
given_name,陽重
given_name,治助
given_name,晴純
given_name,春太
given_name,遥太
given_name,玄崇
given_name,治巨
given_name,治孝
given_name,治尊
given_name,春隆
given_name,晴貴
given_name,晴敬
given_name,晴孝
given_name,晴耕
given_name,晴資
given_name,晴崇
given_name,晴任
given_name,晴誉
given_name,晴隆
given_name,東生
given_name,陽崇
given_name,玄武
given_name,治武
given_name,晴丈
given_name,陽正
given_name,晴胤
given_name,治太郎
given_name,春太郎
given_name,元慎
given_name,治史
given_name,治胤
given_name,春次
given_name,晴嗣
given_name,明次
given_name,温斗
given_name,雅人
given_name,玄人
given_name,時人
given_name,治人
given_name,春人
given_name,春仁
given_name,春斗
given_name,駿登
given_name,晴人
given_name,晴仁
given_name,晴斗
given_name,晴渡
given_name,晴土
given_name,晴任
given_name,晴翔
given_name,悠人
given_name,悠斗
given_name,悠翔
given_name,遥登
given_name,陽人
given_name,陽仁
given_name,陽大
given_name,陽斗
given_name,陽土
given_name,遙人
given_name,遙斗
given_name,晴季
given_name,一利
given_name,温鋭
given_name,開俊
given_name,治俊
given_name,治年
given_name,治敏
given_name,治稔
given_name,治利
given_name,春寿
given_name,春俊
given_name,春年
given_name,春敏
given_name,晴淑
given_name,晴俊
given_name,晴年
given_name,晴敏
given_name,晴利
given_name,陽俊
given_name,陽敏
given_name,玄知
given_name,治智
given_name,治友
given_name,敏丈
given_name,明智
given_name,明友
given_name,玄直
given_name,晴修
given_name,治仲
given_name,永修
given_name,治永
given_name,陽長
given_name,治成
given_name,春成
given_name,晴成
given_name,晴也
given_name,晴之介
given_name,晴之輔
given_name,晴之祐
given_name,治恒
given_name,治史
given_name,治順
given_name,治伸
given_name,治信
given_name,治暢
given_name,治之
given_name,春伸
given_name,春信
given_name,晴永
given_name,晴修
given_name,晴伸
given_name,晴信
given_name,晴宣
given_name,晴庸
given_name,知修
given_name,東伸
given_name,東信
given_name,明伸
given_name,悠暢
given_name,雄靖
given_name,陽伸
given_name,陽亘
given_name,隆斗
given_name,玄徳
given_name,治憲
given_name,治則
given_name,治典
given_name,治徳
given_name,治範
given_name,春徳
given_name,晴紀
given_name,晴規
given_name,晴憲
given_name,晴謙
given_name,晴則
given_name,晴典
given_name,晴徳
given_name,晴律
given_name,大尋
given_name,張徳
given_name,美至
given_name,陽紀
given_name,陽準
given_name,温彦
given_name,元彦
given_name,玄彦
given_name,治比古
given_name,治彦
given_name,春彦
given_name,晴比古
given_name,晴彦
given_name,東彦
given_name,波留彦
given_name,遥彦
given_name,陽彦
given_name,温尚
given_name,始寿
given_name,治永
given_name,治久
given_name,治寿
given_name,治尚
given_name,治壽
given_name,修久
given_name,春久
given_name,春寿
given_name,晴央
given_name,晴久
given_name,晴寿
given_name,大悠
given_name,東久
given_name,冶久
given_name,悠久
given_name,陽久
given_name,陽恒
given_name,玄任
given_name,治栄
given_name,治英
given_name,治秀
given_name,春英
given_name,晴英
given_name,東秀
given_name,陽英
given_name,栄人
given_name,温仁
given_name,元士
given_name,玄人
given_name,玄仁
given_name,治史
given_name,治人
given_name,治仁
given_name,春人
given_name,春仁
given_name,春仙
given_name,晴人
given_name,晴仁
given_name,悠人
given_name,陽人
given_name,陽仁
given_name,立人
given_name,令人
given_name,温大
given_name,治宏
given_name,治広
given_name,治弘
given_name,治浩
given_name,治廣
given_name,春広
given_name,春博
given_name,晴寛
given_name,晴啓
given_name,晴宏
given_name,晴弘
given_name,晴浩
given_name,晴裕
given_name,晴洋
given_name,陽弘
given_name,治房
given_name,晴房
given_name,春舟
given_name,治史
given_name,治文
given_name,晴史
given_name,晴文
given_name,明史
given_name,陽文
given_name,玄摩
given_name,春雅
given_name,春馬
given_name,晴真
given_name,晴馬
given_name,遥真
given_name,玄昌
given_name,治将
given_name,治昌
given_name,治正
given_name,春雅
given_name,晴雅
given_name,晴公
given_name,晴政
given_name,晴正
given_name,晴將
given_name,張正
given_name,明祐
given_name,陽正
given_name,治通
given_name,治道
given_name,春道
given_name,晴通
given_name,晴道
given_name,悠貢
given_name,悠倫
given_name,陽通
given_name,陽道
given_name,治光
given_name,春光
given_name,春三
given_name,春充
given_name,晴光
given_name,晴充
given_name,陽光
given_name,陽充
given_name,治峰
given_name,晴峰
given_name,晴幹
given_name,晴基
given_name,晴元
given_name,晴盛
given_name,明績
given_name,温哉
given_name,元也
given_name,玄也
given_name,治哉
given_name,治也
given_name,治弥
given_name,春哉
given_name,春也
given_name,春弥
given_name,晴哉
given_name,晴也
given_name,暖矢
given_name,東也
given_name,日哉
given_name,敏也
given_name,遥也
given_name,陽哉
given_name,陽也
given_name,脩矢
given_name,治安
given_name,治恭
given_name,晴康
given_name,晴庸
given_name,明育
given_name,陽康
given_name,英幸
given_name,温行
given_name,玄行
given_name,治幸
given_name,治行
given_name,治之
given_name,治文
given_name,春幸
given_name,春行
given_name,春之
given_name,晴幸
given_name,晴行
given_name,晴之
given_name,東行
given_name,明之
given_name,悠行
given_name,悠之
given_name,陽運
given_name,陽志
given_name,陽之
given_name,陽悠
given_name,温善
given_name,玄祥
given_name,治喜
given_name,治義
given_name,治慶
given_name,治好
given_name,治承
given_name,治善
given_name,治美
given_name,治良
given_name,春儀
given_name,春義
given_name,春慶
given_name,春好
given_name,春芳
given_name,晴惟
given_name,晴義
given_name,晴好
given_name,晴善
given_name,晴美
given_name,晴彬
given_name,晴芳
given_name,晴由
given_name,晴良
given_name,大義
given_name,東義
given_name,明意
given_name,明義
given_name,明昌
given_name,陽至
given_name,陽良
given_name,晴朗
given_name,晴郎
given_name,波郎
given_name,帆
given_name,晩
given_name,範一郎
given_name,晩夏
given_name,半次郎
given_name,繁二郎
given_name,帆朱
given_name,帆太
given_name,帆太郎
given_name,帆人
given_name,万里
given_name,輝
given_name,光
given_name,光人
given_name,晃
given_name,太陽
given_name,曜
given_name,耀
given_name,陽
given_name,暉
given_name,洸
given_name,映
given_name,瑛
given_name,英
given_name,輝
given_name,光
given_name,彦一
given_name,彦一郎
given_name,彦三郎
given_name,彦四郎
given_name,彦次朗
given_name,彦次郎
given_name,彦二郎
given_name,彦三
given_name,彦太
given_name,彦太郎
given_name,彦次
given_name,彦治
given_name,彦馬
given_name,彦丸
given_name,彦摩呂
given_name,彦弥
given_name,彦行
given_name,彦之
given_name,彦慶
given_name,彦善
given_name,栄昭
given_name,永晃
given_name,永明
given_name,央淳
given_name,央昭
given_name,久阿紀
given_name,久輝
given_name,久顕
given_name,久晃
given_name,久彰
given_name,久昌
given_name,久昭
given_name,久晶
given_name,久章
given_name,久聡
given_name,久哲
given_name,久明
given_name,久朗
given_name,寿昭
given_name,寿章
given_name,尚晃
given_name,尚彰
given_name,尚章
given_name,尚明
given_name,比三明
given_name,久淳
given_name,寿一
given_name,永生
given_name,永雄
given_name,永朗
given_name,喜夫
given_name,久生
given_name,久大
given_name,久男
given_name,久夫
given_name,久普
given_name,久雄
given_name,久朗
given_name,久郎
given_name,寿生
given_name,寿男
given_name,寿夫
given_name,寿雄
given_name,寿朗
given_name,寿郎
given_name,尚央
given_name,尚功
given_name,尚臣
given_name,尚生
given_name,尚男
given_name,尚夫
given_name,尚雄
given_name,尚郎
given_name,比佐夫
given_name,比左夫
given_name,悠夫
given_name,裕夫
given_name,壽男
given_name,壽夫
given_name,壽雄
given_name,壽朗
given_name,壽郎
given_name,永臣
given_name,久臣
given_name,寿臣
given_name,央多
given_name,央和
given_name,久一
given_name,久唄
given_name,久和
given_name,寿一
given_name,寿量
given_name,寿和
given_name,尚一
given_name,尚和
given_name,久克
given_name,久勝
given_name,寿克
given_name,尚克
given_name,長克
given_name,久和
given_name,永樹
given_name,央基
given_name,央樹
given_name,久企
given_name,久喜
given_name,久希
given_name,久揮
given_name,久祈
given_name,久記
given_name,久貴
given_name,久起
given_name,久輝
given_name,久己
given_name,久樹
given_name,久城
given_name,寿喜
given_name,寿紀
given_name,寿輝
given_name,寿樹
given_name,寿来
given_name,尚希
given_name,尚毅
given_name,尚紀
given_name,尚記
given_name,悠生
given_name,久国
given_name,久邦
given_name,久実
given_name,栄志
given_name,永司
given_name,永詞
given_name,央史
given_name,央嗣
given_name,央志
given_name,央至
given_name,央資
given_name,学司
given_name,学史
given_name,喜史
given_name,久佐司
given_name,久伺
given_name,久司
given_name,久史
given_name,久嗣
given_name,久士
given_name,久師
given_name,久志
given_name,久視
given_name,久詞
given_name,久詩
given_name,久資
given_name,久賜
given_name,久進
given_name,久之
given_name,久巳
given_name,恭志
given_name,九史
given_name,九志
given_name,向士
given_name,恒司
given_name,恒史
given_name,恒志
given_name,寿司
given_name,寿史
given_name,寿嗣
given_name,寿士
given_name,寿志
given_name,寿旨
given_name,寿詩
given_name,寿資
given_name,寿吏
given_name,尚司
given_name,尚史
given_name,尚嗣
given_name,尚士
given_name,尚志
given_name,尚将
given_name,尚巳
given_name,比佐志
given_name,比左思
given_name,飛彩士
given_name,悠
given_name,悠史
given_name,悠志
given_name,壽志
given_name,脩示
given_name,久司
given_name,久次
given_name,久治
given_name,久二
given_name,寿治
given_name,久滋
given_name,久重
given_name,久繁
given_name,久茂
given_name,尚四郎
given_name,久介
given_name,久純
given_name,永高
given_name,永尚
given_name,央隆
given_name,久貴
given_name,久喬
given_name,久恭
given_name,久敬
given_name,久孝
given_name,久高
given_name,久剛
given_name,久尚
given_name,久臣
given_name,久崇
given_name,久隆
given_name,寿孝
given_name,尚敬
given_name,尚孝
given_name,尚隆
given_name,壽貴
given_name,学武
given_name,久剛
given_name,久武
given_name,寿壮
given_name,尚大
given_name,尚武
given_name,久忠
given_name,久太郎
given_name,寿太郎
given_name,壽多朗
given_name,久継
given_name,久貢
given_name,久嗣
given_name,久次
given_name,寿継
given_name,寿次
given_name,尚嗣
given_name,藤嗣
given_name,弥嗣
given_name,久綱
given_name,永恒
given_name,久恒
given_name,久哲
given_name,久輝
given_name,久晃
given_name,久照
given_name,栄人
given_name,永人
given_name,央人
given_name,学人
given_name,久人
given_name,久仁
given_name,久斗
given_name,久登
given_name,久都
given_name,久隼
given_name,久門
given_name,久友
given_name,久里
given_name,桐人
given_name,紘里
given_name,寿己
given_name,寿人
given_name,寿仁
given_name,寿斗
given_name,寿杜
given_name,寿登
given_name,尚人
given_name,尚登
given_name,尚豊
given_name,申人
given_name,宣人
given_name,日佐登
given_name,日里
given_name,妃里
given_name,比佐人
given_name,悠人
given_name,壽人
given_name,永壽
given_name,久季
given_name,久寿
given_name,久宗
given_name,久俊
given_name,久聡
given_name,久敏
given_name,久稔
given_name,久利
given_name,寿俊
given_name,寿仁
given_name,寿聡
given_name,寿登司
given_name,寿年
given_name,寿利
given_name,尚寿
given_name,尚俊
given_name,尚敏
given_name,尚稔
given_name,尚利
given_name,昌寿
given_name,仁俊
given_name,翔俊
given_name,久富
given_name,久知
given_name,久智
given_name,久朋
given_name,久友
given_name,寿知
given_name,寿智
given_name,尚朋
given_name,尚友
given_name,長氏
given_name,久豊
given_name,学尚
given_name,久尚
given_name,久真
given_name,久直
given_name,寿直
given_name,尚直
given_name,久永
given_name,久長
given_name,寿長
given_name,尚永
given_name,央成
given_name,久育
given_name,久就
given_name,久成
given_name,久也
given_name,寿成
given_name,尚成
given_name,能功
given_name,久之輔
given_name,永悦
given_name,永修
given_name,永晋
given_name,央信
given_name,央展
given_name,久延
given_name,久喜
given_name,久宜
given_name,久史
given_name,久修
given_name,久伸
given_name,久信
given_name,久宣
given_name,久直
given_name,久展
given_name,久能
given_name,久靖
given_name,恭暢
given_name,寿昇
given_name,寿伸
given_name,寿信
given_name,寿暢
given_name,寿陳
given_name,尚延
given_name,尚史
given_name,尚伸
given_name,尚信
given_name,尚宣
given_name,永周
given_name,永典
given_name,永統
given_name,央紀
given_name,央矩
given_name,央慎
given_name,央典
given_name,喜紀
given_name,喜智
given_name,久賀
given_name,久鑑
given_name,久紀
given_name,久規
given_name,久記
given_name,久義
given_name,久教
given_name,久訓
given_name,久敬
given_name,久憲
given_name,久功
given_name,久祝
given_name,久順
given_name,久詔
given_name,久成
given_name,久則
given_name,久智
given_name,久哲
given_name,久典
given_name,久展
given_name,久徳
given_name,久範
given_name,久法
given_name,久律
given_name,久倫
given_name,久令
given_name,久礼
given_name,恒紀
given_name,恒則
given_name,恒徳
given_name,寿学
given_name,寿紀
given_name,寿規
given_name,寿教
given_name,寿憲
given_name,寿宣
given_name,寿則
given_name,寿典
given_name,寿徳
given_name,寿伯
given_name,寿範
given_name,寿法
given_name,修士
given_name,尚紀
given_name,尚規
given_name,尚訓
given_name,尚敬
given_name,尚憲
given_name,尚孝
given_name,尚宣
given_name,尚則
given_name,尚典
given_name,尚徳
given_name,尚伯
given_name,尚範
given_name,尚法
given_name,尚倫
given_name,尚令
given_name,仁徳
given_name,是徳
given_name,仙誠
given_name,壽紀
given_name,壽則
given_name,央晴
given_name,久治
given_name,久春
given_name,久晴
given_name,久正
given_name,寿治
given_name,寿陽
given_name,常治
given_name,久彦
given_name,寿彦
given_name,尚彦
given_name,久英
given_name,寿英
given_name,尚秀
given_name,久人
given_name,久仁
given_name,寿人
given_name,尚仁
given_name,悠仁
given_name,久寛
given_name,久公
given_name,久広
given_name,久弘
given_name,久浩
given_name,久紘
given_name,久尋
given_name,久博
given_name,久裕
given_name,久洋
given_name,恒浩
given_name,寿宏
given_name,尚宏
given_name,尚広
given_name,尚弘
given_name,富大
given_name,央文
given_name,久史
given_name,久文
given_name,寿文
given_name,尚史
given_name,尚文
given_name,弥文
given_name,悠史
given_name,久丸
given_name,久麿
given_name,尚麿
given_name,久通
given_name,久道
given_name,久倫
given_name,尚達
given_name,尚通
given_name,尚道
given_name,仁道
given_name,之通
given_name,能道
given_name,永光
given_name,永充
given_name,央充
given_name,久光
given_name,久充
given_name,久満
given_name,恭充
given_name,寿光
given_name,寿晃
given_name,寿充
given_name,寿満
given_name,尚光
given_name,央宗
given_name,久宗
given_name,久征
given_name,久泰
given_name,久守
given_name,久盛
given_name,央也
given_name,久哉
given_name,久也
given_name,久弥
given_name,久矢
given_name,久彌
given_name,恒也
given_name,寿哉
given_name,寿也
given_name,寿弥
given_name,尚哉
given_name,尚也
given_name,尚弥
given_name,長也
given_name,壽也
given_name,永康
given_name,央康
given_name,久恭
given_name,久康
given_name,久泰
given_name,久保
given_name,久靖
given_name,久裕
given_name,寿康
given_name,寿泰
given_name,尚泰
given_name,永行
given_name,央恭
given_name,央幸
given_name,央行
given_name,央征
given_name,央之
given_name,学千
given_name,喜之
given_name,久敬
given_name,久幸
given_name,久行
given_name,久征
given_name,久之
given_name,久遍
given_name,久礼
given_name,桐亨
given_name,恒幸
given_name,剛征
given_name,寿介
given_name,寿倖
given_name,寿幸
given_name,寿行
given_name,寿之
given_name,寿祐
given_name,尚亨
given_name,尚敬
given_name,尚幸
given_name,尚志
given_name,尚千
given_name,尚之
given_name,仙幸
given_name,長之
given_name,富行
given_name,富之
given_name,壽幸
given_name,永世
given_name,永代
given_name,永誉
given_name,央世
given_name,央代
given_name,央容
given_name,喜世
given_name,喜代
given_name,久佳
given_name,久世
given_name,久代
given_name,久弥
given_name,久予
given_name,久与
given_name,久誉
given_name,久容
given_name,久葉
given_name,久陽
given_name,恭代
given_name,桐代
given_name,桐葉
given_name,玖代
given_name,契代
given_name,古代
given_name,恒世
given_name,恒代
given_name,寿昌
given_name,寿世
given_name,寿代
given_name,寿誉
given_name,尚世
given_name,尚代
given_name,尚予
given_name,昌代
given_name,千代
given_name,日佐代
given_name,日沙代
given_name,日砂代
given_name,妃佐世
given_name,妃佐代
given_name,妃咲代
given_name,妃三代
given_name,妃紗世
given_name,妃早代
given_name,比佐世
given_name,比佐代
given_name,比沙代
given_name,比瑳世
given_name,比早代
given_name,緋紗代
given_name,富代
given_name,弥世
given_name,弥代
given_name,悠世
given_name,悠代
given_name,壽代
given_name,永佳
given_name,永祥
given_name,永善
given_name,永芳
given_name,央祥
given_name,央能
given_name,久愛
given_name,久允
given_name,久悦
given_name,久佳
given_name,久嘉
given_name,久賀
given_name,久喜
given_name,久貴
given_name,久宜
given_name,久義
given_name,久吉
given_name,久慶
given_name,久敬
given_name,久賢
given_name,久好
given_name,久資
given_name,久純
given_name,久尚
given_name,久昌
given_name,久祥
given_name,久宣
given_name,久善
given_name,久泰
given_name,久禎
given_name,久芳
given_name,久睦
given_name,久由
given_name,久洋
given_name,久良
given_name,恭良
given_name,恒圭
given_name,寿栄
given_name,寿佳
given_name,寿好
given_name,寿善
given_name,寿能
given_name,寿芳
given_name,寿良
given_name,尚佳
given_name,尚宜
given_name,尚義
given_name,尚慶
given_name,尚昌
given_name,尚善
given_name,尚芳
given_name,尚由
given_name,尚良
given_name,比佐義
given_name,壽芳
given_name,久依
given_name,久順
given_name,飛駿
given_name,飛翔
given_name,聖
given_name,備像
given_name,密
given_name,英
given_name,秀
given_name,英明
given_name,秀明
given_name,栄晃
given_name,栄彰
given_name,栄昭
given_name,栄章
given_name,栄明
given_name,栄朗
given_name,瑛明
given_name,英映
given_name,英輝
given_name,英享
given_name,英暁
given_name,英謙
given_name,英顕
given_name,英晃
given_name,英秋
given_name,英彰
given_name,英昇
given_name,英昌
given_name,英昭
given_name,英晶
given_name,英章
given_name,英証
given_name,英詳
given_name,英成
given_name,英聡
given_name,英知
given_name,英智
given_name,英聴
given_name,英哲
given_name,英彬
given_name,英明
given_name,英了
given_name,英亮
given_name,英朗
given_name,季晃
given_name,秀映
given_name,秀瑛
given_name,秀輝
given_name,秀暁
given_name,秀顕
given_name,秀晃
given_name,秀秋
given_name,秀彰
given_name,秀昌
given_name,秀昭
given_name,秀晶
given_name,秀照
given_name,秀章
given_name,秀聡
given_name,秀哲
given_name,秀彬
given_name,秀明
given_name,秀亮
given_name,秀朗
given_name,秀聰
given_name,日出秋
given_name,任昭
given_name,任章
given_name,秀彰
given_name,英厚
given_name,秀篤
given_name,秀敦
given_name,英有
given_name,秀在
given_name,秀有
given_name,英一
given_name,英市
given_name,秀伊智
given_name,秀一
given_name,秀市
given_name,英一郎
given_name,秀逸
given_name,偉生
given_name,偉夫
given_name,偉雄
given_name,偉郎
given_name,栄男
given_name,栄夫
given_name,栄朗
given_name,栄郎
given_name,英央
given_name,英応
given_name,英士
given_name,英臣
given_name,英世
given_name,英生
given_name,英大
given_name,英男
given_name,英夫
given_name,英勇
given_name,英雄
given_name,英良
given_name,英朗
given_name,英郎
given_name,季生
given_name,季男
given_name,求生
given_name,幸勇
given_name,豪男
given_name,豪雄
given_name,秀央
given_name,秀旺
given_name,秀王
given_name,秀巨
given_name,秀士
given_name,秀出央
given_name,秀世
given_name,秀生
given_name,秀男
given_name,秀夫
given_name,秀雄
given_name,秀朗
given_name,秀郎
given_name,淑夫
given_name,淑雄
given_name,日出生
given_name,日出男
given_name,日出夫
given_name,日出雄
given_name,日出郎
given_name,英夫
given_name,英興
given_name,英洋
given_name,秀起
given_name,秀興
given_name,英臣
given_name,栄臣
given_name,英臣
given_name,秀臣
given_name,栄一
given_name,栄和
given_name,英一
given_name,英計
given_name,英数
given_name,英知
given_name,英和
given_name,求知
given_name,寿和
given_name,秀一
given_name,秀壱
given_name,秀胤
given_name,秀計
given_name,秀憲
given_name,秀収
given_name,秀数
given_name,秀和
given_name,日出一
given_name,日出和
given_name,和一
given_name,英方
given_name,秀方
given_name,偉克
given_name,栄克
given_name,英活
given_name,英克
given_name,英勝
given_name,英力
given_name,豪克
given_name,秀克
given_name,秀勝
given_name,英一
given_name,秀一
given_name,秀和
given_name,栄幹
given_name,栄基
given_name,栄毅
given_name,栄紀
given_name,栄貴
given_name,栄輝
given_name,栄材
given_name,栄樹
given_name,栄俊
given_name,永基
given_name,英幹
given_name,英喜
given_name,英基
given_name,英希
given_name,英揮
given_name,英機
given_name,英毅
given_name,英気
given_name,英季
given_name,英紀
given_name,英規
given_name,英記
given_name,英貴
given_name,英起
given_name,英輝
given_name,英宜
given_name,英君
given_name,英己
given_name,英樹
given_name,英城
given_name,英生
given_name,英柱
given_name,英木
given_name,英雄
given_name,英来
given_name,英暉
given_name,季希
given_name,季紀
given_name,季生
given_name,幸希
given_name,幸樹
given_name,豪紀
given_name,豪規
given_name,豪樹
given_name,寿樹
given_name,秀喜
given_name,秀基
given_name,秀希
given_name,秀棋
given_name,秀機
given_name,秀毅
given_name,秀紀
given_name,秀規
given_name,秀記
given_name,秀貴
given_name,秀起
given_name,秀輝
given_name,秀騎
given_name,秀宜
given_name,秀技
given_name,秀興
given_name,秀己
given_name,秀樹
given_name,秀城
given_name,秀生
given_name,秀妃
given_name,秀木
given_name,秀来
given_name,日出喜
given_name,日出紀
given_name,日出貴
given_name,日出樹
given_name,英吉
given_name,秀吉
given_name,秀公
given_name,英清
given_name,秀清
given_name,栄邦
given_name,英訓
given_name,英邦
given_name,秀国
given_name,秀邦
given_name,英作
given_name,英禎
given_name,秀貞
given_name,秀定
given_name,秀禎
given_name,英郷
given_name,英賢
given_name,英聖
given_name,英聡
given_name,秀郷
given_name,秀里
given_name,英三郎
given_name,栄志
given_name,英司
given_name,英史
given_name,英嗣
given_name,英士
given_name,英師
given_name,英志
given_name,英資
given_name,英滋
given_name,英之
given_name,傑之
given_name,秀司
given_name,秀史
given_name,秀嗣
given_name,秀士
given_name,秀志
given_name,秀之
given_name,日出志
given_name,瑛爾
given_name,英司
given_name,英嗣
given_name,英志
given_name,英次
given_name,英治
given_name,英二
given_name,秀司
given_name,秀嗣
given_name,秀次
given_name,秀治
given_name,秀仁
given_name,秀二
given_name,栄成
given_name,英重
given_name,英茂
given_name,秀重
given_name,秀茂
given_name,秀次朗
given_name,秀次郎
given_name,秀治郎
given_name,秀二朗
given_name,秀二郎
given_name,栄介
given_name,英介
given_name,英督
given_name,英輔
given_name,英亮
given_name,秀助
given_name,秀典
given_name,秀祐
given_name,英純
given_name,秀純
given_name,英純
given_name,秀純
given_name,英三
given_name,秀三
given_name,秀蔵
given_name,英太
given_name,秀太
given_name,日出太
given_name,栄貴
given_name,栄孝
given_name,栄高
given_name,栄誉
given_name,英乙
given_name,英岳
given_name,英毅
given_name,英貴
given_name,英宜
given_name,英丘
given_name,英敬
given_name,英孝
given_name,英考
given_name,英高
given_name,英剛
given_name,英峻
given_name,英崇
given_name,英嵩
given_name,英正
given_name,英尊
given_name,英鷹
given_name,英陽
given_name,英隆
given_name,豪貴
given_name,豪剛
given_name,豪崇
given_name,豪隆
given_name,秀宇
given_name,秀岳
given_name,秀貴
given_name,秀喬
given_name,秀恭
given_name,秀空
given_name,秀敬
given_name,秀賢
given_name,秀好
given_name,秀孝
given_name,秀高
given_name,秀剛
given_name,秀財
given_name,秀尚
given_name,秀崇
given_name,秀尊
given_name,秀鷹
given_name,秀能
given_name,秀峰
given_name,秀峯
given_name,秀誉
given_name,秀隆
given_name,秀和
given_name,英威
given_name,英岳
given_name,英剛
given_name,英丈
given_name,英武
given_name,豪剛
given_name,秀威
given_name,秀岳
given_name,秀健
given_name,秀剛
given_name,秀竹
given_name,秀武
given_name,秀猛
given_name,秀勇
given_name,英資
given_name,英忠
given_name,寿妙
given_name,秀匡
given_name,秀忠
given_name,秀直
given_name,秀禎
given_name,秀任
given_name,栄達
given_name,英達
given_name,英立
given_name,英竜
given_name,秀達
given_name,秀龍
given_name,英太郎
given_name,秀太朗
given_name,秀太郎
given_name,英慶
given_name,英哉
given_name,英史
given_name,英周
given_name,英親
given_name,秀央
given_name,秀哉
given_name,秀周
given_name,秀慎
given_name,秀親
given_name,秀千代
given_name,栄胤
given_name,栄嗣
given_name,英継
given_name,英嗣
given_name,英次
given_name,英諭
given_name,秀胤
given_name,秀暁
given_name,秀継
given_name,秀告
given_name,秀嗣
given_name,秀次
given_name,偉綱
given_name,英庸
given_name,秀常
given_name,英哲
given_name,英照
given_name,秀輝
given_name,栄人
given_name,栄斗
given_name,栄登
given_name,英俊
given_name,英人
given_name,英仁
given_name,英達
given_name,英斗
given_name,英登
given_name,英都
given_name,英隼
given_name,豪人
given_name,嗣士
given_name,嗣人
given_name,嗣仁
given_name,秀史
given_name,秀人
given_name,秀仁
given_name,秀斗
given_name,秀登
given_name,秀都
given_name,秀年
given_name,日出人
given_name,日出登
given_name,日出東
given_name,任人
given_name,秀時
given_name,栄寿
given_name,栄俊
given_name,栄利
given_name,英毅
given_name,英才
given_name,英歳
given_name,英資
given_name,英寿
given_name,英淑
given_name,英俊
given_name,英峻
given_name,英信
given_name,英仁
given_name,英聖
given_name,英聡
given_name,英知
given_name,英智
given_name,英登志
given_name,英年
given_name,英隼
given_name,英敏
given_name,英稔
given_name,英明
given_name,英利
given_name,衡俊
given_name,豪紀
given_name,豪俊
given_name,豪敏
given_name,豪利
given_name,嗣敏
given_name,秀紀
given_name,秀寿
given_name,秀叔
given_name,秀俊
given_name,秀駿
given_name,秀章
given_name,秀聡
given_name,秀年
given_name,秀肇
given_name,秀繁
given_name,秀敏
given_name,秀甫
given_name,秀稔
given_name,秀利
given_name,任利
given_name,榮利
given_name,英富
given_name,秀臣
given_name,偉友
given_name,栄大
given_name,栄智
given_name,栄友
given_name,英知
given_name,英智
given_name,英朋
given_name,英友
given_name,豪友
given_name,秀具
given_name,秀丈
given_name,秀大
given_name,秀知
given_name,秀智
given_name,秀朝
given_name,秀伴
given_name,秀朋
given_name,秀友
given_name,東文
given_name,英豊
given_name,英虎
given_name,英巨
given_name,英尚
given_name,英直
given_name,秀尚
given_name,秀直
given_name,栄寿
given_name,英永
given_name,英長
given_name,秀永
given_name,秀長
given_name,栄生
given_name,英就
given_name,英成
given_name,英生
given_name,英誠
given_name,英也
given_name,秀周
given_name,秀成
given_name,秀斉
given_name,秀也
given_name,秀有
given_name,秀之進
given_name,秀之助
given_name,偉伸
given_name,栄喜
given_name,栄伸
given_name,栄信
given_name,栄暢
given_name,栄展
given_name,英允
given_name,英延
given_name,英修
given_name,英順
given_name,英将
given_name,英伸
given_name,英信
given_name,英申
given_name,英進
given_name,英誠
given_name,英宣
given_name,英暢
given_name,英展
given_name,豪伸
given_name,豪紳
given_name,秀允
given_name,秀延
given_name,秀史
given_name,秀修
given_name,秀昇
given_name,秀伸
given_name,秀信
given_name,秀臣
given_name,秀誠
given_name,秀宣
given_name,秀暢
given_name,秀長
given_name,秀展
given_name,秀靖
given_name,秀亘
given_name,秀亘
given_name,栄紀
given_name,栄記
given_name,栄敬
given_name,栄乗
given_name,栄慎
given_name,栄典
given_name,栄登
given_name,栄徳
given_name,栄範
given_name,英永
given_name,英雅
given_name,英寛
given_name,英鑑
given_name,英紀
given_name,英規
given_name,英記
given_name,英儀
given_name,英宜
given_name,英巨
given_name,英教
given_name,英矩
given_name,英訓
given_name,英慶
given_name,英敬
given_name,英芸
given_name,英憲
given_name,英悟
given_name,英功
given_name,英孝
given_name,英識
given_name,英順
given_name,英昇
given_name,英仁
given_name,英宣
given_name,英則
given_name,英知
given_name,英智
given_name,英哲
given_name,英典
given_name,英統
given_name,英徳
given_name,英伯
given_name,英範
given_name,英文
given_name,英方
given_name,英法
given_name,英稔
given_name,英明
given_name,英友
given_name,英誉
given_name,英里
given_name,英了
given_name,英倫
given_name,英論
given_name,季紀
given_name,季規
given_name,幸考
given_name,豪紀
given_name,豪則
given_name,豪知
given_name,豪徳
given_name,嗣規
given_name,嗣宣
given_name,嗣徳
given_name,秀維
given_name,秀格
given_name,秀基
given_name,秀紀
given_name,秀規
given_name,秀記
given_name,秀儀
given_name,秀宜
given_name,秀教
given_name,秀勲
given_name,秀訓
given_name,秀啓
given_name,秀憲
given_name,秀賢
given_name,秀昇
given_name,秀仁
given_name,秀宣
given_name,秀則
given_name,秀知
given_name,秀智
given_name,秀稚
given_name,秀勅
given_name,秀哲
given_name,秀典
given_name,秀徳
given_name,秀伯
given_name,秀範
given_name,秀文
given_name,秀法
given_name,秀理
given_name,秀律
given_name,秀倫
given_name,秀亘
given_name,日出憲
given_name,任規
given_name,任智
given_name,任伯
given_name,英八
given_name,英啓
given_name,英治
given_name,英春
given_name,英晴
given_name,英相
given_name,英知
given_name,豪治
given_name,嗣治
given_name,秀勲
given_name,秀治
given_name,秀春
given_name,秀晴
given_name,秀明
given_name,秀冶
given_name,日出玄
given_name,日出治
given_name,偉彦
given_name,栄彦
given_name,英日己
given_name,英比古
given_name,英彦
given_name,豪彦
given_name,秀比古
given_name,秀彦
given_name,日出彦
given_name,英久
given_name,英向
given_name,英寿
given_name,英尚
given_name,秀久
given_name,秀寿
given_name,秀尚
given_name,秀壽
given_name,榮久
given_name,栄人
given_name,栄仁
given_name,英士
given_name,英人
given_name,英仁
given_name,英民
given_name,季仁
given_name,豪史
given_name,豪仁
given_name,秀史
given_name,秀人
given_name,秀仁
given_name,秀飛人
given_name,彬人
given_name,栄宇
given_name,栄博
given_name,栄洋
given_name,英寛
given_name,英敬
given_name,英玄
given_name,英宏
given_name,英広
given_name,英弘
given_name,英浩
given_name,英史
given_name,英尋
given_name,英大
given_name,英博
given_name,英比呂
given_name,英裕
given_name,英洋
given_name,英廣
given_name,英皓
given_name,秀岳
given_name,秀寛
given_name,秀啓
given_name,秀広
given_name,秀弘
given_name,秀浩
given_name,秀紘
given_name,秀大
given_name,秀拓
given_name,秀博
given_name,秀裕
given_name,秀洋
given_name,日出拡
given_name,英総
given_name,英房
given_name,秀薫
given_name,秀房
given_name,偉史
given_name,栄文
given_name,英郁
given_name,英史
given_name,英冨美
given_name,英文
given_name,豪文
given_name,嗣史
given_name,秀史
given_name,秀出郁
given_name,秀章
given_name,秀典
given_name,秀文
given_name,英史
given_name,英章
given_name,英文
given_name,秀文
given_name,秀穂
given_name,英摩
given_name,秀馬
given_name,秀麻
given_name,栄昌
given_name,栄成
given_name,英雅
given_name,英匡
given_name,英賢
given_name,英剛
given_name,英将
given_name,英昌
given_name,英真
given_name,英征
given_name,英政
given_name,英正
given_name,英督
given_name,英優
given_name,秀雅
given_name,秀匡
given_name,秀将
given_name,秀昌
given_name,秀真
given_name,秀真佐
given_name,秀政
given_name,秀正
given_name,秀全
given_name,秀多
given_name,秀方
given_name,秀優
given_name,日出正
given_name,秀松
given_name,英丸
given_name,秀丸
given_name,英麿
given_name,秀摩呂
given_name,秀麿
given_name,秀水
given_name,栄道
given_name,英道
given_name,英理
given_name,英倫
given_name,英路
given_name,秀享
given_name,秀径
given_name,秀誠
given_name,秀通
given_name,秀導
given_name,秀道
given_name,秀法
given_name,秀倫
given_name,秀路
given_name,英光
given_name,英充
given_name,英満
given_name,英弥
given_name,幸充
given_name,秀光
given_name,秀充
given_name,秀満
given_name,日出光
given_name,秀宗
given_name,英資
given_name,秀元
given_name,英衛
given_name,英守
given_name,英盛
given_name,秀盛
given_name,偉也
given_name,英哉
given_name,英也
given_name,英弥
given_name,英矢
given_name,豪哉
given_name,豪也
given_name,秀哉
given_name,秀也
given_name,秀弥
given_name,秀矢
given_name,未弥
given_name,栄恭
given_name,栄泰
given_name,栄鎮
given_name,英恭
given_name,英康
given_name,英資
given_name,英泰
given_name,英保
given_name,英靖
given_name,嗣康
given_name,秀安
given_name,秀易
given_name,秀育
given_name,秀康
given_name,秀泰
given_name,秀保
given_name,秀靖
given_name,任康
given_name,映之
given_name,栄幸
given_name,栄行
given_name,栄之
given_name,瑛之
given_name,英介
given_name,英久
given_name,英亨
given_name,英享
given_name,英恭
given_name,英敬
given_name,英公
given_name,英幸
given_name,英行
given_name,英志
given_name,英就
given_name,英順
given_name,英将
given_name,英征
given_name,英如
given_name,英之
given_name,英文
given_name,英由基
given_name,英由季
given_name,英由紀
given_name,幸享
given_name,衡征
given_name,豪行
given_name,豪之
given_name,嗣順
given_name,嗣之
given_name,次幸
given_name,寿幸
given_name,秀維
given_name,秀介
given_name,秀享
given_name,秀恭
given_name,秀敬
given_name,秀幸
given_name,秀行
given_name,秀将
given_name,秀章
given_name,秀晋
given_name,秀進
given_name,秀征
given_name,秀徹
given_name,秀之
given_name,秀友希
given_name,秀礼
given_name,秀廉
given_name,秀侑
given_name,成幸
given_name,日出幸
given_name,日出行
given_name,栄世
given_name,英好
given_name,英世
given_name,英誉
given_name,堪誉
given_name,秀世
given_name,日出世
given_name,英喜
given_name,英義
given_name,英吉
given_name,英好
given_name,英充
given_name,英俊
given_name,英世士
given_name,英精
given_name,英禎
given_name,英芳
given_name,英由
given_name,英誉
given_name,英良
given_name,季義
given_name,秀英
given_name,秀悦
given_name,秀佳
given_name,秀嘉
given_name,秀宜
given_name,秀義
given_name,秀吉
given_name,秀好
given_name,秀剛
given_name,秀祥
given_name,秀世志
given_name,秀善
given_name,秀芳
given_name,秀容
given_name,秀良
given_name,秀頼
given_name,英朗
given_name,英郎
given_name,秀朗
given_name,秀郎
given_name,日出朗
given_name,日出郎
given_name,仁昭
given_name,仁明
given_name,仁生
given_name,仁勇
given_name,一臣
given_name,仁臣
given_name,仁一
given_name,仁和
given_name,一樹
given_name,士貫
given_name,俊祐
given_name,仁希
given_name,仁稀
given_name,仁紀
given_name,仁規
given_name,仁貴
given_name,仁輝
given_name,仁樹
given_name,一嘉
given_name,一司
given_name,一史
given_name,一士
given_name,一志
given_name,一詩
given_name,一誌
given_name,一十四
given_name,一東志
given_name,火斗志
given_name,均
given_name,均司
given_name,均史
given_name,均志
given_name,欽
given_name,結
given_name,恒
given_name,衡
given_name,斎志
given_name,寿
given_name,准
given_name,旬
given_name,旬志
given_name,準
given_name,準士
given_name,将
given_name,称
given_name,人司
given_name,人史
given_name,人嗣
given_name,人士
given_name,人志
given_name,人詩
given_name,人織
given_name,人之
given_name,仁
given_name,仁一
given_name,仁伺
given_name,仁司
given_name,仁史
given_name,仁嗣
given_name,仁士
given_name,仁姿
given_name,仁志
given_name,仁思
given_name,仁支
given_name,仁施
given_name,仁氏
given_name,仁祉
given_name,仁至
given_name,仁視
given_name,仁詩
given_name,仁誌
given_name,仁資
given_name,仁慈
given_name,仁偲
given_name,仁守
given_name,仁俊
given_name,仁信
given_name,仁笥
given_name,仁崇
given_name,仁是
given_name,仁清
given_name,仁之
given_name,仁銖
given_name,整
given_name,斉
given_name,斉史
given_name,斉志
given_name,大
given_name,中
given_name,的
given_name,徹
given_name,等
given_name,等司
given_name,等史
given_name,等志
given_name,等笥
given_name,日登士
given_name,日登志
given_name,比斗史
given_name,比斗志
given_name,比登史
given_name,比登志
given_name,飛途士
given_name,平
given_name,倫史
given_name,和
given_name,和史
given_name,將
given_name,渾
given_name,齊
given_name,仁次
given_name,仁路
given_name,仁嗣
given_name,仁成
given_name,人信
given_name,仁伸
given_name,斉之
given_name,人則
given_name,仁宣
given_name,仁典
given_name,仁治
given_name,仁彦
given_name,人寿
given_name,仁久
given_name,人大
given_name,一房
given_name,人文
given_name,仁文
given_name,仁政
given_name,仁正
given_name,仁丸
given_name,一歩
given_name,人哉
given_name,仁哉
given_name,仁也
given_name,仁康
given_name,仁泰
given_name,一人
given_name,仁理
given_name,独
given_name,陽
given_name,響
given_name,響希
given_name,響貴
given_name,響生
given_name,比日樹
given_name,日向
given_name,飛悠吾
given_name,飛雄吾
given_name,飛馬
given_name,飛雄馬
given_name,彪
given_name,彪一
given_name,兵一郎
given_name,飛伍
given_name,彪吾
given_name,兵庫
given_name,兵伍
given_name,兵吾
given_name,俵介
given_name,兵馬
given_name,飛翼
given_name,比羅夫
given_name,比良夫
given_name,開
given_name,啓
given_name,墾
given_name,拓
given_name,展
given_name,飛竜
given_name,宇宙
given_name,弘
given_name,浩
given_name,尋
given_name,比呂
given_name,祐
given_name,央光
given_name,央晃
given_name,央明
given_name,央朗
given_name,央耿
given_name,寛暁
given_name,寛顕
given_name,寛晃
given_name,寛秋
given_name,寛彰
given_name,寛昭
given_name,寛晶
given_name,寛章
given_name,寛成
given_name,寛聡
given_name,寛明
given_name,寛盟
given_name,寛亮
given_name,寛朗
given_name,啓暁
given_name,啓顕
given_name,啓光
given_name,啓晃
given_name,啓彰
given_name,啓昭
given_name,啓晶
given_name,啓照
given_name,啓章
given_name,啓晋
given_name,啓成
given_name,啓聡
given_name,啓明
given_name,啓有
given_name,啓亮
given_name,啓朗
given_name,敬晃
given_name,敬彰
given_name,敬照
given_name,敬章
given_name,敬明
given_name,景章
given_name,玄昭
given_name,公顕
given_name,公章
given_name,公明
given_name,公亮
given_name,宏旭
given_name,宏亨
given_name,宏暁
given_name,宏啓
given_name,宏顕
given_name,宏公
given_name,宏晃
given_name,宏秋
given_name,宏彰
given_name,宏招
given_name,宏昌
given_name,宏昭
given_name,宏晶
given_name,宏照
given_name,宏祥
given_name,宏章
given_name,宏紹
given_name,宏聡
given_name,宏哲
given_name,宏彬
given_name,宏明
given_name,宏亮
given_name,宏朗
given_name,宏曉
given_name,巧晃
given_name,広輝
given_name,広暁
given_name,広顕
given_name,広晃
given_name,広秋
given_name,広彰
given_name,広昭
given_name,広晶
given_name,広祥
given_name,広章
given_name,広哲
given_name,広彬
given_name,広明
given_name,広揚
given_name,広洋
given_name,広陽
given_name,広亮
given_name,広朗
given_name,弘旭
given_name,弘瑛
given_name,弘暁
given_name,弘顕
given_name,弘晃
given_name,弘秋
given_name,弘彰
given_name,弘昌
given_name,弘昭
given_name,弘晶
given_name,弘照
given_name,弘祥
given_name,弘章
given_name,弘信
given_name,弘成
given_name,弘哲
given_name,弘彬
given_name,弘明
given_name,弘盟
given_name,弘陽
given_name,弘亮
given_name,弘朗
given_name,弘顯
given_name,浩覚
given_name,浩輝
given_name,浩暁
given_name,浩啓
given_name,浩顕
given_name,浩晃
given_name,浩秋
given_name,浩彰
given_name,浩昌
given_name,浩昭
given_name,浩晶
given_name,浩照
given_name,浩章
given_name,浩成
given_name,浩聡
given_name,浩彬
given_name,浩明
given_name,浩了
given_name,浩亮
given_name,浩朗
given_name,紘顕
given_name,紘彰
given_name,紘昭
given_name,紘晶
given_name,紘章
given_name,紘信
given_name,紘明
given_name,紘亮
given_name,紘朗
given_name,紘顯
given_name,衡明
given_name,郊紀
given_name,周明
given_name,宗晃
given_name,宗昭
given_name,宗照
given_name,宗明
given_name,宗諒
given_name,淳晃
given_name,尚明
given_name,丈晃
given_name,仁晃
given_name,仁晶
given_name,仁明
given_name,仁亮
given_name,尋輝
given_name,尋秋
given_name,尋昭
given_name,尋章
given_name,尋明
given_name,尋亮
given_name,太昭
given_name,太陽
given_name,泰暁
given_name,泰彰
given_name,泰昌
given_name,泰章
given_name,泰成
given_name,泰明
given_name,泰亮
given_name,泰朗
given_name,大英
given_name,大暁
given_name,大謙
given_name,大顕
given_name,大晃
given_name,大彰
given_name,大昌
given_name,大昭
given_name,大晶
given_name,大祥
given_name,大章
given_name,大誠
given_name,大聡
given_name,大哲
given_name,大明
given_name,大陽
given_name,大朗
given_name,大皓
given_name,拓尭
given_name,拓光
given_name,拓晃
given_name,拓彰
given_name,拓昌
given_name,拓昭
given_name,拓晶
given_name,拓章
given_name,拓明
given_name,拓亮
given_name,宙暁
given_name,宙彰
given_name,宙昭
given_name,宙明
given_name,展明
given_name,博愛
given_name,博愛規
given_name,博瑛
given_name,博輝
given_name,博暁
given_name,博啓
given_name,博敬
given_name,博顕
given_name,博光
given_name,博晃
given_name,博秋
given_name,博彰
given_name,博昌
given_name,博昭
given_name,博晶
given_name,博照
given_name,博章
given_name,博成
given_name,博聡
given_name,博哲
given_name,博文
given_name,博明
given_name,博陽
given_name,博亮
given_name,博玲
given_name,博朗
given_name,比呂晃
given_name,彦明
given_name,普朗
given_name,豊輝
given_name,弥光
given_name,弥晃
given_name,祐暁
given_name,祐秋
given_name,祐昭
given_name,祐章
given_name,祐明
given_name,祐玲
given_name,裕亜紀
given_name,裕旭
given_name,裕右
given_name,裕映
given_name,裕覚
given_name,裕卿
given_name,裕暁
given_name,裕啓
given_name,裕顕
given_name,裕晃
given_name,裕秋
given_name,裕淳
given_name,裕彰
given_name,裕昌
given_name,裕昭
given_name,裕晶
given_name,裕照
given_name,裕章
given_name,裕詔
given_name,裕成
given_name,裕聡
given_name,裕哲
given_name,裕彬
given_name,裕明
given_name,裕陽
given_name,裕了
given_name,裕亮
given_name,裕朗
given_name,裕晟
given_name,裕顯
given_name,雄明
given_name,容彰
given_name,容章
given_name,容明
given_name,洋旭
given_name,洋介
given_name,洋輝
given_name,洋暁
given_name,洋光
given_name,洋晃
given_name,洋彰
given_name,洋昭
given_name,洋照
given_name,洋章
given_name,洋正
given_name,洋壮
given_name,洋輔
given_name,洋明
given_name,洋陽
given_name,洋亮
given_name,洋朗
given_name,洋皓
given_name,廣暁
given_name,廣晃
given_name,廣秋
given_name,廣昭
given_name,廣照
given_name,廣章
given_name,廣明
given_name,彌明
given_name,洸昂
given_name,皓暁
given_name,皓晃
given_name,央篤
given_name,宏篤
given_name,広篤
given_name,弘昌
given_name,弘篤
given_name,浩厚
given_name,浩淳
given_name,浩敦
given_name,展淳
given_name,博厚
given_name,博篤
given_name,裕厚
given_name,弘在
given_name,浩存
given_name,博一郎
given_name,央夫
given_name,寛生
given_name,寛大
given_name,寛男
given_name,寛夫
given_name,寛雄
given_name,寛朗
given_name,寛郎
given_name,啓生
given_name,啓男
given_name,啓雄
given_name,宏生
given_name,宏大
given_name,宏夫
given_name,宏雄
given_name,宏郎
given_name,広生
given_name,広大
given_name,広男
given_name,広夫
given_name,広雄
given_name,広朗
given_name,広郎
given_name,弘生
given_name,弘男
given_name,弘夫
given_name,弘雄
given_name,弘朗
given_name,洪男
given_name,浩央
given_name,浩生
given_name,浩壮
given_name,浩大
given_name,浩男
given_name,浩夫
given_name,浩雄
given_name,浩朗
given_name,浩郎
given_name,紘生
given_name,紘夫
given_name,紘雄
given_name,紘郎
given_name,泰生
given_name,泰男
given_name,大乙
given_name,大生
given_name,大穂
given_name,大雄
given_name,大朗
given_name,宙生
given_name,宙夫
given_name,展央
given_name,博央
given_name,博生
given_name,博大
given_name,博男
given_name,博夫
given_name,博雄
given_name,博郎
given_name,弥生
given_name,悠雄
given_name,祐男
given_name,祐雄
given_name,裕央
given_name,裕州
given_name,裕生
given_name,裕大
given_name,裕男
given_name,裕夫
given_name,裕穂
given_name,裕雄
given_name,裕朗
given_name,裕郎
given_name,洋央
given_name,洋生
given_name,洋大
given_name,洋男
given_name,洋夫
given_name,洋雄
given_name,洋朗
given_name,洋郎
given_name,廣生
given_name,廣男
given_name,皓生
given_name,寛興
given_name,宏興
given_name,広興
given_name,広宙
given_name,広隆
given_name,大興
given_name,大宙
given_name,博興
given_name,博典
given_name,洋興
given_name,洋宙
given_name,廣居
given_name,央臣
given_name,寛臣
given_name,宏臣
given_name,広臣
given_name,弘臣
given_name,浩臣
given_name,紘臣
given_name,鴻臣
given_name,尋臣
given_name,泰臣
given_name,大臣
given_name,博臣
given_name,明臣
given_name,祐臣
given_name,裕臣
given_name,洋臣
given_name,廣臣
given_name,央一
given_name,央和
given_name,嘉一
given_name,拡和
given_name,寛一
given_name,寛和
given_name,巨一
given_name,啓一
given_name,啓員
given_name,啓憲
given_name,啓収
given_name,啓和
given_name,敬和
given_name,公一
given_name,厚一
given_name,宏一
given_name,宏員
given_name,宏計
given_name,宏和
given_name,広一
given_name,広計
given_name,広数
given_name,広多
given_name,広量
given_name,広和
given_name,弘一
given_name,弘員
given_name,弘運
given_name,弘教
given_name,弘九
given_name,弘憲
given_name,弘数
given_name,弘万
given_name,弘量
given_name,弘和
given_name,浩一
given_name,浩且
given_name,浩計
given_name,浩主
given_name,浩寿
given_name,浩数
given_name,浩量
given_name,浩和
given_name,浩壽
given_name,紘一
given_name,紘主
given_name,紘千
given_name,紘和
given_name,宗万
given_name,順和
given_name,尚一
given_name,祥一
given_name,仁一
given_name,尋一
given_name,太一
given_name,太和
given_name,泰一
given_name,泰麗
given_name,泰和
given_name,大一
given_name,大計
given_name,大寿
given_name,大数
given_name,大和
given_name,拓一
given_name,拓員
given_name,宙一
given_name,展和
given_name,博一
given_name,博紀
given_name,博計
given_name,博憲
given_name,博司
given_name,博万
given_name,博良
given_name,博量
given_name,博和
given_name,彦知
given_name,普一
given_name,平和
given_name,弥一
given_name,弥寿
given_name,祐一
given_name,祐和
given_name,裕一
given_name,裕員
given_name,裕運
given_name,裕円
given_name,裕計
given_name,裕憲
given_name,裕司
given_name,裕重
given_name,裕千
given_name,裕万
given_name,裕和
given_name,洋一
given_name,洋数
given_name,洋年
given_name,洋量
given_name,洋和
given_name,壽一
given_name,廣一
given_name,廣和
given_name,大風
given_name,裕風
given_name,宏器
given_name,宏賢
given_name,宏方
given_name,弘賢
given_name,弘容
given_name,尋方
given_name,博賢
given_name,洋方
given_name,寛勝
given_name,啓克
given_name,啓勝
given_name,敬勝
given_name,湖勝
given_name,宏克
given_name,宏勝
given_name,広克
given_name,広勝
given_name,弘克
given_name,弘勝
given_name,浩克
given_name,浩勝
given_name,紘勝
given_name,泰克
given_name,泰勝
given_name,大活
given_name,大勝
given_name,大雄
given_name,博且
given_name,博桂
given_name,博克
given_name,博勝
given_name,明勉
given_name,祐勝
given_name,裕克
given_name,裕勝
given_name,洋且
given_name,洋克
given_name,洋勝
given_name,洋力
given_name,廣勝
given_name,弘和
given_name,浩和
given_name,宇基
given_name,央喜
given_name,央希
given_name,央揮
given_name,央毅
given_name,央記
given_name,央貴
given_name,央輝
given_name,央己
given_name,央樹
given_name,央城
given_name,嘉貴
given_name,嘉樹
given_name,拡基
given_name,拡輝
given_name,拡樹
given_name,郭己
given_name,完樹
given_name,寛喜
given_name,寛基
given_name,寛岐
given_name,寛希
given_name,寛幾
given_name,寛揮
given_name,寛毅
given_name,寛季
given_name,寛稀
given_name,寛紀
given_name,寛規
given_name,寛記
given_name,寛貴
given_name,寛起
given_name,寛輝
given_name,寛騎
given_name,寛興
given_name,寛己
given_name,寛樹
given_name,寛生
given_name,寛大
given_name,貴規
given_name,義貴
given_name,巨城
given_name,京樹
given_name,啓企
given_name,啓喜
given_name,啓希
given_name,啓幾
given_name,啓旗
given_name,啓機
given_name,啓毅
given_name,啓紀
given_name,啓規
given_name,啓記
given_name,啓貴
given_name,啓起
given_name,啓輝
given_name,啓己
given_name,啓樹
given_name,啓城
given_name,啓生
given_name,啓暉
given_name,啓熙
given_name,敬基
given_name,敬紀
given_name,敬貴
given_name,敬輝
given_name,敬樹
given_name,敬生
given_name,敬彬
given_name,光希
given_name,光貴
given_name,光生
given_name,公希
given_name,公紀
given_name,公規
given_name,公樹
given_name,厚貴
given_name,宏磯
given_name,宏幹
given_name,宏企
given_name,宏喜
given_name,宏基
given_name,宏希
given_name,宏揮
given_name,宏毅
given_name,宏気
given_name,宏祈
given_name,宏季
given_name,宏紀
given_name,宏規
given_name,宏記
given_name,宏貴
given_name,宏起
given_name,宏輝
given_name,宏騎
given_name,宏己
given_name,宏樹
given_name,宏章
given_name,宏城
given_name,宏生
given_name,広幹
given_name,広喜
given_name,広基
given_name,広希
given_name,広幾
given_name,広旗
given_name,広毅
given_name,広気
given_name,広季
given_name,広紀
given_name,広規
given_name,広記
given_name,広貴
given_name,広起
given_name,広輝
given_name,広宜
given_name,広己
given_name,広樹
given_name,広生
given_name,広氣
given_name,弘幹
given_name,弘企
given_name,弘喜
given_name,弘器
given_name,弘基
given_name,弘希
given_name,弘幾
given_name,弘揮
given_name,弘棋
given_name,弘機
given_name,弘毅
given_name,弘季
given_name,弘紀
given_name,弘規
given_name,弘記
given_name,弘貴
given_name,弘起
given_name,弘輝
given_name,弘騎
given_name,弘宜
given_name,弘己
given_name,弘晃
given_name,弘樹
given_name,弘城
given_name,弘生
given_name,弘妃
given_name,浩企
given_name,浩喜
given_name,浩基
given_name,浩希
given_name,浩幾
given_name,浩揮
given_name,浩毅
given_name,浩季
given_name,浩稀
given_name,浩紀
given_name,浩規
given_name,浩記
given_name,浩貴
given_name,浩起
given_name,浩輝
given_name,浩騎
given_name,浩宜
given_name,浩己
given_name,浩克
given_name,浩樹
given_name,浩城
given_name,浩生
given_name,浩大
given_name,浩来
given_name,浩暉
given_name,紘葵
given_name,紘器
given_name,紘基
given_name,紘希
given_name,紘毅
given_name,紘季
given_name,紘稀
given_name,紘貴
given_name,紘輝
given_name,紘騎
given_name,紘宜
given_name,紘己
given_name,紘樹
given_name,紘生
given_name,史樹
given_name,周樹
given_name,宗希
given_name,宗記
given_name,宗樹
given_name,州城
given_name,潤幹
given_name,潤樹
given_name,祥毅
given_name,祥樹
given_name,丈喜
given_name,伸基
given_name,仁基
given_name,仁紀
given_name,仁樹
given_name,尋希
given_name,尋規
given_name,尋貴
given_name,尋輝
given_name,尋己
given_name,尋樹
given_name,太喜
given_name,太希
given_name,太紀
given_name,太貴
given_name,太樹
given_name,泰喜
given_name,泰基
given_name,泰希
given_name,泰規
given_name,泰輝
given_name,泰己
given_name,泰樹
given_name,泰城
given_name,大葵
given_name,大幹
given_name,大喜
given_name,大器
given_name,大基
given_name,大希
given_name,大幾
given_name,大機
given_name,大毅
given_name,大気
given_name,大季
given_name,大稀
given_name,大紀
given_name,大記
given_name,大貴
given_name,大起
given_name,大軌
given_name,大輝
given_name,大騎
given_name,大己
given_name,大樹
given_name,大将
given_name,大城
given_name,大生
given_name,大暉
given_name,大氣
given_name,拓喜
given_name,拓希
given_name,拓紀
given_name,拓記
given_name,拓貴
given_name,拓起
given_name,拓輝
given_name,拓己
given_name,拓樹
given_name,拓生
given_name,達貴
given_name,宙希
given_name,宙輝
given_name,宙樹
given_name,天希
given_name,天貴
given_name,展生
given_name,伯季
given_name,伯樹
given_name,博幹
given_name,博喜
given_name,博基
given_name,博希
given_name,博揮
given_name,博毅
given_name,博気
given_name,博稀
given_name,博紀
given_name,博規
given_name,博記
given_name,博貴
given_name,博起
given_name,博輝
given_name,博己
given_name,博樹
given_name,博章
given_name,博城
given_name,博生
given_name,妃樹
given_name,比呂紀
given_name,比呂記
given_name,比呂貴
given_name,比呂樹
given_name,飛呂希
given_name,飛呂城
given_name,枇呂記
given_name,彦輝
given_name,彦樹
given_name,普喜
given_name,普紀
given_name,普規
given_name,普樹
given_name,文哉
given_name,明希
given_name,明樹
given_name,弥樹
given_name,弥来
given_name,佑樹
given_name,優大
given_name,悠樹
given_name,祐基
given_name,祐輝
given_name,祐己
given_name,祐樹
given_name,裕葵
given_name,裕幹
given_name,裕企
given_name,裕喜
given_name,裕基
given_name,裕希
given_name,裕揮
given_name,裕機
given_name,裕毅
given_name,裕季
given_name,裕紀
given_name,裕規
given_name,裕記
given_name,裕貴
given_name,裕起
given_name,裕輝
given_name,裕騎
given_name,裕匡
given_name,裕己
given_name,裕貢
given_name,裕樹
given_name,裕城
given_name,裕生
given_name,裕礎
given_name,裕大
given_name,裕来
given_name,容岐
given_name,容規
given_name,容生
given_name,様貴
given_name,洋磯
given_name,洋企
given_name,洋喜
given_name,洋基
given_name,洋岐
given_name,洋希
given_name,洋揮
given_name,洋旗
given_name,洋毅
given_name,洋祈
given_name,洋紀
given_name,洋規
given_name,洋記
given_name,洋貴
given_name,洋起
given_name,洋輝
given_name,洋響
given_name,洋己
given_name,洋樹
given_name,洋城
given_name,洋生
given_name,洋大
given_name,陽貴
given_name,礼基
given_name,礼紀
given_name,礼生
given_name,廣喜
given_name,廣紀
given_name,廣記
given_name,廣起
given_name,廣樹
given_name,愽紀
given_name,洸生
given_name,皓貴
given_name,皓輝
given_name,皓樹
given_name,皓暉
given_name,博吉
given_name,博公
given_name,浩清
given_name,博清
given_name,裕清
given_name,廣清
given_name,渺清
given_name,完国
given_name,寛晋
given_name,啓邦
given_name,宏州
given_name,宏邦
given_name,宏有
given_name,広訓
given_name,広国
given_name,広邦
given_name,弘邦
given_name,浩国
given_name,浩州
given_name,浩邦
given_name,浩國
given_name,紘州
given_name,紘邦
given_name,淳邦
given_name,太邦
given_name,大邦
given_name,拓邦
given_name,博国
given_name,博邦
given_name,裕国
given_name,裕邦
given_name,裕國
given_name,洋州
given_name,宏貞
given_name,宏定
given_name,弘定
given_name,浩貞
given_name,博定
given_name,寛聖
given_name,啓仁
given_name,宏郷
given_name,宏賢
given_name,宏諭
given_name,広里
given_name,紘聖
given_name,大賢
given_name,博郷
given_name,博里
given_name,博誠
given_name,偉至
given_name,一士
given_name,一呂史
given_name,宇司
given_name,宇宙
given_name,衛志
given_name,演
given_name,央
given_name,欧志
given_name,嘉司
given_name,嘉士
given_name,嘉志
given_name,快
given_name,海
given_name,拡
given_name,拡史
given_name,拡嗣
given_name,拡志
given_name,拡之
given_name,完
given_name,寛
given_name,寛司
given_name,寛史
given_name,寛嗣
given_name,寛士
given_name,寛志
given_name,寛視
given_name,寛之
given_name,巨司
given_name,京志
given_name,空
given_name,勲志
given_name,啓
given_name,啓司
given_name,啓史
given_name,啓嗣
given_name,啓士
given_name,啓志
given_name,啓氏
given_name,啓至
given_name,啓誌
given_name,啓資
given_name,啓仁
given_name,啓之
given_name,敬
given_name,敬司
given_name,敬史
given_name,敬士
given_name,敬志
given_name,敬詞
given_name,敬之
given_name,景之
given_name,潔
given_name,謙
given_name,玄
given_name,光司
given_name,光史
given_name,光嗣
given_name,公
given_name,公史
given_name,公志
given_name,公視
given_name,宏
given_name,宏好
given_name,宏使
given_name,宏司
given_name,宏史
given_name,宏士
given_name,宏始
given_name,宏志
given_name,宏思
given_name,宏氏
given_name,宏至
given_name,宏視
given_name,宏詞
given_name,宏誌
given_name,宏治
given_name,宏仁
given_name,宏是
given_name,宏壮
given_name,宏之
given_name,宏吏
given_name,広
given_name,広司
given_name,広史
given_name,広嗣
given_name,広士
given_name,広志
given_name,広至
given_name,広視
given_name,広資
given_name,広西
given_name,広之
given_name,広巳
given_name,弘
given_name,弘司
given_name,弘史
given_name,弘嗣
given_name,弘士
given_name,弘師
given_name,弘志
given_name,弘至
given_name,弘視
given_name,弘詞
given_name,弘詩
given_name,弘資
given_name,弘侍
given_name,弘芝
given_name,弘誓
given_name,弘任
given_name,弘之
given_name,弘祐
given_name,弘吏
given_name,洪
given_name,洪志
given_name,浩
given_name,浩司
given_name,浩史
given_name,浩嗣
given_name,浩士
given_name,浩志
given_name,浩至
given_name,浩詞
given_name,浩詩
given_name,浩資
given_name,浩示
given_name,浩晋
given_name,浩人
given_name,浩仁
given_name,浩直
given_name,浩之
given_name,浩也
given_name,浩吏
given_name,紘
given_name,紘司
given_name,紘史
given_name,紘嗣
given_name,紘士
given_name,紘志
given_name,紘至
given_name,紘資
given_name,紘審
given_name,紘之
given_name,紘吏
given_name,耕
given_name,航
given_name,周
given_name,周司
given_name,周士
given_name,周志
given_name,周至
given_name,宗史
given_name,宗士
given_name,宗志
given_name,衆
given_name,衆史
given_name,潤史
given_name,尚史
given_name,尚士
given_name,祥司
given_name,祥史
given_name,祥嗣
given_name,祥志
given_name,仁
given_name,仁史
given_name,仁士
given_name,仁志
given_name,尋
given_name,尋史
given_name,尋士
given_name,尋志
given_name,尋思
given_name,尋至
given_name,碩
given_name,碩志
given_name,仙志
given_name,壮志
given_name,太
given_name,太司
given_name,太士
given_name,太志
given_name,太信
given_name,太洋
given_name,泰
given_name,泰司
given_name,泰史
given_name,泰嗣
given_name,泰士
given_name,泰志
given_name,大
given_name,大司
given_name,大史
given_name,大嗣
given_name,大士
given_name,大志
given_name,大至
given_name,大視
given_name,大詞
given_name,大芝
given_name,大心
given_name,大洋
given_name,拓
given_name,拓司
given_name,拓史
given_name,拓嗣
given_name,拓志
given_name,拓資
given_name,拓之
given_name,地士
given_name,竹瀬
given_name,宙
given_name,宙司
given_name,宙史
given_name,宙士
given_name,宙志
given_name,宙詩
given_name,暢
given_name,天
given_name,展
given_name,展史
given_name,展士
given_name,展至
given_name,篤史
given_name,二葉
given_name,博
given_name,博伺
given_name,博司
given_name,博史
given_name,博嗣
given_name,博士
given_name,博志
given_name,博旨
given_name,博紫
given_name,博至
given_name,博視
given_name,博詞
given_name,博資
given_name,博治
given_name,博清
given_name,博之
given_name,博文
given_name,博巳
given_name,博茂
given_name,博吏
given_name,漠
given_name,汎司
given_name,比呂司
given_name,比呂史
given_name,比呂志
given_name,比朗志
given_name,飛呂士
given_name,普
given_name,普司
given_name,普嗣
given_name,普至
given_name,豊史
given_name,明史
given_name,弥志
given_name,悠
given_name,悠史
given_name,祐
given_name,祐司
given_name,祐史
given_name,祐士
given_name,祐志
given_name,祐資
given_name,裕
given_name,裕司
given_name,裕史
given_name,裕嗣
given_name,裕士
given_name,裕志
given_name,裕至
given_name,裕詞
given_name,裕滋
given_name,裕芝
given_name,裕之
given_name,雄大
given_name,容司
given_name,容史
given_name,容士
given_name,洋
given_name,洋司
given_name,洋史
given_name,洋嗣
given_name,洋士
given_name,洋志
given_name,洋思
given_name,洋支
given_name,洋至
given_name,洋詞
given_name,洋誌
given_name,洋之
given_name,洋巳
given_name,洋吏
given_name,陽史
given_name,僚
given_name,礼
given_name,廣
given_name,廣司
given_name,廣史
given_name,廣嗣
given_name,廣士
given_name,廣志
given_name,廣之
given_name,洽
given_name,洸
given_name,浤
given_name,溥
given_name,皓
given_name,皓士
given_name,衞志
given_name,熙
given_name,完守
given_name,寛次
given_name,寛治
given_name,寛二
given_name,宏司
given_name,宏治
given_name,広治
given_name,広二
given_name,弘治
given_name,弘晋
given_name,弘二
given_name,浩司
given_name,浩二
given_name,博司
given_name,博治
given_name,博二
given_name,裕二
given_name,洋次
given_name,廣治
given_name,廣二
given_name,拡茂
given_name,寛重
given_name,寛成
given_name,寛盛
given_name,寛繁
given_name,寛茂
given_name,敬重
given_name,敬成
given_name,宏重
given_name,宏成
given_name,宏繁
given_name,宏茂
given_name,広重
given_name,広成
given_name,広茂
given_name,弘重
given_name,弘臣
given_name,弘成
given_name,弘茂
given_name,浩成
given_name,浩茂
given_name,洋誉
given_name,祥成
given_name,仁樹
given_name,尋繁
given_name,泰成
given_name,大成
given_name,大茂
given_name,博滋
given_name,博重
given_name,博成
given_name,博繁
given_name,博茂
given_name,普成
given_name,祐成
given_name,裕薫
given_name,裕滋
given_name,裕重
given_name,裕成
given_name,裕繁
given_name,裕茂
given_name,洋成
given_name,廣成
given_name,央昌
given_name,嘉介
given_name,寛相
given_name,寛輔
given_name,啓佑
given_name,啓友
given_name,宏介
given_name,宏丞
given_name,宏輔
given_name,宏友
given_name,宏祐
given_name,広介
given_name,広輔
given_name,広祐
given_name,弘祐
given_name,浩介
given_name,浩資
given_name,紘典
given_name,郊恭
given_name,碩祐
given_name,太助
given_name,大輔
given_name,大祐
given_name,宙祐
given_name,博介
given_name,博祐
given_name,裕介
given_name,裕輔
given_name,裕亮
given_name,洋介
given_name,洋佑
given_name,洋祐
given_name,皓祐
given_name,寛純
given_name,宏純
given_name,広澄
given_name,弘純
given_name,浩澄
given_name,大純
given_name,博純
given_name,洋紀
given_name,寛角
given_name,寛純
given_name,啓純
given_name,宏純
given_name,広住
given_name,広純
given_name,弘済
given_name,弘純
given_name,浩純
given_name,浩澄
given_name,大純
given_name,博住
given_name,裕純
given_name,裕澄
given_name,洋純
given_name,浩三
given_name,博三
given_name,博造
given_name,宏太
given_name,広太
given_name,博太
given_name,洋太
given_name,演孝
given_name,央貴
given_name,央考
given_name,寛央
given_name,寛岳
given_name,寛貴
given_name,寛空
given_name,寛啓
given_name,寛敬
given_name,寛賢
given_name,寛孝
given_name,寛高
given_name,寛剛
given_name,寛崇
given_name,寛能
given_name,寛容
given_name,寛隆
given_name,巨隆
given_name,啓宇
given_name,啓貴
given_name,啓喬
given_name,啓孝
given_name,啓高
given_name,啓剛
given_name,啓正
given_name,啓峰
given_name,啓隆
given_name,敬貴
given_name,敬俊
given_name,敬隆
given_name,光毅
given_name,光崇
given_name,公孝
given_name,宏学
given_name,宏岳
given_name,宏貴
given_name,宏宜
given_name,宏恭
given_name,宏教
given_name,宏尭
given_name,宏敬
given_name,宏賢
given_name,宏孝
given_name,宏昂
given_name,宏考
given_name,宏高
given_name,宏剛
given_name,宏尚
given_name,宏昇
given_name,宏崇
given_name,宏嵩
given_name,宏太
given_name,宏卓
given_name,宏天
given_name,宏任
given_name,宏隆
given_name,宏堯
given_name,広宇
given_name,広毅
given_name,広貴
given_name,広孝
given_name,広考
given_name,広高
given_name,広尚
given_name,広崇
given_name,広峰
given_name,広誉
given_name,広陽
given_name,広隆
given_name,弘学
given_name,弘毅
given_name,弘貴
given_name,弘宜
given_name,弘教
given_name,弘尭
given_name,弘敬
given_name,弘賢
given_name,弘孝
given_name,弘考
given_name,弘高
given_name,弘剛
given_name,弘尚
given_name,弘崇
given_name,弘尊
given_name,弘卓
given_name,弘宝
given_name,弘峰
given_name,弘理
given_name,弘隆
given_name,浩央
given_name,浩毅
given_name,浩貴
given_name,浩宜
given_name,浩丘
given_name,浩敬
given_name,浩賢
given_name,浩孝
given_name,浩考
given_name,浩高
given_name,浩尚
given_name,浩崇
given_name,浩尊
given_name,浩堂
given_name,浩隼
given_name,浩誉
given_name,浩隆
given_name,紘貴
given_name,紘孝
given_name,紘尚
given_name,紘隆
given_name,宗孝
given_name,潤孝
given_name,祥貴
given_name,祥敬
given_name,丈貴
given_name,仁傑
given_name,仁孝
given_name,尋貴
given_name,尋孝
given_name,宣隆
given_name,太敬
given_name,太公
given_name,太孝
given_name,泰岳
given_name,泰貴
given_name,泰宜
given_name,泰孝
given_name,泰尚
given_name,泰宣
given_name,泰尊
given_name,泰和
given_name,大貴
given_name,大空
given_name,大敬
given_name,大孝
given_name,大高
given_name,大剛
given_name,大宗
given_name,大俊
given_name,大尚
given_name,大崇
given_name,大嵩
given_name,大節
given_name,大卓
given_name,大天
given_name,大飛
given_name,大孟
given_name,大雄
given_name,大誉
given_name,大隆
given_name,拓貴
given_name,拓賢
given_name,拓平
given_name,忠孝
given_name,展貴
given_name,展敬
given_name,博貴
given_name,博匡
given_name,博喬
given_name,博敬
given_name,博公
given_name,博孝
given_name,博考
given_name,博高
given_name,博尚
given_name,博昇
given_name,博崇
given_name,博生
given_name,博太
given_name,博堂
given_name,博隆
given_name,博亮
given_name,比呂貴
given_name,普隆
given_name,悠貴
given_name,祐宜
given_name,祐孝
given_name,祐尚
given_name,祐嵩
given_name,祐隆
given_name,裕貴
given_name,裕宜
given_name,裕敬
given_name,裕警
given_name,裕孝
given_name,裕昂
given_name,裕考
given_name,裕高
given_name,裕剛
given_name,裕峻
given_name,裕尚
given_name,裕崇
given_name,裕生
given_name,裕卓
given_name,裕誉
given_name,裕隆
given_name,容敬
given_name,容孝
given_name,容崇
given_name,洋宇
given_name,洋岳
given_name,洋貴
given_name,洋啓
given_name,洋敬
given_name,洋孝
given_name,洋考
given_name,洋高
given_name,洋尚
given_name,洋崇
given_name,洋太
given_name,洋卓
given_name,洋飛
given_name,洋誉
given_name,洋隆
given_name,礼孝
given_name,亘高
given_name,廣貴
given_name,廣宜
given_name,廣高
given_name,廣隆
given_name,洸宇
given_name,洸鷹
given_name,皓貴
given_name,皓嵩
given_name,皓天
given_name,皓隆
given_name,禮孝
given_name,絋崇
given_name,寛健
given_name,寛丈
given_name,寛大
given_name,玄武
given_name,宏建
given_name,宏剛
given_name,宏豪
given_name,宏全
given_name,宏武
given_name,広岳
given_name,広剛
given_name,広丈
given_name,広壮
given_name,弘威
given_name,弘岳
given_name,弘毅
given_name,弘健
given_name,弘剛
given_name,弘丈
given_name,弘武
given_name,浩岳
given_name,浩毅
given_name,浩健
given_name,浩剛
given_name,浩丈
given_name,浩武
given_name,泰健
given_name,大岳
given_name,大毅
given_name,大剛
given_name,大武
given_name,大孟
given_name,宙丈
given_name,博威
given_name,博健
given_name,博丈
given_name,普武
given_name,祐岳
given_name,祐武
given_name,裕威
given_name,裕岳
given_name,裕健
given_name,裕剛
given_name,裕丈
given_name,洋岳
given_name,洋丈
given_name,洋武
given_name,央達
given_name,寛忠
given_name,寛任
given_name,啓忠
given_name,敬直
given_name,敬理
given_name,厚忠
given_name,宏匡
given_name,宏斉
given_name,宏忠
given_name,宏禎
given_name,宏理
given_name,広忠
given_name,弘匡
given_name,弘宰
given_name,弘忠
given_name,弘禎
given_name,浩忠
given_name,浩唯
given_name,代忠
given_name,博匡
given_name,博正
given_name,博忠
given_name,博唯
given_name,裕忠
given_name,裕貞
given_name,裕任
given_name,裕唯
given_name,洋匡
given_name,洋正
given_name,洋忠
given_name,寛達
given_name,寛竜
given_name,宏達
given_name,広起
given_name,広達
given_name,弘達
given_name,浩起
given_name,博達
given_name,比呂達
given_name,裕達
given_name,洋達
given_name,洋龍
given_name,博胤
given_name,裕胤
given_name,啓民
given_name,宏太三
given_name,浩民
given_name,博民
given_name,寛太郎
given_name,広太郎
given_name,弘太郎
given_name,浩太郎
given_name,紘太朗
given_name,博太郎
given_name,廣太郎
given_name,寛央
given_name,宏近
given_name,宏哉
given_name,宏親
given_name,宏知
given_name,宏直
given_name,宏盟
given_name,広近
given_name,広周
given_name,広親
given_name,弘愛
given_name,弘史
given_name,弘誓
given_name,弘智
given_name,浩史
given_name,浩親
given_name,紘央
given_name,大睦
given_name,拓史
given_name,宙周
given_name,博愛
given_name,博央
given_name,博哉
given_name,博親
given_name,裕近
given_name,裕恒
given_name,裕哉
given_name,裕税
given_name,裕睦
given_name,洋央
given_name,洋慶
given_name,洋知
given_name,廣親
given_name,広千代
given_name,博千代
given_name,宇紹
given_name,拡嗣
given_name,寛嗣
given_name,寛次
given_name,寛承
given_name,啓継
given_name,啓嗣
given_name,啓次
given_name,敬二
given_name,憲嗣
given_name,宏胤
given_name,宏嗣
given_name,宏次
given_name,宏紹
given_name,宏諭
given_name,広継
given_name,広嗣
given_name,広次
given_name,広譜
given_name,弘継
given_name,弘嗣
given_name,弘次
given_name,弘治
given_name,弘承
given_name,弘紹
given_name,弘知
given_name,浩胤
given_name,浩継
given_name,浩貢
given_name,浩嗣
given_name,浩次
given_name,浩紹
given_name,浩世
given_name,浩二
given_name,紘嗣
given_name,祥嗣
given_name,尋嗣
given_name,大健
given_name,大貢
given_name,大嗣
given_name,大詞
given_name,大次
given_name,大承
given_name,大倫
given_name,博胤
given_name,博継
given_name,博嗣
given_name,博詞
given_name,博次
given_name,祐嗣
given_name,祐次
given_name,裕継
given_name,裕嗣
given_name,裕次
given_name,裕償
given_name,裕紹
given_name,裕世
given_name,裕二
given_name,洋亜
given_name,洋嗣
given_name,洋次
given_name,洋世
given_name,廣嗣
given_name,廣次
given_name,寛綱
given_name,広綱
given_name,浩綱
given_name,博緑
given_name,裕是
given_name,寛恒
given_name,浩庸
given_name,大雅
given_name,博恒
given_name,博実
given_name,博庸
given_name,洋恒
given_name,寛晃
given_name,啓晃
given_name,宏輝
given_name,宏照
given_name,広輝
given_name,広光
given_name,弘輝
given_name,浩光
given_name,大晃
given_name,博輝
given_name,博晃
given_name,博照
given_name,裕照
given_name,洋輝
given_name,央人
given_name,嘉人
given_name,拡人
given_name,寛士
given_name,寛人
given_name,寛澄
given_name,寛智
given_name,寛斗
given_name,寛登
given_name,寛飛
given_name,啓人
given_name,啓仁
given_name,啓太
given_name,啓登
given_name,敬人
given_name,公人
given_name,宏人
given_name,宏仁
given_name,宏斗
given_name,宏翔
given_name,広人
given_name,広徒
given_name,広登
given_name,広途
given_name,広隼
given_name,広翔
given_name,弘人
given_name,弘斗
given_name,弘渡
given_name,弘登
given_name,弘都
given_name,浩人
given_name,浩聡
given_name,浩大
given_name,浩登
given_name,紘士
given_name,紘人
given_name,紘都
given_name,紘土
given_name,仁人
given_name,尋都
given_name,泰人
given_name,泰斗
given_name,大元
given_name,大人
given_name,大斗
given_name,大杜
given_name,大登
given_name,大土
given_name,大翔
given_name,拓人
given_name,拓登
given_name,宙人
given_name,宙大
given_name,宙斗
given_name,哲人
given_name,展人
given_name,展土
given_name,日呂登
given_name,伯人
given_name,博音
given_name,博人
given_name,博仁
given_name,博斗
given_name,博登
given_name,博都
given_name,博任
given_name,比呂人
given_name,宥人
given_name,悠人
given_name,祐人
given_name,裕人
given_name,裕聡
given_name,裕斗
given_name,裕登
given_name,裕都
given_name,裕度
given_name,裕騰
given_name,裕豊
given_name,裕翔
given_name,洋人
given_name,洋仁
given_name,洋斗
given_name,洋登
given_name,洋灯
given_name,洋任
given_name,洋洋人
given_name,洋翔
given_name,陽路人
given_name,礼人
given_name,廣人
given_name,昊人
given_name,洸人
given_name,洸斗
given_name,宇利
given_name,拡利
given_name,寛歳
given_name,寛俊
given_name,寛智
given_name,寛年
given_name,寛敏
given_name,寛利
given_name,空俊
given_name,啓年
given_name,啓敏
given_name,啓稔
given_name,啓利
given_name,宏寿
given_name,宏俊
given_name,宏聡
given_name,宏智
given_name,宏年
given_name,宏肇
given_name,宏敏
given_name,宏勇
given_name,広寿
given_name,広俊
given_name,広聡
given_name,広年
given_name,広敏
given_name,広稔
given_name,広利
given_name,弘寿
given_name,弘俊
given_name,弘臣
given_name,弘年
given_name,弘敏
given_name,弘稔
given_name,弘利
given_name,浩寿
given_name,浩俊
given_name,浩登志
given_name,浩年
given_name,浩敏
given_name,浩稔
given_name,浩利
given_name,紘世
given_name,紘利
given_name,常利
given_name,仁俊
given_name,太駿
given_name,泰俊
given_name,泰世
given_name,大俊
given_name,大鉄
given_name,大年
given_name,大稔
given_name,大利
given_name,拓寿
given_name,拓聡
given_name,拓稔
given_name,宙稔
given_name,博温
given_name,博寿
given_name,博俊
given_name,博順
given_name,博聡
given_name,博年
given_name,博敏
given_name,博稔
given_name,博利
given_name,博壽
given_name,豊智
given_name,悠稔
given_name,祐俊
given_name,祐敏
given_name,祐利
given_name,裕紀
given_name,裕寿
given_name,裕俊
given_name,裕聡
given_name,裕智
given_name,裕敦
given_name,裕敏
given_name,裕稔
given_name,裕利
given_name,洋俊
given_name,洋智
given_name,洋敏
given_name,洋利
given_name,廣壽
given_name,洸明
given_name,寛大
given_name,寛知
given_name,寛智
given_name,寛朋
given_name,寛友
given_name,啓公
given_name,啓知
given_name,啓智
given_name,啓友
given_name,敬友
given_name,宏知
given_name,宏智
given_name,宏朝
given_name,宏朋
given_name,宏友
given_name,宏有
given_name,広知
given_name,広智
given_name,弘知
given_name,弘智
given_name,弘朋
given_name,弘友
given_name,浩智
given_name,浩朋
given_name,泰智
given_name,大智
given_name,大朋
given_name,大和
given_name,博智
given_name,博友
given_name,悠智
given_name,裕丈
given_name,裕大
given_name,裕智
given_name,裕友
given_name,洋智
given_name,洋友
given_name,廣朋
given_name,滉知
given_name,熙友
given_name,浩虎
given_name,寛尚
given_name,寛直
given_name,啓直
given_name,宏哉
given_name,宏尚
given_name,宏直
given_name,広尚
given_name,広直
given_name,弘尚
given_name,弘真
given_name,弘直
given_name,弘有
given_name,浩尚
given_name,浩直
given_name,大尚
given_name,大直
given_name,拓直
given_name,博尚
given_name,博直
given_name,明正
given_name,祐直
given_name,裕尚
given_name,裕直
given_name,洋尚
given_name,洋直
given_name,洋良
given_name,廣有
given_name,寛永
given_name,啓永
given_name,宏長
given_name,弘永
given_name,浩永
given_name,浩修
given_name,大永
given_name,博永
given_name,博長
given_name,悠良
given_name,裕長
given_name,洋大
given_name,拡哉
given_name,官成
given_name,寛雅
given_name,寛成
given_name,寛生
given_name,寛也
given_name,啓業
given_name,啓成
given_name,啓生
given_name,啓也
given_name,景生
given_name,宏成
given_name,広成
given_name,広也
given_name,弘成
given_name,弘也
given_name,浩成
given_name,浩生
given_name,浩然
given_name,浩也
given_name,紘成
given_name,紘生
given_name,史成
given_name,尋成
given_name,太就
given_name,太成
given_name,大就
given_name,大成
given_name,大也
given_name,博成
given_name,博也
given_name,佑成
given_name,祐成
given_name,裕克
given_name,裕成
given_name,裕晴
given_name,裕也
given_name,洋成
given_name,洋生
given_name,洋也
given_name,廣也
given_name,広之進
given_name,弘之進
given_name,浩之進
given_name,弘之輔
given_name,浩之介
given_name,央宜
given_name,央展
given_name,寛延
given_name,寛修
given_name,寛将
given_name,寛伸
given_name,寛信
given_name,寛申
given_name,寛展
given_name,寛之
given_name,寛庸
given_name,寛朗
given_name,啓修
given_name,啓順
given_name,啓伸
given_name,啓信
given_name,啓進
given_name,啓展
given_name,啓亘
given_name,敬修
given_name,敬信
given_name,光恒
given_name,公伸
given_name,公信
given_name,公宣
given_name,宏允
given_name,宏延
given_name,宏喜
given_name,宏宜
given_name,宏修
given_name,宏伸
given_name,宏信
given_name,宏晋
given_name,宏紳
given_name,宏宣
given_name,宏暢
given_name,宏長
given_name,宏展
given_name,宏庸
given_name,宏亘
given_name,広悦
given_name,広延
given_name,広伸
given_name,広信
given_name,広宣
given_name,広展
given_name,弘延
given_name,弘修
given_name,弘将
given_name,弘伸
given_name,弘信
given_name,弘晋
given_name,弘宣
given_name,弘暢
given_name,弘展
given_name,弘靖
given_name,弘亘
given_name,浩允
given_name,浩延
given_name,浩喜
given_name,浩恒
given_name,浩修
given_name,浩伸
given_name,浩信
given_name,浩申
given_name,浩紳
given_name,浩宣
given_name,浩暢
given_name,浩展
given_name,浩睦
given_name,浩靖
given_name,浩庸
given_name,浩亘
given_name,紘伸
given_name,周伸
given_name,仁信
given_name,泰延
given_name,泰伸
given_name,泰暢
given_name,泰睦
given_name,大修
given_name,大伸
given_name,大信
given_name,大進
given_name,大宣
given_name,大智
given_name,大暢
given_name,大典
given_name,大展
given_name,拓允
given_name,拓延
given_name,拓史
given_name,拓宣
given_name,拓暢
given_name,博延
given_name,博順
given_name,博伸
given_name,博信
given_name,博申
given_name,博誠
given_name,博宣
given_name,博暢
given_name,博通
given_name,博展
given_name,博布
given_name,普宣
given_name,悠修
given_name,祐伸
given_name,祐信
given_name,祐敦
given_name,裕延
given_name,裕喜
given_name,裕宜
given_name,裕啓
given_name,裕修
given_name,裕昇
given_name,裕伸
given_name,裕信
given_name,裕晋
given_name,裕宣
given_name,裕展
given_name,裕之
given_name,裕靖
given_name,裕亘
given_name,洋延
given_name,洋修
given_name,洋順
given_name,洋伸
given_name,洋信
given_name,洋宣
given_name,洋暢
given_name,洋敦
given_name,洋亘
given_name,礼遵
given_name,礼展
given_name,亘信
given_name,廣延
given_name,廣信
given_name,廣宣
given_name,央典
given_name,央統
given_name,拡憲
given_name,郭典
given_name,寛基
given_name,寛紀
given_name,寛規
given_name,寛記
given_name,寛教
given_name,寛矩
given_name,寛敬
given_name,寛憲
given_name,寛師
given_name,寛宗
given_name,寛成
given_name,寛則
given_name,寛智
given_name,寛哲
given_name,寛典
given_name,寛統
given_name,寛徳
given_name,寛納
given_name,寛範
given_name,寛法
given_name,寛倫
given_name,寛禮
given_name,啓雅
given_name,啓寛
given_name,啓紀
given_name,啓規
given_name,啓義
given_name,啓議
given_name,啓恭
given_name,啓憲
given_name,啓孝
given_name,啓識
given_name,啓慎
given_name,啓典
given_name,啓徳
given_name,啓範
given_name,啓了
given_name,敬規
given_name,敬則
given_name,敬哲
given_name,敬徳
given_name,厳基
given_name,光憲
given_name,光徳
given_name,公則
given_name,孔則
given_name,宏允
given_name,宏基
given_name,宏紀
given_name,宏規
given_name,宏宜
given_name,宏教
given_name,宏謹
given_name,宏敬
given_name,宏憲
given_name,宏謙
given_name,宏功
given_name,宏昇
given_name,宏章
given_name,宏仁
given_name,宏仙
given_name,宏宣
given_name,宏則
given_name,宏知
given_name,宏智
given_name,宏哲
given_name,宏典
given_name,宏統
given_name,宏徳
given_name,宏範
given_name,宏法
given_name,宏倫
given_name,広紀
given_name,広規
given_name,広宜
given_name,広教
given_name,広訓
given_name,広憲
given_name,広識
given_name,広祝
given_name,広宣
given_name,広則
given_name,広知
given_name,広典
given_name,広展
given_name,広徳
given_name,広範
given_name,広法
given_name,広頼
given_name,広倫
given_name,弘紀
given_name,弘規
given_name,弘宜
given_name,弘教
given_name,弘矩
given_name,弘訓
given_name,弘慶
given_name,弘敬
given_name,弘憲
given_name,弘師
given_name,弘周
given_name,弘昌
given_name,弘乗
given_name,弘宣
given_name,弘則
given_name,弘智
given_name,弘哲
given_name,弘典
given_name,弘統
given_name,弘徳
given_name,弘能
given_name,弘範
given_name,弘法
given_name,弘律
given_name,弘倫
given_name,弘乘
given_name,浩紀
given_name,浩規
given_name,浩教
given_name,浩訓
given_name,浩敬
given_name,浩健
given_name,浩憲
given_name,浩功
given_name,浩孝
given_name,浩考
given_name,浩至
given_name,浩昇
given_name,浩章
given_name,浩仙
given_name,浩然
given_name,浩則
given_name,浩智
given_name,浩典
given_name,浩徳
given_name,浩範
given_name,浩風
given_name,浩理
given_name,紘規
given_name,紘典
given_name,紘徳
given_name,紘範
given_name,史紀
given_name,宗紀
given_name,宗宜
given_name,宗肖
given_name,宗徳
given_name,祥憲
given_name,祥典
given_name,仁憲
given_name,尋教
given_name,尋徳
given_name,泰紀
given_name,泰教
given_name,泰憲
given_name,泰成
given_name,泰典
given_name,泰徳
given_name,泰範
given_name,大格
given_name,大寛
given_name,大紀
given_name,大記
given_name,大憲
given_name,大謙
given_name,大賢
given_name,大悟
given_name,大詔
given_name,大仁
given_name,大成
given_name,大知
given_name,大智
given_name,大忠
given_name,大哲
given_name,大典
given_name,大展
given_name,大統
given_name,大徳
given_name,大倫
given_name,拓憲
given_name,拓則
given_name,拓典
given_name,宙紀
given_name,展督
given_name,博雅
given_name,博紀
given_name,博規
given_name,博記
given_name,博儀
given_name,博宜
given_name,博義
given_name,博教
given_name,博敬
given_name,博憲
given_name,博功
given_name,博至
given_name,博式
given_name,博識
given_name,博順
given_name,博勝
given_name,博章
given_name,博数
given_name,博成
given_name,博宣
given_name,博則
given_name,博智
given_name,博典
given_name,博統
given_name,博徳
given_name,博範
given_name,博法
given_name,博理
given_name,博律
given_name,博倫
given_name,博路
given_name,普賢
given_name,普徳
given_name,豊崇
given_name,明憲
given_name,明昇
given_name,弥範
given_name,祐則
given_name,祐典
given_name,祐徳
given_name,祐了
given_name,裕永
given_name,裕基
given_name,裕紀
given_name,裕規
given_name,裕記
given_name,裕宜
given_name,裕義
given_name,裕教
given_name,裕矩
given_name,裕訓
given_name,裕敬
given_name,裕憲
given_name,裕悟
given_name,裕功
given_name,裕至
given_name,裕昇
given_name,裕仁
given_name,裕成
given_name,裕宣
given_name,裕則
given_name,裕知
given_name,裕智
given_name,裕典
given_name,裕斗
given_name,裕徳
given_name,裕範
given_name,裕雄
given_name,裕倫
given_name,容周
given_name,容徳
given_name,洋紀
given_name,洋規
given_name,洋敬
given_name,洋憲
given_name,洋仁
given_name,洋成
given_name,洋宣
given_name,洋則
given_name,洋典
given_name,洋統
given_name,洋徳
given_name,洋範
given_name,洋宝
given_name,陽記
given_name,礼宜
given_name,礼宗
given_name,廣記
given_name,廣教
given_name,廣謙
given_name,寛治
given_name,啓晴
given_name,宏治
given_name,宏春
given_name,宏晴
given_name,宏陽
given_name,広治
given_name,広晴
given_name,広陽
given_name,弘玄
given_name,弘治
given_name,弘春
given_name,弘晴
given_name,浩治
given_name,浩晴
given_name,紘明
given_name,泰治
given_name,大治
given_name,大晴
given_name,博治
given_name,博晴
given_name,薄治
given_name,裕治
given_name,裕春
given_name,裕晴
given_name,裕陽
given_name,洋治
given_name,洋晴
given_name,廣晴
given_name,寛彦
given_name,啓彦
given_name,宏彦
given_name,広彦
given_name,弘彦
given_name,浩彦
given_name,紘彦
given_name,寿彦
given_name,泰彦
given_name,大彦
given_name,拓彦
given_name,博彦
given_name,比呂彦
given_name,緋朗彦
given_name,弥彦
given_name,裕彦
given_name,洋彦
given_name,熙彦
given_name,絢央
given_name,寛久
given_name,寛尚
given_name,啓永
given_name,啓央
given_name,啓久
given_name,啓寿
given_name,敬久
given_name,宏久
given_name,宏寿
given_name,宏尚
given_name,広久
given_name,広尚
given_name,弘久
given_name,弘尚
given_name,弘悠
given_name,浩永
given_name,浩央
given_name,浩久
given_name,浩寿
given_name,浩悠
given_name,紘久
given_name,仁久
given_name,尋久
given_name,碩久
given_name,大央
given_name,大久
given_name,拓久
given_name,博永
given_name,博央
given_name,博久
given_name,博尚
given_name,博壽
given_name,裕永
given_name,裕久
given_name,裕尚
given_name,裕壽
given_name,洋央
given_name,洋久
given_name,洋寿
given_name,洋長
given_name,廣久
given_name,皓久
given_name,寛英
given_name,寛秀
given_name,啓秀
given_name,公英
given_name,公秀
given_name,宏英
given_name,宏秀
given_name,広英
given_name,広秀
given_name,弘英
given_name,弘秀
given_name,浩英
given_name,浩秀
given_name,紘幸
given_name,博英
given_name,博秀
given_name,祐秀
given_name,裕英
given_name,裕秀
given_name,洋英
given_name,洋秀
given_name,寛人
given_name,寛仁
given_name,啓人
given_name,啓仁
given_name,宏人
given_name,宏仁
given_name,広仁
given_name,弘人
given_name,弘仁
given_name,浩人
given_name,浩仁
given_name,大仁
given_name,博人
given_name,博仁
given_name,比呂人
given_name,悠人
given_name,裕人
given_name,裕仁
given_name,洋人
given_name,洋仁
given_name,礼人
given_name,廣仁
given_name,宏房
given_name,広総
given_name,浩房
given_name,拓英
given_name,博房
given_name,宇史
given_name,嘉章
given_name,拡史
given_name,拡大
given_name,寛史
given_name,寛典
given_name,寛文
given_name,啓史
given_name,啓文
given_name,敬史
given_name,敬章
given_name,敬文
given_name,公文
given_name,宏郁
given_name,宏史
given_name,宏章
given_name,宏典
given_name,宏文
given_name,広史
given_name,弘史
given_name,弘文
given_name,浩史
given_name,浩文
given_name,紘郁
given_name,紘史
given_name,紘文
given_name,寿文
given_name,宗史
given_name,尚史
given_name,祥史
given_name,丈史
given_name,晋文
given_name,尋史
given_name,尋文
given_name,奏文
given_name,泰史
given_name,泰典
given_name,泰文
given_name,大史
given_name,大文
given_name,拓史
given_name,宙史
given_name,日路文
given_name,博央
given_name,博史
given_name,博章
given_name,博文
given_name,博文三
given_name,普文
given_name,奉文
given_name,祐史
given_name,祐文
given_name,裕郁
given_name,裕史
given_name,裕誌
given_name,裕章
given_name,裕典
given_name,裕文
given_name,容史
given_name,洋史
given_name,洋典
given_name,洋文
given_name,礼文
given_name,廣文
given_name,皓文
given_name,絋史
given_name,寛文
given_name,啓文
given_name,宏史
given_name,宏文
given_name,広文
given_name,弘文
given_name,浩史
given_name,浩文
given_name,泰史
given_name,博文
given_name,裕史
given_name,裕文
given_name,洋史
given_name,洋文
given_name,央匡
given_name,寛匡
given_name,寛将
given_name,寛昌
given_name,寛真
given_name,寛政
given_name,寛正
given_name,寛大
given_name,寛祐
given_name,寛容
given_name,勲将
given_name,啓雅
given_name,啓勝
given_name,啓将
given_name,啓真
given_name,啓政
given_name,啓正
given_name,啓聖
given_name,啓全
given_name,啓祐
given_name,玄政
given_name,宏允
given_name,宏雅
given_name,宏匡
given_name,宏奨
given_name,宏将
given_name,宏昌
given_name,宏真
given_name,宏仁
given_name,宏征
given_name,宏政
given_name,宏正
given_name,宏当
given_name,宏祐
given_name,宏眞
given_name,広雅
given_name,広将
given_name,広昌
given_name,広真
given_name,広政
given_name,広正
given_name,広大
given_name,広優
given_name,弘雅
given_name,弘匡
given_name,弘将
given_name,弘昌
given_name,弘真
given_name,弘征
given_name,弘政
given_name,弘正
given_name,弘將
given_name,浩雅
given_name,浩匡
given_name,浩将
given_name,浩昌
given_name,浩真
given_name,浩征
given_name,浩整
given_name,浩正
given_name,浩聖
given_name,浩大
given_name,浩理
given_name,浩將
given_name,紘雅
given_name,紘正
given_name,仁雅
given_name,世正
given_name,泰雅
given_name,泰匡
given_name,泰将
given_name,泰正
given_name,大雅
given_name,大勝
given_name,大将
given_name,大政
given_name,大聖
given_name,拓正
given_name,拓大
given_name,展昌
given_name,展正
given_name,博雅
given_name,博勝
given_name,博将
given_name,博昌
given_name,博政
given_name,博正
given_name,優雅
given_name,祐将
given_name,祐政
given_name,裕雅
given_name,裕公
given_name,裕勝
given_name,裕将
given_name,裕昌
given_name,裕晶
given_name,裕真
given_name,裕政
given_name,裕正
given_name,裕優
given_name,裕理
given_name,洋匡
given_name,洋賢
given_name,洋将
given_name,洋昌
given_name,洋真
given_name,洋政
given_name,洋正
given_name,廣真
given_name,廣政
given_name,廣正
given_name,啓益
given_name,宏益
given_name,弘益
given_name,郭巳
given_name,寛己
given_name,寛巳
given_name,広海
given_name,広己
given_name,弘実
given_name,浩巳
given_name,大海
given_name,博己
given_name,博巳
given_name,洋海
given_name,浩幹
given_name,大幹
given_name,博幹
given_name,裕幹
given_name,拡充
given_name,寛訓
given_name,寛充
given_name,寛通
given_name,寛典
given_name,寛道
given_name,寛芳
given_name,寛裕
given_name,寛倫
given_name,勲充
given_name,啓充
given_name,啓通
given_name,啓道
given_name,啓満
given_name,啓倫
given_name,啓路
given_name,敬倫
given_name,景孔
given_name,公道
given_name,宏軌
given_name,宏充
given_name,宏達
given_name,宏通
given_name,宏典
given_name,宏導
given_name,宏道
given_name,宏伯
given_name,宏裕
given_name,宏理
given_name,宏倫
given_name,宏路
given_name,広海知
given_name,広進
given_name,広通
given_name,広導
given_name,広道
given_name,広満
given_name,広倫
given_name,弘亨
given_name,弘享
given_name,弘康
given_name,弘充
given_name,弘成
given_name,弘達
given_name,弘通
given_name,弘典
given_name,弘導
given_name,弘道
given_name,弘融
given_name,弘理
given_name,弘倫
given_name,弘迪
given_name,浩亨
given_name,浩光
given_name,浩康
given_name,浩行
given_name,浩充
given_name,浩宙
given_name,浩通
given_name,浩道
given_name,浩伯
given_name,浩満
given_name,浩倫
given_name,浩路
given_name,紘充
given_name,紘道
given_name,祥路
given_name,泰充
given_name,泰道
given_name,大進
given_name,大宙
given_name,大道
given_name,大倫
given_name,大路
given_name,拓祥
given_name,拓宙
given_name,拓路
given_name,博充
given_name,博進
given_name,博通
given_name,博導
given_name,博道
given_name,博満
given_name,博理
given_name,博陸
given_name,博倫
given_name,博礼
given_name,博路
given_name,悠仁
given_name,祐通
given_name,祐道
given_name,裕教
given_name,裕康
given_name,裕充
given_name,裕生
given_name,裕達
given_name,裕宙
given_name,裕通
given_name,裕典
given_name,裕道
given_name,裕満
given_name,裕理
given_name,裕陸
given_name,裕倫
given_name,裕路
given_name,洋至
given_name,洋充
given_name,洋通
given_name,洋典
given_name,洋道
given_name,洋路
given_name,礼充
given_name,礼道
given_name,廣道
given_name,拡光
given_name,拡充
given_name,寛允
given_name,寛光
given_name,寛充
given_name,啓允
given_name,啓光
given_name,啓充
given_name,啓満
given_name,宏允
given_name,宏光
given_name,宏実
given_name,宏充
given_name,宏慎
given_name,宏則
given_name,宏満
given_name,広光
given_name,広充
given_name,広瑞
given_name,広満
given_name,弘光
given_name,弘充
given_name,弘満
given_name,浩光
given_name,浩三
given_name,浩実
given_name,浩充
given_name,紘充
given_name,宗広
given_name,尋満
given_name,泰允
given_name,泰光
given_name,泰充
given_name,大晃
given_name,大充
given_name,展充
given_name,博光
given_name,博充
given_name,博旬
given_name,博水
given_name,博満
given_name,比呂光
given_name,祐光
given_name,裕允
given_name,裕光
given_name,裕三
given_name,裕充
given_name,裕照
given_name,裕満
given_name,洋光
given_name,洋三
given_name,洋充
given_name,洋満
given_name,陽光
given_name,廣光
given_name,廣満
given_name,宏峰
given_name,央睦
given_name,拡
given_name,寛武
given_name,寛夢
given_name,宏生
given_name,宏武
given_name,宏務
given_name,宏夢
given_name,広武
given_name,広夢
given_name,弘武
given_name,弘睦
given_name,弘務
given_name,弘夢
given_name,浩武
given_name,浩務
given_name,浩夢
given_name,浩陸
given_name,紘睦
given_name,紘夢
given_name,周晋
given_name,尋武
given_name,大武
given_name,大夢
given_name,大陸
given_name,大脩
given_name,拓生
given_name,拓夢
given_name,宙夢
given_name,宙勇
given_name,博武
given_name,博睦
given_name,博務
given_name,比呂武
given_name,比呂睦
given_name,飛浪武
given_name,弥夢
given_name,裕武
given_name,裕歩
given_name,裕睦
given_name,裕夢
given_name,裕勇
given_name,洋望
given_name,洋夢
given_name,礼武
given_name,寛宗
given_name,宏宗
given_name,弘宗
given_name,浩宗
given_name,祐宗
given_name,裕宗
given_name,大望
given_name,寛基
given_name,寛元
given_name,寛征
given_name,啓元
given_name,宏幹
given_name,宏元
given_name,広基
given_name,広元
given_name,弘基
given_name,弘資
given_name,浩意
given_name,浩幹
given_name,浩基
given_name,浩統
given_name,尋源
given_name,泰基
given_name,泰大
given_name,大幹
given_name,大元
given_name,大宗
given_name,博基
given_name,博元
given_name,博資
given_name,祐元
given_name,裕大
given_name,宏盛
given_name,広盛
given_name,弘守
given_name,博司
given_name,央哉
given_name,央也
given_name,央弥
given_name,拡也
given_name,寛哉
given_name,寛泰
given_name,寛也
given_name,寛弥
given_name,啓也
given_name,啓弥
given_name,敬也
given_name,宏哉
given_name,宏也
given_name,宏弥
given_name,宏矢
given_name,広哉
given_name,広也
given_name,広野
given_name,広弥
given_name,弘哉
given_name,弘八
given_name,弘也
given_name,弘弥
given_name,浩哉
given_name,浩也
given_name,浩弥
given_name,浩矢
given_name,紘也
given_name,紘矢
given_name,祥也
given_name,仁哉
given_name,尋也
given_name,尋弥
given_name,太哉
given_name,泰也
given_name,泰弥
given_name,大哉
given_name,大也
given_name,大弥
given_name,拓也
given_name,宙也
given_name,博哉
given_name,博八
given_name,博也
given_name,博弥
given_name,比呂哉
given_name,比呂也
given_name,明弥
given_name,弥也
given_name,友哉
given_name,祐也
given_name,祐弥
given_name,裕哉
given_name,裕八
given_name,裕也
given_name,裕弥
given_name,裕矢
given_name,容也
given_name,洋哉
given_name,洋也
given_name,洋弥
given_name,廣也
given_name,廣弥
given_name,洸哉
given_name,洸弥
given_name,洸矢
given_name,翔也
given_name,宇泰
given_name,央恭
given_name,央泰
given_name,拡保
given_name,寛恭
given_name,寛康
given_name,寛泰
given_name,寛能
given_name,寛保
given_name,寛裕
given_name,啓尉
given_name,啓康
given_name,啓泰
given_name,啓文
given_name,啓保
given_name,啓靖
given_name,公安
given_name,公靖
given_name,宏安
given_name,宏育
given_name,宏益
given_name,宏恭
given_name,宏康
given_name,宏泰
given_name,宏保
given_name,宏彌
given_name,広安
given_name,広康
given_name,広耕
given_name,広泰
given_name,広保
given_name,広靖
given_name,弘安
given_name,弘易
given_name,弘恭
given_name,弘康
given_name,弘妥
given_name,弘泰
given_name,弘悌
given_name,弘保
given_name,弘靖
given_name,弘裕
given_name,弘和
given_name,浩安
given_name,浩恭
given_name,浩康
given_name,浩泰
given_name,浩保
given_name,浩靖
given_name,紘康
given_name,紘靖
given_name,仁康
given_name,仁泰
given_name,仁靖
given_name,尋康
given_name,泰育
given_name,泰康
given_name,大恭
given_name,大康
given_name,大靖
given_name,拓康
given_name,拓泰
given_name,拓保
given_name,展康
given_name,博安
given_name,博貫
given_name,博康
given_name,博資
given_name,博泰
given_name,博保
given_name,博靖
given_name,博誉
given_name,普康
given_name,悠育
given_name,祐靖
given_name,裕恭
given_name,裕康
given_name,裕泰
given_name,裕寧
given_name,裕保
given_name,裕靖
given_name,洋安
given_name,洋賢
given_name,洋康
given_name,洋保
given_name,洋靖
given_name,廣安
given_name,廣恭
given_name,廣康
given_name,廣保
given_name,皓泰
given_name,熙育
given_name,央幸
given_name,央行
given_name,央之
given_name,嘉之
given_name,拡幸
given_name,拡行
given_name,拡之
given_name,寛幸
given_name,寛行
given_name,寛征
given_name,寛如
given_name,寛之
given_name,寛悠
given_name,啓幸
given_name,啓行
given_name,啓征
given_name,啓如
given_name,啓之
given_name,敬幸
given_name,敬雪
given_name,敬之
given_name,公幸
given_name,公行
given_name,公之
given_name,厚行
given_name,宏幸
given_name,宏行
given_name,宏征
given_name,宏之
given_name,広幸
given_name,広行
given_name,広征
given_name,広之
given_name,弘幸
given_name,弘行
given_name,弘征
given_name,弘之
given_name,洪之
given_name,浩幸
given_name,浩行
given_name,浩征
given_name,浩雪
given_name,浩之
given_name,紘幸
given_name,紘行
given_name,紘之
given_name,克行
given_name,宗幸
given_name,宗之
given_name,淳行
given_name,潤幸
given_name,潤之
given_name,祥之
given_name,晋之
given_name,仁之
given_name,尋行
given_name,尋之
given_name,誠幸
given_name,碩之
given_name,宣行
given_name,泰亨
given_name,泰幸
given_name,泰行
given_name,泰志
given_name,泰将
given_name,泰千
given_name,泰之
given_name,大元
given_name,大幸
given_name,大行
given_name,大征
given_name,大之
given_name,拓幸
given_name,拓行
given_name,拓之
given_name,宙行
given_name,宙于
given_name,篤行
given_name,博幸
given_name,博行
given_name,博征
given_name,博之
given_name,悠之
given_name,祐幸
given_name,祐行
given_name,祐之
given_name,裕幸
given_name,裕行
given_name,裕征
given_name,裕之
given_name,容幸
given_name,容行
given_name,容之
given_name,洋幸
given_name,洋行
given_name,洋征
given_name,洋之
given_name,廣幸
given_name,廣行
given_name,廣之
given_name,洸幸
given_name,洸之
given_name,滉之
given_name,皓之
given_name,頌之
given_name,熙之
given_name,寛世
given_name,啓誉
given_name,紘世
given_name,博世
given_name,衣義
given_name,宇由
given_name,拡慶
given_name,寛悦
given_name,寛佳
given_name,寛喜
given_name,寛儀
given_name,寛義
given_name,寛祥
given_name,寛善
given_name,寛芳
given_name,啓益
given_name,啓悦
given_name,啓喜
given_name,啓義
given_name,啓欣
given_name,啓好
given_name,啓祥
given_name,啓善
given_name,啓禎
given_name,啓徳
given_name,啓芳
given_name,啓由
given_name,啓良
given_name,敬仁
given_name,敬善
given_name,公嘉
given_name,宏悦
given_name,宏佳
given_name,宏嘉
given_name,宏喜
given_name,宏宜
given_name,宏義
given_name,宏吉
given_name,宏啓
given_name,宏剛
given_name,宏至
given_name,宏淑
given_name,宏祥
given_name,宏仁
given_name,宏禎
given_name,宏徳
given_name,宏芳
given_name,宏由
given_name,宏羊
given_name,広喜
given_name,広義
given_name,広好
given_name,広祥
given_name,広善
given_name,広良
given_name,弘愛
given_name,弘伊
given_name,弘悦
given_name,弘佳
given_name,弘嘉
given_name,弘貴
given_name,弘義
given_name,弘吉
given_name,弘敬
given_name,弘好
given_name,弘剛
given_name,弘克
given_name,弘至
given_name,弘秀
given_name,弘淑
given_name,弘純
given_name,弘祥
given_name,弘善
given_name,弘兆
given_name,弘芳
given_name,弘良
given_name,浩愛
given_name,浩栄
given_name,浩佳
given_name,浩嘉
given_name,浩義
given_name,浩圭
given_name,浩慶
given_name,浩功
given_name,浩好
given_name,浩剛
given_name,浩至
given_name,浩祥
given_name,浩誠
given_name,浩静
given_name,浩善
given_name,浩芳
given_name,浩由
given_name,浩与志
given_name,浩良
given_name,紘義
given_name,紘圭
given_name,紘好
given_name,祥佳
given_name,仁良
given_name,泰佳
given_name,泰義
given_name,泰圭
given_name,泰由
given_name,泰良
given_name,大佳
given_name,大嘉
given_name,大歓
given_name,大貴
given_name,大義
given_name,大慈
given_name,大善
given_name,伯由
given_name,博愛
given_name,博悦
given_name,博佳
given_name,博嘉
given_name,博賀
given_name,博雅
given_name,博義
given_name,博圭
given_name,博敬
given_name,博好
given_name,博克
given_name,博善
given_name,博芳
given_name,博由
given_name,博良
given_name,彦嘉
given_name,普好
given_name,祐禎
given_name,祐能
given_name,裕嘉
given_name,裕喜
given_name,裕宜
given_name,裕義
given_name,裕吉
given_name,裕圭
given_name,裕慶
given_name,裕孝
given_name,裕克
given_name,裕資
given_name,裕泰
given_name,裕芳
given_name,裕由
given_name,裕良
given_name,洋嘉
given_name,洋宜
given_name,洋義
given_name,洋好
given_name,洋昌
given_name,洋善
given_name,洋敏
given_name,洋芳
given_name,洋良
given_name,廣義
given_name,武一
given_name,武一郎
given_name,風起
given_name,風来
given_name,風語
given_name,風作
given_name,風士
given_name,風児
given_name,風士郎
given_name,風介
given_name,楓太
given_name,風太
given_name,颯太
given_name,風太朗
given_name,風太郎
given_name,楓人
given_name,風人
given_name,風土
given_name,楓真
given_name,風雅
given_name,風馬
given_name,風谷
given_name,風也
given_name,深
given_name,深史
given_name,深思
given_name,深之
given_name,富貴雄
given_name,冨喜男
given_name,風起人
given_name,福一郎
given_name,富久雄
given_name,福男
given_name,福夫
given_name,福雄
given_name,福史
given_name,福司
given_name,福次
given_name,福治
given_name,福二
given_name,福三
given_name,福蔵
given_name,福太
given_name,福太朗
given_name,福太郎
given_name,吹人
given_name,福人
given_name,福敏
given_name,福伸
given_name,福宣
given_name,福徳
given_name,福範
given_name,福法
given_name,福彦
given_name,福栄
given_name,副弘
given_name,福弘
given_name,富久哉
given_name,福哉
given_name,福也
given_name,福弥
given_name,総明
given_name,房章
given_name,総夫
given_name,総雄
given_name,富佐夫
given_name,富佐雄
given_name,房男
given_name,房夫
given_name,房雄
given_name,房郎
given_name,房司
given_name,房史
given_name,房司
given_name,房二
given_name,房太
given_name,房人
given_name,房俊
given_name,亮俊
given_name,房之介
given_name,維伸
given_name,総信
given_name,総謙
given_name,芳教
given_name,房則
given_name,房典
given_name,房徳
given_name,房彦
given_name,弦寛
given_name,房弘
given_name,英文
given_name,総道
given_name,房光
given_name,総幸
given_name,総之
given_name,聡之
given_name,房幸
given_name,房之
given_name,藤昭
given_name,藤明
given_name,藤男
given_name,藤夫
given_name,藤雄
given_name,藤朗
given_name,不二生
given_name,不二男
given_name,不二夫
given_name,不二雄
given_name,夫次男
given_name,富士男
given_name,富士夫
given_name,富士保
given_name,富士雄
given_name,富士郎
given_name,富二男
given_name,富二夫
given_name,冨士男
given_name,冨士夫
given_name,冨士雄
given_name,冨次男
given_name,藤伸
given_name,藤憲
given_name,藤徳
given_name,藤彦
given_name,富士彦
given_name,藤久
given_name,藤人
given_name,藤弘
given_name,藤博
given_name,藤裕
given_name,藤洋
given_name,藤也
given_name,富士也
given_name,藤之
given_name,藤郎
given_name,不二郎
given_name,富士郎
given_name,太
given_name,太志
given_name,大嗣
given_name,大士
given_name,大志
given_name,風冬志
given_name,不比等
given_name,郁光
given_name,郁章
given_name,郁明
given_name,史瑛
given_name,史輝
given_name,史暁
given_name,史顕
given_name,史晃
given_name,史彰
given_name,史招
given_name,史昌
given_name,史昭
given_name,史晶
given_name,史章
given_name,史成
given_name,史聴
given_name,史哲
given_name,史彬
given_name,史文
given_name,史明
given_name,史陽
given_name,史諒
given_name,史礼
given_name,史朗
given_name,文秋
given_name,文彰
given_name,文晶
given_name,文章
given_name,文明
given_name,文揚
given_name,文亮
given_name,文朗
given_name,史篤
given_name,郁夫
given_name,郁雄
given_name,郁朗
given_name,史生
given_name,史男
given_name,史夫
given_name,史歩
given_name,史雄
given_name,史朗
given_name,史郎
given_name,章央
given_name,章生
given_name,章男
given_name,章夫
given_name,章雄
given_name,典生
given_name,典男
given_name,典夫
given_name,典雄
given_name,二三生
given_name,二三男
given_name,二三夫
given_name,二三雄
given_name,二美緒
given_name,二美男
given_name,二美夫
given_name,富光夫
given_name,富三男
given_name,富三郎
given_name,富実雄
given_name,富美緒
given_name,富美男
given_name,富美夫
given_name,富美雄
given_name,冨美夫
given_name,扶美男
given_name,扶美夫
given_name,芙三大
given_name,芙美夫
given_name,芙美雄
given_name,文生
given_name,文大
given_name,文男
given_name,文夫
given_name,文保
given_name,文弥生
given_name,文勇
given_name,文雄
given_name,文朗
given_name,文郎
given_name,史興
given_name,文臣
given_name,史景
given_name,文景
given_name,郁一
given_name,郁和
given_name,史一
given_name,史和
given_name,章員
given_name,二三和
given_name,文一
given_name,文寿
given_name,文和
given_name,史克
given_name,文克
given_name,文勝
given_name,史基
given_name,史記
given_name,史貴
given_name,史起
given_name,史己
given_name,史樹
given_name,章記
given_name,章貴
given_name,富美樹
given_name,文希
given_name,文季
given_name,文紀
given_name,文芸
given_name,文樹
given_name,文吉
given_name,文清
given_name,文聖
given_name,文邦
given_name,史聡
given_name,文智
given_name,文怜
given_name,文重
given_name,文三
given_name,郁太
given_name,郁貴
given_name,郁隆
given_name,史貴
given_name,史宜
given_name,史享
given_name,史敬
given_name,史孝
given_name,史昂
given_name,史考
given_name,史剛
given_name,史尚
given_name,史崇
given_name,史生
given_name,史尊
given_name,史卓
given_name,史隆
given_name,章貴
given_name,章生
given_name,文貴
given_name,文敬
given_name,文孝
given_name,文昂
given_name,文高
given_name,文崇
given_name,文博
given_name,文彪
given_name,文峰
given_name,文隆
given_name,史岳
given_name,史毅
given_name,史健
given_name,史剛
given_name,史丈
given_name,史武
given_name,文威
given_name,文岳
given_name,文毅
given_name,文健
given_name,文剛
given_name,文武
given_name,文猛
given_name,史匡
given_name,史太郎
given_name,文太郎
given_name,史考
given_name,史周
given_name,史真
given_name,史親
given_name,文次
given_name,史嗣
given_name,史次
given_name,文嗣
given_name,文輝
given_name,文照
given_name,郁人
given_name,郁斗
given_name,史人
given_name,章人
given_name,典人
given_name,文人
given_name,文斗
given_name,郁俊
given_name,史俊
given_name,史敏
given_name,史利
given_name,文寿
given_name,文俊
given_name,文敏
given_name,文稔
given_name,文利
given_name,史知
given_name,史智
given_name,史朋
given_name,史友
given_name,文朝
given_name,文朋
given_name,文友
given_name,文豊
given_name,史尚
given_name,史直
given_name,文直
given_name,史長
given_name,典永
given_name,史就
given_name,史成
given_name,史也
given_name,文成
given_name,文也
given_name,史修
given_name,史展
given_name,文伸
given_name,文信
given_name,文宣
given_name,文暢
given_name,文靖
given_name,郁則
given_name,史雅
given_name,史寛
given_name,史紀
given_name,史規
given_name,史記
given_name,史教
given_name,史訓
given_name,史敬
given_name,史憲
given_name,史詞
given_name,史則
given_name,史典
given_name,史徳
given_name,史範
given_name,章範
given_name,文紀
given_name,文規
given_name,文宣
given_name,文則
given_name,文典
given_name,文徳
given_name,文範
given_name,史治
given_name,史晴
given_name,富美治
given_name,文治
given_name,文春
given_name,文晴
given_name,文陽
given_name,郁彦
given_name,史日呼
given_name,史比古
given_name,史彦
given_name,文彦
given_name,史久
given_name,史尚
given_name,文久
given_name,文寿
given_name,文尚
given_name,史英
given_name,史秀
given_name,文英
given_name,文秀
given_name,郁人
given_name,史人
given_name,史仁
given_name,章人
given_name,章仁
given_name,典人
given_name,文人
given_name,文仁
given_name,文聡
given_name,文博
given_name,史寛
given_name,史啓
given_name,史宏
given_name,史弘
given_name,史浩
given_name,史拓
given_name,史博
given_name,史裕
given_name,史洋
given_name,章弘
given_name,章洋
given_name,典宏
given_name,典弘
given_name,典博
given_name,文寛
given_name,文啓
given_name,文宏
given_name,文広
given_name,文弘
given_name,文浩
given_name,文紘
given_name,文尋
given_name,文泰
given_name,文大
given_name,文博
given_name,文稔
given_name,文裕
given_name,文洋
given_name,史雅
given_name,史匡
given_name,史勝
given_name,史将
given_name,史昌
given_name,史征
given_name,章雅
given_name,文雅
given_name,文将
given_name,文昌
given_name,文政
given_name,文正
given_name,文麿
given_name,郁哉
given_name,郁也
given_name,郁弥
given_name,郁矢
given_name,史哉
given_name,史也
given_name,史耶
given_name,史弥
given_name,史矢
given_name,詞也
given_name,章也
given_name,典哉
given_name,典也
given_name,典弥
given_name,富美也
given_name,芙実也
given_name,芙美也
given_name,風見也
given_name,文哉
given_name,文也
given_name,文弥
given_name,文彌
given_name,史恭
given_name,史康
given_name,史泰
given_name,史靖
given_name,文康
given_name,文泰
given_name,文靖
given_name,史幸
given_name,史行
given_name,史征
given_name,史之
given_name,文幸
given_name,文行
given_name,文之
given_name,史義
given_name,史吉
given_name,史剛
given_name,史芳
given_name,文佳
given_name,文嘉
given_name,文喜
given_name,文宜
given_name,文義
given_name,文芸
given_name,文祥
given_name,文芳
given_name,文頼
given_name,史朗
given_name,史郎
given_name,冬貴
given_name,冬輝
given_name,冬樹
given_name,冬生
given_name,冬来
given_name,風悠来
given_name,冬二
given_name,冬人
given_name,風優人
given_name,冬比古
given_name,冬彦
given_name,冬人
given_name,不由経
given_name,風里生
given_name,風里都
given_name,文一
given_name,文一郎
given_name,文吾
given_name,文悟
given_name,文護
given_name,文治
given_name,文七
given_name,文司郎
given_name,文史朗
given_name,文四郎
given_name,文次郎
given_name,文二郎
given_name,文介
given_name,文三
given_name,文造
given_name,文太
given_name,文太郎
given_name,文哉
given_name,文也
given_name,兵一
given_name,平一
given_name,平一朗
given_name,平一郎
given_name,平吉
given_name,平作
given_name,平三郎
given_name,平司
given_name,平治
given_name,炳治
given_name,秉司
given_name,平士郎
given_name,開祐
given_name,兵祐
given_name,平介
given_name,平助
given_name,平輔
given_name,平佑
given_name,平祐
given_name,平裕
given_name,平三
given_name,平蔵
given_name,兵太
given_name,平太
given_name,兵太朗
given_name,平太郎
given_name,平之介
given_name,平八
given_name,平八朗
given_name,平八郎
given_name,平馬
given_name,平野
given_name,勉
given_name,遍理
given_name,峰一
given_name,豊作
given_name,方正
given_name,萌生
given_name,邦正
given_name,宝蔵
given_name,芽土
given_name,帆影
given_name,朗
given_name,北斗
given_name,北馬
given_name,保志
given_name,星雄
given_name,星太郎
given_name,星輝
given_name,星人
given_name,星斗
given_name,保志人
given_name,星之介
given_name,星彦
given_name,星人
given_name,星仁
given_name,星朗
given_name,穂太郎
given_name,炎
given_name,誉
given_name,凡太郎
given_name,舞人
given_name,舞斗
given_name,舞之介
given_name,真央人
given_name,真央也
given_name,真夏男
given_name,真喜夫
given_name,真喜雄
given_name,真基朗
given_name,真希生
given_name,真希夫
given_name,真希雄
given_name,真毅雄
given_name,真季雄
given_name,真紀夫
given_name,真紀雄
given_name,真規雄
given_name,真貴男
given_name,真貴夫
given_name,真軌夫
given_name,真輝男
given_name,真輝郎
given_name,真甲雄
given_name,真樹生
given_name,真樹夫
given_name,牧男
given_name,牧夫
given_name,摩樹郎
given_name,磨輝夫
given_name,麿輝夫
given_name,万喜男
given_name,万喜夫
given_name,万紀夫
given_name,万紀雄
given_name,満喜夫
given_name,満喜雄
given_name,満紀男
given_name,眞喜男
given_name,眞貴雄
given_name,槙志
given_name,蒔人
given_name,真希人
given_name,真規人
given_name,真記人
given_name,真輝人
given_name,真樹人
given_name,真生人
given_name,薪人
given_name,牧人
given_name,槙人
given_name,槇人
given_name,牧彦
given_name,牧英
given_name,真紀仁
given_name,真貴人
given_name,真生人
given_name,牧人
given_name,牧仁
given_name,麻基人
given_name,牧裕
given_name,牧文
given_name,蒔也
given_name,真希也
given_name,真樹哉
given_name,牧哉
given_name,麻記也
given_name,万季野
given_name,眞樹也
given_name,牧良
given_name,孫四郎
given_name,真
given_name,真琴
given_name,真言
given_name,真呼人
given_name,真人
given_name,誠
given_name,誠人
given_name,良
given_name,允昭
given_name,允祥
given_name,允章
given_name,応晃
given_name,応明
given_name,雅暁
given_name,雅啓
given_name,雅顕
given_name,雅幸
given_name,雅晃
given_name,雅秋
given_name,雅彰
given_name,雅昌
given_name,雅昭
given_name,雅晶
given_name,雅章
given_name,雅旦
given_name,雅哲
given_name,雅彬
given_name,雅明
given_name,雅陽
given_name,雅亮
given_name,雅朗
given_name,雅顯
given_name,幹哲
given_name,匡晃
given_name,匡昭
given_name,匡晶
given_name,匡章
given_name,匡紹
given_name,匡哲
given_name,匡彬
given_name,匡明
given_name,匡亮
given_name,匡朗
given_name,賢謙
given_name,賢彰
given_name,賢昭
given_name,賢成
given_name,賢明
given_name,賢朗
given_name,公彰
given_name,公昭
given_name,公章
given_name,公明
given_name,公朗
given_name,勝秋
given_name,勝昭
given_name,勝章
given_name,勝明
given_name,勝亮
given_name,将旭
given_name,将監
given_name,将暁
given_name,将顕
given_name,将晃
given_name,将彰
given_name,将昌
given_name,将昭
given_name,将章
given_name,将成
given_name,将哲
given_name,将明
given_name,将亮
given_name,尚昭
given_name,昌暁
given_name,昌顕
given_name,昌晃
given_name,昌秋
given_name,昌彰
given_name,昌昭
given_name,昌照
given_name,昌章
given_name,昌成
given_name,昌壮
given_name,昌哲
given_name,昌彬
given_name,昌明
given_name,昌陽
given_name,昌亮
given_name,昌朗
given_name,昭正
given_name,晶章
given_name,晶亮
given_name,真映
given_name,真啓
given_name,真顕
given_name,真晃
given_name,真彰
given_name,真昭
given_name,真照
given_name,真章
given_name,真彬
given_name,真明
given_name,真亮
given_name,真朗
given_name,真滉
given_name,仁監
given_name,仁晃
given_name,仁秋
given_name,仁昭
given_name,仁章
given_name,仁明
given_name,仁亮
given_name,征暁
given_name,征顕
given_name,征晃
given_name,征昭
given_name,征成
given_name,征明
given_name,成公
given_name,成昭
given_name,成亮
given_name,政顕
given_name,政晃
given_name,政秋
given_name,政彰
given_name,政昭
given_name,政晶
given_name,政章
given_name,政聡
given_name,政明
given_name,政朗
given_name,正旭
given_name,正瑛
given_name,正輝
given_name,正義
given_name,正尭
given_name,正暁
given_name,正啓
given_name,正見
given_name,正顕
given_name,正晃
given_name,正秋
given_name,正彰
given_name,正昌
given_name,正昭
given_name,正晶
given_name,正照
given_name,正祥
given_name,正章
given_name,正全
given_name,正聡
given_name,正智
given_name,正哲
given_name,正彬
given_name,正明
given_name,正陽
given_name,正亮
given_name,正朗
given_name,正顯
given_name,聖啓
given_name,聖晃
given_name,聖昭
given_name,聖章
given_name,聖哲
given_name,聖明
given_name,聖朗
given_name,誠晶
given_name,誠章
given_name,誠明
given_name,誠亮
given_name,誠朗
given_name,斉亮
given_name,全晶
given_name,全章
given_name,全朗
given_name,壮哲
given_name,壮亮
given_name,暢昭
given_name,暢夫
given_name,暢明
given_name,優暁
given_name,優顕
given_name,優晃
given_name,優彰
given_name,優章
given_name,優明
given_name,祐章
given_name,祐明
given_name,理暁
given_name,理晃
given_name,理嗣
given_name,理彰
given_name,理明
given_name,理亮
given_name,壯章
given_name,將晃
given_name,將彰
given_name,將昭
given_name,將陽
given_name,眞彰
given_name,眞昭
given_name,眞章
given_name,眞明
given_name,眞亮
given_name,雅篤
given_name,匡充
given_name,昌厚
given_name,昌淳
given_name,正篤
given_name,全厚
given_name,雅存
given_name,雅有
given_name,理在
given_name,雅一
given_name,将一
given_name,昌一
given_name,真佐一
given_name,政一
given_name,政市
given_name,正一
given_name,眞一
given_name,雅一郎
given_name,雅市郎
given_name,将海
given_name,真海
given_name,正海
given_name,允生
given_name,允雄
given_name,雅央
given_name,雅応
given_name,雅弦
given_name,雅士
given_name,雅緒
given_name,雅生
given_name,雅大
given_name,雅男
given_name,雅夫
given_name,雅勇
given_name,雅祐
given_name,雅雄
given_name,雅朗
given_name,雅郎
given_name,匡央
given_name,匡生
given_name,匡男
given_name,匡夫
given_name,匡雄
given_name,匡朗
given_name,薫雄
given_name,公雄
given_name,順雄
given_name,勝男
given_name,勝夫
given_name,勝雄
given_name,将央
given_name,将緒
given_name,将生
given_name,将大
given_name,将男
given_name,将夫
given_name,将雄
given_name,将朗
given_name,将郎
given_name,尚男
given_name,昌央
given_name,昌巨
given_name,昌生
given_name,昌男
given_name,昌夫
given_name,昌穂
given_name,昌勇
given_name,昌雄
given_name,昌朗
given_name,昌郎
given_name,晶男
given_name,晶夫
given_name,晶朗
given_name,真央
given_name,真佐男
given_name,真佐夫
given_name,真佐雄
given_name,真冴王
given_name,真男
given_name,真夫
given_name,真勇
given_name,真雄
given_name,真朗
given_name,真郎
given_name,仁夫
given_name,征央
given_name,征生
given_name,征男
given_name,征夫
given_name,征雄
given_name,征郎
given_name,成郎
given_name,政生
given_name,政男
given_name,政夫
given_name,政勇
given_name,政雄
given_name,政郎
given_name,正生
given_name,正大
given_name,正男
given_name,正夫
given_name,正雄
given_name,正朗
given_name,正郎
given_name,聖生
given_name,聖夫
given_name,聖雄
given_name,誠生
given_name,誠男
given_name,誠夫
given_name,誠朗
given_name,全男
given_name,全雄
given_name,大雄
given_name,暢男
given_name,暢夫
given_name,摩砂夫
given_name,磨佐男
given_name,万佐夫
given_name,満佐夫
given_name,優生
given_name,優大
given_name,優男
given_name,優夫
given_name,優雄
given_name,祐男
given_name,祐夫
given_name,祐雄
given_name,理央
given_name,理生
given_name,理夫
given_name,理雄
given_name,理郎
given_name,將夫
given_name,眞央
given_name,眞佐男
given_name,眞三生
given_name,眞生
given_name,眞男
given_name,眞夫
given_name,昌沖
given_name,昌興
given_name,真興
given_name,真宙
given_name,仁興
given_name,征興
given_name,政興
given_name,正起
given_name,正興
given_name,雅臣
given_name,宜臣
given_name,匡臣
given_name,公臣
given_name,将巨
given_name,将臣
given_name,昌臣
given_name,真左臣
given_name,真臣
given_name,征臣
given_name,政臣
given_name,正臣
given_name,聖臣
given_name,誠臣
given_name,優臣
given_name,理臣
given_name,將臣
given_name,眞臣
given_name,昌景
given_name,正影
given_name,維和
given_name,允和
given_name,賀一
given_name,雅一
given_name,雅計
given_name,雅憲
given_name,雅航
given_name,雅佐和
given_name,雅重
given_name,雅知
given_name,雅量
given_name,雅和
given_name,幹一
given_name,匡一
given_name,匡憲
given_name,匡和
given_name,賢一
given_name,賢和
given_name,公一
given_name,剛一
given_name,剛年
given_name,剛和
given_name,順一
given_name,勝一
given_name,勝和
given_name,奨一
given_name,将一
given_name,将寿
given_name,将量
given_name,将和
given_name,尚和
given_name,昌一
given_name,昌寿
given_name,昌和
given_name,晶一
given_name,証一
given_name,真一
given_name,真佐一
given_name,真佐和
given_name,真寿
given_name,真和
given_name,仁一
given_name,征一
given_name,征和
given_name,成和
given_name,政一
given_name,政和
given_name,正一
given_name,正員
given_name,正計
given_name,正数
given_name,正知
given_name,正和
given_name,聖司
given_name,聖和
given_name,誠一
given_name,誠宗
given_name,誠和
given_name,壮和
given_name,優一
given_name,優和
given_name,祐和
given_name,容和
given_name,理一
given_name,理員
given_name,理計
given_name,理和
given_name,將一
given_name,應和
given_name,眞一
given_name,眞和
given_name,昌賢
given_name,雅且
given_name,雅健
given_name,雅克
given_name,雅勝
given_name,匡克
given_name,匡勝
given_name,賢克
given_name,公力
given_name,剛勝
given_name,勝且
given_name,将一
given_name,将且
given_name,将克
given_name,将勝
given_name,昌且
given_name,昌功
given_name,昌克
given_name,昌勝
given_name,真功
given_name,真克
given_name,真勝
given_name,征功
given_name,征克
given_name,征勝
given_name,政功
given_name,政克
given_name,政勝
given_name,正敢
given_name,正賢
given_name,正功
given_name,正克
given_name,正勝
given_name,聖勝
given_name,誠克
given_name,誠勝
given_name,全功
given_name,全克
given_name,暢克
given_name,祐克
given_name,理克
given_name,將克
given_name,將勝
given_name,雅一
given_name,正一
given_name,正勝
given_name,雅門
given_name,将門
given_name,政門
given_name,政兼
given_name,正包
given_name,斉兼
given_name,維紀
given_name,允紀
given_name,允己
given_name,允樹
given_name,応樹
given_name,雅喜
given_name,雅基
given_name,雅希
given_name,雅揮
given_name,雅毅
given_name,雅季
given_name,雅紀
given_name,雅規
given_name,雅記
given_name,雅貴
given_name,雅起
given_name,雅輝
given_name,雅己
given_name,雅樹
given_name,雅城
given_name,雅生
given_name,雅暉
given_name,匡喜
given_name,匡基
given_name,匡岐
given_name,匡希
given_name,匡棋
given_name,匡毅
given_name,匡稀
given_name,匡紀
given_name,匡規
given_name,匡記
given_name,匡貴
given_name,匡起
given_name,匡輝
given_name,匡己
given_name,匡哉
given_name,匡咲
given_name,匡樹
given_name,匡城
given_name,匡生
given_name,賢記
given_name,賢輝
given_name,賢宜
given_name,賢樹
given_name,賢城
given_name,賢生
given_name,公基
given_name,公幾
given_name,公揮
given_name,公規
given_name,公貴
given_name,勝喜
given_name,勝基
given_name,勝紀
given_name,勝規
given_name,勝貴
given_name,勝輝
given_name,勝己
given_name,勝樹
given_name,勝生
given_name,将喜
given_name,将基
given_name,将希
given_name,将揮
given_name,将旗
given_name,将毅
given_name,将紀
given_name,将規
given_name,将記
given_name,将貴
given_name,将起
given_name,将輝
given_name,将騎
given_name,将己
given_name,将哉
given_name,将樹
given_name,将城
given_name,将生
given_name,将来
given_name,将暉
given_name,昌喜
given_name,昌基
given_name,昌岐
given_name,昌毅
given_name,昌季
given_name,昌紀
given_name,昌規
given_name,昌記
given_name,昌貴
given_name,昌起
given_name,昌輝
given_name,昌宜
given_name,昌己
given_name,昌樹
given_name,昌章
given_name,昌城
given_name,昌生
given_name,昌妃
given_name,昌暉
given_name,晶喜
given_name,晶紀
given_name,晶規
given_name,晶貴
given_name,晶樹
given_name,晶城
given_name,真幹
given_name,真喜
given_name,真基
given_name,真揮
given_name,真毅
given_name,真季
given_name,真規
given_name,真記
given_name,真貴
given_name,真輝
given_name,真己
given_name,真幸
given_name,真佐紀
given_name,真佐貴
given_name,真佐輝
given_name,真佐樹
given_name,真沙季
given_name,真砂喜
given_name,真砂紀
given_name,真砂樹
given_name,真樹
given_name,真生
given_name,真暉
given_name,真綺
given_name,仁基
given_name,仁紀
given_name,仁貴
given_name,仁輝
given_name,仁樹
given_name,征喜
given_name,征希
given_name,征揮
given_name,征起
given_name,征輝
given_name,征己
given_name,征樹
given_name,成喜
given_name,成基
given_name,成希
given_name,成紀
given_name,成記
given_name,成貴
given_name,成樹
given_name,政磯
given_name,政喜
given_name,政基
given_name,政希
given_name,政毅
given_name,政紀
given_name,政規
given_name,政記
given_name,政貴
given_name,政輝
given_name,政求
given_name,政己
given_name,政樹
given_name,政生
given_name,正幹
given_name,正喜
given_name,正基
given_name,正希
given_name,正幾
given_name,正揮
given_name,正機
given_name,正毅
given_name,正季
given_name,正紀
given_name,正規
given_name,正記
given_name,正貴
given_name,正起
given_name,正軌
given_name,正輝
given_name,正騎
given_name,正宜
given_name,正己
given_name,正樹
given_name,正城
given_name,正生
given_name,正善
given_name,正姫
given_name,聖紀
given_name,聖記
given_name,聖貴
given_name,聖起
given_name,聖己
given_name,聖樹
given_name,聖生
given_name,誠基
given_name,誠規
given_name,誠貴
given_name,誠己
given_name,誠樹
given_name,誠生
given_name,全紀
given_name,全規
given_name,壮基
given_name,壮紀
given_name,壮輝
given_name,大幹
given_name,大記
given_name,大輝
given_name,大樹
given_name,端樹
given_name,暢記
given_name,直樹
given_name,道基
given_name,道貴
given_name,督基
given_name,督樹
given_name,麻沙紀
given_name,柾貴
given_name,柾樹
given_name,愈喜
given_name,優基
given_name,優希
given_name,優揮
given_name,優季
given_name,優紀
given_name,優貴
given_name,優輝
given_name,優樹
given_name,優生
given_name,勇気
given_name,祐喜
given_name,祐紀
given_name,祐己
given_name,祐哉
given_name,祐樹
given_name,祐城
given_name,祐生
given_name,理喜
given_name,理希
given_name,理毅
given_name,理紀
given_name,理貴
given_name,理己
given_name,理樹
given_name,和毅
given_name,和紀
given_name,和樹
given_name,凛香
given_name,將希
given_name,將揮
given_name,將木
given_name,眞機
given_name,眞毅
given_name,眞季
given_name,眞紀
given_name,眞規
given_name,眞輝
given_name,眞己
given_name,眞佐樹
given_name,眞樹
given_name,眞生
given_name,政吉
given_name,将匡
given_name,雅清
given_name,将清
given_name,昌聖
given_name,真聖
given_name,正恭
given_name,正浄
given_name,正清
given_name,允邦
given_name,栄邦
given_name,雅国
given_name,雅州
given_name,雅洲
given_name,雅邦
given_name,雅有
given_name,雅國
given_name,巨邦
given_name,匡邦
given_name,唱都
given_name,将城
given_name,将邦
given_name,昌国
given_name,昌邦
given_name,真邦
given_name,成邦
given_name,政邦
given_name,正訓
given_name,正国
given_name,正州
given_name,正邦
given_name,正國
given_name,全邦
given_name,暢邦
given_name,哲州
given_name,方邦
given_name,理州
given_name,將邦
given_name,將國
given_name,将是
given_name,維
given_name,維志
given_name,維之
given_name,允
given_name,允史
given_name,允詞
given_name,応史
given_name,雅
given_name,雅司
given_name,雅史
given_name,雅嗣
given_name,雅士
given_name,雅志
given_name,雅思
given_name,雅支
given_name,雅施
given_name,雅至
given_name,雅視
given_name,雅詞
given_name,雅詩
given_name,雅誌
given_name,雅資
given_name,雅賜
given_name,雅治
given_name,雅是
given_name,雅之
given_name,雅巳
given_name,雅吏
given_name,格
given_name,格嗣
given_name,完至
given_name,漢
given_name,巨史
given_name,匡
given_name,匡梓
given_name,匡伺
given_name,匡司
given_name,匡史
given_name,匡士
given_name,匡志
given_name,匡紫
given_name,匡詞
given_name,賢
given_name,賢使
given_name,賢司
given_name,賢史
given_name,賢志
given_name,元
given_name,元士
given_name,公司
given_name,公士
given_name,公志
given_name,公次
given_name,剛史
given_name,剛志
given_name,克司
given_name,司
given_name,純志
given_name,順巳
given_name,勝司
given_name,勝史
given_name,勝士
given_name,勝志
given_name,勝施
given_name,勝至
given_name,将
given_name,将司
given_name,将史
given_name,将嗣
given_name,将士
given_name,将志
given_name,将支
given_name,将至
given_name,将視
given_name,将示
given_name,将之
given_name,将矢
given_name,将吏
given_name,尚史
given_name,尚志
given_name,昌
given_name,昌伺
given_name,昌司
given_name,昌史
given_name,昌嗣
given_name,昌士
given_name,昌師
given_name,昌志
given_name,昌至
given_name,昌視
given_name,昌詩
given_name,昌資
given_name,昌之
given_name,昌巳
given_name,晶史
given_name,晶士
given_name,晶支
given_name,証
given_name,証史
given_name,譲嗣
given_name,真佐史
given_name,真佐志
given_name,真左士
given_name,真沙志
given_name,真三市
given_name,真司
given_name,真史
given_name,真嗣
given_name,真士
given_name,真始
given_name,真志
given_name,真至
given_name,真資
given_name,真示
given_name,真之
given_name,真吏
given_name,仁史
given_name,仁志
given_name,仁之
given_name,征
given_name,征司
given_name,征史
given_name,征嗣
given_name,征士
given_name,征志
given_name,征之
given_name,成司
given_name,成史
given_name,成志
given_name,政
given_name,政司
given_name,政史
given_name,政嗣
given_name,政士
given_name,政志
given_name,政氏
given_name,政詞
given_name,政次
given_name,政示
given_name,政之
given_name,正伺
given_name,正司
given_name,正史
given_name,正嗣
given_name,正士
given_name,正始
given_name,正師
given_name,正志
given_name,正思
given_name,正糸
given_name,正紫
given_name,正至
given_name,正視
given_name,正詞
given_name,正資
given_name,正次
given_name,正爾
given_name,正臣
given_name,正之
given_name,聖
given_name,聖司
given_name,聖史
given_name,聖嗣
given_name,聖士
given_name,聖詞
given_name,誠司
given_name,誠史
given_name,誠士
given_name,誠志
given_name,誠芝
given_name,誠崇
given_name,斉
given_name,斉嗣
given_name,斉之
given_name,斉巳
given_name,全
given_name,全司
given_name,全史
given_name,全志
given_name,壮
given_name,壮志
given_name,大嗣
given_name,大志
given_name,卓史
given_name,暢史
given_name,暢士
given_name,暢志
given_name,直史
given_name,直嗣
given_name,直志
given_name,当志
given_name,道志
given_name,督
given_name,督司
given_name,督史
given_name,督士
given_name,方史
given_name,万佐司
given_name,万佐至
given_name,優
given_name,優司
given_name,優史
given_name,優嗣
given_name,優志
given_name,優之
given_name,祐央
given_name,祐司
given_name,祐史
given_name,祐嗣
given_name,祐志
given_name,祐之
given_name,祐巳
given_name,雄志
given_name,葉子
given_name,理
given_name,理史
given_name,理士
given_name,理志
given_name,理詞
given_name,礼
given_name,和司
given_name,和史
given_name,將
given_name,將司
given_name,將史
given_name,將志
given_name,眞佐士
given_name,眞佐之
given_name,眞史
given_name,眞士
given_name,眞志
given_name,眞之
given_name,応二
given_name,雅司
given_name,雅史
given_name,雅嗣
given_name,雅次
given_name,雅治
given_name,雅示
given_name,雅二
given_name,雅實
given_name,匡司
given_name,匡侍
given_name,勝司
given_name,将司
given_name,将二
given_name,昌司
given_name,昌史
given_name,昌嗣
given_name,昌次
given_name,昌治
given_name,昭司
given_name,政司
given_name,政史
given_name,政嗣
given_name,政次
given_name,政治
given_name,政二
given_name,正司
given_name,正次
given_name,正滋
given_name,正治
given_name,正二
given_name,誠司
given_name,全司
given_name,祐治
given_name,眞至
given_name,雅重
given_name,雅繁
given_name,雅茂
given_name,匡成
given_name,匡茂
given_name,元薫
given_name,勝成
given_name,将重
given_name,将成
given_name,将茂
given_name,昌滋
given_name,昌重
given_name,昌成
given_name,昌繁
given_name,昌茂
given_name,真重
given_name,真成
given_name,真茂
given_name,政滋
given_name,政重
given_name,政繁
given_name,政茂
given_name,正重
given_name,正穣
given_name,正成
given_name,正繁
given_name,正茂
given_name,聖樹
given_name,壮重
given_name,方臣
given_name,優成
given_name,將成
given_name,眞恵
given_name,政次郎
given_name,政二郎
given_name,正次郎
given_name,正二郎
given_name,正季
given_name,政介
given_name,正介
given_name,正祐
given_name,雅純
given_name,眞純
given_name,眞澄
given_name,雅純
given_name,雅澄
given_name,匡純
given_name,剛純
given_name,勝純
given_name,勝積
given_name,将純
given_name,昌純
given_name,昌澄
given_name,真純
given_name,真澄
given_name,征純
given_name,政純
given_name,政澄
given_name,正純
given_name,正澄
given_name,正速
given_name,優澄
given_name,祐紀
given_name,眞純
given_name,眞澄
given_name,雅晴
given_name,雅象
given_name,昌三
given_name,征三
given_name,允喬
given_name,允孝
given_name,允隆
given_name,雅宇
given_name,雅王
given_name,雅貴
given_name,雅宜
given_name,雅挙
given_name,雅喬
given_name,雅敬
given_name,雅孝
given_name,雅高
given_name,雅剛
given_name,雅峻
given_name,雅尚
given_name,雅臣
given_name,雅崇
given_name,雅嵩
given_name,雅生
given_name,雅鷹
given_name,雅卓
given_name,雅能
given_name,雅陽
given_name,雅隆
given_name,雅和
given_name,幹崇
given_name,巨高
given_name,匡貴
given_name,匡孝
given_name,匡高
given_name,匡尚
given_name,匡崇
given_name,匡隆
given_name,薫能
given_name,賢貴
given_name,賢孝
given_name,賢尚
given_name,賢峰
given_name,賢隆
given_name,公貴
given_name,公孝
given_name,公誉
given_name,順孝
given_name,順隆
given_name,勝貴
given_name,勝孝
given_name,勝隆
given_name,将貴
given_name,将喬
given_name,将敬
given_name,将玄
given_name,将孝
given_name,将昂
given_name,将考
given_name,将高
given_name,将資
given_name,将臣
given_name,将崇
given_name,将嵩
given_name,将鷹
given_name,将任
given_name,将誉
given_name,将隆
given_name,尚孝
given_name,昌毅
given_name,昌貴
given_name,昌享
given_name,昌尭
given_name,昌敬
given_name,昌孝
given_name,昌考
given_name,昌高
given_name,昌剛
given_name,昌尚
given_name,昌崇
given_name,昌嵩
given_name,昌生
given_name,昌平
given_name,昌誉
given_name,昌隆
given_name,晶崇
given_name,慎貴
given_name,真宇
given_name,真貴
given_name,真敬
given_name,真孝
given_name,真山
given_name,真尚
given_name,真章
given_name,真崇
given_name,真聖
given_name,真峰
given_name,真誉
given_name,真隆
given_name,臣真
given_name,仁孝
given_name,仁崇
given_name,征孝
given_name,征宣
given_name,征鷹
given_name,征隆
given_name,成貴
given_name,成孝
given_name,成剛
given_name,成隆
given_name,成良
given_name,政貴
given_name,政敬
given_name,政賢
given_name,政孝
given_name,政考
given_name,政高
given_name,政崇
given_name,政誉
given_name,政隆
given_name,正宇
given_name,正岳
given_name,正貴
given_name,正恭
given_name,正尭
given_name,正敬
given_name,正堅
given_name,正賢
given_name,正孝
given_name,正考
given_name,正高
given_name,正剛
given_name,正峻
given_name,正尚
given_name,正臣
given_name,正崇
given_name,正宣
given_name,正壮
given_name,正尊
given_name,正卓
given_name,正天
given_name,正堂
given_name,正峰
given_name,正誉
given_name,正隆
given_name,正堯
given_name,聖貴
given_name,聖賢
given_name,聖崇
given_name,聖尊
given_name,誠孝
given_name,誠幸
given_name,誠崇
given_name,誠隆
given_name,全貴
given_name,全敬
given_name,全孝
given_name,壮挙
given_name,壮隆
given_name,大剛
given_name,暢高
given_name,暢隆
given_name,直伯
given_name,方貴
given_name,方孝
given_name,方崇
given_name,柾貴
given_name,優貴
given_name,優顕
given_name,優孝
given_name,優考
given_name,優崇
given_name,優隆
given_name,祐貴
given_name,裕孝
given_name,容数
given_name,容隆
given_name,理貴
given_name,理高
given_name,理崇
given_name,理天
given_name,理誉
given_name,和巨
given_name,和孝
given_name,將貴
given_name,將敬
given_name,將孝
given_name,眞考
given_name,眞隆
given_name,雅威
given_name,雅岳
given_name,雅毅
given_name,雅健
given_name,雅剛
given_name,雅丈
given_name,雅大
given_name,雅武
given_name,雅猛
given_name,雅勇
given_name,匡毅
given_name,将威
given_name,将岳
given_name,将豪
given_name,将丈
given_name,将赳
given_name,昌岳
given_name,昌丈
given_name,昌武
given_name,真健
given_name,真丈
given_name,真武
given_name,仁武
given_name,政岳
given_name,政剛
given_name,政丈
given_name,政武
given_name,政猛
given_name,正威
given_name,正岳
given_name,正毅
given_name,正健
given_name,正剛
given_name,正豪
given_name,正尚
given_name,正丈
given_name,正武
given_name,正竜
given_name,誠丈
given_name,全建
given_name,將壯
given_name,昌匡
given_name,昌忠
given_name,真唯
given_name,政忠
given_name,政帝
given_name,正忠
given_name,方正
given_name,将達
given_name,昌竜
given_name,政竜
given_name,正達
given_name,正龍
given_name,全達
given_name,匡胤
given_name,雅太郎
given_name,政太郎
given_name,正太郎
given_name,雅親
given_name,将親
given_name,将睦
given_name,昌親
given_name,晶睦
given_name,真周
given_name,征近
given_name,成親
given_name,政親
given_name,正允
given_name,正央
given_name,正近
given_name,正周
given_name,正親
given_name,全央
given_name,全哉
given_name,直哉
given_name,允嗣
given_name,允紹
given_name,雅胤
given_name,雅継
given_name,雅嗣
given_name,雅次
given_name,雅紹
given_name,匡胤
given_name,匡乙
given_name,賢嗣
given_name,賢譜
given_name,勝亜
given_name,勝継
given_name,勝嗣
given_name,将亜
given_name,将胤
given_name,将嗣
given_name,将次
given_name,将二
given_name,昌継
given_name,昌嗣
given_name,昌次
given_name,昌二
given_name,昌諭
given_name,真継
given_name,真嗣
given_name,真次
given_name,真諭
given_name,征亜
given_name,征嗣
given_name,成胤
given_name,成譜
given_name,政亜
given_name,政継
given_name,政嗣
given_name,政次
given_name,政紹
given_name,政諭
given_name,正胤
given_name,正継
given_name,正貢
given_name,正嗣
given_name,正次
given_name,正治
given_name,正就
given_name,正承
given_name,正紹
given_name,正詔
given_name,正統
given_name,正二
given_name,正諭
given_name,誠嗣
given_name,誠次
given_name,方嗣
given_name,理嗣
given_name,將嗣
given_name,眞嗣
given_name,眞次
given_name,昌綱
given_name,征綱
given_name,政綱
given_name,正綱
given_name,雅経
given_name,雅庸
given_name,順英
given_name,順庸
given_name,真経
given_name,政恒
given_name,政經
given_name,正恒
given_name,正鎮
given_name,正統
given_name,正庸
given_name,將恒
given_name,雅哲
given_name,雅輝
given_name,雅昭
given_name,雅照
given_name,匡央
given_name,匡輝
given_name,匡晃
given_name,賢輝
given_name,公央
given_name,公昭
given_name,修明
given_name,勝輝
given_name,将央
given_name,将輝
given_name,将晃
given_name,将照
given_name,昌映
given_name,昌輝
given_name,昌照
given_name,晶光
given_name,真央
given_name,真輝
given_name,真光
given_name,真照
given_name,征照
given_name,成央
given_name,政輝
given_name,政晃
given_name,政照
given_name,正英
given_name,正輝
given_name,正光
given_name,正晃
given_name,正照
given_name,正哲
given_name,聖輝
given_name,聖晃
given_name,誠光
given_name,全輝
given_name,雄照
given_name,允人
given_name,允斗
given_name,右人
given_name,栄人
given_name,雅人
given_name,雅仁
given_name,雅斗
given_name,雅登
given_name,雅任
given_name,雅翔
given_name,幹人
given_name,巨人
given_name,匡人
given_name,匡登
given_name,健人
given_name,賢人
given_name,賢門
given_name,公人
given_name,公仁
given_name,剛士
given_name,剛人
given_name,旬人
given_name,純人
given_name,順人
given_name,順斗
given_name,勝人
given_name,勝登
given_name,勝土
given_name,奨人
given_name,奨斗
given_name,将人
given_name,将仁
given_name,将斗
given_name,将登
given_name,将都
given_name,将隼
given_name,将翔
given_name,庄人
given_name,昌士
given_name,昌人
given_name,昌仁
given_name,昌斗
given_name,昌都
given_name,昌門
given_name,昭人
given_name,晶人
given_name,省人
given_name,慎人
given_name,真乙
given_name,真音
given_name,真外
given_name,真郷
given_name,真賢
given_name,真悟
given_name,真佐人
given_name,真左人
given_name,真砂人
given_name,真三人
given_name,真人
given_name,真仁
given_name,真正
given_name,真聖
given_name,真早人
given_name,真大
given_name,真達
given_name,真智
given_name,真斗
given_name,真登
given_name,真都
given_name,真土
given_name,真門
given_name,真利
given_name,真理
given_name,真里
given_name,仁人
given_name,仁斗
given_name,征人
given_name,成人
given_name,成杜
given_name,政人
given_name,政仁
given_name,政斗
given_name,政門
given_name,正人
given_name,正仁
given_name,正典
given_name,正徒
given_name,正斗
given_name,正登
given_name,正任
given_name,聖人
given_name,聖仁
given_name,誠人
given_name,誠斗
given_name,斉士
given_name,斉人
given_name,全人
given_name,壮人
given_name,壮登
given_name,聡人
given_name,卓翔
given_name,稚人
given_name,暢人
given_name,暢斗
given_name,直人
given_name,哲人
given_name,督人
given_name,方人
given_name,方斗
given_name,磨早人
given_name,麻佐人
given_name,麻砂人
given_name,柾人
given_name,万覚人
given_name,万砂人
given_name,優人
given_name,優仁
given_name,勇人
given_name,祐人
given_name,祐仁
given_name,裕人
given_name,理人
given_name,諒人
given_name,礼人
given_name,和人
given_name,將人
given_name,將斗
given_name,眞人
given_name,正季
given_name,正時
given_name,維利
given_name,允寿
given_name,允俊
given_name,雅季
given_name,雅憲
given_name,雅功
given_name,雅歳
given_name,雅寿
given_name,雅淑
given_name,雅俊
given_name,雅照
given_name,雅聡
given_name,雅智
given_name,雅斗志
given_name,雅年
given_name,雅肇
given_name,雅敏
given_name,雅稔
given_name,雅利
given_name,匡紀
given_name,匡寿
given_name,匡俊
given_name,匡聡
given_name,匡敏
given_name,匡利
given_name,賢紀
given_name,賢俊
given_name,賢敏
given_name,賢利
given_name,公俊
given_name,公聡
given_name,公敏
given_name,公利
given_name,剛俊
given_name,克紀
given_name,修敏
given_name,秀俊
given_name,勝俊
given_name,勝稔
given_name,勝利
given_name,将紀
given_name,将敬
given_name,将寿
given_name,将俊
given_name,将迅
given_name,将聖
given_name,将聡
given_name,将智
given_name,将年
given_name,将敏
given_name,将甫
given_name,将稔
given_name,将利
given_name,尚利
given_name,昌紀
given_name,昌哉
given_name,昌寿
given_name,昌俊
given_name,昌聖
given_name,昌聡
given_name,昌知
given_name,昌智
given_name,昌聴
given_name,昌敏
given_name,昌稔
given_name,昌利
given_name,晶健
given_name,晶稔
given_name,真毅
given_name,真佐寿
given_name,真佐俊
given_name,真哉
given_name,真寿
given_name,真俊
given_name,真聡
given_name,真敏
given_name,真稔
given_name,真利
given_name,仁寿
given_name,仁俊
given_name,仁敏
given_name,征寿
given_name,征世
given_name,征利
given_name,成寿
given_name,成俊
given_name,成利
given_name,政寿
given_name,政俊
given_name,政聡
given_name,政都志
given_name,政敏
given_name,政稔
given_name,政利
given_name,正季
given_name,正紀
given_name,正賢
given_name,正厳
given_name,正哉
given_name,正才
given_name,正載
given_name,正寿
given_name,正宗
given_name,正俊
given_name,正淳
given_name,正順
given_name,正聡
given_name,正智
given_name,正登史
given_name,正登志
given_name,正隼
given_name,正敏
given_name,正稔
given_name,正利
given_name,正律
given_name,聖寿
given_name,聖俊
given_name,聖智
given_name,聖隼
given_name,誠逸
given_name,誠俊
given_name,誠敏
given_name,誠利
given_name,斉智
given_name,斉稔
given_name,全寿
given_name,全俊
given_name,壮敏
given_name,聡敏
given_name,大峻
given_name,智俊
given_name,暢俊
given_name,超智
given_name,方寿
given_name,方俊
given_name,方敏
given_name,磨佐俊
given_name,優賢
given_name,優寿
given_name,優俊
given_name,優敏
given_name,優明
given_name,優利
given_name,優壽
given_name,祐俊
given_name,祐智
given_name,祐利
given_name,容俊
given_name,理俊
given_name,理智
given_name,理敏
given_name,理稔
given_name,和利
given_name,和壽
given_name,將俊
given_name,將聖
given_name,應俊
given_name,眞稔
given_name,雅富
given_name,将臣
given_name,政臣
given_name,政富
given_name,正臣
given_name,正富
given_name,正福
given_name,聖徳
given_name,允知
given_name,応友
given_name,雅群
given_name,雅知
given_name,雅智
given_name,雅朝
given_name,雅朋
given_name,雅盟
given_name,雅友
given_name,匡智
given_name,匡朋
given_name,公朝
given_name,勝知
given_name,将丈
given_name,将大
given_name,将知
given_name,将智
given_name,将奉
given_name,将朋
given_name,将友
given_name,昌公
given_name,昌丈
given_name,昌大
given_name,昌智
given_name,昌朝
given_name,昌朋
given_name,昌友
given_name,晶智
given_name,晶朝
given_name,真丈
given_name,真大
given_name,真知
given_name,真智
given_name,真朋
given_name,真友
given_name,征智
given_name,征伴
given_name,成友
given_name,政知
given_name,政智
given_name,政伯
given_name,政朋
given_name,正幹
given_name,正具
given_name,正大
given_name,正知
given_name,正智
given_name,正朝
given_name,正朋
given_name,正睦
given_name,正友
given_name,正有
given_name,正倫
given_name,聖知
given_name,聖智
given_name,壮衆
given_name,甫朋
given_name,方智
given_name,優朋
given_name,優友
given_name,祐智
given_name,理智
given_name,理友
given_name,眞朋
given_name,雅豊
given_name,元豊
given_name,昌豊
given_name,正豊
given_name,将虎
given_name,政虎
given_name,正虎
given_name,雅尚
given_name,雅真
given_name,雅直
given_name,雅有
given_name,匡尚
given_name,賢尚
given_name,賢直
given_name,元直
given_name,純尚
given_name,将尚
given_name,将直
given_name,昌均
given_name,昌尚
given_name,昌直
given_name,真尚
given_name,真直
given_name,仁直
given_name,征巨
given_name,征尚
given_name,征直
given_name,政尚
given_name,政直
given_name,正修
given_name,正尚
given_name,正直
given_name,誠尚
given_name,誠直
given_name,壮巨
given_name,優真
given_name,優直
given_name,礼直
given_name,將尚
given_name,雅永
given_name,匡永
given_name,公永
given_name,勝長
given_name,将大
given_name,真長
given_name,正修
given_name,正長
given_name,聖永
given_name,維成
given_name,允也
given_name,雅就
given_name,雅尚
given_name,雅成
given_name,雅斉
given_name,雅也
given_name,匡成
given_name,匡斉
given_name,啓成
given_name,公也
given_name,勝成
given_name,将成
given_name,将也
given_name,昌成
given_name,昌生
given_name,昌也
given_name,真功
given_name,真成
given_name,真也
given_name,仁也
given_name,征也
given_name,政成
given_name,政晴
given_name,正就
given_name,正尚
given_name,正成
given_name,正斉
given_name,正也
given_name,聖誠
given_name,誠也
given_name,大成
given_name,優成
given_name,將就
given_name,眞也
given_name,雅之進
given_name,政之進
given_name,政之輔
given_name,正之介
given_name,正之助
given_name,聖之助
given_name,允信
given_name,允宣
given_name,応信
given_name,雅允
given_name,雅永
given_name,雅延
given_name,雅寛
given_name,雅宜
given_name,雅順
given_name,雅将
given_name,雅常
given_name,雅伸
given_name,雅信
given_name,雅申
given_name,雅紳
given_name,雅宣
given_name,雅暢
given_name,雅展
given_name,雅敦
given_name,雅庸
given_name,雅亘
given_name,宜信
given_name,巨信
given_name,匡史
given_name,匡将
given_name,匡伸
given_name,匡信
given_name,匡紳
given_name,匡宣
given_name,匡暢
given_name,薫伸
given_name,賢修
given_name,賢順
given_name,賢伸
given_name,賢信
given_name,賢展
given_name,公允
given_name,公叙
given_name,公将
given_name,公伸
given_name,公信
given_name,旬伸
given_name,勝允
given_name,勝常
given_name,勝信
given_name,将允
given_name,将延
given_name,将宜
given_name,将順
given_name,将常
given_name,将伸
given_name,将信
given_name,将進
given_name,将正
given_name,将宣
given_name,将暢
given_name,将展
given_name,将命
given_name,将頌
given_name,庄伸
given_name,昌允
given_name,昌延
given_name,昌慶
given_name,昌伸
given_name,昌信
given_name,昌宣
given_name,昌暢
given_name,昌展
given_name,昌敦
given_name,昌靖
given_name,晶宣
given_name,慎恒
given_name,真延
given_name,真伸
given_name,真信
given_name,真宣
given_name,真暢
given_name,真之
given_name,真靖
given_name,真庸
given_name,仁将
given_name,仁暢
given_name,仁長
given_name,征宜
given_name,征伸
given_name,征信
given_name,成宣
given_name,成暢
given_name,政允
given_name,政延
given_name,政修
given_name,政将
given_name,政伸
given_name,政信
given_name,政宣
given_name,政達
given_name,政暢
given_name,政展
given_name,正允
given_name,正延
given_name,正寛
given_name,正喜
given_name,正宜
given_name,正慶
given_name,正寿
given_name,正修
given_name,正順
given_name,正将
given_name,正伸
given_name,正信
given_name,正進
given_name,正誠
given_name,正宣
given_name,正暢
given_name,正展
given_name,正敦
given_name,正靖
given_name,正庸
given_name,誠修
given_name,誠信
given_name,全修
given_name,全伸
given_name,全宣
given_name,壮敦
given_name,暢宣
given_name,的信
given_name,方伸
given_name,方宣
given_name,優喜
given_name,優信
given_name,優敦
given_name,祐喜
given_name,理修
given_name,理伸
given_name,理薦
given_name,和将
given_name,壯伸
given_name,將喜
given_name,將信
given_name,將申
given_name,將暢
given_name,將展
given_name,眞信
given_name,眞暢
given_name,眞頌
given_name,逸統
given_name,允紀
given_name,允則
given_name,応理
given_name,雅永
given_name,雅紀
given_name,雅規
given_name,雅記
given_name,雅宜
given_name,雅教
given_name,雅訓
given_name,雅敬
given_name,雅経
given_name,雅憲
given_name,雅公
given_name,雅功
given_name,雅孝
given_name,雅剛
given_name,雅史
given_name,雅詞
given_name,雅仁
given_name,雅宣
given_name,雅則
given_name,雅知
given_name,雅智
given_name,雅哲
given_name,雅典
given_name,雅統
given_name,雅道
given_name,雅徳
given_name,雅範
given_name,雅方
given_name,雅法
given_name,雅里
given_name,雅倫
given_name,雅令
given_name,幹記
given_name,幹典
given_name,希典
given_name,匡雅
given_name,匡紀
given_name,匡規
given_name,匡宜
given_name,匡教
given_name,匡訓
given_name,匡慶
given_name,匡憲
given_name,匡謙
given_name,匡宣
given_name,匡則
given_name,匡典
given_name,匡徳
given_name,匡伯
given_name,匡範
given_name,匡理
given_name,薫識
given_name,賢記
given_name,賢則
given_name,賢典
given_name,賢徳
given_name,賢利
given_name,元紀
given_name,元仁
given_name,公位
given_name,公紀
given_name,公規
given_name,公宜
given_name,公憲
given_name,公宣
given_name,公則
given_name,公典
given_name,公徳
given_name,公範
given_name,公法
given_name,公律
given_name,公礼
given_name,修徳
given_name,純典
given_name,順則
given_name,勝基
given_name,勝紀
given_name,勝規
given_name,勝教
given_name,勝憲
given_name,勝仁
given_name,勝宣
given_name,勝則
given_name,勝徳
given_name,勝法
given_name,将格
given_name,将紀
given_name,将規
given_name,将記
given_name,将教
given_name,将慶
given_name,将敬
given_name,将憲
given_name,将悟
given_name,将功
given_name,将治
given_name,将式
given_name,将慎
given_name,将仁
given_name,将成
given_name,将宣
given_name,将則
given_name,将智
given_name,将哲
given_name,将典
given_name,将統
given_name,将徳
given_name,将範
given_name,将文
given_name,将法
given_name,将倫
given_name,昌位
given_name,昌永
given_name,昌格
given_name,昌鑑
given_name,昌紀
given_name,昌規
given_name,昌記
given_name,昌宜
given_name,昌教
given_name,昌訓
given_name,昌敬
given_name,昌経
given_name,昌憲
given_name,昌権
given_name,昌謙
given_name,昌則
given_name,昌典
given_name,昌徳
given_name,昌伯
given_name,昌範
given_name,昌法
given_name,昌倫
given_name,昌論
given_name,晶規
given_name,晶憲
given_name,晶則
given_name,詳典
given_name,慎範
given_name,真規
given_name,真宜
given_name,真教
given_name,真啓
given_name,真敬
given_name,真憲
given_name,真賢
given_name,真玄
given_name,真功
given_name,真孝
given_name,真佐憲
given_name,真佐徳
given_name,真咲記
given_name,真宣
given_name,真則
given_name,真典
given_name,真徳
given_name,真任
given_name,真伯
given_name,真範
given_name,真法
given_name,真令
given_name,真路
given_name,仁紀
given_name,仁規
given_name,仁憲
given_name,征紀
given_name,征規
given_name,征記
given_name,征宜
given_name,征訓
given_name,征憲
given_name,征司
given_name,征宣
given_name,征則
given_name,征典
given_name,征徳
given_name,征範
given_name,成紀
given_name,成記
given_name,成行
given_name,成則
given_name,成哲
given_name,成典
given_name,成徳
given_name,政紀
given_name,政規
given_name,政宜
given_name,政教
given_name,政矩
given_name,政勲
given_name,政敬
given_name,政憲
given_name,政宗
given_name,政仁
given_name,政宣
given_name,政則
given_name,政典
given_name,政徳
given_name,政範
given_name,政法
given_name,正格
given_name,正寛
given_name,正基
given_name,正紀
given_name,正規
given_name,正記
given_name,正軌
given_name,正儀
given_name,正宜
given_name,正教
given_name,正矩
given_name,正訓
given_name,正敬
given_name,正経
given_name,正憲
given_name,正謙
given_name,正賢
given_name,正悟
given_name,正告
given_name,正至
given_name,正詞
given_name,正識
given_name,正周
given_name,正宗
given_name,正順
given_name,正承
given_name,正昇
given_name,正章
given_name,正乗
given_name,正慎
given_name,正宣
given_name,正則
given_name,正智
given_name,正程
given_name,正哲
given_name,正典
given_name,正展
given_name,正統
given_name,正道
given_name,正徳
given_name,正範
given_name,正文
given_name,正法
given_name,正頼
given_name,正律
given_name,正了
given_name,正倫
given_name,正令
given_name,正礼
given_name,聖学
given_name,聖規
given_name,聖教
given_name,聖功
given_name,聖智
given_name,聖典
given_name,聖登
given_name,聖徳
given_name,誠規
given_name,誠恭
given_name,誠教
given_name,誠宣
given_name,誠則
given_name,誠致
given_name,誠典
given_name,誠徳
given_name,誠理
given_name,全格
given_name,全紀
given_name,全功
given_name,全範
given_name,壮規
given_name,壮憲
given_name,大智
given_name,大徳
given_name,暢謙
given_name,暢則
given_name,暢徳
given_name,鎮規
given_name,当則
given_name,督学
given_name,督徳
given_name,方紀
given_name,方教
given_name,方則
given_name,槙則
given_name,柾憲
given_name,柾志
given_name,優位
given_name,優憲
given_name,優賢
given_name,優昇
given_name,優譲
given_name,優成
given_name,優宣
given_name,優則
given_name,優典
given_name,優徳
given_name,優範
given_name,祐基
given_name,祐則
given_name,祐智
given_name,祐典
given_name,祐徳
given_name,予律
given_name,理紀
given_name,理憲
given_name,理則
given_name,理典
given_name,理徳
given_name,和紀
given_name,和則
given_name,壯統
given_name,將記
given_name,將典
given_name,將徳
given_name,眞紀
given_name,眞規
given_name,眞宜
given_name,眞典
given_name,允温
given_name,允晴
given_name,雅治
given_name,雅春
given_name,雅晴
given_name,雅陽
given_name,匡治
given_name,匡晴
given_name,薫春
given_name,公治
given_name,公晴
given_name,勝春
given_name,勝晴
given_name,将玄
given_name,将治
given_name,将春
given_name,将星
given_name,将晴
given_name,将張
given_name,昌治
given_name,昌春
given_name,昌晴
given_name,昌明
given_name,晶春
given_name,晶晴
given_name,真元
given_name,真治
given_name,真晴
given_name,真令
given_name,征治
given_name,政玄
given_name,政治
given_name,政春
given_name,政晴
given_name,正温
given_name,正治
given_name,正修
given_name,正春
given_name,正晴
given_name,正東
given_name,正陽
given_name,聖治
given_name,聖陽
given_name,誠治
given_name,誠春
given_name,全治
given_name,全晴
given_name,優治
given_name,優寿
given_name,優晴
given_name,祐治
given_name,祐晴
given_name,理治
given_name,理晴
given_name,理陽
given_name,將治
given_name,應養
given_name,眞治
given_name,維彦
given_name,允彦
given_name,雅彦
given_name,格彦
given_name,匡彦
given_name,賢彦
given_name,公彦
given_name,順彦
given_name,勝彦
given_name,奨彦
given_name,将比古
given_name,将彦
given_name,尚彦
given_name,昌彦
given_name,晶彦
given_name,章彦
given_name,証彦
given_name,慎彦
given_name,真佐彦
given_name,真左彦
given_name,真砂彦
given_name,真彦
given_name,仁彦
given_name,征彦
given_name,政彦
given_name,正比古
given_name,正彦
given_name,聖彦
given_name,誠比古
given_name,誠彦
given_name,斉彦
given_name,全彦
given_name,壮彦
given_name,暢彦
given_name,備彦
given_name,美香
given_name,方彦
given_name,優彦
given_name,祐彦
given_name,理比己
given_name,理彦
given_name,和彦
given_name,將彦
given_name,眞彦
given_name,維久
given_name,允久
given_name,雅久
given_name,雅尚
given_name,賢央
given_name,勝久
given_name,将久
given_name,将寿
given_name,昌央
given_name,昌久
given_name,昌寿
given_name,昌尚
given_name,真央
given_name,真久
given_name,仁久
given_name,政久
given_name,正久
given_name,正寿
given_name,正尚
given_name,聖久
given_name,聖寿
given_name,將久
given_name,眞久
given_name,応栄
given_name,雅偉
given_name,雅英
given_name,雅秀
given_name,匡英
given_name,匡秀
given_name,賢英
given_name,賢秀
given_name,公英
given_name,公秀
given_name,公之
given_name,剛秀
given_name,勝英
given_name,勝秀
given_name,将英
given_name,将豪
given_name,将秀
given_name,尚英
given_name,昌栄
given_name,昌英
given_name,昌秀
given_name,昌之
given_name,晶英
given_name,真栄
given_name,真英
given_name,真嗣
given_name,真秀
given_name,真任
given_name,仁英
given_name,仁秀
given_name,征秀
given_name,政英
given_name,政嗣
given_name,政秀
given_name,政誘
given_name,正英
given_name,正豪
given_name,正嗣
given_name,正秀
given_name,正任
given_name,聖継
given_name,誠英
given_name,斉秀
given_name,全秀
given_name,壮秀
given_name,優英
given_name,優秀
given_name,理英
given_name,理秀
given_name,將秀
given_name,眞栄
given_name,眞英
given_name,尉人
given_name,雅史
given_name,雅人
given_name,雅仁
given_name,幹人
given_name,匡史
given_name,匡人
given_name,匡仁
given_name,賢人
given_name,賢仁
given_name,元斉
given_name,公史
given_name,公仁
given_name,勝人
given_name,勝仁
given_name,将士
given_name,将人
given_name,将仁
given_name,昌史
given_name,昌人
given_name,昌仁
given_name,晶寛
given_name,真史
given_name,真士
given_name,真人
given_name,真仁
given_name,仁人
given_name,征人
given_name,征仁
given_name,成史
given_name,成人
given_name,政史
given_name,政人
given_name,政仁
given_name,政任
given_name,正寛
given_name,正史
given_name,正士
given_name,正人
given_name,正仁
given_name,聖一
given_name,聖人
given_name,聖仁
given_name,誠人
given_name,誠仁
given_name,斉史
given_name,泰知
given_name,大寛
given_name,暢人
given_name,道仁
given_name,督人
given_name,方人
given_name,優史
given_name,優仁
given_name,理史
given_name,理人
given_name,理仁
given_name,亮仁
given_name,和史
given_name,和士
given_name,將人
given_name,將仁
given_name,眞三仁
given_name,眞人
given_name,眞仁
given_name,眞比人
given_name,真平
given_name,政平
given_name,正啓
given_name,正平
given_name,方平
given_name,維浩
given_name,允寛
given_name,允啓
given_name,允宏
given_name,允郊
given_name,允博
given_name,允裕
given_name,允洋
given_name,栄宏
given_name,雅央
given_name,雅寛
given_name,雅啓
given_name,雅敬
given_name,雅公
given_name,雅厚
given_name,雅宏
given_name,雅広
given_name,雅弘
given_name,雅浩
given_name,雅紘
given_name,雅滋
given_name,雅尋
given_name,雅拓
given_name,雅展
given_name,雅博
given_name,雅比呂
given_name,雅祐
given_name,雅裕
given_name,雅洋
given_name,雅廣
given_name,幹央
given_name,幹啓
given_name,幹大
given_name,匡央
given_name,匡寛
given_name,匡宏
given_name,匡広
given_name,匡弘
given_name,匡浩
given_name,匡紘
given_name,匡尋
given_name,匡泰
given_name,匡大
given_name,匡博
given_name,匡豊
given_name,匡祐
given_name,匡裕
given_name,匡洋
given_name,匡廣
given_name,賢宏
given_name,賢広
given_name,賢弘
given_name,賢大
given_name,賢拓
given_name,賢博
given_name,賢明
given_name,賢裕
given_name,元啓
given_name,元博
given_name,公央
given_name,公寛
given_name,公啓
given_name,公宏
given_name,公弘
given_name,公泰
given_name,公博
given_name,公佑
given_name,公裕
given_name,公洋
given_name,公廣
given_name,剛広
given_name,剛弘
given_name,剛大
given_name,才浩
given_name,宗弘
given_name,宗浩
given_name,充宏
given_name,順弘
given_name,順裕
given_name,勝央
given_name,勝啓
given_name,勝宏
given_name,勝広
given_name,勝弘
given_name,勝浩
given_name,勝大
given_name,勝博
given_name,勝裕
given_name,勝洋
given_name,将央
given_name,将寛
given_name,将監
given_name,将啓
given_name,将景
given_name,将光
given_name,将厚
given_name,将宏
given_name,将広
given_name,将弘
given_name,将浩
given_name,将尋
given_name,将大
given_name,将拓
given_name,将博
given_name,将比呂
given_name,将裕
given_name,将洋
given_name,将廣
given_name,尚宏
given_name,尚弘
given_name,昌寛
given_name,昌啓
given_name,昌敬
given_name,昌玄
given_name,昌宏
given_name,昌広
given_name,昌弘
given_name,昌浩
given_name,昌紘
given_name,昌鴻
given_name,昌祥
given_name,昌尋
given_name,昌泰
given_name,昌大
given_name,昌拓
given_name,昌展
given_name,昌博
given_name,昌裕
given_name,昌洋
given_name,昌廣
given_name,晶啓
given_name,晶宏
given_name,晶広
given_name,晶弘
given_name,晶博
given_name,省宏
given_name,慎広
given_name,慎祐
given_name,真央
given_name,真寛
given_name,真啓
given_name,真玄
given_name,真宏
given_name,真広
given_name,真弘
given_name,真浩
given_name,真佐寛
given_name,真佐博
given_name,真沙裕
given_name,真尋
given_name,真世
given_name,真泰
given_name,真大
given_name,真宙
given_name,真博
given_name,真比呂
given_name,真裕
given_name,真洋
given_name,真廣
given_name,仁啓
given_name,仁宏
given_name,仁宗
given_name,仁大
given_name,仁達
given_name,仁篤
given_name,仁博
given_name,仁洋
given_name,征啓
given_name,征宏
given_name,征広
given_name,征弘
given_name,征浩
given_name,征紘
given_name,征大
given_name,征博
given_name,征裕
given_name,征洋
given_name,成宏
given_name,成広
given_name,成弘
given_name,成浩
given_name,成泰
given_name,政寛
given_name,政義
given_name,政啓
given_name,政宏
given_name,政広
given_name,政弘
given_name,政浩
given_name,政治
given_name,政尋
given_name,政大
given_name,政博
given_name,政祐
given_name,政裕
given_name,政洋
given_name,政陽
given_name,政廣
given_name,正衛
given_name,正拡
given_name,正寛
given_name,正啓
given_name,正敬
given_name,正宏
given_name,正広
given_name,正弘
given_name,正浩
given_name,正紘
given_name,正寿
given_name,正宗
given_name,正尋
given_name,正泰
given_name,正大
given_name,正拓
given_name,正展
given_name,正篤
given_name,正博
given_name,正弥
given_name,正祐
given_name,正裕
given_name,正容
given_name,正洋
given_name,正廣
given_name,正皓
given_name,聖寛
given_name,聖広
given_name,聖弘
given_name,聖浩
given_name,聖泰
given_name,聖大
given_name,聖博
given_name,聖洋
given_name,誠寛
given_name,誠宏
given_name,誠広
given_name,誠弘
given_name,誠浩
given_name,誠大
given_name,誠博
given_name,誠裕
given_name,誠洋
given_name,斉寛
given_name,斉大
given_name,斉裕
given_name,全寛
given_name,全宏
given_name,全広
given_name,全弘
given_name,全浩
given_name,全博
given_name,全洋
given_name,全廣
given_name,壮宏
given_name,壮弘
given_name,壮大
given_name,壮博
given_name,壮洋
given_name,存宏
given_name,多泰
given_name,太洋
given_name,大貴
given_name,大宏
given_name,大博
given_name,大弥
given_name,大洋
given_name,大榮
given_name,暢宏
given_name,暢浩
given_name,暢洋
given_name,直宏
given_name,直大
given_name,督弘
given_name,督浩
given_name,督大
given_name,方啓
given_name,方宏
given_name,方浩
given_name,方博
given_name,方洋
given_name,優寛
given_name,優宏
given_name,優広
given_name,優弘
given_name,優浩
given_name,優大
given_name,優博
given_name,優洋
given_name,祐宏
given_name,祐浩
given_name,祐大
given_name,祐博
given_name,祐洋
given_name,裕洋
given_name,雄大
given_name,容弘
given_name,理央
given_name,理嘉
given_name,理寛
given_name,理宏
given_name,理広
given_name,理弘
given_name,理浩
given_name,理大
given_name,理博
given_name,理裕
given_name,理礼
given_name,和完
given_name,和広
given_name,將宏
given_name,將弘
given_name,將大
given_name,將博
given_name,將裕
given_name,惠朝
given_name,眞寛
given_name,眞敬
given_name,眞宏
given_name,眞広
given_name,眞弘
given_name,眞浩
given_name,眞裕
given_name,眞廣
given_name,雅房
given_name,政房
given_name,正房
given_name,雅郁
given_name,雅史
given_name,雅文
given_name,匡記
given_name,匡史
given_name,匡章
given_name,匡文
given_name,賢文
given_name,公郁
given_name,公史
given_name,公章
given_name,公文
given_name,勝文
given_name,将史
given_name,将文
given_name,晶文
given_name,真史
given_name,真文
given_name,征史
given_name,征文
given_name,成史
given_name,政史
given_name,政典
given_name,政文
given_name,正郁
given_name,正史
given_name,正文
given_name,聖史
given_name,聖文
given_name,誠史
given_name,誠文
given_name,全史
given_name,壮史
given_name,祐郁
given_name,祐史
given_name,祐文
given_name,理史
given_name,理文
given_name,和史
given_name,和典
given_name,將文
given_name,眞史
given_name,雅文
given_name,勝文
given_name,将文
given_name,昌史
given_name,昌文
given_name,真史
given_name,真文
given_name,政史
given_name,正文
given_name,雅己
given_name,雅克
given_name,雅巳
given_name,匡己
given_name,勝己
given_name,将己
given_name,将三
given_name,昌己
given_name,昌視
given_name,政実
given_name,昌幹
given_name,真幹
given_name,允道
given_name,雅充
given_name,雅達
given_name,雅通
given_name,雅道
given_name,雅満
given_name,雅理
given_name,雅路
given_name,雅迪
given_name,匡達
given_name,匡道
given_name,賢道
given_name,公康
given_name,公道
given_name,勝康
given_name,勝通
given_name,勝道
given_name,将亨
given_name,将康
given_name,将充
given_name,将通
given_name,将道
given_name,将理
given_name,昌紀
given_name,昌達
given_name,昌通
given_name,昌路
given_name,昌迪
given_name,真充
given_name,真通
given_name,真道
given_name,真理
given_name,真倫
given_name,真路
given_name,仁紀
given_name,征道
given_name,成道
given_name,政通
given_name,政道
given_name,正至
given_name,正充
given_name,正成
given_name,正達
given_name,正暢
given_name,正通
given_name,正典
given_name,正導
given_name,正道
given_name,正伯
given_name,正満
given_name,正融
given_name,正理
given_name,正倫
given_name,正路
given_name,正廸
given_name,誠充
given_name,誠達
given_name,誠道
given_name,全通
given_name,壮理
given_name,大迪
given_name,理倫
given_name,將道
given_name,眞通
given_name,眞道
given_name,雅允
given_name,雅光
given_name,雅充
given_name,匡充
given_name,賢満
given_name,勝光
given_name,将光
given_name,将充
given_name,将慎
given_name,将満
given_name,昌光
given_name,昌充
given_name,昌満
given_name,真允
given_name,真光
given_name,真充
given_name,征允
given_name,征晃
given_name,成光
given_name,政光
given_name,政充
given_name,正益
given_name,正光
given_name,正実
given_name,正充
given_name,正満
given_name,聖光
given_name,斉三
given_name,祐充
given_name,理光
given_name,理充
given_name,將光
given_name,眞完
given_name,眞光
given_name,雅峰
given_name,賢峰
given_name,将峰
given_name,正峰
given_name,正峯
given_name,誠峰
given_name,大峰
given_name,雅武
given_name,昌武
given_name,正武
given_name,優武
given_name,理夢
given_name,雅宗
given_name,将宗
given_name,昌宗
given_name,真宗
given_name,政宗
given_name,正宗
given_name,祐宗
given_name,倫宗
given_name,雅基
given_name,雅元
given_name,将基
given_name,昌幹
given_name,昌基
given_name,昌元
given_name,真幹
given_name,政幹
given_name,正基
given_name,正元
given_name,聖基
given_name,理智
given_name,將元
given_name,雅守
given_name,昌守
given_name,昌盛
given_name,真盛
given_name,政盛
given_name,正守
given_name,正盛
given_name,允哉
given_name,允也
given_name,応也
given_name,雅哉
given_name,雅也
given_name,雅耶
given_name,雅弥
given_name,雅矢
given_name,雅彌
given_name,格也
given_name,幹也
given_name,匡哉
given_name,匡也
given_name,匡弥
given_name,薫也
given_name,薫弥
given_name,賢哉
given_name,賢也
given_name,公哉
given_name,公也
given_name,剛哉
given_name,克也
given_name,純也
given_name,順也
given_name,勝哉
given_name,勝也
given_name,勝弥
given_name,将哉
given_name,将也
given_name,将耶
given_name,将弥
given_name,将矢
given_name,昌哉
given_name,昌也
given_name,昌弥
given_name,昌矢
given_name,晶也
given_name,晶矢
given_name,真佐也
given_name,真佐弥
given_name,真左哉
given_name,真左也
given_name,真哉
given_name,真在哉
given_name,真咲也
given_name,真也
given_name,真弥
given_name,真矢
given_name,仁哉
given_name,仁也
given_name,征哉
given_name,征也
given_name,征弥
given_name,征矢
given_name,成矢
given_name,政哉
given_name,政八
given_name,政也
given_name,政弥
given_name,政矢
given_name,正佐也
given_name,正哉
given_name,正也
given_name,正弥
given_name,正矢
given_name,聖也
given_name,誠哉
given_name,誠也
given_name,全哉
given_name,全矢
given_name,壮哉
given_name,大也
given_name,暢哉
given_name,当哉
given_name,方哉
given_name,方也
given_name,万佐也
given_name,優也
given_name,優冶
given_name,祐哉
given_name,祐也
given_name,理哉
given_name,理也
given_name,諒也
given_name,將也
given_name,眞哉
given_name,眞也
given_name,応泰
given_name,雅安
given_name,雅康
given_name,雅泰
given_name,雅保
given_name,雅靖
given_name,匡益
given_name,匡康
given_name,匡泰
given_name,公康
given_name,順康
given_name,勝康
given_name,勝保
given_name,将恭
given_name,将康
given_name,将泰
given_name,将靖
given_name,昌求
given_name,昌恭
given_name,昌康
given_name,昌泰
given_name,昌保
given_name,昌靖
given_name,真尉
given_name,真恭
given_name,真康
given_name,真泰
given_name,真靖
given_name,征泰
given_name,成恭
given_name,政賢
given_name,政康
given_name,政保
given_name,政靖
given_name,正安
given_name,正尉
given_name,正恭
given_name,正康
given_name,正祥
given_name,正泰
given_name,正保
given_name,正靖
given_name,正裕
given_name,誠恭
given_name,誠康
given_name,全耕
given_name,全泰
given_name,暢康
given_name,理泰
given_name,理靖
given_name,將康
given_name,將裕
given_name,眞康
given_name,允之
given_name,応之
given_name,雅幸
given_name,雅行
given_name,雅征
given_name,雅之
given_name,雅由起
given_name,雅由樹
given_name,雅祐生
given_name,匡幸
given_name,匡行
given_name,匡之
given_name,賢幸
given_name,賢行
given_name,公幸
given_name,公之
given_name,剛之
given_name,純幸
given_name,順幸
given_name,順行
given_name,順之
given_name,勝幸
given_name,勝行
given_name,勝之
given_name,将孝
given_name,将幸
given_name,将行
given_name,将征
given_name,将之
given_name,昌幸
given_name,昌行
given_name,昌征
given_name,昌之
given_name,晶行
given_name,真幸
given_name,真行
given_name,真左幸
given_name,真征
given_name,真之
given_name,仁行
given_name,仁之
given_name,征幸
given_name,征行
given_name,征之
given_name,成幸
given_name,成行
given_name,成之
given_name,政幸
given_name,政行
given_name,政征
given_name,政之
given_name,正幸
given_name,正行
given_name,正之
given_name,正由樹
given_name,聖幸
given_name,聖行
given_name,聖征
given_name,聖之
given_name,聖由
given_name,誠幸
given_name,誠行
given_name,誠之
given_name,斉之
given_name,壮幸
given_name,卓之
given_name,暢之
given_name,督之
given_name,方幸
given_name,方之
given_name,柾幸
given_name,柾之
given_name,優幸
given_name,優行
given_name,優之
given_name,祐幸
given_name,祐行
given_name,祐之
given_name,理幸
given_name,理行
given_name,理之
given_name,壯幸
given_name,將行
given_name,將之
given_name,應幸
given_name,眞幸
given_name,眞行
given_name,眞佐之
given_name,眞征
given_name,眞之
given_name,雅佳
given_name,雅嘉
given_name,雅喜
given_name,雅義
given_name,雅吉
given_name,雅好
given_name,雅善
given_name,雅能
given_name,雅芳
given_name,雅由
given_name,雅良
given_name,匡佳
given_name,匡義
given_name,匡慶
given_name,匡祥
given_name,匡由
given_name,賢欣
given_name,賢祥
given_name,賢能
given_name,公佳
given_name,公幹
given_name,公義
given_name,公淑
given_name,勝善
given_name,勝良
given_name,将佳
given_name,将嘉
given_name,将義
given_name,将吉
given_name,将圭
given_name,将慶
given_name,将敬
given_name,将好
given_name,将巧
given_name,将善
given_name,将由
given_name,昌佳
given_name,昌嘉
given_name,昌喜
given_name,昌義
given_name,昌吉
given_name,昌慶
given_name,昌好
given_name,昌祥
given_name,昌善
given_name,昌良
given_name,晶義
given_name,真佳
given_name,真嘉
given_name,真義
given_name,真慶
given_name,真克
given_name,真祥
given_name,真善
given_name,真芳
given_name,真由
given_name,真誉
given_name,真良
given_name,仁義
given_name,仁圭
given_name,仁是
given_name,征嘉
given_name,征喜
given_name,征義
given_name,征由
given_name,征良
given_name,成佳
given_name,成嘉
given_name,成良
given_name,政佳
given_name,政嘉
given_name,政喜
given_name,政義
given_name,政吉
given_name,政祥
given_name,政善
given_name,政与志
given_name,政良
given_name,正嘉
given_name,正喜
given_name,正義
given_name,正吉
given_name,正慶
given_name,正敬
given_name,正好
given_name,正祥
given_name,正仁
given_name,正善
given_name,正能
given_name,正芳
given_name,聖善
given_name,誠義
given_name,誠善
given_name,全芳
given_name,壮芳
given_name,祐嘉
given_name,祐義
given_name,將嘉
given_name,將喜
given_name,將義
given_name,將吉
given_name,將善
given_name,應嘉
given_name,眞義
given_name,眞由
given_name,眞良
given_name,雅頼
given_name,将頼
given_name,政頼
given_name,正順
given_name,正頼
given_name,柾頼
given_name,偉
given_name,英
given_name,衛
given_name,応
given_name,嘉
given_name,雅
given_name,完
given_name,幹
given_name,匡
given_name,暁
given_name,傑
given_name,健
given_name,賢
given_name,甲
given_name,豪
given_name,克
given_name,秀
given_name,俊
given_name,潤
given_name,勝
given_name,将
given_name,尚
given_name,捷
given_name,昌
given_name,臣
given_name,正
given_name,善
given_name,全
given_name,壮
given_name,増
given_name,大
given_name,暢
given_name,超
given_name,長
given_name,哲
given_name,督
given_name,勉
given_name,優
given_name,雄
given_name,理
given_name,將
given_name,雅郎
given_name,昌朗
given_name,正朗
given_name,正郎
given_name,真潮
given_name,益昭
given_name,益章
given_name,益明
given_name,倍明
given_name,益一
given_name,益男
given_name,益夫
given_name,益雄
given_name,益朗
given_name,益郎
given_name,剛男
given_name,升男
given_name,升雄
given_name,真寿男
given_name,増男
given_name,増夫
given_name,万寿男
given_name,万寿夫
given_name,万寿雄
given_name,満珠雄
given_name,満寿夫
given_name,枡雄
given_name,益一
given_name,益揮
given_name,益国
given_name,益邦
given_name,益司
given_name,益嗣
given_name,益次
given_name,益治
given_name,増司
given_name,益次郎
given_name,増次郎
given_name,益孝
given_name,益崇
given_name,益陸
given_name,益隆
given_name,益太郎
given_name,増太郎
given_name,益人
given_name,升人
given_name,増俊
given_name,益直
given_name,増直
given_name,益成
given_name,益平
given_name,益延
given_name,益伸
given_name,益敦
given_name,益規
given_name,益功
given_name,益則
given_name,益徳
given_name,益範
given_name,益彦
given_name,万州彦
given_name,満須彦
given_name,益久
given_name,益英
given_name,増秀
given_name,益啓
given_name,益宏
given_name,益広
given_name,益弘
given_name,益浩
given_name,益周
given_name,益大
given_name,益博
given_name,益裕
given_name,増広
given_name,増浩
given_name,倍弘
given_name,益史
given_name,益文
given_name,増史
given_name,益平
given_name,益通
given_name,益道
given_name,益光
given_name,益充
given_name,益宗
given_name,益哉
given_name,益幸
given_name,益行
given_name,益之
given_name,益義
given_name,益良
given_name,増佳
given_name,正貴
given_name,又彦
given_name,町夫
given_name,松生
given_name,松夫
given_name,松雄
given_name,満津夫
given_name,松次
given_name,松治
given_name,松二郎
given_name,松三
given_name,松太郎
given_name,松敏
given_name,松利
given_name,松朝
given_name,松之助
given_name,松春
given_name,松彦
given_name,松久
given_name,松秀
given_name,松弘
given_name,松浩
given_name,松博
given_name,松裕
given_name,松廣
given_name,松幸
given_name,松行
given_name,松之
given_name,松義
given_name,愛斗
given_name,真人
given_name,真斗
given_name,真那人
given_name,学彦
given_name,真弘
given_name,学
given_name,勉
given_name,真羽人
given_name,真宏
given_name,真広
given_name,真弘
given_name,真尋
given_name,真博
given_name,真比呂
given_name,真裕
given_name,真廣
given_name,真弥也
given_name,麻美弥
given_name,葵
given_name,衛
given_name,穫
given_name,護
given_name,守
given_name,鎮
given_name,統
given_name,衞
given_name,麻也人
given_name,真優人
given_name,真由人
given_name,真理男
given_name,真理夫
given_name,真理雄
given_name,麻里生
given_name,丸男
given_name,麻留主
given_name,希介
given_name,希典
given_name,希輔
given_name,希祐
given_name,希俊
given_name,稀稔
given_name,希徳
given_name,希彦
given_name,希尚
given_name,希英
given_name,希人
given_name,希仁
given_name,希浩
given_name,希史
given_name,麿嗣
given_name,万吉
given_name,万作
given_name,満作
given_name,万蔵
given_name,万太郎
given_name,万平
given_name,樹
given_name,海紀男
given_name,幹樹夫
given_name,幹生
given_name,幹男
given_name,幹夫
given_name,幹雄
given_name,幹郎
given_name,三喜生
given_name,三喜男
given_name,三喜夫
given_name,三喜雄
given_name,三喜郎
given_name,三希雄
given_name,三紀夫
given_name,三紀雄
given_name,三紀郎
given_name,三起生
given_name,三樹生
given_name,三樹男
given_name,三樹夫
given_name,三樹雄
given_name,実樹生
given_name,実樹男
given_name,実樹朗
given_name,樹生
given_name,樹男
given_name,樹夫
given_name,樹雄
given_name,樹郎
given_name,美喜男
given_name,美喜夫
given_name,美喜雄
given_name,美希夫
given_name,美希雄
given_name,美紀男
given_name,美紀夫
given_name,美紀雄
given_name,美貴男
given_name,美貴雄
given_name,美起男
given_name,美樹男
given_name,美樹夫
given_name,美樹雄
given_name,未希生
given_name,未紀夫
given_name,未紀雄
given_name,未貴男
given_name,未生男
given_name,未来生
given_name,未来男
given_name,未来朗
given_name,巳喜男
given_name,巳季雄
given_name,巳紀夫
given_name,幹四郎
given_name,幹二郎
given_name,幹祐
given_name,幹造
given_name,幹太
given_name,幹隆
given_name,幹太朗
given_name,幹太郎
given_name,幹嗣
given_name,幹輝
given_name,幹人
given_name,幹寿
given_name,幹俊
given_name,幹敏
given_name,樹俊
given_name,幹豊
given_name,幹尚
given_name,幹直
given_name,幹永
given_name,幹成
given_name,幹之助
given_name,幹修
given_name,幹伸
given_name,樹伸
given_name,幹紀
given_name,幹憲
given_name,幹則
given_name,幹典
given_name,幹徳
given_name,幹範
given_name,幹倫
given_name,樹典
given_name,幹治
given_name,幹春
given_name,幹晴
given_name,幹比古
given_name,幹彦
given_name,三紀彦
given_name,三貴彦
given_name,三樹彦
given_name,樹彦
given_name,美貴彦
given_name,美樹彦
given_name,未来彦
given_name,幹久
given_name,幹寿
given_name,幹尚
given_name,幹英
given_name,幹人
given_name,幹仁
given_name,樹人
given_name,未来人
given_name,幹寛
given_name,幹啓
given_name,幹宏
given_name,幹広
given_name,幹弘
given_name,幹浩
given_name,幹大
given_name,幹博
given_name,幹裕
given_name,幹洋
given_name,幹廣
given_name,幹史
given_name,幹文
given_name,幹雅
given_name,幹将
given_name,幹昌
given_name,幹也
given_name,三喜也
given_name,三希也
given_name,三紀也
given_name,三貴也
given_name,三起也
given_name,樹也
given_name,美紀也
given_name,美樹也
given_name,未来也
given_name,幹恭
given_name,幹康
given_name,幹泰
given_name,幹之
given_name,岬
given_name,瑞昌
given_name,瑞貴
given_name,瑞貴
given_name,瑞孝
given_name,瑞太郎
given_name,水人
given_name,瑞人
given_name,瑞治
given_name,瑞彦
given_name,瑞久
given_name,瑞尚
given_name,瑞宏
given_name,瑞紘
given_name,瑞大
given_name,瑞洋
given_name,通顕
given_name,通彰
given_name,道顕
given_name,道晃
given_name,道彰
given_name,道昭
given_name,道章
given_name,道明
given_name,路彰
given_name,路明
given_name,路陽
given_name,三千生
given_name,三千男
given_name,三千夫
given_name,三千雄
given_name,三千郎
given_name,三知生
given_name,三知男
given_name,三知夫
given_name,三知雄
given_name,三智夫
given_name,三智雄
given_name,充生
given_name,充男
given_name,充夫
given_name,宙雄
given_name,通生
given_name,通男
given_name,通夫
given_name,通雄
given_name,通郎
given_name,道生
given_name,道男
given_name,道夫
given_name,道雄
given_name,道郎
given_name,美千夫
given_name,美千雄
given_name,美知男
given_name,美知夫
given_name,美知雄
given_name,美智央
given_name,美智男
given_name,美智夫
given_name,美智雄
given_name,満男
given_name,満夫
given_name,満雄
given_name,未地生
given_name,陸男
given_name,陸夫
given_name,路男
given_name,路夫
given_name,路雄
given_name,廸生
given_name,迪生
given_name,迪男
given_name,迪夫
given_name,迪雄
given_name,道興
given_name,道臣
given_name,道一
given_name,道和
given_name,充克
given_name,通貞
given_name,道貞
given_name,三千里
given_name,道真
given_name,典佑
given_name,陸祐
given_name,充孝
given_name,充崇
given_name,充隆
given_name,通貴
given_name,通敬
given_name,通孝
given_name,通高
given_name,通充
given_name,通隆
given_name,典孝
given_name,道貴
given_name,道教
given_name,道敬
given_name,道孝
given_name,道高
given_name,道崇
given_name,道隆
given_name,満孝
given_name,満高
given_name,満隆
given_name,道忠
given_name,通睦
given_name,道親
given_name,充嗣
given_name,道嗣
given_name,充常
given_name,巌輝
given_name,充晃
given_name,通照
given_name,道輝
given_name,道照
given_name,通人
given_name,典人
given_name,道人
given_name,路人
given_name,充利
given_name,通俊
given_name,通敏
given_name,通利
given_name,導俊
given_name,道寿
given_name,道俊
given_name,道敏
given_name,道利
given_name,通直
given_name,道長
given_name,倫之介
given_name,通伸
given_name,通信
given_name,道宣
given_name,道展
given_name,三千治
given_name,充治
given_name,充晴
given_name,三千彦
given_name,三智彦
given_name,充彦
given_name,通彦
given_name,道彦
given_name,美智彦
given_name,満智彦
given_name,未知彦
given_name,理彦
given_name,充久
given_name,通久
given_name,道久
given_name,廸久
given_name,充秀
given_name,道英
given_name,道秀
given_name,充人
given_name,充仁
given_name,通仁
given_name,道人
given_name,通啓
given_name,通宏
given_name,通広
given_name,通弘
given_name,通浩
given_name,通大
given_name,通博
given_name,通裕
given_name,通洋
given_name,道啓
given_name,道宏
given_name,道広
given_name,道弘
given_name,道浩
given_name,道博
given_name,道祐
given_name,道裕
given_name,道洋
given_name,道廣
given_name,美知宏
given_name,美智弘
given_name,裕宏
given_name,裕広
given_name,迪宏
given_name,充真
given_name,通雅
given_name,道昌
given_name,通哉
given_name,道哉
given_name,道也
given_name,美千也
given_name,美智也
given_name,未知也
given_name,路也
given_name,通康
given_name,通泰
given_name,道康
given_name,道泰
given_name,道幸
given_name,道征
given_name,道之
given_name,道義
given_name,道与志
given_name,三千朗
given_name,三千郎
given_name,通朗
given_name,通郎
given_name,道朗
given_name,道郎
given_name,光顕
given_name,光晃
given_name,光秋
given_name,光彰
given_name,光昭
given_name,光晶
given_name,光章
given_name,光哲
given_name,光彬
given_name,光明
given_name,充輝
given_name,充晃
given_name,充秋
given_name,充彰
given_name,充昭
given_name,充章
given_name,充彬
given_name,充明
given_name,満秋
given_name,満昭
given_name,満章
given_name,満明
given_name,光男
given_name,光夫
given_name,光雄
given_name,三津雄
given_name,充男
given_name,充夫
given_name,充雄
given_name,美津男
given_name,美津夫
given_name,美津雄
given_name,満男
given_name,満夫
given_name,光興
given_name,光景
given_name,光一
given_name,光計
given_name,光和
given_name,充一
given_name,充和
given_name,満一
given_name,光樹
given_name,光邦
given_name,光圀
given_name,光貞
given_name,光三郎
given_name,光重
given_name,光成
given_name,光茂
given_name,充重
given_name,充茂
given_name,光四郎
given_name,光治郎
given_name,光二郎
given_name,光三
given_name,光蔵
given_name,光孝
given_name,光尊
given_name,光隆
given_name,充孝
given_name,充剛
given_name,充崇
given_name,充隆
given_name,満孝
given_name,満隆
given_name,充太郎
given_name,光周
given_name,光嗣
given_name,光輝
given_name,光照
given_name,充輝
given_name,光敏
given_name,光稔
given_name,光利
given_name,光朝
given_name,充知
given_name,充智
given_name,満智
given_name,充尚
given_name,満直
given_name,光成
given_name,三成
given_name,允伸
given_name,光修
given_name,光伸
given_name,光信
given_name,光展
given_name,充伸
given_name,充信
given_name,満信
given_name,光教
given_name,光則
given_name,充紀
given_name,充典
given_name,光治
given_name,光春
given_name,光晴
given_name,充治
given_name,充春
given_name,充晴
given_name,満治
given_name,満春
given_name,満晴
given_name,光彦
given_name,充彦
given_name,満彦
given_name,光久
given_name,光寿
given_name,光尚
given_name,充久
given_name,充寿
given_name,満久
given_name,満寿
given_name,満尚
given_name,光英
given_name,光秀
given_name,充英
given_name,充秀
given_name,満英
given_name,満秀
given_name,光人
given_name,充人
given_name,充仁
given_name,満人
given_name,允宏
given_name,允浩
given_name,允裕
given_name,光弘
given_name,光浩
given_name,光紘
given_name,光裕
given_name,光洋
given_name,貢宏
given_name,貢弘
given_name,充寛
given_name,充啓
given_name,充宏
given_name,充弘
given_name,充浩
given_name,充紘
given_name,充博
given_name,満宏
given_name,満広
given_name,満弘
given_name,満浩
given_name,満博
given_name,満裕
given_name,光房
given_name,光文
given_name,充史
given_name,満帆
given_name,輝正
given_name,光雅
given_name,光将
given_name,光昌
given_name,光晶
given_name,光真
given_name,光政
given_name,光正
given_name,光誠
given_name,光優
given_name,充匡
given_name,充将
given_name,充真
given_name,充正
given_name,充理
given_name,満維
given_name,満政
given_name,満正
given_name,光麿
given_name,光宗
given_name,光守
given_name,光盛
given_name,光也
given_name,光弥
given_name,三弥
given_name,三矢
given_name,美津也
given_name,美津矢
given_name,満哉
given_name,満也
given_name,満弥
given_name,光恭
given_name,光康
given_name,光泰
given_name,光保
given_name,光靖
given_name,光庸
given_name,晃康
given_name,晃靖
given_name,貢康
given_name,充恭
given_name,充康
given_name,充泰
given_name,充保
given_name,光之
given_name,充幸
given_name,充行
given_name,充之
given_name,満幸
given_name,満行
given_name,満之
given_name,光悦
given_name,光嘉
given_name,光義
given_name,光吉
given_name,光慶
given_name,光厳
given_name,光聖
given_name,光善
given_name,光芳
given_name,充佳
given_name,充義
given_name,充吉
given_name,充慶
given_name,充祥
given_name,充善
given_name,充能
given_name,充芳
given_name,充由
given_name,充良
given_name,満喜
given_name,満義
given_name,満吉
given_name,満芳
given_name,光頼
given_name,光
given_name,充
given_name,満
given_name,光夫
given_name,充夫
given_name,海夏人
given_name,峰章
given_name,峰一郎
given_name,三根夫
given_name,峰男
given_name,峰夫
given_name,峰雄
given_name,峯生
given_name,峯男
given_name,峯夫
given_name,峯雄
given_name,峰一
given_name,峰和
given_name,峰克
given_name,峰毅
given_name,峰太
given_name,峰孝
given_name,峰高
given_name,峰隆
given_name,峰親
given_name,峰人
given_name,峰斗
given_name,峰登
given_name,峰聡
given_name,峰利
given_name,峰伸
given_name,巌典
given_name,峰規
given_name,峰則
given_name,峰治
given_name,峰春
given_name,峰晴
given_name,峯春
given_name,峯陽
given_name,峰彦
given_name,巌久
given_name,峰央
given_name,峰久
given_name,嶺秀
given_name,峰人
given_name,峰宏
given_name,峰広
given_name,峰弘
given_name,峰博
given_name,峰裕
given_name,嶺浩
given_name,峰文
given_name,峰康
given_name,峰泰
given_name,峰行
given_name,峰之
given_name,峯之
given_name,峰義
given_name,峰頼
given_name,穫
given_name,実
given_name,穣
given_name,穂
given_name,稔
given_name,穰
given_name,三春
given_name,未明
given_name,美勇士
given_name,未来
given_name,夢有人
given_name,武雅
given_name,無我
given_name,麦平
given_name,椋
given_name,椋人
given_name,無限
given_name,武蔵
given_name,六三四
given_name,睦晃
given_name,睦昭
given_name,睦明
given_name,武津夫
given_name,睦生
given_name,睦男
given_name,睦夫
given_name,睦雄
given_name,陸奥雄
given_name,睦五郎
given_name,睦志
given_name,睦隆
given_name,睦人
given_name,睦敏
given_name,睦直
given_name,睦信
given_name,睦規
given_name,睦訓
given_name,睦典
given_name,陸則
given_name,睦治
given_name,睦彦
given_name,睦尚
given_name,睦人
given_name,睦仁
given_name,睦寛
given_name,睦啓
given_name,睦宏
given_name,睦広
given_name,睦弘
given_name,睦浩
given_name,睦仁
given_name,睦大
given_name,睦博
given_name,睦裕
given_name,睦廣
given_name,睦房
given_name,睦真
given_name,睦正
given_name,睦麿
given_name,睦泰
given_name,睦幸
given_name,睦之
given_name,睦郎
given_name,陸朗
given_name,宗顕
given_name,宗晃
given_name,宗秋
given_name,宗彰
given_name,宗昭
given_name,宗章
given_name,宗聡
given_name,宗明
given_name,宗厚
given_name,宗篤
given_name,宗家
given_name,宗男
given_name,宗夫
given_name,宗雄
given_name,宗興
given_name,宗臣
given_name,宗一
given_name,宗克
given_name,宗郷
given_name,宗重
given_name,宗茂
given_name,宗二郎
given_name,宗介
given_name,宗佑
given_name,宗祐
given_name,宗三
given_name,宗延
given_name,宗貴
given_name,宗敬
given_name,宗孝
given_name,宗高
given_name,宗崇
given_name,宗尊
given_name,宗能
given_name,宗隆
given_name,宗威
given_name,宗毅
given_name,宗武
given_name,宗匡
given_name,宗忠
given_name,宗胤
given_name,宗太朗
given_name,宗愛
given_name,宗近
given_name,宗周
given_name,宗親
given_name,宗胤
given_name,宗継
given_name,宗嗣
given_name,宗次
given_name,宗人
given_name,宗時
given_name,宗寿
given_name,宗俊
given_name,宗智
given_name,宗敏
given_name,宗利
given_name,宗知
given_name,宗朝
given_name,宗朋
given_name,宗友
given_name,宗豊
given_name,宗尚
given_name,宗永
given_name,宗成
given_name,宗伸
given_name,宗信
given_name,宗紀
given_name,宗規
given_name,宗記
given_name,宗矩
given_name,宗訓
given_name,宗憲
given_name,宗則
given_name,宗典
given_name,宗徳
given_name,宗治
given_name,宗春
given_name,宗晴
given_name,宗彦
given_name,宗久
given_name,宗寿
given_name,宗尚
given_name,統久
given_name,宗英
given_name,宗秀
given_name,宗人
given_name,宗仁
given_name,崇平
given_name,宗央
given_name,宗寛
given_name,宗啓
given_name,宗宏
given_name,宗広
given_name,宗弘
given_name,宗浩
given_name,宗大
given_name,宗博
given_name,宗佑
given_name,宗祐
given_name,宗裕
given_name,宗洋
given_name,宗廣
given_name,崇宏
given_name,崇弘
given_name,崇浩
given_name,崇裕
given_name,統弘
given_name,宗房
given_name,宗郁
given_name,宗史
given_name,宗文
given_name,宗雅
given_name,宗昌
given_name,宗政
given_name,宗正
given_name,宗光
given_name,宗充
given_name,崇光
given_name,統光
given_name,宗元
given_name,宗盛
given_name,宗哉
given_name,宗也
given_name,宗安
given_name,宗康
given_name,宗泰
given_name,宗靖
given_name,志行
given_name,宗幸
given_name,宗行
given_name,宗征
given_name,宗之
given_name,統之
given_name,宗義
given_name,宗吉
given_name,宗厳
given_name,宗芳
given_name,宗良
given_name,無門
given_name,巡
given_name,周
given_name,旋
given_name,環
given_name,茂一
given_name,茂一郎
given_name,望土
given_name,萌太郎
given_name,萌人
given_name,茂吉
given_name,黙示
given_name,元
given_name,基顕
given_name,基晃
given_name,基彰
given_name,基昭
given_name,基晶
given_name,基章
given_name,基明
given_name,元顕
given_name,元晃
given_name,元秋
given_name,元彰
given_name,元昭
given_name,元晶
given_name,元章
given_name,元明
given_name,基
given_name,基一
given_name,元一
given_name,基一朗
given_name,元一郎
given_name,素一郎
given_name,本一郎
given_name,基男
given_name,基夫
given_name,基雄
given_name,元雄
given_name,幹和
given_name,基一
given_name,基員
given_name,基和
given_name,喬一
given_name,元一
given_name,元和
given_name,基勝
given_name,元勝
given_name,幹
given_name,基輝
given_name,基樹
given_name,元喜
given_name,元輝
given_name,元樹
given_name,誠記
given_name,素毅
given_name,素輝
given_name,素樹
given_name,元清
given_name,基邦
given_name,元邦
given_name,元國
given_name,基司
given_name,元
given_name,元司
given_name,源史
given_name,基司
given_name,基次
given_name,基治
given_name,基二
given_name,基路
given_name,元司
given_name,元次
given_name,元二
given_name,基重
given_name,基成
given_name,元滋
given_name,元重
given_name,元成
given_name,元繁
given_name,元茂
given_name,元司郎
given_name,元志郎
given_name,基次郎
given_name,元次郎
given_name,元治郎
given_name,基介
given_name,基輔
given_name,基祐
given_name,素輔
given_name,元三
given_name,元造
given_name,源三
given_name,基貴
given_name,基喬
given_name,基敬
given_name,基孝
given_name,基高
given_name,基剛
given_name,基隆
given_name,元貴
given_name,元敬
given_name,元孝
given_name,元崇
given_name,元隆
given_name,元忠
given_name,基親
given_name,基継
given_name,基嗣
given_name,基次
given_name,元継
given_name,元貢
given_name,元嗣
given_name,元次
given_name,素継
given_name,素嗣
given_name,元恒
given_name,基晃
given_name,基照
given_name,元輝
given_name,元耀
given_name,源輝
given_name,玄輝
given_name,芳映
given_name,基尚
given_name,元尚
given_name,元直
given_name,資直
given_name,素直
given_name,基成
given_name,基也
given_name,元就
given_name,素成
given_name,素誠
given_name,素也
given_name,基伸
given_name,基信
given_name,元伸
given_name,元信
given_name,元宣
given_name,元暢
given_name,元展
given_name,素伸
given_name,基紀
given_name,基則
given_name,基範
given_name,元紀
given_name,元規
given_name,元教
given_name,元則
given_name,元徳
given_name,元法
given_name,素紀
given_name,素典
given_name,基治
given_name,基春
given_name,基晴
given_name,元治
given_name,元春
given_name,元晴
given_name,素治
given_name,素春
given_name,素晴
given_name,基彦
given_name,元比古
given_name,元彦
given_name,素彦
given_name,基久
given_name,元久
given_name,元寿
given_name,素久
given_name,元英
given_name,元秀
given_name,基人
given_name,基仁
given_name,元人
given_name,元仁
given_name,基寛
given_name,基啓
given_name,基宏
given_name,基広
given_name,基弘
given_name,基浩
given_name,基紘
given_name,基祥
given_name,基大
given_name,基拓
given_name,基博
given_name,基祐
given_name,基裕
given_name,基洋
given_name,基陽
given_name,元寛
given_name,元啓
given_name,元宏
given_name,元広
given_name,元弘
given_name,元浩
given_name,元尋
given_name,元博
given_name,元裕
given_name,元洋
given_name,元廣
given_name,素宏
given_name,素広
given_name,素弘
given_name,素浩
given_name,素裕
given_name,素洋
given_name,基史
given_name,基文
given_name,元史
given_name,元文
given_name,素史
given_name,元政
given_name,元正
given_name,元麿
given_name,基己
given_name,基允
given_name,基光
given_name,基充
given_name,源光
given_name,素光
given_name,素充
given_name,索
given_name,基通
given_name,基盛
given_name,基哉
given_name,基也
given_name,基弥
given_name,元哉
given_name,元也
given_name,素也
given_name,素弥
given_name,基恭
given_name,基康
given_name,基泰
given_name,基靖
given_name,元康
given_name,元泰
given_name,元靖
given_name,素康
given_name,基泰
given_name,基幸
given_name,基行
given_name,基至
given_name,基之
given_name,元幸
given_name,元行
given_name,元之
given_name,素幸
given_name,素行
given_name,素之
given_name,基義
given_name,基善
given_name,基由
given_name,基良
given_name,元喜
given_name,元義
given_name,元厳
given_name,元祥
given_name,元芳
given_name,元良
given_name,桃太朗
given_name,桃太郎
given_name,百太郎
given_name,桃ノ介
given_name,燃
given_name,守晃
given_name,守昭
given_name,守章
given_name,守彬
given_name,守明
given_name,守亮
given_name,盛彰
given_name,盛昭
given_name,盛亮
given_name,守生
given_name,守男
given_name,守夫
given_name,守雄
given_name,森魚
given_name,森生
given_name,森夫
given_name,森雄
given_name,盛生
given_name,盛男
given_name,盛夫
given_name,盛雄
given_name,盛郎
given_name,杜生
given_name,杜夫
given_name,杜雄
given_name,盛興
given_name,盛臣
given_name,守一
given_name,盛一
given_name,守克
given_name,盛勝
given_name,護邦
given_name,守邦
given_name,盛国
given_name,盛貞
given_name,守重
given_name,守成
given_name,守繁
given_name,守茂
given_name,盛重
given_name,盛茂
given_name,森朱
given_name,守貴
given_name,守敬
given_name,守孝
given_name,守隆
given_name,盛貴
given_name,盛敬
given_name,盛孝
given_name,盛隆
given_name,守毅
given_name,守猛
given_name,盛武
given_name,杜太郎
given_name,守親
given_name,盛継
given_name,盛嗣
given_name,盛次
given_name,盛綱
given_name,盛経
given_name,守輝
given_name,衛人
given_name,護人
given_name,守人
given_name,盛人
given_name,守俊
given_name,守敏
given_name,守利
given_name,盛敏
given_name,盛利
given_name,守伸
given_name,守信
given_name,盛信
given_name,守彦
given_name,盛彦
given_name,盛久
given_name,守秀
given_name,盛秀
given_name,衛人
given_name,守人
given_name,守仁
given_name,盛人
given_name,盛仁
given_name,守啓
given_name,守宏
given_name,守広
given_name,守弘
given_name,守浩
given_name,守紘
given_name,守博
given_name,守洋
given_name,盛寛
given_name,盛宏
given_name,盛広
given_name,盛弘
given_name,盛浩
given_name,盛博
given_name,守史
given_name,守文
given_name,盛史
given_name,盛文
given_name,守雅
given_name,守将
given_name,守正
given_name,守優
given_name,盛昌
given_name,盛政
given_name,盛正
given_name,守通
given_name,守道
given_name,盛通
given_name,盛道
given_name,盛路
given_name,杜道
given_name,護光
given_name,守光
given_name,盛光
given_name,盛充
given_name,盛元
given_name,護弥
given_name,守哉
given_name,守也
given_name,守矢
given_name,盛也
given_name,盛弥
given_name,杜也
given_name,守恭
given_name,守康
given_name,守泰
given_name,盛康
given_name,衛之
given_name,護幸
given_name,守幸
given_name,守行
given_name,守征
given_name,守之
given_name,盛幸
given_name,盛行
given_name,盛征
given_name,盛之
given_name,盛世
given_name,守義
given_name,守慶
given_name,守善
given_name,盛吉
given_name,聞多
given_name,聞人
given_name,主水
given_name,弥伊太
given_name,八一
given_name,弥一
given_name,弥市
given_name,彌一
given_name,弥一郎
given_name,弥市郎
given_name,彌一郎
given_name,弥衛門
given_name,八起
given_name,八興
given_name,弥興
given_name,八百吉
given_name,躍馬
given_name,八雲
given_name,弥三郎
given_name,八潮
given_name,椰樹
given_name,安輝
given_name,安昭
given_name,安章
given_name,安明
given_name,安亮
given_name,恭顕
given_name,恭彰
given_name,恭昭
given_name,恭章
given_name,恭彬
given_name,恭明
given_name,康暁
given_name,康顕
given_name,康晃
given_name,康秋
given_name,康彰
given_name,康昭
given_name,康晶
given_name,康章
given_name,康明
given_name,康亮
given_name,泰顕
given_name,泰晃
given_name,泰秋
given_name,泰彰
given_name,泰昭
given_name,泰晶
given_name,泰祥
given_name,泰章
given_name,泰彬
given_name,泰明
given_name,泰陽
given_name,泰亮
given_name,保晃
given_name,保秋
given_name,保彰
given_name,保昭
given_name,保晶
given_name,保章
given_name,保明
given_name,靖晃
given_name,靖秋
given_name,靖彰
given_name,靖昭
given_name,靖章
given_name,靖明
given_name,靖曜
given_name,安一
given_name,康一
given_name,泰一
given_name,保一
given_name,安一郎
given_name,康一郎
given_name,泰一郎
given_name,靖一郎
given_name,安生
given_name,安男
given_name,安夫
given_name,安雄
given_name,恭生
given_name,恭男
given_name,恭夫
given_name,恭雄
given_name,康生
given_name,康男
given_name,康夫
given_name,康雄
given_name,泰生
given_name,泰男
given_name,泰夫
given_name,八州男
given_name,八州夫
given_name,保男
given_name,保夫
given_name,保雄
given_name,靖生
given_name,靖男
given_name,靖夫
given_name,靖雄
given_name,庸夫
given_name,安興
given_name,康興
given_name,泰興
given_name,恭臣
given_name,康臣
given_name,泰臣
given_name,保臣
given_name,奉臣
given_name,靖臣
given_name,恭景
given_name,安一
given_name,安計
given_name,安寿
given_name,安和
given_name,康員
given_name,康和
given_name,泰和
given_name,康容
given_name,安勝
given_name,康克
given_name,康勝
given_name,泰克
given_name,保勝
given_name,康兼
given_name,泰樹
given_name,靖生
given_name,康清
given_name,泰清
given_name,安国
given_name,安邦
given_name,恭邦
given_name,康邦
given_name,泰国
given_name,泰州
given_name,泰邦
given_name,靖邦
given_name,靖國
given_name,恭禎
given_name,康定
given_name,康禎
given_name,安史
given_name,安志
given_name,恭
given_name,恭史
given_name,康
given_name,康司
given_name,康史
given_name,康嗣
given_name,康士
given_name,康志
given_name,康至
given_name,耕
given_name,泰
given_name,泰司
given_name,泰史
given_name,泰嗣
given_name,泰士
given_name,泰志
given_name,泰至
given_name,保志
given_name,也寸志
given_name,靖
given_name,靖司
given_name,靖史
given_name,靖士
given_name,靖志
given_name,靖至
given_name,安重
given_name,康重
given_name,康成
given_name,康繁
given_name,泰成
given_name,泰繁
given_name,泰茂
given_name,保茂
given_name,靖茂
given_name,安次郎
given_name,安二郎
given_name,康次郎
given_name,康二郎
given_name,泰次郎
given_name,保次郎
given_name,靖二郎
given_name,安三
given_name,康三
given_name,康造
given_name,泰三
given_name,安太
given_name,安孝
given_name,安高
given_name,安剛
given_name,安崇
given_name,安隆
given_name,恭貴
given_name,恭啓
given_name,恭敬
given_name,恭孝
given_name,恭崇
given_name,恭隆
given_name,康貴
given_name,康喬
given_name,康恭
given_name,康敬
given_name,康孝
given_name,康高
given_name,康崇
given_name,康嵩
given_name,康隆
given_name,泰敬
given_name,泰賢
given_name,泰孝
given_name,泰考
given_name,泰高
given_name,泰隆
given_name,保孝
given_name,保高
given_name,保崇
given_name,保隆
given_name,靖貴
given_name,靖孝
given_name,靖高
given_name,靖崇
given_name,靖隆
given_name,祐孝
given_name,裕孝
given_name,裕崇
given_name,裕峰
given_name,裕隆
given_name,安健
given_name,安剛
given_name,安武
given_name,康岳
given_name,康豪
given_name,康丈
given_name,康武
given_name,泰健
given_name,泰剛
given_name,泰丈
given_name,泰武
given_name,靖健
given_name,靖丈
given_name,靖武
given_name,安忠
given_name,康忠
given_name,泰匡
given_name,泰忠
given_name,靖匡
given_name,靖忠
given_name,康達
given_name,安太郎
given_name,康太朗
given_name,康太郎
given_name,泰太郎
given_name,綏太郎
given_name,保太郎
given_name,靖太郎
given_name,康親
given_name,泰睦
given_name,保親
given_name,靖周
given_name,安嗣
given_name,恭嗣
given_name,康継
given_name,康嗣
given_name,康次
given_name,泰嗣
given_name,泰次
given_name,保次
given_name,靖嗣
given_name,泰恒
given_name,安輝
given_name,恭輝
given_name,康輝
given_name,康光
given_name,康晃
given_name,康照
given_name,泰輝
given_name,泰照
given_name,保輝
given_name,保晃
given_name,靖晃
given_name,康人
given_name,康翔
given_name,泰人
given_name,泰仁
given_name,泰斗
given_name,靖人
given_name,靖仁
given_name,誉人
given_name,恭時
given_name,康時
given_name,泰時
given_name,安俊
given_name,安敏
given_name,安利
given_name,恭寿
given_name,恭俊
given_name,恭敏
given_name,恭稔
given_name,恭利
given_name,康寿
given_name,康俊
given_name,康聡
given_name,康年
given_name,康敏
given_name,康稔
given_name,康利
given_name,泰寿
given_name,泰俊
given_name,泰聡
given_name,泰年
given_name,泰敏
given_name,泰稔
given_name,泰利
given_name,保寿
given_name,保俊
given_name,保利
given_name,靖寿
given_name,靖俊
given_name,靖聡
given_name,靖敏
given_name,康臣
given_name,泰臣
given_name,恭朋
given_name,康知
given_name,康智
given_name,康朝
given_name,康友
given_name,泰知
given_name,泰智
given_name,泰朋
given_name,泰友
given_name,保知
given_name,保智
given_name,保友
given_name,靖知
given_name,靖智
given_name,靖朋
given_name,靖友
given_name,康豊
given_name,泰豊
given_name,安虎
given_name,安直
given_name,恭直
given_name,康尚
given_name,康直
given_name,泰尚
given_name,泰直
given_name,保尚
given_name,保真
given_name,保直
given_name,靖尚
given_name,靖直
given_name,恭永
given_name,康永
given_name,康長
given_name,泰永
given_name,泰長
given_name,靖永
given_name,靖長
given_name,恭成
given_name,康就
given_name,康成
given_name,泰就
given_name,泰成
given_name,保成
given_name,保也
given_name,靖成
given_name,安之助
given_name,恭之助
given_name,泰之祐
given_name,安喜
given_name,安修
given_name,安伸
given_name,安信
given_name,安宣
given_name,安展
given_name,恭延
given_name,恭宜
given_name,恭伸
given_name,恭信
given_name,健伸
given_name,賢信
given_name,康允
given_name,康延
given_name,康喜
given_name,康史
given_name,康修
given_name,康伸
given_name,康信
given_name,康宣
given_name,康暢
given_name,康展
given_name,泰修
given_name,泰伸
given_name,泰信
given_name,泰宣
given_name,泰暢
given_name,泰庸
given_name,保伸
given_name,保信
given_name,保誠
given_name,保宣
given_name,靖修
given_name,靖伸
given_name,靖信
given_name,靖宣
given_name,靖暢
given_name,靖展
given_name,靖庸
given_name,庸伸
given_name,安紀
given_name,安規
given_name,安教
given_name,安憲
given_name,安功
given_name,安宣
given_name,安則
given_name,安智
given_name,安典
given_name,安徳
given_name,安範
given_name,安法
given_name,恭紀
given_name,恭規
given_name,恭憲
given_name,恭宣
given_name,恭則
given_name,恭典
given_name,恭徳
given_name,恭範
given_name,康紀
given_name,康規
given_name,康記
given_name,康矩
given_name,康則
given_name,康徳
given_name,康範
given_name,泰紀
given_name,泰規
given_name,泰教
given_name,泰憲
given_name,泰則
given_name,泰徳
given_name,保紀
given_name,保規
given_name,保宜
given_name,保教
given_name,保矩
given_name,保則
given_name,保典
given_name,保徳
given_name,保法
given_name,靖則
given_name,靖典
given_name,靖徳
given_name,靖範
given_name,靖法
given_name,庸則
given_name,庸典
given_name,庸徳
given_name,安治
given_name,安春
given_name,安晴
given_name,恭治
given_name,恭晴
given_name,康治
given_name,康春
given_name,康晴
given_name,泰治
given_name,泰春
given_name,泰晴
given_name,泰陽
given_name,八州晴
given_name,八洲治
given_name,保治
given_name,保春
given_name,保晴
given_name,靖治
given_name,靖春
given_name,靖晴
given_name,安彦
given_name,恭彦
given_name,康彦
given_name,泰彦
given_name,保彦
given_name,弥寿彦
given_name,弥須彦
given_name,靖彦
given_name,安久
given_name,恭久
given_name,恭寿
given_name,康久
given_name,泰久
given_name,保久
given_name,靖久
given_name,安秀
given_name,恭英
given_name,恭秀
given_name,康栄
given_name,康英
given_name,康秀
given_name,泰栄
given_name,泰英
given_name,泰秀
given_name,保英
given_name,保秀
given_name,靖英
given_name,靖秀
given_name,安人
given_name,安仁
given_name,恭人
given_name,恭仁
given_name,康人
given_name,康仁
given_name,泰人
given_name,泰仁
given_name,保人
given_name,保仁
given_name,靖人
given_name,靖仁
given_name,康平
given_name,泰平
given_name,安寛
given_name,安啓
given_name,安宏
given_name,安広
given_name,安弘
given_name,安浩
given_name,安紘
given_name,安博
given_name,安裕
given_name,安洋
given_name,安廣
given_name,恭啓
given_name,恭宏
given_name,恭広
given_name,恭弘
given_name,恭浩
given_name,恭博
given_name,恭裕
given_name,恭洋
given_name,康寛
given_name,康啓
given_name,康宏
given_name,康広
given_name,康弘
given_name,康浩
given_name,康紘
given_name,康尋
given_name,康大
given_name,康博
given_name,康比呂
given_name,康祐
given_name,康裕
given_name,康洋
given_name,康廣
given_name,泰宇
given_name,泰寛
given_name,泰啓
given_name,泰宏
given_name,泰広
given_name,泰弘
given_name,泰浩
given_name,泰紘
given_name,泰尋
given_name,泰大
given_name,泰博
given_name,泰悠
given_name,泰祐
given_name,泰裕
given_name,泰洋
given_name,泰廣
given_name,保寛
given_name,保宏
given_name,保広
given_name,保弘
given_name,保浩
given_name,保大
given_name,保博
given_name,保裕
given_name,保洋
given_name,保廣
given_name,靖央
given_name,靖拡
given_name,靖寛
given_name,靖啓
given_name,靖宏
given_name,靖広
given_name,靖弘
given_name,靖浩
given_name,靖紘
given_name,靖大
given_name,靖博
given_name,靖裕
given_name,靖容
given_name,靖洋
given_name,靖廣
given_name,恭史
given_name,恭文
given_name,康史
given_name,康文
given_name,泰史
given_name,泰文
given_name,保史
given_name,保文
given_name,靖史
given_name,靖文
given_name,恭文
given_name,康文
given_name,泰文
given_name,保文
given_name,靖文
given_name,康馬
given_name,泰磨
given_name,安雅
given_name,安昌
given_name,安真
given_name,安政
given_name,安正
given_name,安誠
given_name,安眞
given_name,恭匡
given_name,恭将
given_name,恭昌
given_name,恭成
given_name,恭正
given_name,康雅
given_name,康匡
given_name,康勝
given_name,康将
given_name,康昌
given_name,康政
given_name,康正
given_name,泰雅
given_name,泰匡
given_name,泰将
given_name,泰昌
given_name,泰真
given_name,泰政
given_name,泰正
given_name,保匡
given_name,保将
given_name,保昌
given_name,保政
given_name,保正
given_name,靖雅
given_name,靖匡
given_name,靖公
given_name,靖将
given_name,靖昌
given_name,靖真
given_name,靖政
given_name,靖正
given_name,裕正
given_name,容正
given_name,泰丸
given_name,泰麿
given_name,安道
given_name,恭道
given_name,恭路
given_name,康通
given_name,康道
given_name,康倫
given_name,泰通
given_name,泰道
given_name,保通
given_name,保道
given_name,靖通
given_name,靖道
given_name,安光
given_name,安晃
given_name,尉充
given_name,恭光
given_name,恭充
given_name,恭満
given_name,康允
given_name,康光
given_name,康充
given_name,康通
given_name,康満
given_name,泰光
given_name,泰充
given_name,泰満
given_name,保光
given_name,保充
given_name,保満
given_name,靖光
given_name,泰宗
given_name,保宗
given_name,康基
given_name,康元
given_name,泰基
given_name,泰元
given_name,靖基
given_name,靖元
given_name,康守
given_name,康盛
given_name,泰守
given_name,鎮守
given_name,保守
given_name,保盛
given_name,安幸
given_name,安行
given_name,安之
given_name,尉之
given_name,易行
given_name,易之
given_name,恭幸
given_name,恭行
given_name,恭之
given_name,康幸
given_name,康行
given_name,康之
given_name,泰幸
given_name,泰行
given_name,泰征
given_name,泰之
given_name,保幸
given_name,保行
given_name,保之
given_name,靖幸
given_name,靖行
given_name,靖征
given_name,靖雪
given_name,靖之
given_name,安嘉
given_name,安義
given_name,安吉
given_name,安慶
given_name,安善
given_name,安芳
given_name,安由
given_name,安良
given_name,恭喜
given_name,恭義
given_name,恭吉
given_name,康佳
given_name,康嘉
given_name,康快
given_name,康喜
given_name,康義
given_name,康吉
given_name,康好
given_name,康善
given_name,康芳
given_name,康由
given_name,康良
given_name,泰佳
given_name,泰嘉
given_name,泰義
given_name,泰好
given_name,泰善
given_name,泰芳
given_name,泰由
given_name,泰良
given_name,保喜
given_name,保好
given_name,保善
given_name,保芳
given_name,保良
given_name,靖佳
given_name,靖義
given_name,靖芳
given_name,靖由
given_name,靖良
given_name,康順
given_name,康頼
given_name,安朗
given_name,安郎
given_name,恭郎
given_name,康朗
given_name,康郎
given_name,泰朗
given_name,泰郎
given_name,保郎
given_name,靖朗
given_name,靖郎
given_name,八十男
given_name,八十吉
given_name,弥太郎
given_name,彌太郎
given_name,八志
given_name,八彦
given_name,八史
given_name,八彦
given_name,弥彦
given_name,彌彦
given_name,八宏
given_name,八紘
given_name,八尋
given_name,山登
given_name,大和
given_name,大翔
given_name,矢真人
given_name,倭人
given_name,山彦
given_name,唯
given_name,唯一
given_name,維人
given_name,結人
given_name,結斗
given_name,唯人
given_name,唯斗
given_name,唯之介
given_name,唯歩
given_name,佑
given_name,勇
given_name,悠
given_name,有
given_name,湧
given_name,祐
given_name,雄
given_name,佑一
given_name,佑市
given_name,優一
given_name,優市
given_name,勇一
given_name,勇壱
given_name,勇市
given_name,友一
given_name,友壱
given_name,友市
given_name,悠一
given_name,悠市
given_name,憂一
given_name,有一
given_name,有市
given_name,由一
given_name,祐一
given_name,祐市
given_name,裕一
given_name,裕市
given_name,雄一
given_name,融一
given_name,洋一
given_name,侑一
given_name,雄一
given_name,佑一朗
given_name,佑一郎
given_name,優一朗
given_name,優一郎
given_name,勇一朗
given_name,勇一郎
given_name,勇市朗
given_name,友一朗
given_name,友一郎
given_name,宥一郎
given_name,悠一朗
given_name,悠一郎
given_name,有一朗
given_name,有一郎
given_name,由一朗
given_name,由一郎
given_name,祐一朗
given_name,祐一郎
given_name,裕一朗
given_name,裕一郎
given_name,裕市郎
given_name,雄一朗
given_name,雄一郎
given_name,雄市郎
given_name,侑一朗
given_name,侑一郎
given_name,優雅
given_name,悠河
given_name,優樹
given_name,勇喜
given_name,勇気
given_name,勇輝
given_name,勇樹
given_name,友喜
given_name,友輝
given_name,悠器
given_name,悠樹
given_name,祐喜
given_name,祐樹
given_name,裕貴
given_name,裕樹
given_name,雄器
given_name,雄基
given_name,雄気
given_name,雄貴
given_name,雄輝
given_name,雄樹
given_name,侑樹
given_name,優吉
given_name,勇吉
given_name,友吉
given_name,有吉
given_name,祐吉
given_name,裕吉
given_name,雄吉
given_name,悠久
given_name,佑吾
given_name,佑悟
given_name,優吾
given_name,勇伍
given_name,勇吾
given_name,友吾
given_name,友悟
given_name,友梧
given_name,悠伍
given_name,悠吾
given_name,悠悟
given_name,有悟
given_name,祐伍
given_name,祐吾
given_name,祐悟
given_name,裕吾
given_name,裕悟
given_name,雄吾
given_name,雄悟
given_name,裕郷
given_name,祐吾郎
given_name,佑作
given_name,佑策
given_name,優作
given_name,優策
given_name,勇作
given_name,友作
given_name,友策
given_name,悠作
given_name,悠朔
given_name,悠策
given_name,有作
given_name,有策
given_name,祐左久
given_name,祐作
given_name,祐策
given_name,裕作
given_name,裕策
given_name,雄作
given_name,雄策
given_name,侑作
given_name,優三郎
given_name,勇三郎
given_name,祐三朗
given_name,祐三郎
given_name,裕三郎
given_name,雄三郎
given_name,雄山
given_name,佑志
given_name,佑至
given_name,優士
given_name,優志
given_name,優至
given_name,勇司
given_name,勇士
given_name,友士
given_name,友志
given_name,悠史
given_name,悠志
given_name,悠至
given_name,憂士
given_name,有史
given_name,有志
given_name,湧志
given_name,祐史
given_name,祐嗣
given_name,祐士
given_name,祐志
given_name,祐之
given_name,裕司
given_name,裕史
given_name,裕士
given_name,裕志
given_name,裕至
given_name,雄史
given_name,雄士
given_name,雄志
given_name,侑史
given_name,侑士
given_name,郁二
given_name,佑次
given_name,佑治
given_name,佑二
given_name,優司
given_name,優児
given_name,優次
given_name,優治
given_name,優二
given_name,優冶
given_name,勇司
given_name,勇児
given_name,勇次
given_name,勇治
given_name,勇二
given_name,友児
given_name,友次
given_name,友治
given_name,友二
given_name,悠司
given_name,悠児
given_name,悠次
given_name,悠治
given_name,悠自
given_name,悠二
given_name,有児
given_name,有次
given_name,有治
given_name,有二
given_name,由児
given_name,由次
given_name,由治
given_name,由二
given_name,祐司
given_name,祐史
given_name,祐志
given_name,祐児
given_name,祐次
given_name,祐滋
given_name,祐治
given_name,祐二
given_name,裕司
given_name,裕史
given_name,裕士
given_name,裕児
given_name,裕慈
given_name,裕次
given_name,裕治
given_name,裕二
given_name,遊児
given_name,雄司
given_name,雄至
given_name,雄児
given_name,雄慈
given_name,雄次
given_name,雄治
given_name,雄二
given_name,侑治
given_name,侑二
given_name,侑冶
given_name,勇四郎
given_name,勇士郎
given_name,勇志郎
given_name,有史郎
given_name,祐史郎
given_name,祐志郎
given_name,裕志朗
given_name,雄史郎
given_name,佑次郎
given_name,佑二郎
given_name,優次郎
given_name,優二郎
given_name,勇次郎
given_name,勇治郎
given_name,勇二郎
given_name,友次郎
given_name,友仁朗
given_name,悠次郎
given_name,悠二朗
given_name,悠二郎
given_name,憂二郎
given_name,有二郎
given_name,由二朗
given_name,祐司郎
given_name,祐次朗
given_name,祐次郎
given_name,祐治郎
given_name,祐二朗
given_name,祐二郎
given_name,裕史郎
given_name,裕士郎
given_name,裕次朗
given_name,裕次郎
given_name,裕二朗
given_name,裕二郎
given_name,雄司郎
given_name,雄次朗
given_name,雄次郎
given_name,雄治郎
given_name,雄仁郎
given_name,雄二朗
given_name,雄二郎
given_name,夕次郎
given_name,侑仁郎
given_name,侑二郎
given_name,右介
given_name,右典
given_name,右輔
given_name,結介
given_name,諭佑
given_name,唯介
given_name,佑允
given_name,佑介
given_name,佑資
given_name,佑助
given_name,佑典
given_name,佑輔
given_name,佑亮
given_name,優介
given_name,優助
given_name,優典
given_name,優輔
given_name,優佑
given_name,優祐
given_name,優亮
given_name,勇介
given_name,勇佐
given_name,勇助
given_name,勇典
given_name,勇輔
given_name,勇佑
given_name,勇祐
given_name,勇翼
given_name,勇亮
given_name,友介
given_name,友資
given_name,友助
given_name,友典
given_name,友輔
given_name,友佑
given_name,友祐
given_name,友亮
given_name,宥典
given_name,宥輔
given_name,幽助
given_name,悠右
given_name,悠介
given_name,悠助
given_name,悠丞
given_name,悠輔
given_name,悠佑
given_name,悠祐
given_name,悠亮
given_name,憂介
given_name,憂輔
given_name,有介
given_name,有佐
given_name,有資
given_name,有補
given_name,有輔
given_name,有佑
given_name,有祐
given_name,有亮
given_name,湧介
given_name,湧祐
given_name,由介
given_name,由佐
given_name,由将
given_name,由輔
given_name,由佑
given_name,由祐
given_name,祐允
given_name,祐介
given_name,祐佐
given_name,祐左
given_name,祐助
given_name,祐昌
given_name,祐丞
given_name,祐典
given_name,祐督
given_name,祐輔
given_name,祐亮
given_name,裕介
given_name,裕左
given_name,裕資
given_name,裕助
given_name,裕将
given_name,裕典
given_name,裕督
given_name,裕輔
given_name,裕佑
given_name,裕祐
given_name,裕亮
given_name,遊介
given_name,雄介
given_name,雄助
given_name,雄典
given_name,雄輔
given_name,雄佑
given_name,雄祐
given_name,雄裕
given_name,雄亮
given_name,融介
given_name,夕介
given_name,夕助
given_name,夕輔
given_name,侑介
given_name,侑資
given_name,侑典
given_name,侑輔
given_name,侑佑
given_name,侑祐
given_name,侑亮
given_name,雄星
given_name,雄正
given_name,雄生
given_name,雄誠
given_name,侑星
given_name,侑生
given_name,勇壮
given_name,優三
given_name,優蔵
given_name,勇三
given_name,勇蔵
given_name,勇造
given_name,友造
given_name,悠三
given_name,悠蔵
given_name,悠造
given_name,有三
given_name,有蔵
given_name,有造
given_name,由右三
given_name,祐三
given_name,祐壮
given_name,祐蔵
given_name,祐造
given_name,裕三
given_name,裕蔵
given_name,雄三
given_name,雄蔵
given_name,雄造
given_name,佑太
given_name,佑大
given_name,優太
given_name,優汰
given_name,勇太
given_name,友太
given_name,悠太
given_name,悠大
given_name,有太
given_name,湧太
given_name,由宇太
given_name,由太
given_name,祐太
given_name,祐汰
given_name,祐大
given_name,裕太
given_name,裕大
given_name,遊太
given_name,雄太
given_name,雄大
given_name,雄佑太
given_name,融太
given_name,侑太
given_name,侑汰
given_name,侑大
given_name,脩太
given_name,優大
given_name,勇大
given_name,悠大
given_name,湧大
given_name,裕大
given_name,雄大
given_name,侑大
given_name,雄達
given_name,佑太朗
given_name,佑太郎
given_name,優多郎
given_name,優太朗
given_name,優太郎
given_name,勇太朗
given_name,勇太郎
given_name,友太朗
given_name,友太郎
given_name,悠太朗
given_name,悠太郎
given_name,有太朗
given_name,有太郎
given_name,由太郎
given_name,祐太朗
given_name,祐太郎
given_name,裕多郎
given_name,裕太朗
given_name,裕太郎
given_name,裕大朗
given_name,遊太郎
given_name,雄太朗
given_name,雄太郎
given_name,雄大朗
given_name,雄大郎
given_name,侑太郎
given_name,悠地
given_name,雄地
given_name,結人
given_name,佑人
given_name,佑斗
given_name,佑都
given_name,優人
given_name,優仁
given_name,優斗
given_name,優都
given_name,勇人
given_name,勇仁
given_name,勇斗
given_name,友人
given_name,友斗
given_name,悠人
given_name,悠仁
given_name,悠斗
given_name,悠都
given_name,憂人
given_name,憂斗
given_name,有人
given_name,有斗
given_name,湧人
given_name,祐人
given_name,祐仁
given_name,祐斗
given_name,裕人
given_name,裕斗
given_name,雄人
given_name,雄仁
given_name,雄図
given_name,雄斗
given_name,侑人
given_name,侑徒
given_name,侑斗
given_name,侑土
given_name,勇之進
given_name,佑之介
given_name,佑之輔
given_name,優之介
given_name,勇之介
given_name,祐之介
given_name,祐之助
given_name,祐之輔
given_name,裕之介
given_name,雄之介
given_name,雄之助
given_name,雄之輔
given_name,侑之介
given_name,勇八郎
given_name,雄飛
given_name,夕彦
given_name,勇平
given_name,悠平
given_name,湧平
given_name,祐平
given_name,雄平
given_name,雄峰
given_name,結磨
given_name,佑馬
given_name,佑磨
given_name,佑麿
given_name,優馬
given_name,優磨
given_name,勇馬
given_name,勇磨
given_name,勇麿
given_name,友馬
given_name,友磨
given_name,悠真
given_name,悠馬
given_name,悠磨
given_name,悠麿
given_name,有磨
given_name,由馬
given_name,由磨
given_name,祐馬
given_name,祐磨
given_name,裕馬
given_name,裕磨
given_name,遊馬
given_name,雄真
given_name,雄馬
given_name,雄磨
given_name,雄麻
given_name,侑麻
given_name,佑哉
given_name,佑也
given_name,佑弥
given_name,優哉
given_name,優也
given_name,優弥
given_name,勇哉
given_name,勇也
given_name,勇弥
given_name,勇矢
given_name,勇和
given_name,友哉
given_name,友也
given_name,友耶
given_name,友弥
given_name,宥哉
given_name,悠哉
given_name,悠也
given_name,悠耶
given_name,悠弥
given_name,悠矢
given_name,憂矢
given_name,有哉
given_name,有也
given_name,有弥
given_name,有矢
given_name,湧也
given_name,湧耶
given_name,由哉
given_name,由也
given_name,由弥
given_name,祐哉
given_name,祐八
given_name,祐也
given_name,祐耶
given_name,祐弥
given_name,祐矢
given_name,裕哉
given_name,裕也
given_name,裕耶
given_name,裕弥
given_name,裕矢
given_name,裕彌
given_name,遊也
given_name,遊耶
given_name,遊野
given_name,遊弥
given_name,遊矢
given_name,雄哉
given_name,雄也
given_name,雄耶
given_name,雄弥
given_name,雄矢
given_name,融也
given_name,夕雅
given_name,夕也
given_name,夕夜
given_name,侑哉
given_name,侑也
given_name,侑耶
given_name,侑弥
given_name,侑矢
given_name,脩也
given_name,幸紀男
given_name,幸生
given_name,幸男
given_name,幸夫
given_name,幸雄
given_name,行生
given_name,行男
given_name,行夫
given_name,行雄
given_name,征生
given_name,征男
given_name,征夫
given_name,征雄
given_name,征郎
given_name,雪男
given_name,雪夫
given_name,雪雄
given_name,友紀夫
given_name,友紀雄
given_name,悠紀夫
given_name,悠起雄
given_name,有希夫
given_name,有紀男
given_name,有紀夫
given_name,由紀生
given_name,由紀男
given_name,由紀夫
given_name,由紀雄
given_name,由記夫
given_name,由起夫
given_name,由樹雄
given_name,祐紀夫
given_name,夕紀夫
given_name,夕起夫
given_name,幸克
given_name,幸貞
given_name,行貞
given_name,友紀路
given_name,幸重
given_name,幸成
given_name,幸繁
given_name,幸茂
given_name,行繁
given_name,幸貴
given_name,幸孝
given_name,幸高
given_name,幸峻
given_name,幸尊
given_name,幸隆
given_name,行貴
given_name,行孝
given_name,行隆
given_name,幸剛
given_name,幸丈
given_name,幸忠
given_name,雪太郎
given_name,諭吉
given_name,幸親
given_name,行親
given_name,幸嗣
given_name,幸胤
given_name,幸嗣
given_name,幸次
given_name,征嗣
given_name,幸輝
given_name,幸照
given_name,行輝
given_name,行晃
given_name,往人
given_name,幸人
given_name,幸斗
given_name,幸登
given_name,行人
given_name,行登
given_name,悠紀斗
given_name,幸寿
given_name,幸俊
given_name,幸敏
given_name,幸稔
given_name,幸利
given_name,行俊
given_name,至利
given_name,由紀敏
given_name,幸智
given_name,幸豊
given_name,幸虎
given_name,幸尚
given_name,幸直
given_name,行直
given_name,幸永
given_name,幸長
given_name,幸之進
given_name,幸伸
given_name,幸信
given_name,幸宣
given_name,行伸
given_name,行信
given_name,行宣
given_name,幸紀
given_name,幸規
given_name,幸教
given_name,幸訓
given_name,幸憲
given_name,幸則
given_name,幸典
given_name,幸徳
given_name,行則
given_name,行徳
given_name,志典
given_name,征則
given_name,征典
given_name,幸治
given_name,幸春
given_name,幸晴
given_name,行治
given_name,行春
given_name,征治
given_name,幸彦
given_name,行彦
given_name,征彦
given_name,雪彦
given_name,裕紀彦
given_name,裕樹彦
given_name,幸久
given_name,行久
given_name,征久
given_name,幸英
given_name,幸秀
given_name,行秀
given_name,征秀
given_name,幸人
given_name,幸仁
given_name,行人
given_name,行仁
given_name,征人
given_name,幸寛
given_name,幸啓
given_name,幸宏
given_name,幸広
given_name,幸弘
given_name,幸浩
given_name,幸尋
given_name,幸博
given_name,幸裕
given_name,幸洋
given_name,行寛
given_name,行啓
given_name,行宏
given_name,行広
given_name,行弘
given_name,行浩
given_name,行紘
given_name,行尋
given_name,行博
given_name,行裕
given_name,行洋
given_name,征寛
given_name,征宏
given_name,征広
given_name,征弘
given_name,征浩
given_name,征紘
given_name,征大
given_name,征裕
given_name,征洋
given_name,雪宏
given_name,雪浩
given_name,雪尋
given_name,雪裕
given_name,幸史
given_name,幸文
given_name,行史
given_name,行文
given_name,征帆
given_name,幸雅
given_name,幸将
given_name,幸昌
given_name,幸真
given_name,幸政
given_name,幸正
given_name,行雅
given_name,行将
given_name,行昌
given_name,行真
given_name,行政
given_name,行正
given_name,雪正
given_name,雪丸
given_name,行麿
given_name,幸通
given_name,幸道
given_name,幸光
given_name,幸充
given_name,幸満
given_name,行満
given_name,征宗
given_name,幸基
given_name,幸元
given_name,行基
given_name,幸盛
given_name,行盛
given_name,幸哉
given_name,幸八
given_name,幸也
given_name,幸弥
given_name,行也
given_name,征哉
given_name,征也
given_name,征矢
given_name,雪矢
given_name,優希也
given_name,友紀也
given_name,悠記也
given_name,有毅也
given_name,有記哉
given_name,有貴也
given_name,由起也
given_name,由樹也
given_name,幸安
given_name,幸恭
given_name,幸康
given_name,幸泰
given_name,幸保
given_name,幸靖
given_name,行安
given_name,行恭
given_name,行康
given_name,行泰
given_name,征靖
given_name,幸佳
given_name,幸義
given_name,幸吉
given_name,幸好
given_name,幸善
given_name,幸芳
given_name,幸由
given_name,幸良
given_name,行慶
given_name,行善
given_name,謙
given_name,穣
given_name,譲
given_name,讓
given_name,穣
given_name,豊
given_name,優多彼
given_name,裕
given_name,穣
given_name,譲
given_name,禅
given_name,唯弦
given_name,弓彦
given_name,夢記
given_name,夢至
given_name,夢二
given_name,夢隆
given_name,夢人
given_name,夢就
given_name,夢之介
given_name,夢春
given_name,夢彦
given_name,夢人
given_name,夢仁
given_name,夢紘
given_name,夢大
given_name,由利弘
given_name,世一
given_name,与一
given_name,誉一
given_name,世一郎
given_name,鷹
given_name,容
given_name,庸
given_name,揚
given_name,曜
given_name,洋
given_name,耀
given_name,要
given_name,遥
given_name,陽
given_name,曄
given_name,鷹一
given_name,暢一
given_name,容一
given_name,容逸
given_name,庸一
given_name,庸市
given_name,揚一
given_name,曜一
given_name,曜市
given_name,洋一
given_name,洋壱
given_name,洋市
given_name,羊一
given_name,羊市
given_name,耀一
given_name,葉一
given_name,蓉一
given_name,要一
given_name,謡一
given_name,遥一
given_name,陽一
given_name,陽市
given_name,養一
given_name,養市
given_name,鷹一郎
given_name,暢一郎
given_name,容一郎
given_name,庸一朗
given_name,庸一郎
given_name,曜一郎
given_name,洋一朗
given_name,洋一郎
given_name,洋市郎
given_name,用一郎
given_name,羊一郎
given_name,耀一朗
given_name,葉一郎
given_name,要一郎
given_name,遥一朗
given_name,陽一朗
given_name,陽一郎
given_name,瑶一郎
given_name,洋吉
given_name,陽吉
given_name,陽来
given_name,洋孝
given_name,洋行
given_name,陽孝
given_name,陽康
given_name,陽耕
given_name,容作
given_name,洋策
given_name,陽作
given_name,陽策
given_name,洋三郎
given_name,陽三郎
given_name,庸司
given_name,庸治
given_name,庸二
given_name,揚二
given_name,曜司
given_name,洋司
given_name,洋児
given_name,洋次
given_name,洋治
given_name,洋二
given_name,羊二
given_name,耀司
given_name,要次
given_name,要治
given_name,要二
given_name,要路
given_name,陽司
given_name,陽児
given_name,陽次
given_name,陽治
given_name,陽示
given_name,陽仁
given_name,陽二
given_name,陽路
given_name,養二
given_name,洋七
given_name,洋七郎
given_name,洋十郎
given_name,陽士郎
given_name,瑶志郎
given_name,祥治郎
given_name,容二郎
given_name,庸次郎
given_name,洋次朗
given_name,洋次郎
given_name,洋治郎
given_name,洋二朗
given_name,洋二郎
given_name,羊二郎
given_name,葉二郎
given_name,要次郎
given_name,要二郎
given_name,陽司郎
given_name,陽士朗
given_name,陽志郎
given_name,陽児郎
given_name,陽次朗
given_name,陽次郎
given_name,陽治朗
given_name,陽二朗
given_name,陽二郎
given_name,陽水
given_name,鷹介
given_name,躍介
given_name,容介
given_name,容典
given_name,容輔
given_name,容祐
given_name,庸介
given_name,庸輔
given_name,庸佑
given_name,庸祐
given_name,庸亮
given_name,揚介
given_name,曜介
given_name,曜典
given_name,曜輔
given_name,洋介
given_name,洋助
given_name,洋輔
given_name,洋祐
given_name,羊介
given_name,耀介
given_name,葉介
given_name,要介
given_name,要助
given_name,要輔
given_name,要祐
given_name,要亮
given_name,遥介
given_name,陽介
given_name,陽資
given_name,陽助
given_name,陽典
given_name,陽輔
given_name,陽祐
given_name,燿介
given_name,瑶介
given_name,揚正
given_name,洋成
given_name,洋晴
given_name,洋生
given_name,陽世
given_name,陽成
given_name,陽星
given_name,陽生
given_name,陽斉
given_name,容三
given_name,庸三
given_name,庸造
given_name,揚三
given_name,洋三
given_name,洋蔵
given_name,洋造
given_name,要三
given_name,要蔵
given_name,要造
given_name,陽三
given_name,陽蔵
given_name,陽造
given_name,庸太
given_name,揚太
given_name,洋太
given_name,耀太
given_name,遥太
given_name,陽太
given_name,瑶太
given_name,容太郎
given_name,洋太朗
given_name,洋太郎
given_name,要太郎
given_name,遥太郎
given_name,陽太朗
given_name,陽太郎
given_name,洋一
given_name,陽一
given_name,洋哲
given_name,陽新
given_name,庸之介
given_name,洋之介
given_name,洋之輔
given_name,陽之介
given_name,陽之助
given_name,陽之輔
given_name,陽之亮
given_name,洋八
given_name,鷹平
given_name,容平
given_name,庸平
given_name,揚平
given_name,曜平
given_name,洋兵
given_name,洋平
given_name,耀平
given_name,要平
given_name,遥平
given_name,陽兵
given_name,陽平
given_name,翼人
given_name,翼平
given_name,佳暁
given_name,佳顕
given_name,佳晃
given_name,佳秋
given_name,佳昭
given_name,佳章
given_name,佳明
given_name,佳陽
given_name,佳亮
given_name,佳朗
given_name,嘉顕
given_name,嘉晃
given_name,嘉秋
given_name,嘉彰
given_name,嘉昭
given_name,嘉章
given_name,嘉明
given_name,嘉陽
given_name,喜晃
given_name,喜彰
given_name,喜昭
given_name,喜章
given_name,喜明
given_name,貴亮
given_name,義顕
given_name,義晃
given_name,義秋
given_name,義彰
given_name,義昭
given_name,義晶
given_name,義祥
given_name,義章
given_name,義明
given_name,吉晃
given_name,吉秋
given_name,吉昭
given_name,吉晶
given_name,吉祥
given_name,吉章
given_name,吉彬
given_name,吉明
given_name,吉亮
given_name,吉朗
given_name,慶顕
given_name,慶晃
given_name,慶秋
given_name,慶彰
given_name,慶昭
given_name,慶章
given_name,慶哲
given_name,慶明
given_name,好晃
given_name,好秋
given_name,好彰
given_name,好昭
given_name,好晶
given_name,好章
given_name,好哲
given_name,好明
given_name,好陽
given_name,好亮
given_name,祥顕
given_name,祥晃
given_name,祥昭
given_name,祥晶
given_name,祥章
given_name,善瑛
given_name,善輝
given_name,善郷
given_name,善啓
given_name,善晃
given_name,善秋
given_name,善彰
given_name,善昭
given_name,善晶
given_name,善章
given_name,善哲
given_name,善彬
given_name,善明
given_name,善亮
given_name,哲章
given_name,芳輝
given_name,芳啓
given_name,芳晃
given_name,芳秋
given_name,芳彰
given_name,芳昭
given_name,芳章
given_name,芳明
given_name,芳亮
given_name,芳朗
given_name,良顕
given_name,良光
given_name,良晃
given_name,良秋
given_name,良彰
given_name,良昭
given_name,良晶
given_name,良章
given_name,良明
given_name,良亮
given_name,義厚
given_name,義淳
given_name,義篤
given_name,義敦
given_name,善厚
given_name,美篤
given_name,芳篤
given_name,義家
given_name,圭家
given_name,嘉一
given_name,義一
given_name,芳一
given_name,義一朗
given_name,義一郎
given_name,吉一郎
given_name,善一郎
given_name,芳一郎
given_name,悦夫
given_name,佳生
given_name,佳男
given_name,佳夫
given_name,佳雄
given_name,嘉生
given_name,嘉男
given_name,嘉夫
given_name,嘉雄
given_name,喜生
given_name,喜男
given_name,喜夫
given_name,喜雄
given_name,義士夫
given_name,義志男
given_name,義男
given_name,義夫
given_name,義雄
given_name,義郎
given_name,吉生
given_name,吉男
given_name,吉夫
given_name,吉雄
given_name,慶夫
given_name,慶雄
given_name,好男
given_name,好夫
given_name,好雄
given_name,淑男
given_name,淑夫
given_name,祥生
given_name,祥男
given_name,祥夫
given_name,祥雄
given_name,善男
given_name,善夫
given_name,善雄
given_name,善郎
given_name,禎夫
given_name,禎雄
given_name,美男
given_name,美夫
given_name,美雄
given_name,芳生
given_name,芳男
given_name,芳夫
given_name,芳雄
given_name,芳郎
given_name,由男
given_name,由夫
given_name,由雄
given_name,誉士夫
given_name,誉士雄
given_name,誉志夫
given_name,良男
given_name,良夫
given_name,良雄
given_name,義興
given_name,芳興
given_name,嘉臣
given_name,義臣
given_name,祥臣
given_name,善臣
given_name,芳臣
given_name,良臣
given_name,喜景
given_name,義景
given_name,圭景
given_name,由景
given_name,佳一
given_name,佳数
given_name,佳和
given_name,可員
given_name,嘉一
given_name,嘉計
given_name,嘉数
given_name,嘉和
given_name,喜一
given_name,喜和
given_name,義一
given_name,義員
given_name,義和
given_name,吉一
given_name,吉和
given_name,慶一
given_name,慶和
given_name,好一
given_name,好和
given_name,善一
given_name,善数
given_name,善和
given_name,美一
given_name,美和
given_name,芳一
given_name,芳数
given_name,芳和
given_name,由一
given_name,由数
given_name,由量
given_name,由和
given_name,良一
given_name,良員
given_name,良和
given_name,喜方
given_name,善容
given_name,良賢
given_name,良方
given_name,佳活
given_name,佳克
given_name,嘉克
given_name,嘉勝
given_name,喜克
given_name,喜勝
given_name,義且
given_name,義克
given_name,義勝
given_name,吉且
given_name,吉克
given_name,吉勝
given_name,好且
given_name,好克
given_name,好勝
given_name,善克
given_name,善勝
given_name,能克
given_name,美克
given_name,美勝
given_name,芳克
given_name,芳勝
given_name,由克
given_name,由勝
given_name,良且
given_name,良克
given_name,良勝
given_name,佳克
given_name,嘉一
given_name,嘉和
given_name,佳門
given_name,嘉門
given_name,義門
given_name,吉門
given_name,良門
given_name,嘉兼
given_name,義兼
given_name,吉兼
given_name,好兼
given_name,善兼
given_name,嘉毅
given_name,嘉紀
given_name,嘉規
given_name,嘉輝
given_name,嘉樹
given_name,喜紀
given_name,喜規
given_name,喜貴
given_name,喜樹
given_name,喜生
given_name,貴紀
given_name,貴樹
given_name,貴生
given_name,義喜
given_name,義基
given_name,義希
given_name,義規
given_name,義貴
given_name,義起
given_name,義輝
given_name,義樹
given_name,義城
given_name,吉喜
given_name,吉毅
given_name,吉規
given_name,吉貴
given_name,吉輝
given_name,吉騎
given_name,吉樹
given_name,慶輝
given_name,慶樹
given_name,好貴
given_name,好輝
given_name,祥喜
given_name,祥希
given_name,祥毅
given_name,祥紀
given_name,祥輝
given_name,祥樹
given_name,祥城
given_name,新輝
given_name,善喜
given_name,善紀
given_name,善規
given_name,善貴
given_name,善起
given_name,善輝
given_name,善樹
given_name,善生
given_name,芳喜
given_name,芳揮
given_name,芳季
given_name,芳紀
given_name,芳貴
given_name,芳輝
given_name,芳樹
given_name,由喜
given_name,由揮
given_name,由季
given_name,由規
given_name,由記
given_name,由貴
given_name,由起
given_name,由輝
given_name,由騎
given_name,由樹
given_name,与志希
given_name,与志貴
given_name,与志来
given_name,誉志希
given_name,誉志樹
given_name,良喜
given_name,良基
given_name,良希
given_name,良毅
given_name,良季
given_name,良紀
given_name,良規
given_name,良記
given_name,良貴
given_name,良起
given_name,良軌
given_name,良輝
given_name,良樹
given_name,良生
given_name,佳聖
given_name,嘉清
given_name,義清
given_name,吉清
given_name,善清
given_name,良清
given_name,佳邦
given_name,嘉邦
given_name,喜国
given_name,喜邦
given_name,義訓
given_name,義国
given_name,義邦
given_name,吉国
given_name,吉邦
given_name,慶邦
given_name,好訓
given_name,好城
given_name,好邦
given_name,好國
given_name,祥訓
given_name,祥国
given_name,祥邦
given_name,善国
given_name,善邦
given_name,芳国
given_name,芳邦
given_name,由訓
given_name,良訓
given_name,良邦
given_name,善蔵
given_name,嘉禎
given_name,喜貞
given_name,義貞
given_name,義定
given_name,吉貞
given_name,好貞
given_name,善定
given_name,芳貞
given_name,良定
given_name,佳郷
given_name,慶悟
given_name,由三郎
given_name,嘉治
given_name,喜司
given_name,喜治
given_name,義司
given_name,義次
given_name,義治
given_name,義二
given_name,吉治
given_name,吉二
given_name,慶司
given_name,好司
given_name,善司
given_name,芳次
given_name,芳治
given_name,由治
given_name,良治
given_name,佳成
given_name,佳茂
given_name,嘉重
given_name,嘉成
given_name,喜重
given_name,喜成
given_name,義重
given_name,義成
given_name,義茂
given_name,吉茂
given_name,慶重
given_name,慶茂
given_name,善重
given_name,善繁
given_name,善茂
given_name,芳茂
given_name,由重
given_name,良重
given_name,義二郎
given_name,良次郎
given_name,佳資
given_name,嘉佑
given_name,嘉祐
given_name,喜介
given_name,義介
given_name,義典
given_name,義輔
given_name,義祐
given_name,吉祐
given_name,善佐
given_name,芳輔
given_name,由祐
given_name,良介
given_name,良資
given_name,良祐
given_name,佳純
given_name,嘉純
given_name,義純
given_name,義澄
given_name,吉純
given_name,吉澄
given_name,圭純
given_name,克純
given_name,祥澄
given_name,芳純
given_name,由純
given_name,良純
given_name,良澄
given_name,佳三
given_name,嘉三
given_name,嘉造
given_name,賀三
given_name,喜三
given_name,喜蔵
given_name,義三
given_name,義蔵
given_name,義造
given_name,善三
given_name,善藏
given_name,美造
given_name,芳三
given_name,芳造
given_name,佳貴
given_name,佳敬
given_name,佳孝
given_name,佳高
given_name,佳崇
given_name,佳嵩
given_name,佳隆
given_name,嘉貴
given_name,嘉敬
given_name,嘉孝
given_name,嘉高
given_name,嘉崇
given_name,嘉隆
given_name,喜貴
given_name,喜敬
given_name,喜孝
given_name,喜崇
given_name,喜隆
given_name,義貴
given_name,義敬
given_name,義賢
given_name,義孝
given_name,義高
given_name,義崇
given_name,義尊
given_name,義隆
given_name,吉貴
given_name,吉敬
given_name,吉孝
given_name,吉考
given_name,吉高
given_name,吉崇
given_name,吉隆
given_name,慶貴
given_name,慶孝
given_name,慶高
given_name,慶隆
given_name,好貴
given_name,好敬
given_name,好孝
given_name,好高
given_name,好剛
given_name,好崇
given_name,好隆
given_name,淑孝
given_name,淑崇
given_name,善貴
given_name,善喬
given_name,善敬
given_name,善賢
given_name,善孝
given_name,善高
given_name,善崇
given_name,善嵩
given_name,善隆
given_name,美貴
given_name,美孝
given_name,美隆
given_name,芳貴
given_name,芳賢
given_name,芳孝
given_name,芳高
given_name,芳崇
given_name,芳嵩
given_name,芳隆
given_name,由貴
given_name,由享
given_name,由敬
given_name,由孝
given_name,由高
given_name,由崇
given_name,由嵩
given_name,由隆
given_name,良貴
given_name,良敬
given_name,良孝
given_name,良高
given_name,良剛
given_name,良崇
given_name,良隆
given_name,佳岳
given_name,佳毅
given_name,佳丈
given_name,佳武
given_name,嘉毅
given_name,嘉健
given_name,嘉剛
given_name,嘉丈
given_name,喜丈
given_name,喜武
given_name,義岳
given_name,義剛
given_name,義丈
given_name,義武
given_name,義猛
given_name,吉剛
given_name,吉丈
given_name,吉武
given_name,慶武
given_name,孝武
given_name,祥岳
given_name,祥剛
given_name,祥丈
given_name,祥武
given_name,善丈
given_name,芳毅
given_name,芳剛
given_name,芳武
given_name,由竹
given_name,由武
given_name,良健
given_name,良剛
given_name,良丈
given_name,良武
given_name,佳正
given_name,佳忠
given_name,嘉忠
given_name,喜忠
given_name,義忠
given_name,義唯
given_name,吉忠
given_name,吉唯
given_name,美忠
given_name,芳忠
given_name,良匡
given_name,良淳
given_name,良忠
given_name,嘉辰
given_name,義達
given_name,義竜
given_name,義龍
given_name,吉辰
given_name,好龍
given_name,芳達
given_name,芳辰
given_name,芳龍
given_name,良竜
given_name,良龍
given_name,嘉胤
given_name,慶胤
given_name,善胤
given_name,芳胤
given_name,良胤
given_name,良種
given_name,喜民
given_name,義民
given_name,慶民
given_name,能民
given_name,良民
given_name,佳太郎
given_name,嘉太郎
given_name,義太朗
given_name,義太郎
given_name,吉太郎
given_name,善多朗
given_name,善太郎
given_name,美太郎
given_name,芳太朗
given_name,芳太郎
given_name,佳周
given_name,佳親
given_name,喜親
given_name,義近
given_name,義周
given_name,義親
given_name,吉親
given_name,慶親
given_name,善近
given_name,善親
given_name,美親
given_name,良周
given_name,良親
given_name,佳次
given_name,嘉貢
given_name,嘉嗣
given_name,嘉次
given_name,喜嗣
given_name,貴嗣
given_name,義継
given_name,義嗣
given_name,義次
given_name,吉継
given_name,吉嗣
given_name,吉次
given_name,好嗣
given_name,好次
given_name,祥継
given_name,祥嗣
given_name,祥次
given_name,善継
given_name,善嗣
given_name,善次
given_name,芳嗣
given_name,芳次
given_name,由継
given_name,由貢
given_name,由嗣
given_name,由次
given_name,良継
given_name,良貢
given_name,良嗣
given_name,良次
given_name,吉綱
given_name,義経
given_name,芳徹
given_name,佳輝
given_name,佳晃
given_name,佳照
given_name,嘉輝
given_name,嘉照
given_name,喜輝
given_name,喜照
given_name,義輝
given_name,義晃
given_name,義照
given_name,吉輝
given_name,吉晃
given_name,吉照
given_name,慶輝
given_name,好輝
given_name,好晃
given_name,祥輝
given_name,祥晃
given_name,祥照
given_name,善輝
given_name,善晃
given_name,善照
given_name,芳輝
given_name,芳照
given_name,由輝
given_name,由晃
given_name,由照
given_name,良輝
given_name,良晃
given_name,良照
given_name,佳人
given_name,佳斗
given_name,嘉人
given_name,嘉斗
given_name,嘉都
given_name,喜人
given_name,義人
given_name,義斗
given_name,義登
given_name,吉人
given_name,吉登
given_name,吉都
given_name,慶人
given_name,善人
given_name,善斗
given_name,善登
given_name,芳人
given_name,芳斗
given_name,与志人
given_name,良人
given_name,良斗
given_name,良都
given_name,嘉俊
given_name,嘉利
given_name,喜俊
given_name,義俊
given_name,義利
given_name,吉俊
given_name,吉利
given_name,善俊
given_name,芳俊
given_name,芳敏
given_name,芳稔
given_name,良敏
given_name,良利
given_name,嘉臣
given_name,喜臣
given_name,喜富
given_name,義臣
given_name,義富
given_name,吉臣
given_name,吉富
given_name,佳智
given_name,佳朋
given_name,佳友
given_name,嘉知
given_name,嘉智
given_name,嘉友
given_name,喜智
given_name,喜友
given_name,義知
given_name,義智
given_name,義朝
given_name,義朋
given_name,義友
given_name,吉智
given_name,吉朋
given_name,吉友
given_name,慶智
given_name,慶伴
given_name,慶朋
given_name,慶友
given_name,善智
given_name,善友
given_name,芳智
given_name,芳朋
given_name,芳友
given_name,良知
given_name,良智
given_name,良伴
given_name,良朋
given_name,良友
given_name,義豊
given_name,吉豊
given_name,善豊
given_name,芳豊
given_name,吉虎
given_name,佳尚
given_name,佳直
given_name,嘉尚
given_name,嘉直
given_name,喜直
given_name,義尚
given_name,義直
given_name,吉尚
given_name,吉直
given_name,慶尚
given_name,慶直
given_name,好尚
given_name,好直
given_name,善尚
given_name,善直
given_name,芳尚
given_name,芳直
given_name,由尚
given_name,由直
given_name,良尚
given_name,良直
given_name,嘉仲
given_name,義仲
given_name,佳長
given_name,義永
given_name,義長
given_name,慶長
given_name,祥長
given_name,善永
given_name,芳長
given_name,可成
given_name,嘉成
given_name,喜成
given_name,貴就
given_name,貴成
given_name,義就
given_name,義成
given_name,吉就
given_name,吉成
given_name,慶成
given_name,善成
given_name,芳就
given_name,芳成
given_name,義之介
given_name,義之助
given_name,義之佑
given_name,吉之介
given_name,吉之輔
given_name,慶之介
given_name,善之介
given_name,芳之介
given_name,由乃介
given_name,良之介
given_name,愛喜
given_name,佳伸
given_name,佳信
given_name,佳宣
given_name,可信
given_name,嘉延
given_name,嘉伸
given_name,嘉信
given_name,嘉宣
given_name,喜伸
given_name,喜信
given_name,義伸
given_name,義信
given_name,義宣
given_name,吉信
given_name,吉宣
given_name,慶延
given_name,慶喜
given_name,慶修
given_name,慶信
given_name,慶宣
given_name,好信
given_name,祥延
given_name,祥伸
given_name,祥宣
given_name,善延
given_name,善喜
given_name,善伸
given_name,善信
given_name,善宣
given_name,能延
given_name,能信
given_name,芳延
given_name,芳信
given_name,芳宣
given_name,良延
given_name,良修
given_name,良信
given_name,良宣
given_name,佳紀
given_name,佳規
given_name,佳憲
given_name,佳則
given_name,佳典
given_name,佳徳
given_name,佳範
given_name,佳法
given_name,可典
given_name,嘉紀
given_name,嘉規
given_name,嘉教
given_name,嘉憲
given_name,嘉則
given_name,嘉典
given_name,嘉徳
given_name,嘉範
given_name,賀則
given_name,喜紀
given_name,喜規
given_name,喜記
given_name,喜教
given_name,喜憲
given_name,喜詔
given_name,喜則
given_name,喜典
given_name,喜徳
given_name,喜範
given_name,喜法
given_name,義紀
given_name,義規
given_name,義記
given_name,義教
given_name,義訓
given_name,義憲
given_name,義詔
given_name,義則
given_name,義典
given_name,義徳
given_name,義法
given_name,議範
given_name,吉紀
given_name,吉規
given_name,吉訓
given_name,吉憲
given_name,吉則
given_name,吉典
given_name,吉徳
given_name,吉範
given_name,吉法
given_name,慶紀
given_name,慶規
given_name,慶教
given_name,慶矩
given_name,慶訓
given_name,慶憲
given_name,慶則
given_name,慶典
given_name,慶徳
given_name,慶範
given_name,好紀
given_name,好規
given_name,好記
given_name,好教
given_name,好宣
given_name,好則
given_name,好典
given_name,好展
given_name,好徳
given_name,好範
given_name,好法
given_name,淑教
given_name,淑典
given_name,祥紀
given_name,祥規
given_name,祥教
given_name,祥訓
given_name,祥敬
given_name,祥憲
given_name,祥則
given_name,祥典
given_name,祥徳
given_name,祥範
given_name,祥倫
given_name,詳典
given_name,詳徳
given_name,善紀
given_name,善規
given_name,善教
given_name,善矩
given_name,善訓
given_name,善憲
given_name,善則
given_name,善典
given_name,善徳
given_name,禎紀
given_name,禎規
given_name,禎訓
given_name,禎則
given_name,禎典
given_name,禎徳
given_name,禎範
given_name,能則
given_name,能徳
given_name,芳紀
given_name,芳規
given_name,芳教
given_name,芳訓
given_name,芳憲
given_name,芳則
given_name,芳典
given_name,芳徳
given_name,芳範
given_name,芳法
given_name,良紀
given_name,良規
given_name,良教
given_name,良矩
given_name,良訓
given_name,良憲
given_name,良則
given_name,良典
given_name,良徳
given_name,良範
given_name,良法
given_name,佳治
given_name,佳春
given_name,佳晴
given_name,嘉治
given_name,嘉春
given_name,嘉晴
given_name,喜治
given_name,喜春
given_name,喜晴
given_name,義治
given_name,義春
given_name,義晴
given_name,吉治
given_name,吉春
given_name,吉晴
given_name,慶治
given_name,慶春
given_name,慶晴
given_name,好治
given_name,好春
given_name,好晴
given_name,善治
given_name,善春
given_name,善晴
given_name,芳治
given_name,芳春
given_name,芳晴
given_name,芳張
given_name,良治
given_name,良春
given_name,良晴
given_name,愛彦
given_name,佳彦
given_name,嘉彦
given_name,喜彦
given_name,義比古
given_name,義彦
given_name,吉彦
given_name,慶彦
given_name,好彦
given_name,淑彦
given_name,祥彦
given_name,善彦
given_name,禎彦
given_name,美彦
given_name,芳彦
given_name,由彦
given_name,与志彦
given_name,誉司彦
given_name,良彦
given_name,佳久
given_name,嘉久
given_name,嘉寿
given_name,嘉尚
given_name,喜久
given_name,義久
given_name,義寿
given_name,吉久
given_name,慶久
given_name,慶寿
given_name,善久
given_name,芳久
given_name,芳寿
given_name,良久
given_name,良寿
given_name,良尚
given_name,佳英
given_name,佳秀
given_name,嘉英
given_name,嘉秀
given_name,喜英
given_name,喜秀
given_name,義英
given_name,義秀
given_name,吉栄
given_name,吉英
given_name,吉秀
given_name,慶英
given_name,慶秀
given_name,好英
given_name,好秀
given_name,祥英
given_name,祥秀
given_name,善英
given_name,善秀
given_name,禎英
given_name,禎秀
given_name,能英
given_name,能秀
given_name,芳栄
given_name,芳英
given_name,芳秀
given_name,与志英
given_name,良英
given_name,良秀
given_name,佳人
given_name,佳仁
given_name,嘉人
given_name,嘉仁
given_name,喜人
given_name,喜仁
given_name,義人
given_name,義仁
given_name,吉人
given_name,吉仁
given_name,慶人
given_name,慶仁
given_name,淑人
given_name,淑仁
given_name,善人
given_name,善仁
given_name,良人
given_name,良仁
given_name,義衡
given_name,佳寛
given_name,佳啓
given_name,佳宏
given_name,佳広
given_name,佳弘
given_name,佳浩
given_name,佳博
given_name,佳祐
given_name,佳裕
given_name,佳洋
given_name,佳廣
given_name,嘉寛
given_name,嘉啓
given_name,嘉宏
given_name,嘉広
given_name,嘉弘
given_name,嘉浩
given_name,嘉紘
given_name,嘉祥
given_name,嘉大
given_name,嘉博
given_name,嘉裕
given_name,嘉容
given_name,嘉洋
given_name,嘉廣
given_name,喜寛
given_name,喜啓
given_name,喜宏
given_name,喜広
given_name,喜弘
given_name,喜浩
given_name,喜大
given_name,喜博
given_name,喜裕
given_name,喜洋
given_name,喜廣
given_name,義寛
given_name,義啓
given_name,義宏
given_name,義広
given_name,義弘
given_name,義浩
given_name,義紘
given_name,義尋
given_name,義拓
given_name,義博
given_name,義比呂
given_name,義祐
given_name,義裕
given_name,義洋
given_name,義廣
given_name,吉拡
given_name,吉寛
given_name,吉啓
given_name,吉宏
given_name,吉弘
given_name,吉浩
given_name,吉紘
given_name,吉史裕
given_name,吉大
given_name,吉博
given_name,吉裕
given_name,吉洋
given_name,慶寛
given_name,慶啓
given_name,慶宏
given_name,慶広
given_name,慶弘
given_name,慶浩
given_name,慶尋
given_name,慶大
given_name,慶拓
given_name,慶博
given_name,慶祐
given_name,慶裕
given_name,慶洋
given_name,桂寛
given_name,好拡
given_name,好寛
given_name,好啓
given_name,好宏
given_name,好広
given_name,好弘
given_name,好浩
given_name,好紘
given_name,好泰
given_name,好展
given_name,好博
given_name,好祐
given_name,好裕
given_name,好洋
given_name,好廣
given_name,祥寛
given_name,祥啓
given_name,祥宏
given_name,祥広
given_name,祥弘
given_name,祥浩
given_name,祥泰
given_name,祥大
given_name,祥博
given_name,祥裕
given_name,祥廣
given_name,善拡
given_name,善寛
given_name,善啓
given_name,善宏
given_name,善広
given_name,善弘
given_name,善浩
given_name,善尋
given_name,善大
given_name,善博
given_name,善裕
given_name,善洋
given_name,善廣
given_name,芳寛
given_name,芳啓
given_name,芳敬
given_name,芳宏
given_name,芳広
given_name,芳弘
given_name,芳浩
given_name,芳大
given_name,芳博
given_name,芳裕
given_name,芳洋
given_name,芳廣
given_name,良寛
given_name,良啓
given_name,良宏
given_name,良広
given_name,良弘
given_name,良浩
given_name,良拓
given_name,良博
given_name,良祐
given_name,良裕
given_name,良洋
given_name,良廣
given_name,義房
given_name,慶房
given_name,良房
given_name,嘉郁
given_name,嘉史
given_name,嘉文
given_name,喜史
given_name,喜文
given_name,義史
given_name,義文
given_name,吉史
given_name,吉文
given_name,啓史
given_name,啓文
given_name,慶史
given_name,慶文
given_name,好郁
given_name,好文
given_name,淑史
given_name,淑文
given_name,祥史
given_name,祥文
given_name,善史
given_name,善文
given_name,芳郁
given_name,芳史
given_name,芳文
given_name,与志文
given_name,良郁
given_name,良史
given_name,良文
given_name,吉古
given_name,好古
given_name,嘉平
given_name,吉平
given_name,佳雅
given_name,佳将
given_name,佳昌
given_name,佳政
given_name,佳正
given_name,可昌
given_name,嘉将
given_name,嘉昌
given_name,嘉真
given_name,嘉政
given_name,嘉正
given_name,喜昌
given_name,喜真
given_name,喜政
given_name,喜正
given_name,義勝
given_name,義将
given_name,義昌
given_name,義真
given_name,義政
given_name,義正
given_name,吉将
given_name,吉昌
given_name,吉真
given_name,吉政
given_name,吉正
given_name,慶雅
given_name,慶将
given_name,慶昌
given_name,慶真
given_name,慶政
given_name,慶正
given_name,好昌
given_name,好真
given_name,好政
given_name,好正
given_name,祥昌
given_name,祥正
given_name,善将
given_name,善昌
given_name,善政
given_name,善正
given_name,芳雅
given_name,芳匡
given_name,芳将
given_name,芳昌
given_name,芳政
given_name,良雅
given_name,良匡
given_name,良将
given_name,良昌
given_name,良真
given_name,良征
given_name,良政
given_name,良正
given_name,義益
given_name,義松
given_name,吉松
given_name,芳松
given_name,佳丸
given_name,嘉丸
given_name,義丸
given_name,吉丸
given_name,良丸
given_name,義麿
given_name,善麿
given_name,美麿
given_name,良麿
given_name,誼
given_name,佳通
given_name,佳道
given_name,佳倫
given_name,嘉通
given_name,嘉道
given_name,義通
given_name,義道
given_name,義路
given_name,義眞
given_name,吉通
given_name,吉道
given_name,吉倫
given_name,好道
given_name,善通
given_name,善道
given_name,善倫
given_name,善路
given_name,美道
given_name,芳道
given_name,由道
given_name,由倫
given_name,良通
given_name,良道
given_name,良理
given_name,良倫
given_name,佳光
given_name,佳充
given_name,佳満
given_name,嘉光
given_name,嘉充
given_name,嘉満
given_name,賀充
given_name,喜光
given_name,喜満
given_name,義光
given_name,義充
given_name,義満
given_name,吉光
given_name,吉充
given_name,吉満
given_name,慶光
given_name,好光
given_name,淑光
given_name,祥光
given_name,祥充
given_name,善光
given_name,善充
given_name,善満
given_name,美光
given_name,芳光
given_name,芳美津
given_name,良光
given_name,良充
given_name,義睦
given_name,嘉宗
given_name,義宗
given_name,吉宗
given_name,慶宗
given_name,祥宗
given_name,美宗
given_name,芳宗
given_name,由宗
given_name,良宗
given_name,喜元
given_name,義基
given_name,義元
given_name,祥元
given_name,善元
given_name,良元
given_name,嘉守
given_name,喜盛
given_name,義守
given_name,義盛
given_name,善守
given_name,善盛
given_name,芳守
given_name,由盛
given_name,良守
given_name,良盛
given_name,嘉哉
given_name,嘉也
given_name,喜哉
given_name,喜也
given_name,喜弥
given_name,喜彌
given_name,義哉
given_name,義也
given_name,義弥
given_name,義矢
given_name,義彌
given_name,吉哉
given_name,吉也
given_name,吉弥
given_name,慶也
given_name,好哉
given_name,好也
given_name,祥哉
given_name,祥也
given_name,善哉
given_name,善八
given_name,善也
given_name,善弥
given_name,芳哉
given_name,芳也
given_name,与志也
given_name,良哉
given_name,良也
given_name,良弥
given_name,佳恭
given_name,佳康
given_name,佳泰
given_name,佳靖
given_name,嘉恭
given_name,嘉康
given_name,嘉泰
given_name,嘉保
given_name,喜康
given_name,喜泰
given_name,喜保
given_name,義恭
given_name,義康
given_name,義泰
given_name,義保
given_name,義靖
given_name,吉康
given_name,吉泰
given_name,吉保
given_name,慶安
given_name,慶泰
given_name,好康
given_name,好泰
given_name,好保
given_name,祥泰
given_name,祥保
given_name,善康
given_name,善泰
given_name,善保
given_name,善靖
given_name,能安
given_name,能康
given_name,芳康
given_name,芳泰
given_name,芳保
given_name,芳靖
given_name,由恭
given_name,由泰
given_name,由保
given_name,由靖
given_name,誉康
given_name,良恭
given_name,良康
given_name,良泰
given_name,良保
given_name,佳幸
given_name,佳行
given_name,佳征
given_name,佳之
given_name,嘉幸
given_name,嘉行
given_name,嘉之
given_name,賀行
given_name,快行
given_name,喜幸
given_name,喜行
given_name,喜之
given_name,義幸
given_name,義行
given_name,義征
given_name,義之
given_name,吉幸
given_name,吉行
given_name,吉之
given_name,慶幸
given_name,慶行
given_name,慶征
given_name,慶之
given_name,敬之
given_name,好幸
given_name,好行
given_name,好之
given_name,淑行
given_name,淑之
given_name,祥幸
given_name,祥行
given_name,祥之
given_name,善幸
given_name,善行
given_name,善征
given_name,善之
given_name,禎之
given_name,芳幸
given_name,芳行
given_name,芳之
given_name,由幸
given_name,由行
given_name,由之
given_name,与志幸
given_name,誉志幸
given_name,良幸
given_name,良行
given_name,良征
given_name,良之
given_name,嘉順
given_name,佳朗
given_name,佳郎
given_name,嘉朗
given_name,嘉郎
given_name,喜朗
given_name,喜郎
given_name,義朗
given_name,義郎
given_name,吉朗
given_name,吉郎
given_name,慶郎
given_name,好朗
given_name,好郎
given_name,淑朗
given_name,淑郎
given_name,祥朗
given_name,祥郎
given_name,善朗
given_name,善郎
given_name,美郎
given_name,芳朗
given_name,芳郎
given_name,由朗
given_name,由郎
given_name,与四郎
given_name,良朗
given_name,良郎
given_name,四海
given_name,米一郎
given_name,米夫
given_name,米一
given_name,米和
given_name,米勝
given_name,米次
given_name,米二
given_name,米史郎
given_name,米蔵
given_name,米彦
given_name,米博
given_name,米文
given_name,誉之介
given_name,世人
given_name,与平
given_name,頼昭
given_name,頼明
given_name,頼厚
given_name,順雄
given_name,頼興
given_name,順和
given_name,頼一
given_name,頼和
given_name,頼克
given_name,頼勝
given_name,頼輝
given_name,頼邦
given_name,頼重
given_name,順孝
given_name,頼敬
given_name,頼孝
given_name,頼崇
given_name,頼隆
given_name,頼近
given_name,頼二
given_name,順次
given_name,頼嗣
given_name,頼次
given_name,頼人
given_name,順敏
given_name,頼永
given_name,順伸
given_name,順信
given_name,頼信
given_name,頼宣
given_name,頼治
given_name,依彦
given_name,順彦
given_name,頼彦
given_name,順久
given_name,順尚
given_name,頼久
given_name,依仁
given_name,頼人
given_name,頼仁
given_name,順弘
given_name,順博
given_name,頼宏
given_name,頼房
given_name,依史
given_name,頼史
given_name,順政
given_name,順正
given_name,頼昌
given_name,頼政
given_name,頼正
given_name,順道
given_name,頼道
given_name,頼光
given_name,頼充
given_name,頼宗
given_name,頼康
given_name,順行
given_name,順之
given_name,頼幸
given_name,頼行
given_name,頼之
given_name,自由
given_name,頼義
given_name,雷
given_name,雷一朗
given_name,来駆
given_name,雷吾
given_name,雷作
given_name,頼三郎
given_name,頼司
given_name,雷司
given_name,雷次郎
given_name,頼三
given_name,雷造
given_name,頼太
given_name,雷太
given_name,雷太郎
given_name,月
given_name,来人
given_name,来斗
given_name,頼哉
given_name,頼也
given_name,楽
given_name,嵐
given_name,藍
given_name,乱太郎
given_name,蘭童
given_name,藍奈
given_name,嵐乃介
given_name,蘭平
given_name,乱歩
given_name,蘭丸
given_name,利一
given_name,李一
given_name,利一郎
given_name,理一朗
given_name,理一郎
given_name,里一郎
given_name,理央
given_name,理音
given_name,利喜
given_name,利季
given_name,利紀
given_name,利樹
given_name,利姫
given_name,吏輝
given_name,李紀
given_name,李樹
given_name,梨紀
given_name,梨輝
given_name,理記
given_name,理貴
given_name,理輝
given_name,理樹
given_name,力
given_name,利喜夫
given_name,利喜雄
given_name,力男
given_name,力夫
given_name,力雄
given_name,理吉
given_name,力人
given_name,力斗
given_name,力俊
given_name,力紀
given_name,力葉
given_name,力丸
given_name,力哉
given_name,力也
given_name,力弥
given_name,力康
given_name,力朗
given_name,陸
given_name,陸男
given_name,陸夫
given_name,陸雄
given_name,陸太
given_name,陸人
given_name,陸斗
given_name,陸翔
given_name,陸平
given_name,陸也
given_name,陸郎
given_name,理想
given_name,理太郎
given_name,利津夫
given_name,律男
given_name,律夫
given_name,律雄
given_name,立太郎
given_name,律人
given_name,律彦
given_name,律哉
given_name,律也
given_name,律朗
given_name,律郎
given_name,理人
given_name,竜
given_name,龍
given_name,柳一
given_name,琉一
given_name,隆一
given_name,竜一
given_name,龍一
given_name,隆一
given_name,隆一朗
given_name,隆一郎
given_name,隆市郎
given_name,竜一朗
given_name,竜一郎
given_name,龍一朗
given_name,龍一郎
given_name,隆吉
given_name,竜吉
given_name,龍吉
given_name,隆吾
given_name,隆悟
given_name,竜吾
given_name,竜悟
given_name,龍吾
given_name,龍悟
given_name,龍吾
given_name,竜吾郎
given_name,龍五郎
given_name,隆作
given_name,竜作
given_name,竜朔
given_name,龍作
given_name,隆三郎
given_name,隆三郎
given_name,竜三郎
given_name,龍三郎
given_name,隆司
given_name,隆児
given_name,隆次
given_name,隆治
given_name,隆二
given_name,竜司
given_name,竜次
given_name,竜治
given_name,竜二
given_name,龍司
given_name,龍次
given_name,龍治
given_name,龍二
given_name,隆志郎
given_name,竜史郎
given_name,竜志郎
given_name,龍史朗
given_name,隆次郎
given_name,隆二朗
given_name,隆二郎
given_name,竜志郎
given_name,竜次郎
given_name,竜二郎
given_name,龍次郎
given_name,龍治朗
given_name,龍二郎
given_name,龍二郎
given_name,隆介
given_name,隆助
given_name,隆輔
given_name,竜介
given_name,竜助
given_name,竜輔
given_name,竜亮
given_name,龍介
given_name,龍助
given_name,龍輔
given_name,龍佑
given_name,隆三
given_name,隆蔵
given_name,隆造
given_name,竜三
given_name,竜蔵
given_name,竜造
given_name,龍三
given_name,龍蔵
given_name,琉太
given_name,隆太
given_name,竜太
given_name,龍太
given_name,竜太
given_name,柳太郎
given_name,立太郎
given_name,隆太朗
given_name,隆太郎
given_name,隆大朗
given_name,竜太朗
given_name,竜太郎
given_name,龍太朗
given_name,龍太郎
given_name,遼太郎
given_name,竜人
given_name,竜斗
given_name,竜登
given_name,竜之進
given_name,柳之助
given_name,隆之介
given_name,隆之助
given_name,竜乃介
given_name,竜之介
given_name,竜之助
given_name,竜之輔
given_name,竜之佑
given_name,龍ノ介
given_name,龍之介
given_name,龍之助
given_name,龍之輔
given_name,龍之佑
given_name,竜兵
given_name,竜平
given_name,龍兵
given_name,龍平
given_name,流芳
given_name,隆也
given_name,隆弥
given_name,竜也
given_name,竜弥
given_name,竜矢
given_name,龍哉
given_name,龍也
given_name,龍弥
given_name,亨
given_name,享
given_name,亮
given_name,涼
given_name,瞭
given_name,稜
given_name,諒
given_name,遼
given_name,陵
given_name,怜
given_name,燎
given_name,亮一郎
given_name,亨一
given_name,亮一
given_name,亮市
given_name,僚一
given_name,涼一
given_name,良一
given_name,良市
given_name,諒一
given_name,遼一
given_name,量一
given_name,量壱
given_name,陵一
given_name,領一
given_name,令一
given_name,嶺一
given_name,怜一
given_name,良一
given_name,亮一
given_name,僚一
given_name,良一
given_name,龍一郎
given_name,亮一朗
given_name,亮一郎
given_name,僚一郎
given_name,凌一郎
given_name,良一朗
given_name,良一郎
given_name,陵一郎
given_name,領一郎
given_name,崚一郎
given_name,亮一郎
given_name,涼火
given_name,遼河
given_name,亮毅
given_name,亮樹
given_name,良喜
given_name,良紀
given_name,良規
given_name,良記
given_name,良輝
given_name,良樹
given_name,量輝
given_name,了吉
given_name,亮吉
given_name,涼吉
given_name,良吉
given_name,龍吾
given_name,了悟
given_name,亮吾
given_name,亮悟
given_name,涼吾
given_name,良吾
given_name,諒悟
given_name,遼吾
given_name,陵悟
given_name,領吾
given_name,了三郎
given_name,亮三朗
given_name,亮三郎
given_name,良三郎
given_name,綾二
given_name,亨司
given_name,亨治
given_name,亨二
given_name,享治
given_name,竜志
given_name,竜次
given_name,竜治
given_name,竜二
given_name,龍治
given_name,龍二
given_name,了治
given_name,亮児
given_name,亮次
given_name,亮治
given_name,亮二
given_name,亮路
given_name,僚二
given_name,両二
given_name,凌司
given_name,凌史
given_name,凌二
given_name,涼司
given_name,涼士
given_name,涼志
given_name,涼次
given_name,涼二
given_name,稜児
given_name,稜二
given_name,糧司
given_name,良司
given_name,良児
given_name,良慈
given_name,良次
given_name,良治
given_name,良爾
given_name,良二
given_name,諒司
given_name,諒児
given_name,諒次
given_name,諒治
given_name,諒二
given_name,遼司
given_name,遼史
given_name,遼志
given_name,遼治
given_name,遼二
given_name,遼路
given_name,量司
given_name,量治
given_name,陵司
given_name,陵史
given_name,陵治
given_name,陵二
given_name,領次
given_name,領治
given_name,領二
given_name,嶺治
given_name,怜治
given_name,良十郎
given_name,良四郎
given_name,亮二朗
given_name,亮二郎
given_name,涼治朗
given_name,良二郎
given_name,諒二郎
given_name,綾介
given_name,綾輔
given_name,綾佑
given_name,綾祐
given_name,綾亮
given_name,亨介
given_name,椋介
given_name,竜介
given_name,竜佐
given_name,竜輔
given_name,竜佑
given_name,竜祐
given_name,龍介
given_name,龍助
given_name,龍典
given_name,龍輔
given_name,龍佑
given_name,龍祐
given_name,龍亮
given_name,了介
given_name,了輔
given_name,了佑
given_name,亮介
given_name,亮佐
given_name,亮助
given_name,亮将
given_name,亮典
given_name,亮輔
given_name,亮佑
given_name,亮祐
given_name,亮裕
given_name,僚介
given_name,僚祐
given_name,僚亮
given_name,両介
given_name,両助
given_name,凌介
given_name,凌佑
given_name,涼介
given_name,涼補
given_name,涼輔
given_name,涼佑
given_name,涼祐
given_name,涼裕
given_name,涼亮
given_name,瞭介
given_name,稜介
given_name,稜亮
given_name,稜涼
given_name,良介
given_name,良恭
given_name,良助
given_name,良将
given_name,良昌
given_name,良丞
given_name,良相
given_name,良典
given_name,良輔
given_name,良佑
given_name,良祐
given_name,諒介
given_name,諒助
given_name,諒輔
given_name,諒佑
given_name,諒祐
given_name,遼介
given_name,遼助
given_name,遼佑
given_name,遼祐
given_name,量介
given_name,量祐
given_name,陵右
given_name,陵介
given_name,陵佑
given_name,領介
given_name,領亮
given_name,令介
given_name,嶺介
given_name,怜介
given_name,怜典
given_name,怜輔
given_name,怜佑
given_name,怜亮
given_name,玲輔
given_name,玲亮
given_name,崚介
given_name,涼世
given_name,亮三
given_name,亮蔵
given_name,涼造
given_name,良三
given_name,良蔵
given_name,良造
given_name,綾太
given_name,亨太
given_name,享大
given_name,椋太
given_name,了太
given_name,亮太
given_name,亮汰
given_name,亮大
given_name,僚太
given_name,僚汰
given_name,僚大
given_name,両太
given_name,凌太
given_name,凌汰
given_name,凌大
given_name,涼太
given_name,涼汰
given_name,涼大
given_name,瞭太
given_name,瞭汰
given_name,稜太
given_name,稜汰
given_name,稜大
given_name,良太
given_name,良汰
given_name,良大
given_name,諒太
given_name,諒汰
given_name,諒大
given_name,遼太
given_name,遼大
given_name,量太
given_name,量大
given_name,陵太
given_name,陵汰
given_name,領太
given_name,嶺多
given_name,嶺太
given_name,怜太
given_name,玲太
given_name,了太郎
given_name,僚太郎
given_name,凌太郎
given_name,涼太郎
given_name,良太朗
given_name,良太郎
given_name,諒太朗
given_name,諒太郎
given_name,遼多郎
given_name,遼太朗
given_name,遼太郎
given_name,陵太郎
given_name,領太郎
given_name,亮人
given_name,涼人
given_name,遼人
given_name,崚人
given_name,崚登
given_name,亮之介
given_name,亮之輔
given_name,良之介
given_name,良之輔
given_name,遼之介
given_name,綾兵
given_name,綾平
given_name,亨平
given_name,了平
given_name,亮兵
given_name,亮平
given_name,僚平
given_name,凌平
given_name,涼平
given_name,瞭平
given_name,稜平
given_name,糧平
given_name,良平
given_name,良柄
given_name,諒兵
given_name,諒平
given_name,諒陛
given_name,遼平
given_name,量平
given_name,陵平
given_name,領兵
given_name,領平
given_name,怜平
given_name,崚平
given_name,燎平
given_name,竜真
given_name,竜馬
given_name,龍馬
given_name,龍磨
given_name,亮真
given_name,亮馬
given_name,亮摩
given_name,亮磨
given_name,僚真
given_name,僚馬
given_name,涼真
given_name,涼馬
given_name,涼磨
given_name,稜真
given_name,稜馬
given_name,良真
given_name,良馬
given_name,良摩
given_name,良磨
given_name,諒真
given_name,諒磨
given_name,遼真
given_name,遼馬
given_name,陵真
given_name,陵馬
given_name,領馬
given_name,令馬
given_name,怜馬
given_name,椋矢
given_name,了也
given_name,亮哉
given_name,亮八
given_name,亮也
given_name,亮弥
given_name,僚也
given_name,僚矢
given_name,凌也
given_name,涼也
given_name,稜也
given_name,良哉
given_name,良弥
given_name,諒也
given_name,諒弥
given_name,遼也
given_name,遼矢
given_name,量也
given_name,怜也
given_name,玲哉
given_name,玲也
given_name,燎野
given_name,麟
given_name,倫作
given_name,林二朗
given_name,林蔵
given_name,凛像
given_name,凛太
given_name,凜太
given_name,彬太郎
given_name,倫太朗
given_name,倫太郎
given_name,林太朗
given_name,林太郎
given_name,琳汰朗
given_name,臨太郎
given_name,輪太郎
given_name,麟太郎
given_name,凛太朗
given_name,凛太郎
given_name,凜太朗
given_name,凜太郎
given_name,倫之介
given_name,凛之祐
given_name,倫平
given_name,凜平
given_name,凛也
given_name,塁
given_name,類
given_name,瑠偉
given_name,類似
given_name,留壮
given_name,令
given_name,伶
given_name,怜
given_name,玲
given_name,礼
given_name,零
given_name,黎
given_name,伶一
given_name,嶺一
given_name,怜一
given_name,玲一
given_name,礼一
given_name,令一郎
given_name,玲一郎
given_name,礼一郎
given_name,礼吾
given_name,礼悟
given_name,怜史
given_name,怜士
given_name,怜思
given_name,玲史
given_name,玲士
given_name,礼史
given_name,礼士
given_name,礼志
given_name,黎志
given_name,令司
given_name,令児
given_name,嶺志
given_name,怜司
given_name,怜史
given_name,怜児
given_name,怜治
given_name,怜二
given_name,玲司
given_name,玲至
given_name,玲児
given_name,玲次
given_name,玲爾
given_name,玲二
given_name,礼司
given_name,礼児
given_name,礼慈
given_name,礼次
given_name,礼治
given_name,礼二
given_name,隷二
given_name,零士
given_name,麗次
given_name,麗二
given_name,黎児
given_name,令次郎
given_name,玲二郎
given_name,礼次郎
given_name,礼二郎
given_name,玲介
given_name,礼介
given_name,礼資
given_name,礼輔
given_name,礼佑
given_name,麗太
given_name,伶人
given_name,怜斗
given_name,麗斗
given_name,麗之助
given_name,黎之輔
given_name,黎明
given_name,札門
given_name,怜也
given_name,玲哉
given_name,玲也
given_name,札央
given_name,怜央
given_name,怜桜
given_name,玲於
given_name,札央奈
given_name,玲遠
given_name,玲音
given_name,歴
given_name,烈
given_name,烈士
given_name,札暢
given_name,漣
given_name,蓮
given_name,連
given_name,錬
given_name,廉一
given_name,練一
given_name,錬一
given_name,廉司
given_name,廉士
given_name,練治
given_name,練二
given_name,蓮治
given_name,錬治
given_name,錬二
given_name,恋次郎
given_name,練二郎
given_name,連次郎
given_name,廉介
given_name,錬三
given_name,廉太
given_name,蓮太
given_name,廉太朗
given_name,廉太郎
given_name,練太朗
given_name,練太郎
given_name,蓮太郎
given_name,連太郎
given_name,錬太郎
given_name,連童
given_name,廉平
given_name,練平
given_name,錬平
given_name,蓮矢
given_name,朗
given_name,浪馬
given_name,六介
given_name,六輔
given_name,緑之助
given_name,六久郎
given_name,六朗
given_name,六郎
given_name,蕗弾
given_name,論
given_name,論人
given_name,論土
given_name,輪一
given_name,和一
given_name,和市
given_name,和一朗
given_name,和一郎
given_name,和可夫
given_name,若木
given_name,若二
given_name,稚人
given_name,和三郎
given_name,渡志
given_name,渡志
given_name,恒
given_name,航
given_name,渉
given_name,渡
given_name,亘
given_name,和太郎
given_name,和平
